customer_id,plan_type,churn_status,risk_score,monthly_revenue,days_since_last_login,engagement_bucket,usage_bucket,support_bucket,payment_history,customer_satisfaction_score
1,Basic,Active,4,16.00,44,Medium,Medium,Low,On-Time,10
2,Pro,Churned,10,72.00,84,Low,Medium,Medium,Delayed,5
3,Pro,Active,4,62.00,12,Medium,Medium,High,On-Time,7
4,Pro,Churned,10,70.00,53,Low,Medium,High,Delayed,4
5,Basic,Churned,9,10.00,87,Medium,Low,Low,Delayed,6
6,Basic,Active,4,29.00,24,Medium,Medium,Medium,On-Time,9
7,Enterprise,"At Risk",5,234.00,30,Medium,High,Medium,Delayed,10
8,Enterprise,Churned,11,149.00,80,Low,Low,Medium,Delayed,5
9,Basic,Active,4,19.00,26,High,High,Medium,Delayed,9
10,Enterprise,Active,2,171.00,8,Medium,Medium,Low,On-Time,10
11,Basic,Active,2,23.00,13,Medium,High,Medium,On-Time,10
12,Basic,Churned,11,18.00,89,Low,Low,Medium,Delayed,4
13,Pro,Active,2,59.00,16,High,Medium,Low,On-Time,10
14,Basic,Active,0,29.00,4,High,High,Low,On-Time,10
15,Pro,Active,2,51.00,3,High,Medium,Medium,On-Time,10
16,Basic,Churned,14,20.00,147,Low,Low,Low,Missed,1
17,Basic,Churned,13,24.00,130,Low,Low,Medium,Missed,5
18,Pro,"At Risk",6,79.00,36,Medium,Medium,Low,Delayed,7
19,Pro,Churned,11,70.00,166,Low,Low,Low,Delayed,5
20,Basic,Active,4,23.00,13,Medium,Medium,High,On-Time,10
21,Basic,Active,4,29.00,20,Medium,Medium,Medium,On-Time,9
22,Pro,Active,1,41.00,24,High,High,Low,On-Time,7
23,Pro,"At Risk",7,64.00,58,Low,Low,Medium,On-Time,7
24,Basic,Churned,13,25.00,221,Low,Low,Medium,Missed,5
25,Pro,Churned,10,76.00,64,Medium,Low,Low,Missed,6
26,Pro,Active,3,78.00,7,High,Medium,High,On-Time,9
27,Basic,Active,0,24.00,7,High,High,Low,On-Time,10
28,Basic,Churned,10,20.00,52,Low,Medium,High,Missed,7
29,Basic,"At Risk",8,10.00,65,Medium,Low,Low,Delayed,7
30,Basic,Active,2,17.00,25,High,High,Medium,On-Time,10
31,Basic,Active,3,15.00,25,High,Medium,Medium,On-Time,10
32,Pro,"At Risk",6,55.00,25,High,Medium,High,Delayed,9
33,Basic,Active,1,27.00,14,Medium,High,Low,On-Time,7
34,Pro,Active,3,55.00,42,Medium,High,Low,On-Time,10
35,Basic,Active,3,10.00,40,High,High,Medium,On-Time,10
36,Basic,Active,2,26.00,32,High,High,Low,On-Time,7
37,Basic,Churned,14,13.00,143,Low,Low,High,Missed,5
38,Pro,Active,1,46.00,4,Medium,High,Low,On-Time,7
39,Pro,Active,3,66.00,13,Medium,Medium,Medium,On-Time,10
40,Basic,Active,3,17.00,16,Medium,High,Medium,On-Time,7
41,Basic,Active,2,23.00,21,Medium,High,Low,On-Time,7
42,Basic,Active,2,29.00,30,High,High,Medium,On-Time,9
43,Pro,Active,3,59.00,37,High,High,Medium,On-Time,9
44,Basic,Active,1,19.00,0,High,Medium,Low,On-Time,10
45,Pro,"At Risk",5,45.00,37,High,Medium,Low,Delayed,7
46,Pro,Active,2,47.00,29,High,Medium,Low,On-Time,7
47,Basic,Churned,10,12.00,104,Low,Low,Medium,On-Time,6
48,Basic,Active,1,15.00,21,High,High,Low,On-Time,10
49,Pro,Active,1,76.00,9,High,Medium,Low,On-Time,10
50,Pro,Churned,11,42.00,112,Low,Low,High,On-Time,5
51,Basic,Active,3,12.00,26,High,High,Low,Delayed,8
52,Basic,Churned,14,29.00,166,Low,Low,High,Missed,5
53,Basic,Active,4,18.00,22,High,Medium,High,On-Time,7
54,Basic,Active,2,27.00,19,High,High,Medium,On-Time,7
55,Basic,Active,0,23.00,12,High,High,Low,On-Time,10
56,Basic,Churned,11,28.00,62,Low,Medium,High,Delayed,4
57,Basic,Active,2,11.00,0,Medium,Medium,Low,On-Time,10
58,Pro,Active,2,59.00,29,Medium,High,Low,On-Time,10
59,Pro,Active,4,51.00,33,High,High,High,On-Time,8
60,Pro,Active,2,61.00,17,Medium,High,Low,On-Time,9
61,Pro,Churned,9,60.00,110,Low,Low,Medium,On-Time,7
62,Pro,Active,4,72.00,36,Medium,Medium,Low,On-Time,10
63,Enterprise,Active,2,125.00,16,Medium,High,Low,On-Time,9
64,Basic,Active,2,23.00,14,High,Medium,Medium,On-Time,8
65,Pro,"At Risk",6,71.00,44,High,High,High,Delayed,8
66,Basic,Active,1,26.00,9,High,Medium,Low,On-Time,10
67,Enterprise,Active,4,150.00,6,Medium,Medium,Low,Delayed,10
68,Pro,Active,2,68.00,21,High,Medium,Low,On-Time,9
69,Basic,Active,1,13.00,13,High,Medium,Low,On-Time,9
70,Pro,Churned,9,79.00,74,Low,Low,Low,Delayed,7
71,Basic,Churned,10,28.00,62,Low,Medium,Low,Missed,4
72,Pro,Active,1,58.00,8,High,High,Medium,On-Time,8
73,Basic,Churned,11,17.00,115,Low,Low,Low,Delayed,4
74,Basic,Active,2,21.00,0,High,Medium,Medium,On-Time,9
75,Basic,Active,1,22.00,4,Medium,High,Low,On-Time,10
76,Basic,"At Risk",6,22.00,35,High,High,High,Delayed,9
77,Pro,Active,3,77.00,35,Medium,High,Low,On-Time,10
78,Basic,Active,0,24.00,0,High,High,Low,On-Time,10
79,Basic,Active,2,21.00,14,High,Medium,Medium,On-Time,9
80,Basic,Active,4,17.00,33,Medium,Medium,Low,On-Time,10
81,Basic,Active,3,13.00,26,High,Medium,Medium,On-Time,10
82,Enterprise,Active,3,254.00,31,High,Medium,Low,On-Time,10
83,Enterprise,Active,3,187.00,34,High,High,Medium,On-Time,7
84,Pro,Active,1,66.00,15,High,High,Low,On-Time,7
85,Pro,Churned,14,53.00,203,Low,Low,Medium,Delayed,2
86,Basic,Churned,12,28.00,219,Low,Low,Low,Missed,4
87,Basic,Active,2,21.00,25,High,Medium,Low,On-Time,9
88,Basic,"At Risk",7,23.00,54,Medium,Low,Medium,On-Time,4
89,Basic,Active,0,14.00,6,High,High,Low,On-Time,10
90,Basic,Active,2,19.00,7,Medium,High,Medium,On-Time,10
91,Basic,"At Risk",5,15.00,42,Medium,Medium,Medium,On-Time,7
92,Basic,Active,2,25.00,0,High,Medium,Medium,On-Time,9
93,Pro,Active,2,64.00,28,High,Medium,Low,On-Time,8
94,Basic,Active,2,23.00,27,Medium,High,Low,On-Time,8
95,Basic,Churned,10,19.00,91,Medium,Low,Medium,Delayed,7
96,Basic,Churned,10,27.00,101,Medium,Low,High,On-Time,4
97,Basic,Churned,10,25.00,88,Medium,Low,Medium,Delayed,4
98,Basic,Active,4,11.00,14,Medium,High,Medium,Delayed,7
99,Pro,Active,4,70.00,17,Medium,Medium,Medium,On-Time,9
100,Basic,Active,3,19.00,11,High,High,Medium,Delayed,9
101,Basic,Active,3,14.00,0,High,Medium,High,On-Time,10
102,Basic,Active,1,12.00,16,High,High,Low,On-Time,8
103,Pro,Churned,11,67.00,99,Low,Low,Low,Delayed,6
104,Basic,"At Risk",5,14.00,21,Medium,Medium,High,On-Time,9
105,Pro,Churned,11,72.00,93,Low,Medium,Low,Missed,5
106,Basic,Active,3,20.00,16,High,Medium,Medium,On-Time,10
107,Basic,Active,3,27.00,27,Medium,High,Medium,On-Time,8
108,Enterprise,Active,4,182.00,33,High,Medium,Medium,On-Time,8
109,Basic,"At Risk",5,28.00,36,High,High,Medium,Delayed,9
110,Pro,Active,4,42.00,32,Medium,Medium,Low,On-Time,7
111,Pro,Active,4,64.00,27,High,High,Medium,Delayed,9
112,Basic,Active,2,26.00,8,High,Medium,Medium,On-Time,10
113,Basic,"At Risk",5,17.00,40,High,Medium,High,On-Time,10
114,Basic,Active,3,14.00,37,Medium,High,Low,On-Time,8
115,Enterprise,Churned,10,242.00,62,Low,Medium,Low,Missed,6
116,Pro,Active,3,71.00,4,High,Medium,Low,Delayed,8
117,Enterprise,Churned,12,172.00,102,Low,Low,Medium,Delayed,5
118,Basic,Churned,9,25.00,91,Low,Low,Low,On-Time,6
119,Pro,Churned,9,65.00,111,Medium,Medium,Low,Delayed,4
120,Basic,Active,0,10.00,10,High,High,Low,On-Time,8
121,Basic,Active,2,22.00,8,High,Medium,Medium,On-Time,7
122,Enterprise,Active,1,221.00,9,Medium,High,Low,On-Time,7
123,Basic,Active,3,12.00,37,Medium,High,Low,On-Time,7
124,Basic,Churned,10,27.00,119,Medium,Low,Medium,Delayed,7
125,Basic,"At Risk",6,23.00,38,Medium,Medium,Low,Delayed,9
126,Basic,Active,4,19.00,33,High,High,Low,Delayed,8
127,Basic,Active,4,12.00,20,Medium,Medium,Medium,On-Time,8
128,Basic,Active,3,12.00,21,High,Medium,Medium,On-Time,10
129,Basic,"At Risk",5,22.00,37,Medium,Medium,Medium,On-Time,8
130,Basic,"At Risk",5,18.00,55,Medium,Medium,Low,On-Time,6
131,Basic,Churned,11,13.00,234,Low,Low,Low,Delayed,4
132,Basic,Active,3,19.00,23,Medium,High,Medium,On-Time,10
133,Basic,Active,3,19.00,34,Medium,High,Low,On-Time,9
134,Basic,Active,3,25.00,21,High,Medium,Medium,On-Time,9
135,Basic,"At Risk",5,29.00,36,Medium,High,High,On-Time,7
136,Basic,Active,4,22.00,42,Medium,Medium,Low,On-Time,7
137,Enterprise,Active,1,143.00,7,Medium,High,Low,On-Time,10
138,Basic,"At Risk",8,10.00,55,Low,Low,Medium,On-Time,4
139,Basic,Active,2,18.00,30,High,Medium,Low,On-Time,9
140,Pro,Active,2,51.00,5,High,High,High,On-Time,9
141,Enterprise,Active,4,253.00,41,High,High,Low,Delayed,8
142,Basic,Active,2,24.00,25,Medium,High,Low,On-Time,8
143,Basic,Churned,9,18.00,53,Medium,Medium,High,Delayed,4
144,Basic,Active,2,27.00,13,Medium,Medium,Low,On-Time,7
145,Basic,Churned,10,29.00,94,Low,Low,High,On-Time,7
146,Pro,Active,2,41.00,20,High,Medium,Low,On-Time,8
147,Basic,"At Risk",5,10.00,26,High,High,High,Delayed,10
148,Pro,"At Risk",5,73.00,43,Medium,High,Low,Delayed,8
149,Pro,Active,2,66.00,17,Medium,High,Low,On-Time,7
150,Basic,Active,1,19.00,0,High,Medium,Low,On-Time,10
151,Basic,Active,3,17.00,43,High,Medium,Low,On-Time,8
152,Pro,Active,4,61.00,38,Medium,Medium,Low,On-Time,8
153,Basic,Active,3,16.00,21,Medium,Medium,Low,On-Time,10
154,Basic,Churned,11,18.00,96,Medium,Medium,Medium,Missed,6
155,Pro,Active,3,72.00,16,High,Medium,Medium,On-Time,7
156,Enterprise,Churned,10,264.00,52,Medium,Low,Medium,Missed,5
157,Pro,Active,3,72.00,14,Medium,Medium,Medium,On-Time,10
158,Basic,Active,2,15.00,17,High,Medium,Low,On-Time,7
159,Basic,Active,2,18.00,14,Medium,Medium,Low,On-Time,8
160,Pro,Active,2,69.00,41,High,High,Low,On-Time,7
161,Enterprise,Active,3,200.00,20,Medium,Medium,Low,On-Time,7
162,Basic,"At Risk",6,19.00,44,Medium,High,Medium,Delayed,7
163,Basic,Active,4,17.00,19,Medium,Medium,Medium,On-Time,8
164,Basic,Active,4,10.00,19,High,High,Medium,Delayed,7
165,Pro,Churned,16,72.00,293,Low,Low,High,Missed,1
166,Enterprise,Active,4,196.00,31,High,Medium,Medium,On-Time,8
167,Basic,Churned,13,23.00,91,Low,Low,High,Delayed,4
168,Basic,Active,0,23.00,14,High,High,Low,On-Time,8
169,Basic,"At Risk",5,18.00,35,High,Medium,High,On-Time,10
170,Pro,Active,3,69.00,44,High,Medium,Low,On-Time,9
171,Basic,Active,2,16.00,31,High,High,Low,On-Time,9
172,Basic,Active,4,28.00,21,Medium,Medium,Medium,On-Time,8
173,Basic,Active,1,23.00,7,High,Medium,Low,On-Time,10
174,Basic,Active,3,28.00,38,Medium,High,Low,On-Time,10
175,Basic,Churned,14,26.00,196,Low,Low,Low,Missed,1
176,Basic,"At Risk",6,22.00,18,Medium,Medium,Medium,Delayed,8
177,Basic,Active,2,11.00,0,High,High,High,On-Time,7
178,Pro,Active,2,68.00,40,High,High,Low,On-Time,9
179,Pro,Churned,14,62.00,297,Low,Low,High,Missed,5
180,Basic,Active,3,18.00,7,High,High,Medium,Delayed,10
181,Basic,Active,0,25.00,6,High,High,Low,On-Time,9
182,Basic,Active,2,12.00,13,Medium,High,Medium,On-Time,9
183,Basic,Active,3,19.00,9,Medium,High,High,On-Time,8
184,Basic,Active,3,19.00,3,Medium,Medium,Medium,On-Time,7
185,Basic,Active,3,18.00,26,High,High,Low,Delayed,8
186,Basic,Active,3,27.00,34,High,Medium,Low,On-Time,10
187,Enterprise,Active,2,225.00,13,High,Medium,Medium,On-Time,10
188,Basic,Churned,10,15.00,109,Low,Low,Medium,On-Time,6
189,Pro,Churned,11,78.00,101,Medium,Low,Low,Missed,5
190,Pro,Active,2,41.00,16,Medium,High,Low,On-Time,10
191,Pro,Active,4,48.00,34,Medium,High,Medium,On-Time,8
192,Basic,Churned,9,15.00,83,Medium,Low,Low,Delayed,5
193,Basic,Active,3,15.00,26,High,Medium,Medium,On-Time,8
194,Basic,Active,4,28.00,31,Medium,High,Medium,On-Time,8
195,Pro,Churned,10,50.00,73,Low,Low,Low,Delayed,5
196,Pro,Active,3,78.00,17,Medium,Medium,Low,On-Time,7
197,Basic,Active,2,18.00,14,High,High,High,On-Time,8
198,Pro,Churned,9,51.00,111,Medium,Medium,Medium,Delayed,7
199,Basic,Active,3,17.00,31,High,High,Medium,On-Time,9
200,Basic,Active,2,11.00,14,Medium,High,Medium,On-Time,9
201,Basic,Active,1,29.00,14,High,Medium,Low,On-Time,8
202,Basic,Active,3,19.00,2,Medium,Medium,Medium,On-Time,8
203,Basic,"At Risk",6,13.00,80,Medium,Medium,Medium,On-Time,7
204,Basic,Churned,9,20.00,96,Medium,Medium,Low,Delayed,6
205,Basic,Churned,14,22.00,248,Low,Low,Low,Missed,3
206,Basic,Active,2,13.00,25,High,Medium,Low,On-Time,8
207,Basic,Active,1,11.00,4,High,Medium,Low,On-Time,7
208,Pro,"At Risk",5,51.00,22,High,High,High,Delayed,9
209,Basic,Active,1,18.00,19,High,High,Low,On-Time,7
210,Basic,Active,3,24.00,22,Medium,Medium,Low,On-Time,8
211,Pro,"At Risk",5,55.00,20,High,Medium,Medium,Delayed,10
212,Pro,Churned,9,45.00,99,Medium,Low,Medium,On-Time,4
213,Pro,"At Risk",5,60.00,23,High,Medium,Medium,Delayed,7
214,Pro,Churned,12,61.00,147,Low,Low,Medium,Delayed,5
215,Enterprise,Active,2,243.00,30,High,Medium,Low,On-Time,10
216,Basic,Churned,11,17.00,95,Medium,Medium,High,Delayed,5
217,Basic,Active,4,12.00,35,Medium,Medium,Low,On-Time,7
218,Basic,Active,1,11.00,9,Medium,High,Low,On-Time,7
219,Basic,Active,3,28.00,26,Medium,Medium,Low,On-Time,9
220,Basic,Active,4,15.00,6,Medium,High,Medium,Delayed,7
221,Basic,Active,3,12.00,40,Medium,High,Low,On-Time,10
222,Pro,Churned,12,61.00,105,Low,Low,Low,Missed,6
223,Basic,Active,4,12.00,33,Medium,Medium,Low,On-Time,7
224,Pro,Churned,11,70.00,225,Low,Low,Low,Delayed,4
225,Basic,"At Risk",7,12.00,70,Medium,Low,Low,On-Time,5
226,Basic,"At Risk",5,15.00,59,Medium,Medium,Low,On-Time,5
227,Pro,Active,2,54.00,34,High,High,Low,On-Time,8
228,Basic,Active,1,24.00,25,High,High,Low,On-Time,7
229,Basic,Active,3,19.00,38,High,Medium,Low,On-Time,9
230,Basic,Churned,12,13.00,139,Low,Low,Medium,Delayed,5
231,Pro,Active,3,43.00,22,Medium,Medium,Low,On-Time,8
232,Basic,Active,2,24.00,26,High,Medium,Low,On-Time,10
233,Pro,Active,4,64.00,26,High,High,Medium,Delayed,7
234,Pro,Churned,13,43.00,102,Low,Low,High,Delayed,5
235,Basic,Churned,12,16.00,89,Low,Low,Medium,Missed,5
236,Basic,Active,1,23.00,20,High,High,Low,On-Time,8
237,Basic,Active,4,21.00,36,Medium,High,Medium,On-Time,10
238,Basic,Active,1,26.00,2,High,Medium,Low,On-Time,9
239,Pro,Active,1,49.00,18,High,High,Low,On-Time,8
240,Basic,Active,3,16.00,40,High,Medium,Low,On-Time,10
241,Basic,"At Risk",6,24.00,51,Medium,Medium,High,On-Time,7
242,Pro,Active,3,43.00,32,High,High,Medium,On-Time,7
243,Basic,Active,3,13.00,15,Medium,Medium,Low,On-Time,7
244,Enterprise,"At Risk",7,225.00,43,Medium,High,High,Delayed,9
245,Basic,Active,2,19.00,3,Medium,Medium,Low,On-Time,10
246,Pro,Churned,10,59.00,66,Low,Medium,Low,Missed,5
247,Basic,Active,4,21.00,12,High,Medium,Medium,Delayed,8
248,Pro,"At Risk",7,74.00,51,Medium,Low,Medium,On-Time,4
249,Basic,Active,2,14.00,43,High,High,Low,On-Time,7
250,Pro,Churned,14,50.00,195,Low,Low,Low,Missed,2
251,Pro,Active,4,69.00,22,Medium,High,Low,Delayed,9
252,Basic,Active,1,13.00,14,High,High,Medium,On-Time,9
253,Basic,Active,2,15.00,33,High,High,Low,On-Time,7
254,Pro,"At Risk",6,75.00,31,High,Medium,Medium,Delayed,9
255,Basic,Active,3,11.00,32,Medium,High,Low,On-Time,8
256,Basic,Churned,13,20.00,122,Low,Low,Low,Delayed,3
257,Basic,Active,1,22.00,2,Medium,High,Low,On-Time,8
258,Pro,"At Risk",8,74.00,32,Medium,Medium,High,Delayed,7
259,Basic,Active,4,11.00,36,Medium,High,Medium,On-Time,7
260,Pro,Active,2,77.00,18,High,High,Medium,On-Time,9
261,Basic,Active,1,22.00,6,High,High,Medium,On-Time,10
262,Basic,Active,4,10.00,36,High,High,High,On-Time,10
263,Basic,Active,3,12.00,26,Medium,Medium,Low,On-Time,8
264,Basic,Active,4,28.00,26,Medium,Medium,Medium,On-Time,7
265,Basic,"At Risk",8,22.00,109,Medium,Medium,Medium,On-Time,6
266,Basic,Active,3,10.00,15,High,Medium,Medium,On-Time,8
267,Pro,"At Risk",5,50.00,43,High,Medium,High,On-Time,7
268,Basic,Churned,13,23.00,160,Low,Low,Medium,Missed,5
269,Basic,"At Risk",5,25.00,43,High,High,Medium,Delayed,8
270,Basic,Churned,11,26.00,112,Low,Low,Low,Delayed,5
271,Basic,Active,2,16.00,5,Medium,Medium,Low,On-Time,9
272,Basic,Active,2,18.00,25,High,Medium,Low,On-Time,7
273,Basic,"At Risk",7,28.00,44,High,Medium,High,Delayed,9
274,Enterprise,Active,3,184.00,38,Medium,High,Low,On-Time,8
275,Basic,"At Risk",5,15.00,44,High,High,Medium,Delayed,8
276,Pro,Active,1,40.00,2,High,Medium,Low,On-Time,8
277,Pro,Churned,10,73.00,99,Low,Medium,Medium,Delayed,7
278,Basic,"At Risk",8,12.00,106,Medium,Low,Low,On-Time,6
279,Pro,Active,4,76.00,1,Medium,High,Medium,Delayed,7
280,Basic,Churned,11,20.00,116,Medium,Low,Medium,Missed,7
281,Basic,Active,2,12.00,37,High,High,Low,On-Time,10
282,Pro,Active,3,49.00,16,High,Medium,Medium,On-Time,8
283,Pro,"At Risk",7,53.00,73,Low,Medium,Low,On-Time,6
284,Basic,Churned,11,15.00,88,Medium,Low,Medium,Missed,5
285,Basic,Active,2,23.00,39,High,High,Low,On-Time,9
286,Pro,Active,4,62.00,27,Medium,Medium,Medium,On-Time,10
287,Basic,Active,1,25.00,28,High,High,Low,On-Time,7
288,Pro,Active,4,45.00,36,High,High,Low,Delayed,8
289,Basic,Active,2,16.00,39,High,High,Low,On-Time,10
290,Basic,Churned,11,28.00,108,Medium,Low,Medium,Delayed,4
291,Basic,Active,2,20.00,25,High,High,Medium,On-Time,10
292,Basic,Active,4,28.00,17,High,Medium,Low,Delayed,10
293,Pro,Churned,11,63.00,107,Medium,Medium,High,Delayed,6
294,Pro,Active,3,52.00,36,Medium,High,Low,On-Time,10
295,Basic,Active,3,10.00,39,Medium,High,Low,On-Time,9
296,Pro,Active,4,75.00,21,Medium,High,Low,Delayed,7
297,Pro,Active,1,52.00,17,High,High,Low,On-Time,9
298,Basic,Churned,13,11.00,222,Low,Low,Low,Delayed,1
299,Pro,Active,2,71.00,36,High,High,Low,On-Time,9
300,Pro,Churned,13,57.00,218,Low,Low,Low,Delayed,3
301,Basic,Active,4,15.00,33,High,High,High,On-Time,7
302,Basic,Active,1,16.00,8,High,Medium,Low,On-Time,10
303,Basic,Active,3,17.00,22,Medium,Medium,Low,On-Time,10
304,Pro,"At Risk",5,68.00,42,High,Medium,Low,Delayed,7
305,Basic,Churned,11,21.00,82,Low,Low,Low,Missed,6
306,Basic,Active,3,27.00,37,High,Medium,Low,On-Time,10
307,Pro,Active,4,70.00,30,Medium,Medium,Medium,On-Time,10
308,Pro,Churned,15,71.00,279,Low,Low,Medium,Missed,2
309,Enterprise,Active,1,292.00,9,Medium,High,Low,On-Time,10
310,Pro,Churned,9,60.00,47,Low,Low,Low,Delayed,6
311,Pro,"At Risk",6,42.00,43,High,Medium,Medium,Delayed,10
312,Basic,Churned,13,28.00,250,Low,Low,Medium,Missed,4
313,Basic,Active,2,21.00,0,Medium,Medium,Low,On-Time,9
314,Basic,Active,2,25.00,38,High,High,Low,On-Time,8
315,Basic,Churned,13,25.00,199,Low,Low,Medium,Missed,4
316,Pro,Active,2,54.00,7,Medium,High,Medium,On-Time,9
317,Pro,Active,3,52.00,12,High,Medium,High,On-Time,7
318,Basic,Active,2,23.00,23,High,Medium,Low,On-Time,10
319,Basic,Active,4,23.00,31,High,Medium,Medium,On-Time,9
320,Basic,Churned,14,15.00,216,Low,Low,Low,Missed,3
321,Basic,Churned,15,18.00,252,Low,Low,Medium,Missed,2
322,Enterprise,Active,2,154.00,34,High,High,Low,On-Time,9
323,Basic,Churned,9,21.00,70,Medium,Low,Low,Delayed,4
324,Pro,Active,2,40.00,2,High,Medium,Medium,On-Time,10
325,Basic,Active,4,10.00,25,Medium,Medium,Medium,On-Time,10
326,Pro,Active,2,71.00,5,High,High,Low,Delayed,9
327,Basic,"At Risk",7,17.00,37,Medium,Medium,Medium,Delayed,8
328,Basic,Active,4,21.00,44,Medium,Medium,Low,On-Time,10
329,Enterprise,Active,3,214.00,36,High,High,Medium,On-Time,7
330,Basic,Active,1,17.00,18,High,High,Low,On-Time,8
331,Pro,Active,2,54.00,2,High,Medium,Medium,On-Time,10
332,Enterprise,Churned,10,283.00,119,Medium,Low,Medium,Delayed,7
333,Basic,Active,2,10.00,41,High,High,Low,On-Time,9
334,Basic,Active,1,11.00,20,High,High,Low,On-Time,7
335,Pro,Active,0,75.00,9,High,High,Low,On-Time,10
336,Enterprise,Churned,10,226.00,99,Medium,Low,Low,Delayed,6
337,Basic,Churned,9,10.00,48,Low,Medium,Low,Missed,6
338,Pro,Active,4,59.00,33,High,High,High,On-Time,9
339,Basic,Active,4,13.00,42,High,High,High,On-Time,8
340,Pro,Active,4,61.00,33,High,Medium,Medium,On-Time,9
341,Pro,Active,2,60.00,17,High,Medium,Low,On-Time,8
342,Basic,Active,4,11.00,6,Medium,Medium,High,On-Time,10
343,Basic,Active,4,27.00,40,Medium,High,Medium,On-Time,10
344,Basic,Churned,9,11.00,114,Medium,Medium,Low,Delayed,6
345,Pro,Active,3,63.00,18,Medium,Medium,Low,On-Time,10
346,Pro,Churned,11,69.00,76,Low,Low,Medium,Delayed,5
347,Pro,Active,1,77.00,23,High,High,Low,On-Time,10
348,Pro,"At Risk",8,73.00,65,Low,Low,Low,On-Time,6
349,Basic,Active,4,17.00,33,High,High,Low,Delayed,8
350,Basic,"At Risk",7,23.00,69,Medium,Low,Low,On-Time,5
351,Enterprise,Active,2,239.00,7,High,High,Low,Delayed,8
352,Basic,Active,2,25.00,26,High,Medium,Low,On-Time,10
353,Basic,"At Risk",5,12.00,41,Medium,High,High,On-Time,10
354,Basic,Active,2,17.00,8,High,Medium,Medium,On-Time,10
355,Pro,Active,3,47.00,32,High,Medium,Low,On-Time,9
356,Pro,Active,4,46.00,31,Medium,Medium,Low,On-Time,9
357,Basic,Active,2,11.00,7,High,Medium,Medium,On-Time,9
358,Basic,Active,3,14.00,42,High,Medium,Low,On-Time,8
359,Pro,Churned,13,53.00,123,Low,Low,Low,Delayed,2
360,Pro,Active,3,41.00,23,High,Medium,Medium,On-Time,8
361,Pro,Active,1,62.00,4,High,Medium,Low,On-Time,10
362,Pro,"At Risk",5,42.00,29,Medium,Medium,Low,Delayed,7
363,Basic,Active,2,27.00,2,High,High,High,On-Time,9
364,Pro,Churned,14,57.00,242,Low,Low,Low,Missed,3
365,Enterprise,"At Risk",5,214.00,40,High,High,Medium,Delayed,10
366,Basic,Active,1,23.00,2,Medium,High,Low,On-Time,7
367,Basic,"At Risk",6,12.00,28,Medium,High,High,Delayed,7
368,Basic,Active,1,21.00,1,High,High,Medium,On-Time,8
369,Basic,Active,4,10.00,22,Medium,High,High,On-Time,9
370,Basic,Churned,11,20.00,60,Medium,Low,Medium,Missed,6
371,Basic,Active,2,22.00,27,High,Medium,Low,On-Time,8
372,Pro,Active,3,78.00,6,High,Medium,High,On-Time,9
373,Basic,Active,3,10.00,42,High,High,Medium,On-Time,8
374,Enterprise,Active,3,234.00,42,High,High,Medium,On-Time,8
375,Pro,Active,3,69.00,43,High,Medium,Low,On-Time,7
376,Basic,Active,2,18.00,17,High,Medium,Low,On-Time,10
377,Basic,Active,4,10.00,31,High,Medium,Medium,On-Time,10
378,Pro,Active,3,53.00,33,Medium,High,Low,On-Time,8
379,Basic,Churned,12,16.00,57,Low,Low,High,Missed,6
380,Basic,Active,1,12.00,10,High,Medium,Low,On-Time,10
381,Pro,Churned,12,40.00,151,Low,Low,Medium,Delayed,5
382,Basic,Active,1,29.00,9,High,High,Medium,On-Time,7
383,Basic,"At Risk",8,10.00,57,Medium,Low,Low,Delayed,6
384,Basic,Churned,12,16.00,283,Low,Low,Low,Missed,4
385,Pro,Churned,13,56.00,235,Low,Low,Low,Delayed,3
386,Pro,Churned,13,48.00,271,Low,Low,Medium,Missed,4
387,Pro,Active,3,64.00,31,High,Medium,Low,On-Time,8
388,Basic,Active,4,27.00,18,Medium,High,High,On-Time,9
389,Pro,Active,3,42.00,33,High,High,Medium,On-Time,7
390,Pro,Active,3,67.00,2,Medium,Medium,Medium,On-Time,8
391,Enterprise,Active,2,256.00,2,High,High,High,On-Time,9
392,Basic,Active,1,10.00,4,High,Medium,Low,On-Time,10
393,Basic,Churned,11,27.00,71,Medium,Low,Medium,Missed,6
394,Basic,Active,4,26.00,29,Medium,Medium,Medium,On-Time,7
395,Pro,"At Risk",7,40.00,48,Low,Low,Low,On-Time,5
396,Basic,Churned,15,26.00,199,Low,Low,High,Delayed,2
397,Basic,"At Risk",5,11.00,36,High,High,Medium,Delayed,7
398,Basic,"At Risk",5,14.00,43,Medium,High,High,On-Time,7
399,Basic,Churned,10,21.00,57,Low,Medium,High,Missed,7
400,Basic,Active,3,28.00,37,High,Medium,Low,On-Time,10
401,Basic,"At Risk",8,18.00,86,Medium,Low,Medium,On-Time,4
402,Basic,Active,2,11.00,18,High,High,Medium,On-Time,10
403,Basic,Churned,12,26.00,63,Medium,Low,High,Missed,6
404,Basic,"At Risk",7,13.00,72,Low,Low,Low,On-Time,7
405,Basic,Active,1,20.00,21,High,High,Low,On-Time,8
406,Basic,Active,2,22.00,32,High,High,Low,On-Time,8
407,Pro,Active,2,59.00,6,Medium,Medium,Low,On-Time,10
408,Basic,Active,1,18.00,9,High,Medium,Low,On-Time,7
409,Pro,Active,3,56.00,3,High,Medium,Low,Delayed,10
410,Basic,Active,2,25.00,29,High,Medium,Low,On-Time,7
411,Pro,Active,0,63.00,11,High,High,Low,On-Time,9
412,Enterprise,Active,2,129.00,27,High,Medium,Low,On-Time,9
413,Pro,Active,2,43.00,10,Medium,Medium,Low,On-Time,9
414,Pro,Active,2,66.00,34,High,High,Low,On-Time,10
415,Pro,Active,2,64.00,39,High,High,Low,On-Time,7
416,Pro,Active,2,79.00,16,High,High,Medium,On-Time,8
417,Basic,Active,2,24.00,3,Medium,Medium,Low,On-Time,7
418,Basic,Active,2,22.00,38,High,High,Low,On-Time,7
419,Basic,Active,2,24.00,28,Medium,High,Low,On-Time,10
420,Enterprise,"At Risk",5,239.00,20,Medium,Medium,High,On-Time,7
421,Pro,Active,3,52.00,29,Medium,High,Medium,On-Time,7
422,Basic,"At Risk",5,27.00,24,Medium,Medium,High,On-Time,9
423,Basic,Active,1,11.00,28,High,High,Low,On-Time,8
424,Basic,Active,1,11.00,26,High,High,Low,On-Time,9
425,Pro,"At Risk",5,79.00,24,High,High,High,Delayed,8
426,Basic,"At Risk",7,11.00,55,Medium,Medium,Low,Delayed,4
427,Basic,"At Risk",8,18.00,62,Medium,Low,Low,Delayed,7
428,Basic,Active,3,16.00,34,High,High,Medium,On-Time,9
429,Basic,"At Risk",7,14.00,82,Medium,Medium,Low,Delayed,7
430,Pro,Active,3,44.00,29,High,Medium,Medium,On-Time,10
431,Pro,Active,0,59.00,13,High,High,Low,On-Time,10
432,Pro,Active,3,73.00,35,High,Medium,Low,On-Time,10
433,Basic,Active,1,13.00,1,High,Medium,Low,On-Time,7
434,Pro,Active,3,45.00,31,Medium,High,Low,On-Time,8
435,Enterprise,Churned,14,133.00,220,Low,Low,High,Missed,5
436,Pro,Active,4,53.00,34,High,Medium,Medium,On-Time,9
437,Basic,Churned,13,18.00,187,Low,Low,Low,Delayed,3
438,Basic,"At Risk",5,21.00,40,Medium,Medium,Medium,On-Time,7
439,Basic,Active,1,23.00,5,High,High,Medium,On-Time,10
440,Basic,Active,1,28.00,13,High,High,Medium,On-Time,7
441,Basic,Active,2,25.00,7,High,High,Low,Delayed,7
442,Basic,"At Risk",8,27.00,41,Medium,Medium,High,Delayed,8
443,Enterprise,Churned,12,182.00,73,Low,Low,High,Delayed,5
444,Pro,Active,0,73.00,8,High,High,Low,On-Time,8
445,Basic,"At Risk",6,10.00,20,High,Medium,High,Delayed,9
446,Pro,Active,4,77.00,22,Medium,Medium,Medium,On-Time,9
447,Basic,Churned,13,14.00,83,Low,Low,High,Missed,5
448,Enterprise,Churned,9,138.00,74,Low,Low,Low,Delayed,7
449,Basic,Active,2,10.00,19,High,High,Medium,On-Time,7
450,Basic,"At Risk",5,27.00,42,High,Medium,Low,Delayed,7
451,Basic,Active,2,13.00,24,High,High,Medium,On-Time,8
452,Basic,Active,1,20.00,4,High,High,Medium,On-Time,7
453,Enterprise,Active,4,157.00,41,Medium,Medium,Low,On-Time,10
454,Pro,Active,1,70.00,6,High,High,Medium,On-Time,8
455,Pro,Active,3,66.00,29,Medium,High,Medium,On-Time,9
456,Basic,Churned,9,26.00,104,Medium,Low,Medium,On-Time,6
457,Pro,Churned,13,61.00,186,Low,Low,High,Delayed,4
458,Basic,Active,2,23.00,4,High,Medium,Medium,On-Time,8
459,Basic,Active,0,22.00,5,High,High,Low,On-Time,9
460,Pro,Active,4,46.00,10,Medium,Medium,High,On-Time,10
461,Basic,Active,4,10.00,44,Medium,High,Medium,On-Time,7
462,Basic,Active,3,26.00,38,Medium,High,Low,On-Time,10
463,Basic,Active,2,21.00,39,High,High,Low,On-Time,9
464,Basic,"At Risk",6,17.00,40,Medium,Medium,High,On-Time,9
465,Basic,Active,4,26.00,36,Medium,High,Medium,On-Time,10
466,Pro,Active,2,69.00,21,High,Medium,Low,On-Time,10
467,Pro,Active,2,48.00,35,High,High,Low,On-Time,8
468,Basic,Active,3,25.00,16,Medium,Medium,Low,On-Time,10
469,Basic,Churned,12,27.00,92,Medium,Low,High,Delayed,4
470,Basic,"At Risk",8,13.00,48,Medium,Low,Low,Delayed,4
471,Enterprise,Active,0,133.00,1,High,High,Low,On-Time,9
472,Pro,Active,2,63.00,11,Medium,High,Medium,On-Time,8
473,Pro,Active,2,71.00,42,High,High,Low,On-Time,10
474,Basic,Churned,14,21.00,207,Low,Low,Low,Missed,3
475,Basic,Churned,15,28.00,217,Low,Low,Medium,Missed,3
476,Basic,Active,3,15.00,22,High,High,High,On-Time,7
477,Basic,"At Risk",8,10.00,46,Medium,Low,Low,Delayed,6
478,Basic,Churned,10,18.00,104,Medium,Low,High,On-Time,4
479,Basic,Active,3,27.00,40,High,Medium,Low,On-Time,7
480,Basic,Active,1,20.00,19,High,High,Low,On-Time,10
481,Basic,Churned,11,10.00,83,Low,Low,Low,Missed,6
482,Basic,Active,2,11.00,12,Medium,Medium,Low,On-Time,10
483,Pro,Active,3,48.00,37,High,Medium,Low,On-Time,7
484,Basic,Active,3,23.00,38,High,Medium,Low,On-Time,9
485,Basic,Active,0,29.00,7,High,High,Low,On-Time,10
486,Basic,Active,2,14.00,14,High,Medium,Medium,On-Time,8
487,Enterprise,Active,2,210.00,1,High,Medium,Medium,On-Time,9
488,Pro,Active,3,60.00,3,Medium,Medium,Medium,On-Time,10
489,Pro,Active,3,46.00,40,Medium,High,Low,On-Time,7
490,Pro,Churned,14,47.00,169,Low,Low,Low,Missed,2
491,Basic,Active,1,29.00,7,High,Medium,Low,On-Time,10
492,Basic,Active,1,23.00,7,Medium,High,Low,On-Time,9
493,Enterprise,Active,3,184.00,9,High,High,Medium,Delayed,10
494,Basic,Active,3,27.00,20,Medium,High,Medium,On-Time,9
495,Pro,"At Risk",5,45.00,26,Medium,Medium,High,On-Time,10
496,Enterprise,Active,4,122.00,38,Medium,Medium,Low,On-Time,7
497,Pro,Churned,14,58.00,201,Low,Low,Low,Missed,2
498,Basic,Active,2,10.00,11,Medium,Medium,Low,On-Time,8
499,Pro,"At Risk",7,43.00,84,Low,Medium,Low,On-Time,5
500,Basic,Active,2,27.00,25,High,High,Medium,On-Time,8
501,Enterprise,Active,0,288.00,11,High,High,Low,On-Time,9
502,Basic,Active,2,12.00,8,Medium,High,Medium,On-Time,7
503,Pro,Churned,10,79.00,67,Low,Medium,Low,Missed,5
504,Basic,"At Risk",5,23.00,5,Medium,High,High,Delayed,8
505,Basic,Active,2,16.00,36,High,High,Low,On-Time,10
506,Pro,Active,2,42.00,19,High,Medium,Low,On-Time,8
507,Basic,Active,1,29.00,26,High,High,Low,On-Time,7
508,Pro,Active,4,62.00,37,Medium,Medium,Low,On-Time,7
509,Basic,Churned,10,25.00,58,Low,Low,Medium,Delayed,6
510,Pro,Active,4,53.00,19,High,High,Medium,Delayed,7
511,Pro,Active,3,48.00,13,Medium,Medium,Medium,On-Time,7
512,Basic,Active,1,29.00,14,Medium,High,Low,On-Time,9
513,Enterprise,"At Risk",5,183.00,1,High,Medium,High,Delayed,7
514,Basic,Active,2,13.00,13,High,High,Low,Delayed,10
515,Basic,Active,1,25.00,3,Medium,High,Low,On-Time,8
516,Pro,Active,3,58.00,19,High,High,High,On-Time,9
517,Basic,Active,3,26.00,9,Medium,High,High,On-Time,10
518,Pro,Active,2,50.00,7,Medium,High,Medium,On-Time,7
519,Enterprise,Active,2,261.00,42,High,High,Low,On-Time,8
520,Basic,Active,2,26.00,17,Medium,High,Low,On-Time,10
521,Pro,Churned,14,56.00,263,Low,Low,Medium,Delayed,1
522,Pro,Active,4,41.00,37,Medium,High,Medium,On-Time,7
523,Enterprise,Active,2,122.00,26,High,Medium,Low,On-Time,8
524,Basic,Active,1,20.00,12,High,High,Medium,On-Time,8
525,Basic,Churned,11,24.00,87,Low,Low,Low,Missed,4
526,Pro,Active,4,73.00,34,Medium,High,Medium,On-Time,10
527,Pro,Active,2,52.00,12,High,Medium,Medium,On-Time,10
528,Pro,"At Risk",6,62.00,22,Medium,High,High,Delayed,10
529,Basic,Active,1,27.00,5,High,High,Medium,On-Time,10
530,Basic,Active,1,21.00,15,High,High,Low,On-Time,10
531,Basic,Active,2,10.00,17,Medium,High,Low,On-Time,10
532,Pro,"At Risk",7,68.00,51,Medium,Medium,Medium,Delayed,7
533,Pro,Active,1,67.00,7,Medium,High,Low,On-Time,7
534,Pro,Active,4,75.00,19,Medium,High,High,On-Time,8
535,Basic,Active,3,27.00,26,Medium,Medium,Low,On-Time,7
536,Pro,Active,2,40.00,6,High,High,High,On-Time,10
537,Basic,Active,1,25.00,7,High,Medium,Low,On-Time,10
538,Basic,Active,2,29.00,10,Medium,Medium,Low,On-Time,7
539,Pro,Active,0,49.00,13,High,High,Low,On-Time,8
540,Basic,Churned,9,26.00,60,Low,Low,Medium,On-Time,5
541,Pro,Churned,9,58.00,62,Medium,Medium,Medium,Delayed,5
542,Enterprise,Active,3,274.00,40,High,Medium,Low,On-Time,9
543,Pro,"At Risk",7,49.00,50,Low,Medium,Low,Delayed,7
544,Pro,"At Risk",5,75.00,42,Medium,High,Low,Delayed,9
545,Pro,Active,3,60.00,5,Medium,High,Low,Delayed,8
546,Basic,Active,4,11.00,17,High,Medium,High,On-Time,7
547,Pro,"At Risk",5,49.00,42,Medium,Medium,Medium,On-Time,8
548,Basic,Active,4,17.00,35,Medium,Medium,Low,On-Time,8
549,Basic,Active,3,20.00,28,High,High,Low,Delayed,7
550,Basic,Active,2,13.00,29,High,Medium,Low,On-Time,9
551,Basic,Active,2,20.00,30,High,High,Medium,On-Time,10
552,Pro,Active,2,73.00,24,High,High,Medium,On-Time,10
553,Basic,"At Risk",5,13.00,40,Medium,Medium,Medium,On-Time,10
554,Basic,Active,3,15.00,18,High,Medium,Medium,On-Time,10
555,Basic,Active,3,24.00,30,Medium,Medium,Low,On-Time,7
556,Basic,Active,4,25.00,32,High,High,High,On-Time,7
557,Enterprise,Active,0,269.00,12,High,High,Low,On-Time,8
558,Basic,Churned,10,22.00,117,Low,Low,Medium,On-Time,5
559,Basic,"At Risk",8,19.00,91,Low,Medium,Low,On-Time,6
560,Basic,Churned,9,23.00,90,Low,Medium,Low,Delayed,4
561,Basic,Churned,14,11.00,235,Low,Low,Low,Missed,3
562,Pro,Active,2,50.00,20,High,Medium,Low,On-Time,10
563,Basic,"At Risk",8,24.00,79,Low,Low,Low,On-Time,4
564,Pro,"At Risk",7,43.00,106,Medium,Low,Low,On-Time,7
565,Basic,Churned,11,23.00,80,Low,Medium,Medium,Missed,5
566,Basic,Active,2,21.00,13,Medium,High,Medium,On-Time,10
567,Enterprise,Churned,14,124.00,254,Low,Low,Low,Missed,1
568,Pro,Churned,11,70.00,251,Low,Low,Low,Delayed,4
569,Pro,Active,2,64.00,17,High,High,Medium,On-Time,7
570,Enterprise,Active,3,130.00,29,Medium,High,Medium,On-Time,8
571,Pro,Active,4,79.00,19,Medium,Medium,Medium,On-Time,10
572,Pro,Active,3,51.00,7,High,Medium,High,On-Time,9
573,Pro,Active,2,65.00,25,High,Medium,Low,On-Time,9
574,Pro,Active,0,64.00,14,High,High,Low,On-Time,9
575,Pro,Active,3,70.00,31,High,High,Medium,On-Time,10
576,Basic,Churned,12,10.00,214,Low,Low,Medium,Delayed,4
577,Basic,"At Risk",5,15.00,15,Medium,High,Medium,Delayed,10
578,Basic,Churned,15,15.00,187,Low,Low,Medium,Missed,3
579,Pro,Churned,9,47.00,55,Medium,Low,Medium,Missed,7
580,Basic,Active,3,13.00,17,Medium,Medium,Low,On-Time,10
581,Basic,Active,1,18.00,17,High,High,Low,On-Time,7
582,Basic,Active,2,23.00,25,Medium,High,Low,On-Time,7
583,Pro,Active,0,75.00,1,High,High,Low,On-Time,8
584,Basic,Active,1,11.00,27,High,High,Low,On-Time,8
585,Basic,Churned,9,16.00,93,Medium,Low,Medium,On-Time,5
586,Pro,Churned,9,51.00,99,Low,Low,Low,On-Time,6
587,Basic,Churned,12,20.00,127,Low,Low,Low,Missed,5
588,Basic,Active,1,26.00,4,High,Medium,Low,On-Time,8
589,Pro,Active,3,67.00,35,High,High,Medium,On-Time,8
590,Basic,"At Risk",6,29.00,36,High,Medium,Medium,Delayed,8
591,Basic,"At Risk",8,11.00,101,Medium,Low,Medium,On-Time,7
592,Pro,Active,2,73.00,17,Medium,High,Low,On-Time,9
593,Basic,Active,2,28.00,17,High,High,Medium,On-Time,8
594,Basic,Active,4,15.00,44,Medium,High,Medium,On-Time,7
595,Basic,Churned,10,23.00,92,Medium,Low,Medium,Delayed,7
596,Basic,"At Risk",8,20.00,90,Low,Low,Low,On-Time,6
597,Basic,Active,2,23.00,16,Medium,High,Low,On-Time,9
598,Enterprise,"At Risk",5,204.00,30,Medium,Medium,High,On-Time,7
599,Basic,Active,4,16.00,41,Medium,High,Medium,On-Time,9
600,Enterprise,"At Risk",5,199.00,44,High,Medium,High,On-Time,7
601,Basic,Active,3,13.00,19,High,High,Low,Delayed,10
602,Basic,Active,3,13.00,39,High,Medium,Low,On-Time,9
603,Pro,Active,1,41.00,22,High,High,Low,On-Time,9
604,Basic,Active,0,23.00,12,High,High,Low,On-Time,9
605,Basic,Active,3,13.00,14,Medium,Medium,Medium,On-Time,8
606,Basic,"At Risk",5,14.00,42,Medium,Medium,Medium,On-Time,7
607,Basic,Active,3,18.00,33,High,Medium,Low,On-Time,7
608,Pro,Active,3,75.00,39,Medium,High,Low,On-Time,7
609,Enterprise,Active,2,259.00,0,Medium,Medium,Low,On-Time,8
610,Basic,Active,2,19.00,14,High,High,High,On-Time,9
611,Basic,"At Risk",8,27.00,66,Medium,Medium,Low,Delayed,4
612,Enterprise,"At Risk",7,185.00,79,Low,Low,Low,On-Time,7
613,Basic,Churned,11,17.00,164,Low,Low,Low,Delayed,4
614,Basic,Active,3,14.00,40,High,High,Medium,On-Time,10
615,Enterprise,Active,3,131.00,14,High,Medium,High,On-Time,8
616,Pro,Active,1,54.00,21,High,High,Low,On-Time,8
617,Basic,Active,3,21.00,38,Medium,High,Low,On-Time,7
618,Basic,Active,0,24.00,12,High,High,Low,On-Time,8
619,Basic,"At Risk",8,27.00,72,Medium,Medium,Low,Delayed,6
620,Basic,Active,3,17.00,33,High,Medium,Low,On-Time,7
621,Basic,"At Risk",8,29.00,72,Medium,Low,Low,Delayed,7
622,Basic,Active,2,15.00,12,High,High,High,On-Time,8
623,Basic,Active,3,28.00,15,High,Medium,Medium,On-Time,7
624,Basic,Active,4,29.00,20,Medium,Medium,Medium,On-Time,8
625,Enterprise,Active,2,232.00,14,High,Medium,Medium,On-Time,10
626,Pro,Active,1,67.00,16,High,High,Low,On-Time,8
627,Enterprise,Churned,10,248.00,82,Low,Low,Low,Delayed,4
628,Pro,Churned,15,43.00,248,Low,Low,Medium,Missed,2
629,Basic,Active,4,13.00,24,Medium,Medium,Medium,On-Time,9
630,Pro,"At Risk",7,45.00,118,Medium,Medium,Medium,On-Time,7
631,Basic,Active,1,16.00,13,High,High,Medium,On-Time,7
632,Basic,"At Risk",6,20.00,12,Medium,Medium,High,Delayed,9
633,Basic,"At Risk",5,22.00,39,Medium,Medium,Medium,On-Time,9
634,Pro,Active,2,45.00,37,High,High,Low,On-Time,8
635,Basic,Churned,10,22.00,69,Low,Medium,Low,Missed,6
636,Pro,"At Risk",8,56.00,92,Low,Medium,Low,On-Time,4
637,Basic,Active,4,20.00,35,High,Medium,Medium,On-Time,10
638,Basic,"At Risk",8,24.00,74,Medium,Medium,Low,Delayed,6
639,Pro,Active,3,57.00,44,High,Medium,Low,On-Time,9
640,Pro,Active,4,72.00,22,Medium,High,High,On-Time,9
641,Pro,Churned,10,49.00,74,Medium,Low,Low,Missed,5
642,Basic,"At Risk",7,20.00,89,Medium,Low,Low,On-Time,5
643,Basic,Churned,13,27.00,286,Low,Low,Low,Delayed,3
644,Basic,Churned,9,28.00,105,Medium,Low,High,On-Time,7
645,Pro,Active,3,62.00,6,Medium,Medium,Medium,On-Time,7
646,Basic,Active,2,10.00,18,High,High,Medium,On-Time,7
647,Enterprise,Active,4,278.00,43,High,Medium,Medium,On-Time,10
648,Basic,Active,3,19.00,19,High,High,High,On-Time,9
649,Pro,"At Risk",8,76.00,67,Medium,Low,Low,Delayed,7
650,Pro,"At Risk",7,57.00,48,Low,Low,Low,On-Time,6
651,Basic,Active,1,27.00,25,High,High,Low,On-Time,10
652,Basic,"At Risk",6,13.00,33,Medium,Medium,Low,Delayed,9
653,Basic,"At Risk",8,13.00,51,Low,Low,Low,Delayed,7
654,Pro,"At Risk",8,42.00,83,Low,Medium,High,On-Time,7
655,Basic,Active,3,27.00,31,Medium,High,Low,On-Time,7
656,Basic,Churned,14,13.00,143,Low,Low,Medium,Delayed,1
657,Pro,Active,3,50.00,26,High,Medium,Medium,On-Time,8
658,Pro,Active,2,42.00,26,High,Medium,Low,On-Time,9
659,Basic,"At Risk",5,29.00,1,High,Medium,High,Delayed,8
660,Basic,Active,4,28.00,40,Medium,High,Medium,On-Time,8
661,Basic,Active,3,21.00,29,High,Medium,Medium,On-Time,10
662,Enterprise,Active,1,279.00,29,High,High,Low,On-Time,7
663,Basic,Active,2,27.00,10,Medium,High,Medium,On-Time,10
664,Pro,Churned,14,43.00,241,Low,Low,Low,Missed,2
665,Basic,Churned,14,16.00,236,Low,Low,Low,Missed,3
666,Basic,Active,3,18.00,40,High,Medium,Low,On-Time,7
667,Basic,Active,2,26.00,5,High,High,Low,Delayed,9
668,Pro,Churned,10,54.00,113,Medium,Low,Medium,Delayed,7
669,Enterprise,Churned,12,186.00,111,Low,Medium,Medium,Missed,5
670,Basic,"At Risk",7,23.00,101,Medium,Medium,Low,On-Time,4
671,Basic,Churned,15,10.00,237,Low,Low,Medium,Missed,1
672,Basic,Active,1,20.00,6,High,Medium,Low,On-Time,7
673,Basic,Active,2,14.00,10,Medium,Medium,Low,On-Time,9
674,Basic,Churned,10,27.00,116,Medium,Low,Low,Delayed,4
675,Pro,Churned,12,77.00,197,Low,Low,Medium,Delayed,5
676,Pro,"At Risk",5,50.00,43,Medium,Medium,Medium,On-Time,10
677,Basic,Active,4,29.00,43,Medium,Medium,Low,On-Time,9
678,Basic,Active,3,25.00,20,Medium,Medium,Low,On-Time,7
679,Basic,Active,1,15.00,8,High,Medium,Low,On-Time,9
680,Pro,Active,3,68.00,24,High,Medium,Medium,On-Time,9
681,Pro,Churned,12,65.00,48,Low,Low,High,Missed,4
682,Pro,Active,4,44.00,44,High,Medium,Medium,On-Time,8
683,Pro,Active,1,43.00,14,High,Medium,Low,On-Time,8
684,Basic,Active,1,24.00,10,High,High,Medium,On-Time,7
685,Basic,"At Risk",5,29.00,16,Medium,Medium,High,On-Time,10
686,Basic,"At Risk",5,22.00,22,Medium,Medium,High,On-Time,8
687,Pro,"At Risk",8,54.00,46,Low,Low,High,On-Time,7
688,Basic,Active,3,26.00,30,Medium,High,Medium,On-Time,9
689,Basic,Active,2,23.00,27,High,Medium,Low,On-Time,8
690,Pro,Active,3,43.00,22,High,High,High,On-Time,9
691,Basic,Churned,13,19.00,283,Low,Low,High,Delayed,5
692,Basic,Active,3,28.00,23,Medium,Medium,Low,On-Time,8
693,Pro,Churned,10,79.00,119,Low,Low,Medium,On-Time,4
694,Pro,"At Risk",5,40.00,4,High,Medium,High,Delayed,10
695,Enterprise,Churned,11,236.00,78,Medium,Low,High,Delayed,5
696,Pro,Active,4,50.00,38,High,Medium,Medium,On-Time,8
697,Basic,Churned,13,16.00,246,Low,Low,Medium,Missed,4
698,Pro,Active,4,44.00,11,Medium,High,Medium,Delayed,7
699,Pro,Churned,14,51.00,227,Low,Low,Medium,Delayed,2
700,Pro,Active,3,40.00,36,High,Medium,Low,On-Time,10
701,Pro,"At Risk",7,70.00,88,Medium,Low,Low,On-Time,4
702,Basic,"At Risk",7,16.00,59,Low,Medium,Medium,On-Time,5
703,Basic,Churned,9,22.00,47,Medium,Low,Low,Missed,6
704,Basic,"At Risk",5,17.00,32,Medium,Medium,Medium,On-Time,10
705,Basic,Churned,11,24.00,183,Low,Low,Low,Delayed,4
706,Basic,Churned,14,27.00,141,Low,Low,Medium,Delayed,1
707,Pro,"At Risk",8,47.00,55,Low,Medium,Medium,Delayed,7
708,Basic,Active,4,21.00,17,Medium,Medium,Medium,On-Time,7
709,Pro,Active,3,53.00,41,High,High,Medium,On-Time,7
710,Basic,Churned,9,28.00,74,Low,Low,Medium,On-Time,4
711,Basic,Active,2,12.00,1,Medium,Medium,Low,On-Time,10
712,Basic,"At Risk",8,29.00,49,Medium,Low,Low,Delayed,6
713,Pro,Active,1,75.00,3,High,Medium,Low,On-Time,10
714,Basic,Active,3,18.00,19,High,Medium,Medium,On-Time,8
715,Pro,Active,1,60.00,12,High,High,Medium,On-Time,10
716,Basic,Active,2,28.00,9,Medium,Medium,Low,On-Time,7
717,Pro,Active,3,46.00,30,High,Medium,Medium,On-Time,7
718,Basic,Active,0,20.00,11,High,High,Low,On-Time,8
719,Basic,Active,1,29.00,25,High,High,Low,On-Time,7
720,Basic,Active,1,16.00,0,Medium,High,Low,On-Time,9
721,Basic,Active,0,10.00,2,High,High,Low,On-Time,7
722,Basic,Active,1,25.00,6,High,Medium,Low,On-Time,9
723,Pro,Churned,12,54.00,86,Low,Low,High,Missed,7
724,Pro,Active,3,40.00,29,High,Medium,Medium,On-Time,9
725,Pro,Active,1,52.00,4,High,High,Medium,On-Time,7
726,Pro,Active,3,40.00,20,Medium,High,Medium,On-Time,8
727,Basic,Active,0,25.00,2,High,High,Low,On-Time,9
728,Basic,Churned,10,15.00,60,Medium,Medium,High,Delayed,4
729,Basic,Active,4,12.00,29,Medium,High,High,On-Time,7
730,Basic,Active,2,26.00,8,Medium,High,Medium,On-Time,10
731,Enterprise,Active,3,210.00,21,Medium,Medium,Low,On-Time,9
732,Basic,"At Risk",5,29.00,26,Medium,Medium,High,On-Time,9
733,Pro,"At Risk",7,53.00,76,Medium,Low,Low,On-Time,4
734,Pro,Active,4,64.00,20,Medium,Medium,Medium,On-Time,7
735,Basic,Churned,10,15.00,113,Medium,Low,Low,Missed,7
736,Pro,Active,0,67.00,2,High,High,Low,On-Time,7
737,Basic,Churned,16,10.00,160,Low,Low,High,Missed,1
738,Basic,"At Risk",8,29.00,83,Medium,Medium,High,On-Time,4
739,Pro,Active,3,53.00,26,High,High,High,On-Time,9
740,Basic,Active,1,17.00,20,High,High,Low,On-Time,7
741,Pro,Active,2,79.00,12,Medium,Medium,Low,On-Time,10
742,Enterprise,Active,2,215.00,9,High,High,High,On-Time,8
743,Basic,Active,1,27.00,29,High,High,Low,On-Time,8
744,Basic,Active,3,25.00,26,Medium,High,Medium,On-Time,7
745,Basic,Active,3,17.00,30,High,High,Low,Delayed,9
746,Pro,Active,0,57.00,5,High,High,Low,On-Time,10
747,Pro,Churned,11,74.00,65,Low,Medium,High,Delayed,5
748,Basic,Active,2,20.00,14,High,High,Low,Delayed,7
749,Basic,Churned,15,20.00,200,Low,Low,Medium,Missed,2
750,Basic,Active,1,23.00,28,High,High,Low,On-Time,8
751,Basic,Active,0,17.00,3,High,High,Low,On-Time,9
752,Basic,Active,1,22.00,29,High,High,Low,On-Time,8
753,Basic,Active,4,23.00,33,Medium,High,Medium,On-Time,7
754,Basic,"At Risk",5,10.00,43,High,Medium,High,On-Time,10
755,Pro,"At Risk",5,44.00,41,Medium,Medium,Medium,On-Time,7
756,Basic,Active,3,17.00,38,High,High,Medium,On-Time,7
757,Basic,Active,4,14.00,20,Medium,Medium,Medium,On-Time,10
758,Basic,"At Risk",8,23.00,89,Low,Medium,Medium,On-Time,4
759,Basic,Active,1,23.00,24,High,High,Low,On-Time,8
760,Basic,Active,3,15.00,33,High,High,Medium,On-Time,8
761,Enterprise,Active,3,192.00,9,Medium,High,High,On-Time,10
762,Basic,Active,1,15.00,5,High,High,Medium,On-Time,10
763,Basic,Active,2,21.00,26,High,Medium,Low,On-Time,7
764,Basic,"At Risk",5,16.00,42,Medium,Medium,Medium,On-Time,10
765,Basic,Active,2,28.00,19,Medium,High,Low,On-Time,10
766,Basic,Active,2,13.00,20,High,High,Medium,On-Time,8
767,Pro,Active,1,76.00,6,High,High,Medium,On-Time,7
768,Basic,"At Risk",5,22.00,7,Medium,Medium,Medium,Delayed,7
769,Basic,"At Risk",8,25.00,100,Medium,Low,Low,On-Time,5
770,Pro,Active,2,71.00,0,High,High,High,On-Time,10
771,Basic,"At Risk",5,19.00,35,Medium,Medium,Medium,On-Time,9
772,Basic,Active,4,12.00,22,Medium,Medium,Medium,On-Time,9
773,Pro,Churned,14,41.00,251,Low,Low,Medium,Delayed,2
774,Basic,Churned,12,28.00,91,Low,Low,Low,Missed,5
775,Enterprise,Active,3,217.00,22,Medium,Medium,Low,On-Time,7
776,Basic,Active,3,27.00,16,Medium,Medium,Low,On-Time,9
777,Basic,Active,2,21.00,1,High,Medium,Medium,On-Time,9
778,Basic,Active,4,10.00,35,Medium,Medium,Low,On-Time,8
779,Pro,Churned,10,60.00,94,Low,Low,Medium,On-Time,4
780,Pro,"At Risk",5,62.00,34,Medium,Medium,Medium,On-Time,9
781,Enterprise,Active,1,247.00,17,High,High,Low,On-Time,9
782,Basic,Active,4,17.00,1,Medium,Medium,Low,Delayed,9
783,Pro,Churned,14,79.00,178,Low,Low,Low,Missed,2
784,Basic,Active,3,23.00,26,High,High,High,On-Time,7
785,Pro,Active,3,61.00,32,High,Medium,Low,On-Time,10
786,Basic,Active,3,27.00,38,High,Medium,Low,On-Time,7
787,Pro,Active,1,43.00,2,High,High,Medium,On-Time,9
788,Pro,Active,4,46.00,44,High,Medium,Medium,On-Time,7
789,Pro,Churned,11,78.00,115,Low,Low,Low,Missed,7
790,Basic,Active,4,16.00,31,High,High,Low,Delayed,7
791,Basic,Active,1,22.00,10,High,Medium,Low,On-Time,10
792,Basic,Churned,14,22.00,260,Low,Low,Low,Missed,2
793,Pro,"At Risk",6,57.00,49,Medium,Low,Low,On-Time,5
794,Enterprise,Active,4,175.00,39,Medium,Medium,Low,On-Time,7
795,Basic,Active,4,20.00,37,Medium,Medium,Low,On-Time,7
796,Basic,Churned,14,20.00,193,Low,Low,Low,Missed,1
797,Basic,Active,1,10.00,3,High,High,Medium,On-Time,10
798,Basic,Active,3,19.00,16,High,Medium,Medium,On-Time,8
799,Pro,Active,3,64.00,10,High,Medium,High,On-Time,10
800,Basic,Churned,12,27.00,118,Low,Low,High,Delayed,7
801,Enterprise,Churned,11,286.00,58,Low,Medium,High,Missed,6
802,Pro,Churned,12,73.00,198,Low,Low,Low,Missed,4
803,Basic,Churned,13,17.00,249,Low,Low,Low,Delayed,2
804,Basic,Active,4,28.00,40,Medium,High,Medium,On-Time,10
805,Pro,Churned,13,70.00,100,Medium,Low,High,Missed,4
806,Pro,Churned,12,64.00,106,Low,Low,Medium,Delayed,6
807,Basic,Active,3,16.00,1,Medium,High,Low,Delayed,10
808,Basic,Active,2,13.00,13,High,Medium,Medium,On-Time,8
809,Basic,Churned,10,13.00,88,Medium,Low,Low,Missed,5
810,Basic,Active,3,15.00,35,High,High,Medium,On-Time,8
811,Pro,Churned,9,43.00,105,Low,Medium,Medium,On-Time,4
812,Basic,Churned,11,16.00,65,Medium,Low,Medium,Missed,4
813,Pro,Active,2,42.00,13,Medium,Medium,Low,On-Time,10
814,Basic,"At Risk",5,25.00,7,Medium,Medium,Medium,Delayed,9
815,Basic,Active,3,14.00,30,High,Medium,Medium,On-Time,8
816,Basic,Active,4,29.00,16,Medium,Medium,Medium,On-Time,10
817,Basic,Active,3,28.00,18,High,Medium,Medium,On-Time,10
818,Pro,Active,2,42.00,2,Medium,High,Medium,On-Time,9
819,Basic,Active,4,28.00,39,High,Medium,Medium,On-Time,8
820,Basic,Active,4,19.00,33,High,High,High,On-Time,9
821,Basic,Active,1,15.00,16,High,High,Low,On-Time,9
822,Basic,Churned,9,26.00,52,Low,Low,Low,Delayed,6
823,Basic,Churned,10,20.00,53,Low,Low,Medium,Delayed,5
824,Pro,Churned,10,77.00,107,Low,Medium,Low,Missed,7
825,Basic,Active,1,27.00,14,Medium,High,Low,On-Time,8
826,Pro,Churned,12,71.00,150,Low,Low,Low,Missed,4
827,Pro,Churned,12,62.00,204,Low,Low,Medium,Delayed,5
828,Pro,Churned,13,51.00,270,Low,Low,Low,Delayed,3
829,Basic,Active,1,26.00,3,High,Medium,Low,On-Time,7
830,Pro,Active,2,75.00,14,Medium,Medium,Low,On-Time,7
831,Pro,"At Risk",5,66.00,31,High,High,Medium,Delayed,7
832,Pro,Active,3,63.00,36,Medium,High,Low,On-Time,9
833,Pro,"At Risk",8,59.00,86,Medium,Medium,High,On-Time,5
834,Basic,"At Risk",5,16.00,32,High,High,Medium,Delayed,9
835,Pro,"At Risk",7,52.00,99,Medium,Medium,Low,On-Time,4
836,Basic,Active,4,23.00,43,Medium,High,Medium,On-Time,8
837,Enterprise,Active,2,220.00,26,Medium,High,Low,On-Time,7
838,Pro,Active,3,46.00,15,Medium,High,Medium,On-Time,9
839,Pro,Active,0,54.00,4,High,High,Low,On-Time,7
840,Basic,Active,0,15.00,0,High,High,Low,On-Time,10
841,Basic,Active,1,11.00,8,High,High,Medium,On-Time,8
842,Basic,Active,4,18.00,16,High,Medium,Low,Delayed,7
843,Enterprise,Active,4,265.00,44,High,Medium,Medium,On-Time,8
844,Enterprise,Active,2,199.00,9,High,Medium,Medium,On-Time,7
845,Basic,Active,3,10.00,44,High,High,Medium,On-Time,10
846,Basic,"At Risk",8,20.00,96,Low,Low,Low,On-Time,7
847,Basic,"At Risk",5,13.00,25,High,High,High,Delayed,10
848,Basic,Active,2,22.00,20,Medium,High,Low,On-Time,10
849,Pro,Active,4,46.00,39,Medium,High,Medium,On-Time,10
850,Basic,Active,4,25.00,37,Medium,High,Medium,On-Time,8
851,Pro,"At Risk",7,52.00,59,Medium,Medium,Low,Delayed,4
852,Basic,Active,4,17.00,43,High,Medium,Medium,On-Time,8
853,Basic,"At Risk",7,15.00,90,Medium,Medium,Medium,On-Time,5
854,Basic,Active,4,20.00,43,High,High,High,On-Time,9
855,Pro,Active,1,53.00,10,High,Medium,Low,On-Time,10
856,Pro,Active,1,40.00,26,High,High,Low,On-Time,7
857,Basic,Active,3,28.00,36,High,Medium,Low,On-Time,10
858,Pro,Churned,13,49.00,118,Low,Low,Medium,Missed,4
859,Basic,Active,1,17.00,11,High,High,Medium,On-Time,7
860,Enterprise,"At Risk",6,264.00,37,Medium,Medium,Low,Delayed,7
861,Basic,Churned,9,20.00,116,Low,Low,Low,On-Time,5
862,Pro,Active,0,72.00,1,High,High,Low,On-Time,9
863,Basic,Active,4,23.00,31,Medium,High,Medium,On-Time,9
864,Basic,Active,4,27.00,17,Medium,High,High,On-Time,8
865,Basic,Active,1,24.00,23,High,High,Low,On-Time,9
866,Basic,Churned,15,23.00,142,Low,Low,Medium,Missed,1
867,Basic,"At Risk",8,29.00,49,Low,Low,Medium,On-Time,5
868,Pro,Active,3,52.00,39,High,Medium,Low,On-Time,10
869,Basic,Active,2,26.00,6,High,Medium,Medium,On-Time,10
870,Pro,Churned,10,75.00,63,Medium,Low,Medium,Missed,7
871,Pro,Active,1,77.00,27,High,High,Low,On-Time,9
872,Pro,Active,2,44.00,8,High,High,High,On-Time,8
873,Basic,Active,2,22.00,12,Medium,High,Medium,On-Time,7
874,Pro,Active,4,54.00,35,Medium,Medium,Low,On-Time,10
875,Pro,"At Risk",6,70.00,42,Medium,Medium,High,On-Time,9
876,Basic,"At Risk",7,22.00,81,Low,Low,Low,On-Time,7
877,Basic,Active,1,18.00,6,High,High,Medium,On-Time,9
878,Basic,Active,3,27.00,20,High,Medium,Medium,On-Time,10
879,Basic,"At Risk",6,17.00,83,Medium,Medium,Medium,On-Time,7
880,Pro,Churned,11,41.00,72,Low,Low,Medium,Delayed,6
881,Basic,"At Risk",6,29.00,58,Low,Medium,Low,On-Time,5
882,Basic,Active,3,17.00,21,High,High,Low,Delayed,9
883,Basic,"At Risk",5,14.00,33,High,High,Medium,Delayed,9
884,Enterprise,"At Risk",6,226.00,34,High,Medium,Medium,Delayed,7
885,Basic,"At Risk",7,23.00,35,High,Medium,High,Delayed,10
886,Pro,Active,3,44.00,37,High,High,Medium,On-Time,9
887,Basic,Active,3,23.00,4,High,Medium,Low,Delayed,7
888,Pro,Active,3,60.00,27,Medium,Medium,Low,On-Time,8
889,Pro,Churned,12,64.00,60,Low,Low,Medium,Missed,4
890,Enterprise,"At Risk",6,162.00,28,Medium,High,High,Delayed,7
891,Pro,Churned,9,51.00,81,Medium,Low,Medium,Delayed,7
892,Basic,"At Risk",8,14.00,47,Medium,Low,Low,Delayed,4
893,Enterprise,Active,4,160.00,33,High,High,High,On-Time,9
894,Basic,Active,3,16.00,31,High,Medium,Low,On-Time,7
895,Basic,Active,0,16.00,14,High,High,Low,On-Time,10
896,Pro,Active,3,69.00,33,High,High,Medium,On-Time,7
897,Pro,Active,3,59.00,20,Medium,Medium,Low,On-Time,10
898,Pro,Active,2,52.00,14,High,Medium,Medium,On-Time,10
899,Basic,Churned,14,22.00,189,Low,Low,Low,Missed,1
900,Basic,Active,3,20.00,44,High,Medium,Low,On-Time,10
901,Pro,Active,0,56.00,4,High,High,Low,On-Time,9
902,Basic,Churned,13,14.00,209,Low,Low,Medium,Missed,4
903,Basic,Churned,9,14.00,51,Medium,Low,Low,Missed,6
904,Basic,Churned,14,27.00,257,Low,Low,Low,Missed,3
905,Basic,Active,1,20.00,24,High,High,Low,On-Time,8
906,Pro,Churned,9,60.00,110,Low,Low,Low,On-Time,5
907,Enterprise,Active,3,262.00,13,High,High,Medium,Delayed,9
908,Pro,Active,3,76.00,5,Medium,High,Low,Delayed,7
909,Basic,Active,1,27.00,7,Medium,High,Low,On-Time,9
910,Pro,"At Risk",5,60.00,42,Medium,Medium,Medium,On-Time,8
911,Pro,Churned,14,74.00,144,Low,Low,Low,Missed,3
912,Basic,Active,3,17.00,0,High,Medium,High,On-Time,9
913,Pro,"At Risk",6,45.00,40,Medium,High,Medium,Delayed,9
914,Basic,Active,2,12.00,25,High,Medium,Low,On-Time,7
915,Pro,Churned,11,68.00,84,Low,Low,Low,Missed,4
916,Basic,Active,4,17.00,22,Medium,High,High,On-Time,8
917,Pro,Churned,13,42.00,241,Low,Low,Medium,Missed,5
918,Basic,"At Risk",5,12.00,38,High,High,Medium,Delayed,7
919,Basic,Active,2,11.00,22,High,High,Medium,On-Time,10
920,Basic,Active,3,15.00,38,High,Medium,Low,On-Time,10
921,Basic,Active,2,18.00,12,Medium,Medium,Low,On-Time,8
922,Pro,Active,4,53.00,27,High,Medium,Low,Delayed,8
923,Pro,Active,3,54.00,22,High,Medium,Medium,On-Time,9
924,Pro,Active,2,64.00,12,High,High,High,On-Time,8
925,Basic,Active,3,18.00,43,High,Medium,Low,On-Time,10
926,Pro,Active,3,61.00,29,Medium,High,Medium,On-Time,9
927,Basic,Active,3,15.00,8,Medium,High,High,On-Time,10
928,Basic,Active,1,14.00,24,High,High,Low,On-Time,7
929,Basic,Active,1,27.00,9,High,Medium,Low,On-Time,9
930,Basic,Active,3,10.00,43,High,Medium,Low,On-Time,10
931,Pro,Active,3,58.00,18,Medium,Medium,Low,On-Time,10
932,Basic,Active,2,25.00,8,Medium,High,Medium,On-Time,8
933,Pro,Churned,14,51.00,241,Low,Low,Low,Missed,2
934,Basic,"At Risk",8,19.00,57,Medium,Low,Low,Delayed,4
935,Pro,"At Risk",7,52.00,55,Low,Low,Medium,On-Time,7
936,Basic,Active,3,17.00,26,High,Medium,Medium,On-Time,8
937,Pro,Churned,10,40.00,83,Low,Low,High,On-Time,6
938,Basic,"At Risk",5,29.00,42,Medium,High,High,On-Time,10
939,Basic,Churned,15,13.00,299,Low,Low,High,Delayed,1
940,Basic,Churned,11,15.00,65,Low,Low,Low,Missed,5
941,Pro,Churned,10,40.00,108,Low,Medium,Low,Delayed,6
942,Pro,Active,1,68.00,2,High,Medium,Low,On-Time,10
943,Pro,Active,0,62.00,4,High,High,Low,On-Time,8
944,Basic,Churned,13,23.00,186,Low,Low,Low,Delayed,2
945,Basic,Churned,12,26.00,117,Low,Low,Medium,Delayed,6
946,Basic,Churned,15,28.00,271,Low,Low,Medium,Missed,1
947,Basic,Active,2,23.00,22,High,Medium,Low,On-Time,8
948,Basic,Churned,12,15.00,104,Medium,Low,Medium,Missed,5
949,Basic,Churned,14,21.00,207,Low,Low,Low,Missed,2
950,Pro,Active,3,46.00,40,High,Medium,Low,On-Time,8
951,Basic,Active,2,18.00,13,Medium,Medium,Low,On-Time,7
952,Basic,Churned,12,23.00,59,Low,Low,High,Missed,6
953,Pro,Churned,15,57.00,277,Low,Low,High,Delayed,1
954,Pro,Active,3,56.00,34,Medium,High,Low,On-Time,9
955,Pro,"At Risk",6,56.00,16,High,Medium,High,Delayed,10
956,Pro,Active,2,43.00,44,High,High,Low,On-Time,7
957,Basic,Churned,15,22.00,181,Low,Low,Medium,Missed,1
958,Pro,Active,4,53.00,30,High,High,Medium,Delayed,8
959,Basic,"At Risk",5,17.00,41,Medium,Medium,Medium,On-Time,10
960,Pro,Active,2,54.00,19,Medium,High,Low,On-Time,9
961,Basic,Active,3,24.00,32,Medium,High,Low,On-Time,8
962,Basic,Churned,9,14.00,52,Medium,Low,Low,Missed,5
963,Basic,Churned,9,11.00,107,Medium,Low,Medium,On-Time,6
964,Basic,"At Risk",8,17.00,79,Low,Low,Medium,On-Time,7
965,Basic,Active,3,28.00,43,High,High,Medium,On-Time,10
966,Pro,Active,3,41.00,6,Medium,High,Low,Delayed,7
967,Basic,Churned,11,18.00,99,Low,Low,High,On-Time,6
968,Pro,"At Risk",6,48.00,19,Medium,High,High,Delayed,9
969,Pro,Active,3,63.00,33,High,Medium,Low,On-Time,9
970,Basic,Churned,10,26.00,70,Low,Low,Low,Delayed,5
971,Enterprise,Active,3,185.00,28,Medium,High,Medium,On-Time,9
972,Basic,Active,2,20.00,6,Medium,Medium,Low,On-Time,10
973,Basic,Active,3,20.00,37,High,Medium,Low,On-Time,7
974,Enterprise,Active,1,262.00,24,High,High,Low,On-Time,8
975,Basic,Active,3,24.00,13,Medium,Medium,Medium,On-Time,9
976,Basic,Active,2,14.00,8,Medium,Medium,Low,On-Time,7
977,Basic,Churned,14,25.00,223,Low,Low,Low,Missed,3
978,Pro,"At Risk",5,44.00,32,Medium,Medium,Medium,On-Time,7
979,Pro,Active,3,70.00,13,High,Medium,High,On-Time,9
980,Enterprise,Churned,11,297.00,96,Low,Low,Medium,Delayed,7
981,Basic,Active,0,20.00,10,High,High,Low,On-Time,10
982,Enterprise,Churned,12,277.00,215,Low,Low,Low,Missed,4
983,Basic,Active,1,28.00,14,High,Medium,Low,On-Time,8
984,Pro,Active,3,63.00,27,Medium,High,Medium,On-Time,7
985,Basic,Active,3,18.00,19,Medium,Medium,Low,On-Time,10
986,Basic,Active,3,21.00,15,High,Medium,Medium,On-Time,8
987,Pro,"At Risk",5,46.00,43,Medium,Medium,Medium,On-Time,10
988,Pro,Active,3,60.00,39,High,Medium,Low,On-Time,7
989,Pro,Churned,9,53.00,86,Medium,Low,Medium,Delayed,7
990,Pro,Churned,14,41.00,246,Low,Low,Medium,Delayed,1
991,Basic,Active,2,16.00,9,High,Medium,Medium,On-Time,7
992,Pro,"At Risk",5,48.00,38,Medium,High,High,On-Time,8
993,Basic,Active,3,14.00,32,Medium,High,Low,On-Time,8
994,Basic,Active,1,17.00,10,High,Medium,Low,On-Time,10
995,Enterprise,"At Risk",7,152.00,68,Medium,Low,Low,On-Time,6
996,Basic,Active,3,10.00,35,Medium,High,Low,On-Time,8
997,Pro,Churned,10,56.00,110,Low,Medium,Low,Delayed,4
998,Basic,Active,3,10.00,19,High,High,High,On-Time,8
999,Basic,Active,1,27.00,4,Medium,High,Low,On-Time,7
1000,Basic,Active,2,29.00,27,High,Medium,Low,On-Time,10
1001,Basic,Active,3,11.00,26,High,Medium,Medium,On-Time,10
1002,Basic,Active,3,23.00,25,High,Medium,Medium,On-Time,7
1003,Basic,Active,3,24.00,14,Medium,Medium,Medium,On-Time,8
1004,Basic,Churned,10,10.00,54,Low,Low,Low,Missed,5
1005,Pro,Churned,12,46.00,111,Low,Low,Low,Missed,5
1006,Basic,Active,3,15.00,31,High,Medium,Low,On-Time,10
1007,Pro,Active,3,41.00,27,High,High,High,On-Time,9
1008,Basic,"At Risk",6,18.00,39,Medium,Medium,High,On-Time,9
1009,Basic,Churned,12,11.00,137,Low,Low,Low,Missed,5
1010,Basic,Active,2,13.00,18,High,High,Medium,On-Time,9
1011,Enterprise,Active,1,264.00,5,High,High,Medium,On-Time,10
1012,Basic,"At Risk",6,13.00,37,Medium,Medium,Low,Delayed,9
1013,Basic,Active,2,19.00,3,High,Medium,Medium,On-Time,7
1014,Enterprise,Active,2,223.00,19,High,Medium,Low,On-Time,7
1015,Basic,Active,4,18.00,36,Medium,Medium,Low,On-Time,9
1016,Pro,Active,4,78.00,26,Medium,High,High,On-Time,8
1017,Basic,Active,3,12.00,6,High,High,Medium,Delayed,9
1018,Pro,Churned,11,45.00,108,Low,Medium,Medium,Missed,7
1019,Basic,Churned,10,19.00,94,Medium,Medium,Medium,Delayed,5
1020,Basic,Active,2,29.00,15,Medium,High,Low,On-Time,9
1021,Pro,Active,2,44.00,37,High,High,Low,On-Time,9
1022,Basic,Active,4,20.00,2,Medium,Medium,High,On-Time,10
1023,Enterprise,Active,3,139.00,38,High,Medium,Low,On-Time,7
1024,Pro,Active,1,40.00,24,High,High,Low,On-Time,9
1025,Basic,Active,4,19.00,26,Medium,High,Low,Delayed,10
1026,Basic,Active,2,22.00,17,High,Medium,Low,On-Time,8
1027,Pro,Active,1,43.00,18,High,High,Low,On-Time,10
1028,Basic,Active,4,11.00,41,High,Medium,Medium,On-Time,9
1029,Basic,Active,4,10.00,34,Medium,Medium,Low,On-Time,9
1030,Basic,Active,4,13.00,37,High,Medium,Medium,On-Time,9
1031,Pro,Churned,10,77.00,71,Low,Low,Low,Delayed,5
1032,Basic,"At Risk",7,29.00,117,Medium,Low,Low,On-Time,7
1033,Basic,Churned,12,11.00,259,Low,Low,Low,Missed,4
1034,Basic,Active,3,22.00,14,Medium,Medium,Medium,On-Time,7
1035,Basic,Active,3,10.00,42,High,High,Medium,On-Time,9
1036,Basic,Churned,10,13.00,76,Medium,Low,Medium,Missed,7
1037,Enterprise,Active,3,226.00,7,Medium,Medium,Medium,On-Time,7
1038,Pro,Active,3,70.00,39,High,Medium,Low,On-Time,8
1039,Enterprise,Active,4,267.00,16,Medium,Medium,Medium,On-Time,9
1040,Basic,Active,2,19.00,7,High,Medium,Medium,On-Time,7
1041,Basic,Active,1,21.00,21,High,High,Low,On-Time,10
1042,Basic,"At Risk",5,12.00,8,Medium,Medium,Medium,Delayed,7
1043,Pro,Active,0,67.00,7,High,High,Low,On-Time,7
1044,Enterprise,Active,1,158.00,3,Medium,High,Low,On-Time,9
1045,Pro,Active,4,54.00,24,Medium,High,Low,Delayed,9
1046,Pro,"At Risk",8,64.00,75,Medium,Medium,Low,Delayed,6
1047,Pro,Active,4,74.00,43,Medium,High,Medium,On-Time,10
1048,Pro,Churned,11,56.00,261,Low,Low,Low,Delayed,5
1049,Basic,Active,1,13.00,2,High,Medium,Low,On-Time,7
1050,Pro,Active,3,69.00,24,High,High,High,On-Time,8
1051,Pro,Active,3,69.00,14,High,Medium,High,On-Time,8
1052,Basic,Active,3,21.00,9,High,Medium,High,On-Time,8
1053,Basic,Active,3,26.00,41,High,Medium,Low,On-Time,7
1054,Basic,Churned,11,27.00,103,Medium,Low,Medium,Delayed,6
1055,Pro,Active,4,49.00,43,High,High,Low,Delayed,8
1056,Enterprise,Active,2,239.00,31,High,High,Low,On-Time,10
1057,Basic,"At Risk",5,24.00,35,Medium,Medium,Medium,On-Time,10
1058,Pro,Active,4,46.00,41,High,Medium,Medium,On-Time,9
1059,Pro,Active,4,66.00,32,High,Medium,Medium,On-Time,8
1060,Basic,Active,3,18.00,32,High,High,Medium,On-Time,10
1061,Basic,Active,3,23.00,22,High,Medium,Medium,On-Time,7
1062,Basic,Active,3,16.00,28,Medium,High,Medium,On-Time,9
1063,Basic,"At Risk",6,26.00,24,Medium,High,High,Delayed,7
1064,Basic,Active,3,28.00,10,High,High,Medium,Delayed,8
1065,Basic,Active,2,21.00,27,Medium,High,Low,On-Time,8
1066,Basic,Active,1,16.00,14,High,Medium,Low,On-Time,10
1067,Pro,Active,4,64.00,22,Medium,High,Low,Delayed,8
1068,Basic,Active,1,18.00,18,High,High,Low,On-Time,8
1069,Pro,Active,2,43.00,20,High,High,Medium,On-Time,9
1070,Basic,Churned,11,23.00,295,Low,Low,Low,Delayed,4
1071,Basic,"At Risk",5,20.00,34,High,High,Medium,Delayed,10
1072,Basic,Active,2,12.00,9,High,Medium,Medium,On-Time,9
1073,Basic,Active,3,27.00,22,Medium,Medium,Low,On-Time,10
1074,Basic,Churned,12,14.00,97,Low,Low,Low,Missed,5
1075,Pro,Active,1,56.00,20,High,High,Low,On-Time,7
1076,Pro,Active,3,67.00,26,Medium,Medium,Low,On-Time,9
1077,Pro,Churned,11,62.00,94,Low,Low,Low,Delayed,4
1078,Pro,"At Risk",5,77.00,44,Medium,Medium,Medium,On-Time,7
1079,Basic,Churned,14,28.00,227,Low,Low,Medium,Delayed,1
1080,Basic,Churned,13,11.00,178,Low,Low,Low,Delayed,2
1081,Basic,Active,3,25.00,38,High,Medium,Low,On-Time,7
1082,Basic,Active,1,24.00,4,High,High,Medium,On-Time,10
1083,Basic,Active,2,26.00,13,Medium,High,Medium,On-Time,10
1084,Basic,Churned,12,23.00,142,Low,Low,Medium,Delayed,4
1085,Pro,Active,2,50.00,20,Medium,High,Low,On-Time,8
1086,Basic,"At Risk",6,25.00,20,High,Medium,High,Delayed,8
1087,Basic,Active,2,10.00,18,High,High,Medium,On-Time,7
1088,Basic,Active,2,13.00,41,High,High,Low,On-Time,9
1089,Pro,Churned,12,74.00,102,Low,Low,Low,Missed,5
1090,Basic,Active,2,12.00,21,High,Medium,Low,On-Time,7
1091,Pro,Active,2,53.00,43,High,High,Low,On-Time,10
1092,Pro,"At Risk",8,53.00,68,Medium,Medium,Medium,Delayed,7
1093,Pro,Active,2,45.00,2,Medium,Medium,Low,On-Time,10
1094,Pro,Churned,9,58.00,75,Low,Medium,High,On-Time,4
1095,Pro,Active,1,48.00,14,High,Medium,Low,On-Time,7
1096,Basic,Active,4,14.00,18,High,Medium,High,On-Time,8
1097,Enterprise,Active,2,208.00,4,Medium,High,Medium,On-Time,7
1098,Basic,Active,0,16.00,13,High,High,Low,On-Time,9
1099,Pro,Churned,10,69.00,60,Low,Low,Low,Delayed,4
1100,Pro,Churned,12,52.00,98,Low,Medium,Medium,Missed,6
1101,Enterprise,Churned,12,187.00,257,Low,Low,Low,Missed,5
1102,Basic,Active,3,19.00,32,High,Medium,Low,On-Time,9
1103,Enterprise,Active,2,248.00,10,High,High,High,On-Time,10
1104,Pro,Active,4,47.00,16,Medium,High,High,On-Time,8
1105,Basic,Active,1,22.00,3,High,High,Medium,On-Time,10
1106,Basic,Churned,9,19.00,53,Medium,Low,Medium,Delayed,4
1107,Basic,Active,4,14.00,42,Medium,Medium,Low,On-Time,7
1108,Pro,Active,2,60.00,22,High,Medium,Low,On-Time,9
1109,Pro,Churned,10,55.00,102,Medium,Medium,Medium,Delayed,5
1110,Pro,Churned,10,60.00,104,Low,Low,Low,Delayed,7
1111,Pro,Active,2,73.00,5,Medium,Medium,Low,On-Time,8
1112,Basic,Active,1,10.00,5,High,High,Medium,On-Time,10
1113,Basic,Active,3,14.00,18,Medium,Medium,Low,On-Time,10
1114,Basic,Active,3,29.00,12,Medium,Medium,Medium,On-Time,7
1115,Pro,Active,4,73.00,18,Medium,High,Low,Delayed,7
1116,Basic,Active,2,27.00,13,Medium,Medium,Low,On-Time,7
1117,Pro,Churned,13,74.00,115,Low,Low,Medium,Missed,5
1118,Pro,"At Risk",6,61.00,33,High,Medium,Medium,Delayed,9
1119,Basic,Active,2,17.00,18,High,Medium,Low,On-Time,9
1120,Pro,Active,4,49.00,17,Medium,High,High,On-Time,10
1121,Pro,Churned,10,54.00,83,Low,Low,Low,Missed,7
1122,Enterprise,"At Risk",5,210.00,39,High,Medium,Low,Delayed,10
1123,Basic,Active,4,17.00,31,High,Medium,Medium,On-Time,9
1124,Enterprise,Active,2,149.00,27,High,Medium,Low,On-Time,7
1125,Pro,"At Risk",7,73.00,54,Low,Low,Medium,On-Time,7
1126,Basic,Churned,9,18.00,55,Medium,Low,Medium,Delayed,6
1127,Basic,Churned,13,20.00,155,Low,Low,Medium,Missed,4
1128,Basic,Active,3,27.00,14,High,Medium,High,On-Time,10
1129,Basic,Churned,12,29.00,110,Medium,Low,High,Delayed,4
1130,Basic,Active,3,18.00,8,High,Medium,High,On-Time,10
1131,Pro,Churned,11,51.00,82,Low,Low,Medium,Delayed,4
1132,Basic,Active,1,15.00,20,High,High,Low,On-Time,10
1133,Basic,Active,4,12.00,40,Medium,Medium,Low,On-Time,8
1134,Basic,Active,2,17.00,21,High,Medium,Low,On-Time,10
1135,Pro,Active,0,48.00,0,High,High,Low,On-Time,8
1136,Basic,Active,3,24.00,25,Medium,High,Medium,On-Time,8
1137,Pro,"At Risk",5,61.00,44,Medium,Medium,Medium,On-Time,8
1138,Basic,"At Risk",6,18.00,38,Medium,Medium,Low,Delayed,9
1139,Enterprise,Active,4,257.00,31,High,High,High,On-Time,7
1140,Enterprise,Active,1,177.00,14,High,High,Medium,On-Time,10
1141,Enterprise,Active,2,142.00,7,Medium,Medium,Low,On-Time,9
1142,Basic,Active,3,21.00,13,High,Medium,Low,Delayed,7
1143,Basic,Churned,9,23.00,83,Low,Medium,Low,Delayed,4
1144,Pro,Active,2,68.00,25,Medium,High,Low,On-Time,10
1145,Pro,Active,3,73.00,25,High,High,High,On-Time,9
1146,Pro,Churned,11,60.00,61,Low,Medium,Medium,Missed,6
1147,Basic,Active,2,27.00,25,High,Medium,Low,On-Time,10
1148,Pro,Active,2,55.00,30,Medium,High,Low,On-Time,7
1149,Pro,"At Risk",5,67.00,33,Medium,Medium,Medium,On-Time,7
1150,Basic,Churned,15,14.00,229,Low,Low,High,Delayed,1
1151,Basic,Active,3,21.00,7,Medium,High,Low,Delayed,10
1152,Enterprise,Active,3,146.00,23,High,Medium,Medium,On-Time,8
1153,Basic,Active,4,15.00,21,Medium,High,High,On-Time,7
1154,Basic,Active,2,22.00,25,High,High,Medium,On-Time,7
1155,Pro,Active,4,67.00,19,Medium,High,High,On-Time,7
1156,Pro,Active,2,64.00,11,High,High,Low,Delayed,8
1157,Basic,Churned,9,20.00,61,Medium,Low,Medium,Delayed,7
1158,Enterprise,Active,2,165.00,40,High,High,Low,On-Time,8
1159,Basic,Active,4,19.00,42,Medium,High,Medium,On-Time,10
1160,Pro,Active,2,50.00,28,High,Medium,Low,On-Time,10
1161,Pro,Churned,11,64.00,81,Low,Low,Medium,Delayed,4
1162,Pro,Active,1,49.00,3,Medium,High,Low,On-Time,7
1163,Pro,Active,2,61.00,0,High,Medium,Medium,On-Time,10
1164,Basic,Active,3,24.00,16,High,Medium,Medium,On-Time,8
1165,Enterprise,Active,4,171.00,24,High,Medium,High,On-Time,10
1166,Basic,Active,3,15.00,20,High,Medium,Medium,On-Time,10
1167,Basic,Active,3,20.00,34,High,High,Medium,On-Time,10
1168,Pro,Active,3,64.00,19,High,Medium,Medium,On-Time,9
1169,Basic,Churned,9,28.00,61,Low,Medium,Low,Delayed,4
1170,Pro,Churned,12,76.00,108,Low,Low,Medium,Missed,7
1171,Pro,Active,2,73.00,16,High,High,Medium,On-Time,7
1172,Basic,Churned,14,16.00,280,Low,Low,Low,Missed,1
1173,Basic,"At Risk",5,28.00,25,Medium,Medium,High,On-Time,8
1174,Enterprise,Active,4,275.00,23,High,Medium,Low,Delayed,10
1175,Basic,Churned,9,16.00,68,Medium,Low,Low,Delayed,4
1176,Pro,Active,3,79.00,19,Medium,Medium,Low,On-Time,7
1177,Basic,Active,2,26.00,29,High,Medium,Low,On-Time,9
1178,Pro,Active,0,56.00,7,High,High,Low,On-Time,8
1179,Pro,Active,2,65.00,20,High,Medium,Low,On-Time,8
1180,Pro,"At Risk",8,49.00,87,Low,Low,Low,On-Time,6
1181,Basic,Active,4,28.00,40,Medium,High,Medium,On-Time,8
1182,Pro,Active,4,66.00,1,Medium,Medium,Low,Delayed,9
1183,Basic,"At Risk",6,15.00,31,High,Medium,Medium,Delayed,8
1184,Basic,Active,1,13.00,6,High,Medium,Low,On-Time,10
1185,Basic,Active,3,22.00,0,High,Medium,High,On-Time,9
1186,Pro,Active,3,73.00,9,Medium,High,High,On-Time,9
1187,Basic,Active,4,25.00,37,High,High,Low,Delayed,8
1188,Basic,Active,2,22.00,6,High,Medium,Medium,On-Time,10
1189,Basic,Churned,12,19.00,115,Low,Low,Medium,Delayed,6
1190,Basic,Active,1,25.00,12,High,Medium,Low,On-Time,8
1191,Pro,Active,0,79.00,7,High,High,Low,On-Time,10
1192,Pro,Churned,10,66.00,63,Medium,Medium,Medium,Missed,5
1193,Enterprise,Active,2,199.00,18,High,Medium,Low,On-Time,9
1194,Basic,Active,3,25.00,26,High,High,High,On-Time,9
1195,Basic,Active,4,17.00,28,High,Medium,High,On-Time,10
1196,Pro,Active,3,41.00,36,High,Medium,Low,On-Time,9
1197,Pro,Churned,13,62.00,114,Low,Low,Medium,Missed,5
1198,Basic,Churned,13,24.00,114,Low,Low,Medium,Missed,4
1199,Pro,"At Risk",5,61.00,44,High,Medium,High,On-Time,8
1200,Basic,Churned,13,16.00,118,Low,Low,Medium,Missed,4
1201,Basic,Active,4,21.00,35,High,Medium,Medium,On-Time,9
1202,Basic,Active,3,17.00,19,Medium,High,Medium,On-Time,8
1203,Pro,Active,4,44.00,37,Medium,Medium,Low,On-Time,9
1204,Basic,Churned,11,17.00,82,Medium,Low,High,Delayed,5
1205,Pro,Active,4,63.00,32,Medium,Medium,Low,On-Time,7
1206,Basic,Active,1,22.00,0,Medium,High,Low,On-Time,8
1207,Basic,Churned,10,10.00,87,Low,Low,Low,Delayed,4
1208,Basic,Active,1,14.00,3,High,Medium,Low,On-Time,7
1209,Basic,Active,2,14.00,2,High,Medium,Medium,On-Time,9
1210,Pro,Churned,14,67.00,281,Low,Low,Low,Missed,2
1211,Basic,Active,1,29.00,12,High,Medium,Low,On-Time,10
1212,Pro,Active,2,62.00,33,High,High,Low,On-Time,7
1213,Enterprise,Churned,11,185.00,264,Low,Low,Low,Delayed,5
1214,Basic,Active,3,12.00,33,Medium,High,Low,On-Time,10
1215,Pro,Active,3,50.00,24,High,High,High,On-Time,7
1216,Pro,Active,2,53.00,9,Medium,High,Medium,On-Time,7
1217,Basic,Active,3,14.00,39,High,Medium,Low,On-Time,7
1218,Pro,"At Risk",6,59.00,35,Medium,Medium,Low,Delayed,10
1219,Basic,Churned,14,10.00,208,Low,Low,High,Missed,4
1220,Basic,Active,2,24.00,44,High,High,Low,On-Time,8
1221,Basic,Churned,13,16.00,249,Low,Low,Low,Delayed,2
1222,Pro,Churned,13,71.00,195,Low,Low,High,Delayed,5
1223,Basic,Active,2,11.00,17,Medium,High,Low,On-Time,8
1224,Pro,Active,3,60.00,15,High,Medium,Medium,On-Time,10
1225,Basic,Active,0,27.00,11,High,High,Low,On-Time,7
1226,Basic,"At Risk",5,12.00,34,High,Medium,High,On-Time,7
1227,Pro,Active,1,67.00,17,High,High,Low,On-Time,9
1228,Basic,Active,4,20.00,25,High,Medium,High,On-Time,8
1229,Basic,Active,2,25.00,17,High,High,Medium,On-Time,9
1230,Basic,Active,2,20.00,28,High,Medium,Low,On-Time,10
1231,Enterprise,Active,3,197.00,2,Medium,Medium,Medium,On-Time,8
1232,Basic,"At Risk",5,23.00,32,Medium,High,High,On-Time,9
1233,Pro,Active,0,67.00,9,High,High,Low,On-Time,9
1234,Basic,Churned,16,13.00,244,Low,Low,High,Missed,2
1235,Basic,Churned,10,15.00,71,Low,Low,Low,Delayed,6
1236,Basic,Active,3,29.00,42,Medium,High,Low,On-Time,10
1237,Enterprise,Active,1,153.00,5,Medium,High,Low,On-Time,8
1238,Basic,Active,4,11.00,44,High,High,High,On-Time,9
1239,Pro,"At Risk",5,72.00,39,Medium,High,High,On-Time,9
1240,Basic,Churned,16,29.00,268,Low,Low,High,Missed,1
1241,Basic,Active,1,20.00,3,Medium,High,Low,On-Time,10
1242,Enterprise,Churned,15,213.00,264,Low,Low,High,Delayed,3
1243,Pro,Churned,10,59.00,61,Low,Low,Low,Delayed,4
1244,Basic,Churned,12,18.00,96,Low,Low,Low,Missed,5
1245,Pro,Active,2,52.00,16,Medium,High,Low,On-Time,10
1246,Basic,"At Risk",5,26.00,40,High,Medium,High,On-Time,7
1247,Pro,Churned,14,50.00,250,Low,Low,Medium,Delayed,2
1248,Basic,Active,0,19.00,11,High,High,Low,On-Time,7
1249,Pro,Churned,9,64.00,81,Medium,Low,Medium,Delayed,7
1250,Enterprise,Active,2,144.00,2,Medium,Medium,Low,On-Time,9
1251,Pro,Active,4,61.00,32,Medium,Medium,Low,On-Time,8
1252,Basic,Active,3,22.00,35,High,Medium,Low,On-Time,7
1253,Pro,Churned,14,71.00,193,Low,Low,Low,Missed,2
1254,Basic,Churned,9,16.00,78,Medium,Low,Low,Delayed,4
1255,Basic,Active,3,20.00,15,High,Medium,Medium,On-Time,9
1256,Pro,Active,3,67.00,24,Medium,Medium,Low,On-Time,9
1257,Pro,Active,3,51.00,33,High,High,Medium,On-Time,8
1258,Basic,Active,4,26.00,17,Medium,Medium,Medium,On-Time,8
1259,Enterprise,"At Risk",7,193.00,40,Medium,Medium,Medium,Delayed,9
1260,Pro,Active,1,53.00,24,High,High,Low,On-Time,8
1261,Pro,Active,0,58.00,14,High,High,Low,On-Time,8
1262,Basic,Active,4,27.00,41,Medium,Medium,Low,On-Time,9
1263,Basic,Active,1,29.00,8,High,Medium,Low,On-Time,8
1264,Basic,Active,3,15.00,34,High,High,Medium,On-Time,8
1265,Enterprise,"At Risk",5,192.00,0,Medium,Medium,Medium,Delayed,9
1266,Pro,Active,1,56.00,30,High,High,Low,On-Time,10
1267,Pro,"At Risk",6,67.00,41,High,Medium,Medium,Delayed,7
1268,Basic,Active,2,26.00,33,High,High,Low,On-Time,10
1269,Basic,Active,2,27.00,18,Medium,High,Low,On-Time,10
1270,Basic,Active,3,26.00,20,High,Medium,Medium,On-Time,10
1271,Basic,Active,2,12.00,6,High,Medium,Medium,On-Time,8
1272,Enterprise,Active,2,153.00,25,Medium,High,Low,On-Time,10
1273,Pro,Churned,14,56.00,197,Low,Low,Medium,Delayed,1
1274,Pro,Churned,10,63.00,79,Medium,Low,Medium,Delayed,4
1275,Basic,Active,3,27.00,16,Medium,Medium,Low,On-Time,8
1276,Basic,"At Risk",5,15.00,36,Medium,High,High,On-Time,10
1277,Basic,Active,2,16.00,40,High,High,Low,On-Time,9
1278,Basic,Churned,14,25.00,265,Low,Low,Low,Missed,1
1279,Enterprise,Churned,12,269.00,91,Low,Medium,Medium,Missed,5
1280,Basic,Churned,9,25.00,73,Medium,Medium,High,Delayed,7
1281,Basic,Churned,12,10.00,167,Low,Low,Low,Missed,5
1282,Basic,Active,4,27.00,17,High,High,Medium,Delayed,10
1283,Enterprise,Churned,9,208.00,110,Medium,Medium,Low,Delayed,6
1284,Basic,Active,2,11.00,43,High,High,Low,On-Time,10
1285,Basic,Active,1,28.00,8,High,Medium,Low,On-Time,9
1286,Pro,"At Risk",8,77.00,88,Low,Low,Medium,On-Time,7
1287,Basic,Churned,14,29.00,240,Low,Low,Low,Missed,2
1288,Basic,Churned,11,29.00,194,Low,Low,Low,Delayed,5
1289,Pro,Active,4,47.00,44,Medium,Medium,Low,On-Time,10
1290,Basic,Active,3,16.00,41,Medium,High,Low,On-Time,9
1291,Pro,"At Risk",8,71.00,53,Low,Medium,Low,Missed,7
1292,Basic,Active,2,10.00,0,Medium,Medium,Low,On-Time,10
1293,Pro,"At Risk",5,63.00,39,High,Medium,High,On-Time,9
1294,Basic,Active,2,13.00,14,Medium,High,Medium,On-Time,7
1295,Basic,Active,1,15.00,9,High,Medium,Low,On-Time,7
1296,Basic,Active,0,20.00,2,High,High,Low,On-Time,9
1297,Basic,Active,1,17.00,12,High,Medium,Low,On-Time,8
1298,Pro,Active,2,45.00,15,Medium,High,Low,On-Time,8
1299,Basic,Active,3,29.00,6,High,Medium,High,On-Time,10
1300,Pro,"At Risk",5,50.00,41,Medium,Medium,Medium,On-Time,8
1301,Enterprise,Active,2,237.00,40,High,High,Low,On-Time,9
1302,Pro,Churned,9,58.00,108,Medium,Medium,Medium,Delayed,7
1303,Pro,Churned,12,53.00,101,Low,Low,Medium,Delayed,6
1304,Basic,"At Risk",8,20.00,90,Low,Low,Low,On-Time,6
1305,Pro,Active,3,49.00,13,Medium,High,Low,Delayed,7
1306,Basic,Active,1,24.00,1,Medium,High,Low,On-Time,8
1307,Basic,Active,2,16.00,23,Medium,High,Low,On-Time,10
1308,Pro,Active,2,41.00,44,High,High,Low,On-Time,9
1309,Basic,"At Risk",5,14.00,35,Medium,Medium,Medium,On-Time,8
1310,Basic,Active,4,22.00,16,High,High,Medium,Delayed,9
1311,Pro,Active,1,47.00,26,High,High,Low,On-Time,9
1312,Pro,Active,1,45.00,2,High,Medium,Low,On-Time,7
1313,Basic,Active,1,22.00,28,High,High,Low,On-Time,7
1314,Pro,Churned,9,65.00,53,Low,Medium,Medium,Delayed,6
1315,Pro,Active,4,77.00,40,High,Medium,Medium,On-Time,9
1316,Basic,Churned,10,21.00,52,Low,Low,Medium,Delayed,5
1317,Pro,Active,4,67.00,17,Medium,Medium,Medium,On-Time,8
1318,Pro,Churned,10,73.00,91,Medium,Low,Low,Delayed,5
1319,Basic,"At Risk",5,22.00,35,High,Medium,High,On-Time,7
1320,Basic,Churned,9,22.00,94,Low,Low,Low,On-Time,4
1321,Pro,Churned,9,69.00,99,Low,Low,Low,On-Time,6
1322,Basic,Active,4,27.00,34,Medium,Medium,Low,On-Time,7
1323,Basic,Churned,14,12.00,150,Low,Low,Low,Missed,2
1324,Pro,Active,1,46.00,26,High,High,Low,On-Time,7
1325,Basic,Active,3,26.00,12,Medium,Medium,Medium,On-Time,8
1326,Pro,Active,3,77.00,21,High,Medium,Medium,On-Time,7
1327,Basic,Churned,14,29.00,129,Low,Low,Low,Missed,2
1328,Pro,Active,2,77.00,39,High,High,Low,On-Time,10
1329,Pro,Active,2,66.00,6,High,Medium,Medium,On-Time,10
1330,Enterprise,Churned,12,272.00,297,Low,Low,Low,Missed,5
1331,Pro,"At Risk",8,42.00,70,Medium,Low,Medium,On-Time,4
1332,Basic,"At Risk",5,22.00,19,Medium,Medium,Low,Delayed,10
1333,Basic,Churned,14,26.00,204,Low,Low,High,Missed,4
1334,Basic,Active,2,19.00,15,High,Medium,Low,On-Time,7
1335,Enterprise,Active,3,299.00,17,Medium,Medium,Low,On-Time,10
1336,Enterprise,Churned,13,143.00,171,Low,Low,Medium,Missed,5
1337,Basic,Active,1,25.00,3,High,High,Medium,On-Time,8
1338,Basic,Active,0,14.00,1,High,High,Low,On-Time,9
1339,Pro,Active,3,46.00,13,Medium,Medium,Medium,On-Time,8
1340,Basic,Churned,14,28.00,291,Low,Low,Low,Missed,1
1341,Pro,Active,2,59.00,23,High,Medium,Low,On-Time,10
1342,Basic,Active,3,15.00,29,High,Medium,Medium,On-Time,9
1343,Basic,Active,0,22.00,12,High,High,Low,On-Time,10
1344,Basic,Churned,15,23.00,171,Low,Low,High,Delayed,3
1345,Basic,"At Risk",8,23.00,81,Medium,Medium,Low,Missed,7
1346,Basic,"At Risk",6,19.00,36,High,Medium,Medium,Delayed,9
1347,Basic,Churned,11,19.00,218,Low,Low,Low,Delayed,4
1348,Basic,Active,3,17.00,43,Medium,High,Low,On-Time,8
1349,Pro,Active,4,44.00,28,Medium,Medium,Medium,On-Time,10
1350,Basic,Active,4,13.00,13,Medium,Medium,Low,Delayed,9
1351,Enterprise,Active,4,190.00,41,High,Medium,Medium,On-Time,10
1352,Basic,Active,2,28.00,33,High,High,Low,On-Time,7
1353,Basic,Active,4,26.00,37,Medium,Medium,Low,On-Time,8
1354,Basic,Churned,11,19.00,80,Low,Low,Low,Missed,4
1355,Pro,Churned,11,62.00,87,Low,Low,Medium,Delayed,6
1356,Basic,"At Risk",5,27.00,37,Medium,Medium,Medium,On-Time,10
1357,Basic,"At Risk",8,20.00,55,Low,Medium,Low,Delayed,5
1358,Pro,Churned,15,62.00,150,Low,Low,Medium,Missed,1
1359,Pro,Active,3,47.00,24,High,Medium,Medium,On-Time,10
1360,Enterprise,Active,3,144.00,22,High,Medium,Medium,On-Time,7
1361,Basic,Active,2,14.00,15,High,Medium,Low,On-Time,7
1362,Pro,Churned,13,54.00,248,Low,Low,Medium,Missed,4
1363,Basic,"At Risk",8,25.00,90,Low,Low,Low,On-Time,5
1364,Pro,Active,4,64.00,33,Medium,Medium,Low,On-Time,7
1365,Pro,Active,4,75.00,28,Medium,Medium,Medium,On-Time,8
1366,Pro,Active,4,42.00,14,Medium,High,Medium,Delayed,9
1367,Basic,"At Risk",7,19.00,59,Medium,Low,Medium,On-Time,4
1368,Basic,Active,4,27.00,37,Medium,Medium,Low,On-Time,8
1369,Pro,Active,3,63.00,7,Medium,Medium,Medium,On-Time,10
1370,Pro,Churned,14,75.00,127,Low,Low,Low,Missed,1
1371,Pro,Churned,12,53.00,79,Low,Low,Medium,Missed,6
1372,Basic,Active,1,16.00,23,High,High,Low,On-Time,10
1373,Basic,Active,2,24.00,40,High,High,Low,On-Time,8
1374,Basic,Churned,16,22.00,285,Low,Low,High,Missed,3
1375,Basic,"At Risk",5,21.00,18,Medium,Medium,Low,Delayed,10
1376,Enterprise,"At Risk",7,148.00,36,Medium,Medium,Medium,Delayed,9
1377,Basic,Active,1,22.00,8,Medium,High,Low,On-Time,8
1378,Basic,"At Risk",5,23.00,39,High,High,Medium,Delayed,8
1379,Basic,Active,3,29.00,44,High,Medium,Low,On-Time,10
1380,Basic,Active,4,14.00,18,Medium,Medium,Medium,On-Time,10
1381,Pro,Active,3,75.00,32,Medium,High,Low,On-Time,7
1382,Pro,Active,3,45.00,18,High,High,High,On-Time,7
1383,Pro,Churned,12,66.00,123,Low,Low,Low,Missed,5
1384,Enterprise,Active,3,125.00,26,Medium,Medium,Low,On-Time,7
1385,Basic,Churned,12,16.00,175,Low,Low,Medium,Delayed,5
1386,Pro,Active,1,72.00,9,High,Medium,Low,On-Time,10
1387,Pro,Churned,12,65.00,96,Medium,Low,High,Delayed,4
1388,Basic,Active,4,18.00,15,High,Medium,Low,Delayed,7
1389,Basic,Active,1,11.00,5,Medium,High,Low,On-Time,10
1390,Pro,"At Risk",5,73.00,34,High,Medium,Low,Delayed,10
1391,Enterprise,"At Risk",7,242.00,19,Medium,Medium,High,Delayed,9
1392,Pro,Active,2,48.00,18,High,High,Medium,On-Time,7
1393,Basic,Churned,11,17.00,66,Low,Low,Medium,Delayed,4
1394,Basic,Churned,15,15.00,234,Low,Low,Medium,Missed,2
1395,Basic,"At Risk",6,27.00,43,Medium,Medium,High,On-Time,10
1396,Basic,Active,2,25.00,14,Medium,High,Medium,On-Time,9
1397,Basic,Active,4,13.00,20,Medium,High,High,On-Time,9
1398,Basic,Active,1,17.00,9,Medium,High,Low,On-Time,7
1399,Pro,Active,1,47.00,14,High,Medium,Low,On-Time,10
1400,Basic,Active,1,21.00,15,High,High,Low,On-Time,9
1401,Basic,Churned,10,13.00,62,Low,Low,High,On-Time,5
1402,Enterprise,Active,4,255.00,35,Medium,High,Medium,On-Time,8
1403,Basic,Churned,14,10.00,204,Low,Low,Medium,Delayed,2
1404,Basic,Churned,14,27.00,197,Low,Low,Low,Missed,2
1405,Basic,"At Risk",6,12.00,40,Medium,Medium,Low,Delayed,8
1406,Basic,Active,2,15.00,2,High,Medium,Medium,On-Time,8
1407,Pro,Active,2,77.00,25,Medium,High,Low,On-Time,9
1408,Basic,Churned,10,28.00,53,Low,Low,Medium,Delayed,4
1409,Enterprise,Active,1,161.00,11,High,High,Medium,On-Time,9
1410,Pro,Active,2,42.00,29,High,Medium,Low,On-Time,7
1411,Pro,"At Risk",6,51.00,40,Medium,Medium,High,On-Time,10
1412,Enterprise,Active,3,254.00,38,High,Medium,Low,On-Time,8
1413,Pro,Active,3,51.00,13,High,Medium,High,On-Time,9
1414,Basic,Active,3,26.00,29,Medium,High,Medium,On-Time,10
1415,Basic,Active,2,14.00,2,Medium,Medium,Low,On-Time,7
1416,Basic,Active,4,20.00,8,High,Medium,Medium,Delayed,7
1417,Basic,Churned,13,12.00,106,Low,Low,Medium,Missed,6
1418,Basic,Active,4,18.00,42,High,Medium,Medium,On-Time,10
1419,Basic,Active,2,16.00,7,Medium,High,Medium,On-Time,8
1420,Pro,"At Risk",5,62.00,44,Medium,Medium,Medium,On-Time,9
1421,Basic,Active,4,25.00,14,Medium,Medium,High,On-Time,8
1422,Pro,Active,3,51.00,18,Medium,Medium,Low,On-Time,7
1423,Pro,Active,1,69.00,18,High,High,Low,On-Time,7
1424,Basic,Active,2,24.00,33,High,High,Low,On-Time,10
1425,Pro,Churned,12,49.00,104,Medium,Low,High,Delayed,5
1426,Basic,Active,2,16.00,0,High,Medium,Medium,On-Time,7
1427,Pro,Active,2,69.00,27,Medium,High,Low,On-Time,9
1428,Pro,Active,1,44.00,1,High,Medium,Low,On-Time,9
1429,Basic,Active,2,26.00,35,High,High,Low,On-Time,8
1430,Basic,Active,1,29.00,6,High,High,Medium,On-Time,9
1431,Basic,Churned,10,25.00,57,Low,Medium,Medium,Missed,6
1432,Basic,"At Risk",7,13.00,39,High,Medium,High,Delayed,8
1433,Pro,"At Risk",8,52.00,85,Medium,Low,Medium,On-Time,5
1434,Basic,Active,1,19.00,16,High,High,Low,On-Time,10
1435,Enterprise,Active,2,162.00,9,Medium,High,Medium,On-Time,8
1436,Basic,Active,3,10.00,5,High,High,Medium,Delayed,9
1437,Pro,"At Risk",8,43.00,59,Medium,Medium,Medium,Delayed,4
1438,Pro,Active,2,74.00,42,High,High,Low,On-Time,7
1439,Pro,"At Risk",5,60.00,52,Medium,Low,Low,On-Time,7
1440,Basic,Active,0,11.00,6,High,High,Low,On-Time,7
1441,Basic,Churned,14,22.00,279,Low,Low,High,Missed,4
1442,Pro,Active,3,53.00,25,High,High,Low,Delayed,10
1443,Basic,Churned,12,15.00,112,Low,Low,Medium,Delayed,5
1444,Basic,Active,4,27.00,37,Medium,Medium,Low,On-Time,7
1445,Basic,Active,2,28.00,37,High,High,Low,On-Time,7
1446,Basic,"At Risk",5,14.00,16,High,High,High,Delayed,7
1447,Pro,Churned,14,67.00,170,Low,Low,Low,Missed,3
1448,Basic,Active,2,22.00,31,High,High,Low,On-Time,8
1449,Pro,Active,2,75.00,28,Medium,High,Low,On-Time,8
1450,Basic,Churned,11,18.00,70,Low,Medium,Medium,Missed,4
1451,Basic,Churned,9,15.00,82,Medium,Medium,Medium,Delayed,4
1452,Pro,Active,0,60.00,1,High,High,Low,On-Time,8
1453,Enterprise,Active,2,220.00,15,High,High,Medium,On-Time,8
1454,Basic,Active,3,17.00,14,High,Medium,High,On-Time,9
1455,Pro,Active,3,73.00,4,High,Medium,Low,Delayed,10
1456,Pro,Churned,9,43.00,50,Low,Medium,Medium,Delayed,4
1457,Enterprise,Churned,11,146.00,117,Low,Low,Medium,Delayed,7
1458,Basic,Active,3,23.00,18,Medium,Medium,Low,On-Time,10
1459,Pro,Active,2,70.00,13,High,Medium,Medium,On-Time,7
1460,Basic,Churned,10,16.00,75,Low,Low,Low,Delayed,4
1461,Basic,Churned,13,27.00,243,Low,Low,Medium,Missed,5
1462,Pro,Active,3,66.00,17,Medium,Medium,Low,On-Time,9
1463,Pro,Active,2,60.00,6,Medium,High,Medium,On-Time,9
1464,Basic,Churned,11,23.00,227,Low,Low,Low,Delayed,5
1465,Pro,"At Risk",8,60.00,44,Medium,Medium,High,Delayed,9
1466,Basic,Active,4,20.00,39,Medium,Medium,Low,On-Time,10
1467,Pro,Active,3,48.00,12,Medium,Medium,Medium,On-Time,9
1468,Basic,Active,3,10.00,30,High,High,High,On-Time,8
1469,Basic,Active,0,15.00,9,High,High,Low,On-Time,9
1470,Basic,Active,3,10.00,2,High,Medium,High,On-Time,9
1471,Basic,Churned,10,15.00,61,Medium,Low,Medium,Delayed,6
1472,Pro,Active,3,56.00,31,High,Medium,Low,On-Time,8
1473,Basic,Churned,11,27.00,171,Low,Low,Low,Delayed,4
1474,Basic,Churned,11,20.00,70,Low,Low,Medium,Delayed,4
1475,Basic,Churned,14,27.00,148,Low,Low,Low,Missed,2
1476,Basic,Active,2,23.00,26,High,Medium,Low,On-Time,10
1477,Pro,"At Risk",5,76.00,16,High,High,High,Delayed,10
1478,Basic,"At Risk",7,15.00,33,High,Medium,High,Delayed,9
1479,Basic,Active,4,21.00,41,Medium,Medium,Low,On-Time,8
1480,Pro,Churned,14,56.00,192,Low,Low,Low,Missed,1
1481,Enterprise,Active,2,190.00,14,High,High,High,On-Time,8
1482,Enterprise,Active,1,183.00,9,High,High,Medium,On-Time,10
1483,Basic,Churned,11,22.00,109,Low,Low,Medium,Delayed,7
1484,Pro,Active,0,56.00,5,High,High,Low,On-Time,10
1485,Basic,Churned,15,21.00,241,Low,Low,Medium,Missed,3
1486,Basic,Active,3,24.00,14,Medium,Medium,Medium,On-Time,9
1487,Basic,Active,2,26.00,31,High,High,Low,On-Time,7
1488,Basic,"At Risk",6,22.00,17,Medium,Medium,Medium,Delayed,8
1489,Enterprise,Active,1,158.00,18,High,High,Low,On-Time,7
1490,Pro,"At Risk",5,57.00,4,Medium,Medium,Medium,Delayed,10
1491,Basic,Active,1,13.00,11,High,Medium,Low,On-Time,8
1492,Basic,Active,2,19.00,1,Medium,Medium,Low,On-Time,10
1493,Basic,Active,4,19.00,35,High,Medium,Medium,On-Time,7
1494,Basic,Active,3,24.00,20,Medium,Medium,Low,On-Time,9
1495,Enterprise,Active,2,144.00,33,High,High,Low,On-Time,10
1496,Basic,Active,2,26.00,25,High,Medium,Low,On-Time,9
1497,Basic,Churned,12,24.00,116,Low,Low,Medium,Delayed,5
1498,Pro,Active,2,75.00,17,Medium,High,Low,On-Time,7
1499,Basic,Active,1,25.00,18,High,High,Low,On-Time,7
1500,Basic,"At Risk",7,14.00,25,Medium,Medium,High,Delayed,7
1501,Basic,Active,0,19.00,1,High,High,Low,On-Time,10
1502,Basic,Active,0,28.00,8,High,High,Low,On-Time,10
1503,Basic,Churned,9,27.00,117,Medium,Medium,Low,Delayed,4
1504,Basic,Churned,12,17.00,91,Medium,Low,High,Delayed,4
1505,Basic,Active,4,28.00,59,Medium,Medium,Low,On-Time,7
1506,Pro,Churned,11,59.00,296,Low,Low,Low,Delayed,4
1507,Pro,"At Risk",5,62.00,35,Medium,Medium,Medium,On-Time,7
1508,Basic,Churned,14,16.00,128,Low,Low,Medium,Delayed,1
1509,Basic,Churned,14,18.00,175,Low,Low,High,Missed,4
1510,Pro,Active,2,65.00,23,High,High,Medium,On-Time,7
1511,Pro,Active,3,73.00,42,High,Medium,Low,On-Time,8
1512,Basic,Active,4,22.00,44,Medium,High,Medium,On-Time,8
1513,Pro,Active,3,63.00,43,High,Medium,Low,On-Time,7
1514,Pro,Active,3,71.00,16,High,Medium,Medium,On-Time,10
1515,Basic,Active,2,22.00,5,Medium,High,Medium,On-Time,8
1516,Pro,Active,4,52.00,40,Medium,High,Medium,On-Time,7
1517,Basic,Active,1,19.00,17,High,High,Low,On-Time,8
1518,Enterprise,Active,2,273.00,9,Medium,Medium,Low,On-Time,9
1519,Pro,Active,3,46.00,33,High,Medium,Low,On-Time,8
1520,Basic,Active,3,23.00,5,Medium,High,High,On-Time,7
1521,Basic,Active,3,13.00,35,Medium,High,Low,On-Time,7
1522,Basic,Active,4,21.00,17,Medium,Medium,Medium,On-Time,7
1523,Pro,Churned,9,64.00,118,Low,Low,Low,On-Time,6
1524,Basic,Active,3,16.00,31,High,Medium,Low,On-Time,10
1525,Basic,Churned,11,18.00,258,Low,Low,Low,Delayed,4
1526,Pro,Churned,11,78.00,113,Low,Low,Medium,Delayed,7
1527,Pro,Churned,15,74.00,247,Low,Low,Medium,Missed,3
1528,Pro,Active,1,79.00,2,High,High,Medium,On-Time,8
1529,Pro,Active,2,48.00,1,Medium,High,Medium,On-Time,8
1530,Pro,Active,0,48.00,5,High,High,Low,On-Time,9
1531,Basic,Churned,11,21.00,89,Low,Low,Medium,Delayed,4
1532,Basic,Active,1,13.00,1,High,High,Medium,On-Time,8
1533,Pro,Active,3,67.00,2,High,High,Medium,Delayed,8
1534,Pro,Churned,12,76.00,93,Medium,Low,Medium,Missed,6
1535,Basic,Active,3,12.00,38,High,Medium,Low,On-Time,8
1536,Enterprise,Churned,14,267.00,156,Low,Low,High,Missed,4
1537,Basic,Active,3,26.00,11,High,Medium,High,On-Time,10
1538,Pro,Churned,11,56.00,88,Low,Low,Medium,Delayed,6
1539,Pro,Active,3,78.00,42,High,Medium,Low,On-Time,7
1540,Pro,Churned,14,51.00,227,Low,Low,Medium,Delayed,3
1541,Basic,Active,2,20.00,7,Medium,Medium,Low,On-Time,7
1542,Basic,"At Risk",6,13.00,51,Low,Medium,Low,On-Time,4
1543,Basic,Active,3,23.00,20,High,High,High,On-Time,8
1544,Basic,Churned,10,11.00,51,Low,Low,Medium,Missed,7
1545,Basic,"At Risk",7,24.00,87,Medium,Medium,Medium,On-Time,5
1546,Pro,Active,3,77.00,8,High,Medium,High,On-Time,10
1547,Enterprise,"At Risk",5,194.00,44,Medium,High,High,On-Time,7
1548,Pro,Active,3,50.00,32,High,High,Medium,On-Time,8
1549,Basic,Churned,11,22.00,226,Low,Low,Low,Delayed,5
1550,Basic,Churned,12,29.00,115,Low,Low,Low,Missed,6
1551,Pro,Active,4,48.00,27,High,Medium,High,On-Time,7
1552,Pro,"At Risk",5,48.00,29,Medium,Medium,High,On-Time,9
1553,Pro,Active,2,68.00,29,Medium,High,Low,On-Time,7
1554,Basic,Active,2,27.00,13,Medium,Medium,Low,On-Time,10
1555,Basic,Active,3,26.00,23,Medium,High,Medium,On-Time,9
1556,Basic,Active,4,10.00,37,Medium,Medium,Low,On-Time,9
1557,Basic,Active,4,25.00,35,High,High,Low,Delayed,8
1558,Basic,Active,4,29.00,14,Medium,Medium,High,On-Time,7
1559,Enterprise,Active,0,148.00,4,High,High,Low,On-Time,10
1560,Basic,Active,2,26.00,6,Medium,High,Medium,On-Time,9
1561,Pro,Active,4,71.00,23,High,Medium,Low,Delayed,7
1562,Basic,Churned,9,24.00,90,Medium,Medium,Medium,Missed,7
1563,Enterprise,Churned,10,203.00,115,Medium,Low,Medium,Delayed,7
1564,Enterprise,Churned,14,141.00,168,Low,Low,Low,Missed,1
1565,Basic,Active,2,11.00,19,High,Medium,Low,On-Time,8
1566,Pro,Active,1,74.00,28,High,High,Low,On-Time,8
1567,Pro,"At Risk",5,79.00,31,Medium,Medium,Medium,On-Time,10
1568,Basic,"At Risk",6,12.00,38,High,Medium,Medium,Delayed,10
1569,Basic,Active,2,11.00,3,High,High,Low,Delayed,10
1570,Basic,Active,3,12.00,16,Medium,Medium,Low,On-Time,8
1571,Basic,Active,0,20.00,4,High,High,Low,On-Time,9
1572,Basic,Active,3,14.00,20,Medium,Medium,Low,On-Time,7
1573,Basic,Active,3,26.00,18,Medium,High,Medium,On-Time,8
1574,Basic,Active,2,18.00,12,High,Medium,Medium,On-Time,8
1575,Pro,Active,2,67.00,34,High,High,Low,On-Time,8
1576,Basic,Churned,11,12.00,108,Low,Medium,Medium,Delayed,4
1577,Enterprise,Churned,13,202.00,202,Low,Low,Low,Delayed,3
1578,Basic,Active,3,17.00,29,Medium,High,Medium,On-Time,10
1579,Pro,"At Risk",6,47.00,21,Medium,Medium,Medium,Delayed,9
1580,Basic,Active,3,22.00,28,High,Medium,Medium,On-Time,7
1581,Basic,Active,3,12.00,25,High,Medium,Medium,On-Time,7
1582,Basic,"At Risk",5,15.00,0,Medium,Medium,Medium,Delayed,8
1583,Pro,Active,4,78.00,41,Medium,High,Medium,On-Time,7
1584,Basic,Active,3,24.00,42,High,High,Medium,On-Time,9
1585,Pro,Active,1,52.00,0,High,Medium,Low,On-Time,8
1586,Pro,Active,4,59.00,33,High,High,Low,Delayed,7
1587,Basic,"At Risk",8,26.00,90,Low,Low,Low,On-Time,6
1588,Enterprise,"At Risk",5,237.00,39,High,Medium,Low,Delayed,9
1589,Basic,"At Risk",8,20.00,65,Medium,Low,Medium,On-Time,4
1590,Basic,Active,4,16.00,23,High,Medium,High,On-Time,8
1591,Basic,Churned,13,20.00,157,Low,Low,Medium,Missed,4
1592,Basic,Active,3,20.00,14,High,Medium,High,On-Time,10
1593,Basic,Active,2,16.00,11,Medium,Medium,Low,On-Time,7
1594,Basic,Active,4,29.00,23,Medium,Medium,Medium,On-Time,9
1595,Basic,Churned,11,29.00,100,Low,Low,Low,Delayed,5
1596,Enterprise,Churned,11,143.00,72,Medium,Low,High,Missed,7
1597,Pro,Active,1,51.00,1,High,High,Medium,On-Time,8
1598,Basic,Churned,13,14.00,95,Low,Medium,High,Missed,4
1599,Basic,"At Risk",7,14.00,60,Low,Medium,Medium,On-Time,7
1600,Pro,Churned,9,50.00,62,Low,Low,Low,Delayed,7
1601,Pro,Active,1,59.00,1,High,Medium,Low,On-Time,8
1602,Basic,Active,4,10.00,1,Medium,Medium,High,On-Time,9
1603,Pro,Active,1,78.00,11,High,High,Medium,On-Time,9
1604,Basic,Active,3,14.00,29,High,High,High,On-Time,10
1605,Basic,Churned,12,16.00,227,Low,Low,Low,Missed,4
1606,Pro,Active,3,70.00,27,Medium,Medium,Low,On-Time,10
1607,Pro,Active,2,76.00,29,Medium,High,Low,On-Time,8
1608,Pro,Churned,11,46.00,105,Low,Medium,Medium,Delayed,4
1609,Basic,Active,3,28.00,39,Medium,High,Low,On-Time,9
1610,Basic,Active,2,25.00,16,High,High,Medium,On-Time,9
1611,Pro,Active,3,51.00,30,High,High,Low,Delayed,10
1612,Enterprise,Churned,15,155.00,208,Low,Low,Medium,Missed,3
1613,Basic,Active,2,25.00,10,Medium,High,Medium,On-Time,7
1614,Basic,Active,3,27.00,41,Medium,High,Low,On-Time,7
1615,Pro,Active,3,41.00,2,High,Medium,Low,Delayed,9
1616,Basic,"At Risk",7,25.00,59,Low,Low,Medium,On-Time,7
1617,Basic,Active,3,20.00,9,Medium,High,High,On-Time,10
1618,Basic,Active,3,20.00,32,Medium,High,Low,On-Time,9
1619,Pro,Churned,10,61.00,94,Low,Medium,Medium,Delayed,7
1620,Basic,Active,4,26.00,24,Medium,High,High,On-Time,7
1621,Basic,"At Risk",5,19.00,23,Medium,High,Medium,Delayed,8
1622,Basic,Churned,10,11.00,115,Medium,Low,High,On-Time,6
1623,Basic,Active,3,19.00,14,Medium,High,High,On-Time,9
1624,Pro,Churned,14,73.00,200,Low,Low,High,Missed,4
1625,Basic,Active,2,20.00,18,High,High,Medium,On-Time,9
1626,Basic,Active,3,11.00,41,High,High,Medium,On-Time,10
1627,Basic,"At Risk",8,27.00,52,Low,Medium,Low,Delayed,5
1628,Enterprise,Active,1,200.00,28,High,High,Low,On-Time,8
1629,Basic,Churned,13,18.00,136,Low,Low,Low,Delayed,2
1630,Pro,Active,2,44.00,25,Medium,High,Low,On-Time,9
1631,Basic,Active,1,21.00,4,High,Medium,Low,On-Time,9
1632,Basic,Active,2,15.00,15,High,Medium,Low,On-Time,8
1633,Basic,"At Risk",8,11.00,87,Low,Low,Low,On-Time,6
1634,Basic,Churned,12,13.00,265,Low,Low,Low,Missed,5
1635,Pro,Churned,11,79.00,99,Low,Low,Low,Delayed,4
1636,Basic,Active,1,29.00,6,High,Medium,Low,On-Time,9
1637,Pro,Churned,11,67.00,79,Low,Low,Medium,Delayed,6
1638,Enterprise,Active,1,187.00,5,High,High,Medium,On-Time,8
1639,Pro,Churned,15,51.00,170,Low,Low,High,Delayed,2
1640,Enterprise,Churned,13,124.00,252,Low,Low,Medium,Missed,4
1641,Basic,Active,2,28.00,37,High,High,Low,On-Time,9
1642,Basic,Active,1,10.00,1,High,High,Medium,On-Time,8
1643,Basic,"At Risk",5,15.00,21,High,Medium,Medium,Delayed,7
1644,Pro,Active,4,55.00,16,High,High,Medium,Delayed,9
1645,Pro,Active,4,74.00,33,Medium,High,Medium,On-Time,9
1646,Basic,"At Risk",6,21.00,40,Medium,Medium,Low,Delayed,8
1647,Basic,Active,3,20.00,40,High,High,Medium,On-Time,9
1648,Basic,Churned,12,26.00,104,Low,Low,Low,Missed,5
1649,Pro,Churned,13,68.00,294,Low,Low,Medium,Missed,4
1650,Basic,Active,1,17.00,15,High,High,Low,On-Time,7
1651,Enterprise,Active,0,292.00,6,High,High,Low,On-Time,7
1652,Basic,Active,2,15.00,6,High,Medium,Medium,On-Time,8
1653,Basic,Active,4,12.00,16,High,Medium,High,On-Time,9
1654,Basic,Active,2,13.00,30,High,Medium,Low,On-Time,7
1655,Basic,Active,4,15.00,37,High,Medium,Medium,On-Time,10
1656,Pro,Churned,10,58.00,46,Low,Low,Low,Missed,4
1657,Pro,Active,4,48.00,40,High,High,Low,Delayed,8
1658,Basic,Churned,14,15.00,149,Low,Low,Low,Missed,3
1659,Basic,Active,4,15.00,4,High,Medium,Medium,Delayed,8
1660,Basic,Active,4,11.00,44,High,Medium,Medium,On-Time,10
1661,Basic,Active,2,24.00,2,Medium,High,Medium,On-Time,10
1662,Pro,Active,1,56.00,19,High,High,Low,On-Time,9
1663,Pro,Churned,9,50.00,106,Low,Low,Low,On-Time,5
1664,Basic,Churned,14,26.00,254,Low,Low,Low,Missed,1
1665,Pro,Active,4,78.00,33,Medium,High,Medium,On-Time,9
1666,Basic,Active,2,20.00,19,Medium,High,Low,On-Time,8
1667,Basic,Active,2,15.00,26,High,Medium,Low,On-Time,8
1668,Basic,Active,2,29.00,11,High,Medium,Medium,On-Time,9
1669,Basic,Churned,9,23.00,79,Low,Medium,High,On-Time,4
1670,Pro,Active,2,58.00,3,Medium,Medium,Low,On-Time,7
1671,Basic,"At Risk",6,12.00,36,Medium,High,Medium,Delayed,10
1672,Pro,Active,1,79.00,1,Medium,High,Low,On-Time,8
1673,Basic,Active,1,29.00,16,High,High,Low,On-Time,9
1674,Pro,"At Risk",5,45.00,24,High,Medium,Medium,Delayed,8
1675,Enterprise,Active,2,238.00,15,High,High,Medium,On-Time,10
1676,Pro,"At Risk",7,79.00,59,Medium,Medium,Low,Delayed,6
1677,Pro,"At Risk",5,78.00,6,High,Medium,High,Delayed,7
1678,Basic,Active,4,28.00,24,Medium,Medium,Medium,On-Time,10
1679,Pro,Churned,13,53.00,175,Low,Low,Medium,Missed,5
1680,Pro,Active,1,43.00,8,High,Medium,Low,On-Time,7
1681,Pro,Churned,14,60.00,213,Low,Low,Low,Missed,3
1682,Basic,Active,3,19.00,44,Medium,High,Low,On-Time,8
1683,Basic,Active,1,29.00,11,Medium,High,Low,On-Time,9
1684,Basic,Active,0,11.00,12,High,High,Low,On-Time,10
1685,Basic,Active,2,13.00,5,High,Medium,Medium,On-Time,8
1686,Basic,Churned,9,26.00,113,Low,Low,Low,On-Time,4
1687,Enterprise,Churned,10,198.00,113,Low,Medium,Low,Delayed,5
1688,Pro,Active,1,45.00,12,High,High,Medium,On-Time,8
1689,Pro,"At Risk",5,73.00,37,High,High,Medium,Delayed,10
1690,Pro,Active,4,55.00,31,High,Medium,Medium,On-Time,10
1691,Pro,"At Risk",5,79.00,41,Medium,High,High,On-Time,10
1692,Pro,"At Risk",6,49.00,38,Medium,Medium,High,On-Time,9
1693,Pro,Churned,11,74.00,108,Low,Low,High,On-Time,6
1694,Pro,Active,3,58.00,39,High,High,Medium,On-Time,9
1695,Pro,Active,3,60.00,39,High,High,Medium,On-Time,9
1696,Basic,Active,3,26.00,36,High,Medium,Low,On-Time,7
1697,Basic,Active,4,13.00,31,Medium,High,Medium,On-Time,9
1698,Basic,Churned,11,12.00,100,Low,Medium,Medium,Delayed,6
1699,Basic,Active,1,15.00,19,High,High,Low,On-Time,8
1700,Pro,Active,3,67.00,33,High,Medium,Low,On-Time,9
1701,Basic,"At Risk",7,13.00,33,Medium,Medium,Medium,Delayed,7
1702,Basic,Active,2,18.00,4,High,High,High,On-Time,8
1703,Pro,Active,3,66.00,41,Medium,High,Low,On-Time,7
1704,Basic,Active,3,29.00,34,High,Medium,Low,On-Time,8
1705,Enterprise,Churned,14,281.00,298,Low,Low,Medium,Delayed,1
1706,Pro,Active,2,71.00,3,Medium,Medium,Low,On-Time,8
1707,Pro,Active,4,68.00,26,Medium,Medium,Medium,On-Time,8
1708,Pro,Active,4,76.00,37,Medium,High,Medium,On-Time,9
1709,Pro,Active,3,41.00,43,High,Medium,Low,On-Time,10
1710,Pro,Active,1,59.00,7,High,High,Medium,On-Time,7
1711,Pro,Active,4,63.00,13,Medium,Medium,Low,Delayed,9
1712,Basic,Active,4,22.00,41,High,Medium,Medium,On-Time,8
1713,Pro,Active,1,45.00,8,Medium,High,Low,On-Time,9
1714,Pro,"At Risk",5,42.00,44,Medium,High,Low,Delayed,9
1715,Basic,Active,4,29.00,15,Medium,High,Low,Delayed,7
1716,Basic,Active,3,19.00,25,Medium,High,Medium,On-Time,9
1717,Basic,Churned,12,25.00,110,Low,Low,Medium,Delayed,6
1718,Basic,Active,4,12.00,36,Medium,High,Medium,On-Time,10
1719,Basic,Churned,14,13.00,291,Low,Low,Medium,Delayed,2
1720,Pro,Active,3,57.00,32,High,High,Medium,On-Time,8
1721,Basic,Active,2,27.00,5,High,High,Low,Delayed,9
1722,Pro,Active,3,68.00,4,Medium,Medium,Medium,On-Time,9
1723,Pro,Active,2,61.00,31,High,High,Low,On-Time,8
1724,Pro,Active,3,75.00,15,High,High,High,On-Time,9
1725,Basic,Churned,9,22.00,98,Medium,Low,Medium,On-Time,6
1726,Enterprise,Churned,9,270.00,78,Low,Medium,High,On-Time,5
1727,Pro,Active,3,40.00,32,High,High,Medium,On-Time,9
1728,Basic,Active,1,22.00,15,High,High,Low,On-Time,10
1729,Basic,Active,2,16.00,13,High,High,Low,Delayed,10
1730,Enterprise,Active,3,237.00,20,High,Medium,Medium,On-Time,9
1731,Enterprise,Active,2,195.00,18,High,Medium,Low,On-Time,8
1732,Pro,Active,4,45.00,44,Medium,Medium,Low,On-Time,8
1733,Pro,Active,3,66.00,36,Medium,High,Low,On-Time,10
1734,Basic,"At Risk",8,20.00,67,Medium,Medium,Low,Delayed,6
1735,Basic,Active,2,29.00,18,Medium,High,Low,On-Time,8
1736,Basic,Active,4,22.00,33,High,Medium,Medium,On-Time,8
1737,Basic,Active,0,13.00,3,High,High,Low,On-Time,9
1738,Pro,Active,2,53.00,27,High,Medium,Low,On-Time,7
1739,Basic,Active,4,15.00,35,High,Medium,Medium,On-Time,10
1740,Basic,Active,0,12.00,9,High,High,Low,On-Time,8
1741,Basic,Active,2,17.00,12,Medium,High,Medium,On-Time,9
1742,Pro,"At Risk",8,70.00,59,Medium,Medium,Medium,Delayed,5
1743,Basic,Active,2,24.00,21,High,Medium,Low,On-Time,10
1744,Pro,Active,2,64.00,15,High,Medium,Low,On-Time,7
1745,Basic,Churned,11,15.00,64,Low,Low,Medium,Delayed,5
1746,Enterprise,Active,1,169.00,3,Medium,High,Low,On-Time,10
1747,Basic,Active,3,24.00,12,Medium,High,High,On-Time,10
1748,Basic,Active,4,22.00,17,High,Medium,High,On-Time,10
1749,Basic,Active,1,16.00,8,High,High,Medium,On-Time,8
1750,Pro,Active,4,59.00,37,Medium,Medium,Low,On-Time,10
1751,Basic,Churned,9,17.00,72,Low,Medium,Low,Delayed,5
1752,Basic,"At Risk",5,15.00,43,High,Medium,Low,Delayed,9
1753,Basic,Active,1,13.00,8,High,Medium,Low,On-Time,10
1754,Basic,Active,4,10.00,22,High,Medium,High,On-Time,9
1755,Basic,Churned,14,26.00,248,Low,Low,Low,Missed,3
1756,Basic,Churned,12,25.00,216,Low,Low,Low,Missed,5
1757,Enterprise,Active,3,252.00,4,Medium,High,High,On-Time,8
1758,Basic,Churned,10,15.00,98,Low,Low,Low,Delayed,7
1759,Enterprise,Active,1,297.00,14,High,Medium,Low,On-Time,8
1760,Basic,Active,4,21.00,0,Medium,Medium,High,On-Time,8
1761,Basic,Active,2,14.00,17,High,Medium,Low,On-Time,10
1762,Basic,Active,4,13.00,26,Medium,Medium,Medium,On-Time,7
1763,Basic,Active,3,17.00,33,High,Medium,Low,On-Time,7
1764,Pro,"At Risk",5,79.00,0,Medium,Medium,Medium,Delayed,8
1765,Pro,Active,1,62.00,22,High,High,Low,On-Time,8
1766,Basic,Active,3,19.00,11,High,High,Medium,Delayed,8
1767,Basic,Active,1,10.00,24,High,High,Low,On-Time,7
1768,Enterprise,"At Risk",7,131.00,51,Low,Low,Low,On-Time,6
1769,Basic,"At Risk",7,27.00,84,Low,Medium,Medium,On-Time,7
1770,Basic,Active,1,25.00,9,Medium,High,Low,On-Time,9
1771,Pro,Active,2,66.00,17,High,High,Medium,On-Time,9
1772,Basic,Churned,10,16.00,87,Medium,Low,Medium,Delayed,4
1773,Pro,Churned,14,56.00,194,Low,Low,Medium,Delayed,1
1774,Basic,Active,1,18.00,9,Medium,High,Low,On-Time,8
1775,Basic,Active,4,18.00,37,High,High,High,On-Time,9
1776,Basic,"At Risk",5,14.00,30,High,Medium,Medium,Delayed,7
1777,Basic,"At Risk",7,27.00,80,Low,Low,Low,On-Time,7
1778,Basic,Active,4,14.00,38,Medium,High,Medium,On-Time,7
1779,Basic,"At Risk",5,14.00,39,Medium,Medium,Medium,On-Time,8
1780,Pro,Active,2,71.00,8,Medium,Medium,Low,On-Time,9
1781,Pro,Active,3,59.00,43,High,Medium,Low,On-Time,8
1782,Basic,Active,3,14.00,6,High,Medium,High,On-Time,8
1783,Pro,Churned,9,66.00,78,Low,Medium,Low,Missed,7
1784,Basic,Churned,11,21.00,108,Low,Low,Medium,Delayed,7
1785,Basic,Active,3,12.00,42,Medium,High,Low,On-Time,10
1786,Pro,"At Risk",6,66.00,37,Medium,High,Medium,Delayed,7
1787,Enterprise,"At Risk",7,212.00,69,Medium,Low,Low,On-Time,6
1788,Basic,"At Risk",5,12.00,29,Medium,Medium,Low,Delayed,8
1789,Pro,Active,4,46.00,26,Medium,Medium,Medium,On-Time,10
1790,Pro,Active,4,52.00,42,High,Medium,Medium,On-Time,7
1791,Pro,Active,4,63.00,43,High,Medium,Medium,On-Time,9
1792,Basic,Active,1,26.00,10,High,Medium,Low,On-Time,8
1793,Enterprise,Active,1,129.00,13,Medium,High,Low,On-Time,8
1794,Basic,Active,0,14.00,8,High,High,Low,On-Time,10
1795,Basic,Active,2,17.00,19,High,High,Medium,On-Time,9
1796,Pro,Active,3,40.00,43,High,High,Medium,On-Time,7
1797,Basic,Active,2,21.00,24,High,High,Medium,On-Time,9
1798,Basic,Active,1,20.00,12,High,High,Medium,On-Time,9
1799,Basic,Churned,9,17.00,56,Low,Low,Low,Missed,7
1800,Basic,Active,3,20.00,32,High,High,Medium,On-Time,9
1801,Basic,Active,1,22.00,30,High,High,Low,On-Time,7
1802,Enterprise,Active,4,210.00,34,Medium,Medium,Low,On-Time,10
1803,Basic,Active,2,11.00,14,Medium,Medium,Low,On-Time,8
1804,Basic,Active,3,25.00,27,High,Medium,Medium,On-Time,10
1805,Basic,Churned,13,27.00,147,Low,Low,Low,Delayed,2
1806,Basic,Active,2,24.00,23,High,Medium,Low,On-Time,10
1807,Pro,Active,2,54.00,25,High,Medium,Low,On-Time,10
1808,Basic,"At Risk",8,16.00,70,Low,Low,Low,On-Time,6
1809,Pro,Active,3,53.00,32,High,High,Medium,On-Time,9
1810,Basic,"At Risk",6,12.00,34,Medium,High,Medium,Delayed,7
1811,Basic,Active,3,12.00,30,High,Medium,Medium,On-Time,7
1812,Basic,Active,2,25.00,1,High,Medium,Medium,On-Time,8
1813,Pro,Active,3,65.00,37,High,Medium,Low,On-Time,8
1814,Basic,Active,1,12.00,5,High,High,Medium,On-Time,10
1815,Basic,Active,4,29.00,26,High,Medium,High,On-Time,10
1816,Pro,Active,2,79.00,35,High,High,Low,On-Time,9
1817,Pro,Churned,10,72.00,110,Medium,Medium,Low,Missed,4
1818,Basic,Active,2,15.00,15,High,Medium,Low,On-Time,7
1819,Pro,Active,3,51.00,16,High,Medium,Medium,On-Time,10
1820,Pro,Active,3,52.00,21,Medium,High,Medium,On-Time,8
1821,Basic,"At Risk",5,28.00,37,High,Medium,High,On-Time,8
1822,Enterprise,Active,4,209.00,32,High,Medium,Medium,On-Time,10
1823,Pro,Active,3,61.00,19,Medium,Medium,Low,On-Time,9
1824,Pro,Active,2,44.00,21,High,High,Medium,On-Time,10
1825,Pro,Churned,13,42.00,74,Low,Low,High,Missed,5
1826,Enterprise,Churned,15,252.00,162,Low,Low,Medium,Missed,3
1827,Pro,Active,4,65.00,34,Medium,Medium,Low,On-Time,9
1828,Pro,Active,1,49.00,0,High,Medium,Low,On-Time,10
1829,Basic,Active,0,21.00,8,High,High,Low,On-Time,7
1830,Basic,Active,3,22.00,8,High,Medium,High,On-Time,10
1831,Basic,Churned,12,29.00,90,Low,Low,Medium,Missed,4
1832,Basic,Churned,15,28.00,156,Low,Low,Medium,Missed,3
1833,Basic,Active,3,25.00,39,Medium,High,Low,On-Time,9
1834,Basic,Churned,12,21.00,66,Medium,Low,High,Missed,6
1835,Basic,Active,3,23.00,16,Medium,Medium,Low,On-Time,10
1836,Enterprise,Active,1,236.00,16,High,High,Low,On-Time,8
1837,Pro,Churned,13,50.00,207,Low,Low,Low,Delayed,2
1838,Basic,Active,1,10.00,28,High,High,Low,On-Time,8
1839,Basic,Churned,11,12.00,102,Low,Low,High,On-Time,4
1840,Pro,Active,1,70.00,27,High,High,Low,On-Time,10
1841,Pro,Active,4,78.00,12,Medium,Medium,Low,Delayed,8
1842,Pro,Churned,11,46.00,50,Low,Low,High,Delayed,4
1843,Pro,Active,4,51.00,5,High,Medium,Medium,Delayed,10
1844,Enterprise,Active,4,195.00,38,Medium,Medium,Low,On-Time,7
1845,Basic,Churned,13,20.00,259,Low,Low,Low,Delayed,3
1846,Pro,"At Risk",7,61.00,61,Medium,Low,Medium,On-Time,7
1847,Basic,Active,0,24.00,4,High,High,Low,On-Time,9
1848,Pro,Churned,12,65.00,294,Low,Low,Low,Missed,5
1849,Basic,"At Risk",7,20.00,83,Low,Medium,Low,On-Time,5
1850,Basic,Active,2,22.00,21,High,High,Medium,On-Time,7
1851,Pro,Active,2,62.00,0,High,Medium,Medium,On-Time,7
1852,Pro,Active,1,54.00,5,High,High,Medium,On-Time,9
1853,Pro,Active,4,48.00,36,High,Medium,Medium,On-Time,10
1854,Basic,Active,3,19.00,35,High,High,Medium,On-Time,10
1855,Basic,Active,2,18.00,14,Medium,High,Medium,On-Time,9
1856,Enterprise,Active,4,159.00,40,High,Medium,Medium,On-Time,9
1857,Pro,Active,3,71.00,26,Medium,High,Medium,On-Time,8
1858,Basic,"At Risk",5,17.00,24,Medium,Medium,High,On-Time,8
1859,Pro,Active,2,44.00,21,High,High,Medium,On-Time,7
1860,Basic,Active,2,17.00,26,High,High,Medium,On-Time,9
1861,Basic,Active,4,13.00,43,Medium,High,Medium,On-Time,7
1862,Enterprise,Active,2,202.00,17,High,Medium,Low,On-Time,10
1863,Basic,Active,2,21.00,29,High,High,Medium,On-Time,10
1864,Enterprise,Churned,10,245.00,101,Medium,Medium,High,Delayed,7
1865,Basic,Churned,13,27.00,270,Low,Low,Low,Delayed,2
1866,Pro,Churned,13,72.00,188,Low,Low,Medium,Missed,5
1867,Basic,Active,2,19.00,3,Medium,Medium,Low,On-Time,10
1868,Basic,Churned,12,26.00,107,Medium,Low,Medium,Missed,5
1869,Basic,Active,3,25.00,27,High,Medium,Medium,On-Time,10
1870,Basic,"At Risk",5,12.00,24,High,Medium,Medium,Delayed,10
1871,Basic,Active,1,20.00,1,Medium,High,Low,On-Time,10
1872,Basic,Churned,12,18.00,95,Low,Low,Medium,Delayed,6
1873,Pro,Active,4,41.00,24,Medium,High,Low,Delayed,7
1874,Enterprise,"At Risk",5,295.00,31,High,High,Medium,Delayed,8
1875,Basic,Churned,11,26.00,112,Low,Low,Medium,Delayed,7
1876,Basic,Active,3,17.00,30,High,Medium,Medium,On-Time,10
1877,Pro,Active,1,64.00,22,High,High,Low,On-Time,9
1878,Pro,Active,3,46.00,30,Medium,High,Medium,On-Time,10
1879,Basic,Active,4,25.00,29,Medium,Medium,Medium,On-Time,9
1880,Enterprise,Churned,11,138.00,104,Low,Low,Low,Delayed,4
1881,Basic,Active,2,21.00,5,Medium,Medium,Low,On-Time,10
1882,Basic,Churned,9,27.00,73,Medium,Low,Low,Delayed,4
1883,Basic,Active,4,24.00,20,High,Medium,High,On-Time,9
1884,Basic,Active,4,27.00,30,High,High,Medium,Delayed,8
1885,Pro,Active,2,51.00,22,High,High,Medium,On-Time,7
1886,Basic,Churned,13,24.00,180,Low,Low,High,Delayed,4
1887,Pro,Churned,11,47.00,106,Low,Low,Low,Delayed,5
1888,Basic,Active,3,14.00,23,Medium,High,Medium,On-Time,8
1889,Basic,Churned,12,16.00,117,Medium,Low,Medium,Missed,6
1890,Basic,Active,2,14.00,1,High,High,High,On-Time,10
1891,Pro,"At Risk",8,40.00,88,Medium,Medium,Low,Delayed,4
1892,Basic,Active,4,19.00,25,High,Medium,Low,Delayed,9
1893,Pro,Active,4,66.00,23,High,Medium,Low,Delayed,7
1894,Basic,Churned,9,27.00,102,Low,Low,Low,On-Time,4
1895,Basic,Churned,15,10.00,203,Low,Low,Medium,Missed,2
1896,Pro,Active,2,49.00,23,High,Medium,Low,On-Time,9
1897,Basic,Active,1,25.00,6,High,Medium,Low,On-Time,8
1898,Pro,Active,3,68.00,8,Medium,High,High,On-Time,8
1899,Basic,Active,2,22.00,5,High,High,High,On-Time,7
1900,Basic,"At Risk",8,16.00,88,Low,Low,Low,On-Time,4
1901,Basic,Active,3,27.00,19,High,Medium,Medium,On-Time,9
1902,Pro,Active,3,45.00,8,Medium,High,High,On-Time,8
1903,Pro,"At Risk",8,43.00,90,Medium,Medium,Low,Delayed,4
1904,Basic,Active,2,24.00,1,High,High,Low,Delayed,9
1905,Basic,Churned,10,18.00,75,Low,Low,Low,Missed,7
1906,Basic,Active,1,12.00,18,High,High,Low,On-Time,7
1907,Basic,"At Risk",5,23.00,20,High,Medium,Medium,Delayed,7
1908,Basic,Active,2,21.00,32,High,High,Low,On-Time,10
1909,Basic,Active,3,22.00,30,Medium,High,Medium,On-Time,8
1910,Basic,Active,4,18.00,38,High,Medium,Medium,On-Time,8
1911,Basic,Active,4,25.00,38,Medium,Medium,Low,On-Time,10
1912,Basic,Active,0,14.00,9,High,High,Low,On-Time,8
1913,Basic,Active,2,25.00,38,High,High,Low,On-Time,10
1914,Basic,Churned,12,27.00,102,Low,Low,Medium,Delayed,5
1915,Basic,Active,2,13.00,11,High,Medium,Medium,On-Time,7
1916,Basic,Active,3,12.00,5,High,Medium,Low,Delayed,10
1917,Pro,"At Risk",6,62.00,91,Medium,Medium,Low,On-Time,7
1918,Enterprise,Active,2,244.00,25,High,High,Medium,On-Time,8
1919,Pro,Active,1,56.00,8,Medium,High,Low,On-Time,9
1920,Basic,"At Risk",5,26.00,0,Medium,Medium,Medium,Delayed,7
1921,Pro,Churned,12,44.00,97,Low,Low,Medium,Delayed,4
1922,Basic,Churned,15,16.00,247,Low,Low,Medium,Missed,1
1923,Basic,Churned,10,17.00,93,Medium,Low,Low,Missed,7
1924,Basic,"At Risk",7,16.00,33,High,Medium,High,Delayed,10
1925,Basic,Active,4,16.00,38,Medium,Medium,Low,On-Time,8
1926,Enterprise,Active,4,249.00,42,High,High,Low,Delayed,8
1927,Basic,Active,2,24.00,29,Medium,High,Low,On-Time,7
1928,Enterprise,Churned,13,227.00,103,Low,Low,High,Delayed,4
1929,Basic,Churned,13,28.00,123,Low,Low,Low,Delayed,1
1930,Enterprise,Churned,11,248.00,46,Low,Low,High,Delayed,6
1931,Pro,Active,1,63.00,13,High,Medium,Low,On-Time,8
1932,Basic,Churned,13,24.00,180,Low,Low,Low,Delayed,2
1933,Pro,"At Risk",6,41.00,39,High,Medium,Medium,Delayed,8
1934,Basic,Churned,12,16.00,264,Low,Low,Medium,Delayed,5
1935,Pro,Active,4,45.00,14,High,Medium,Medium,Delayed,9
1936,Basic,Churned,10,12.00,81,Low,Low,Low,Delayed,5
1937,Basic,"At Risk",6,27.00,18,Medium,High,High,Delayed,10
1938,Pro,Active,3,76.00,32,High,Medium,Low,On-Time,9
1939,Pro,Active,1,66.00,21,High,High,Low,On-Time,7
1940,Basic,Active,3,25.00,35,High,Medium,Low,On-Time,8
1941,Basic,Active,2,20.00,19,Medium,High,Low,On-Time,9
1942,Basic,Churned,15,27.00,123,Low,Low,Medium,Missed,1
1943,Enterprise,Churned,10,242.00,93,Medium,Low,Medium,Delayed,7
1944,Enterprise,Active,4,144.00,20,Medium,High,High,On-Time,8
1945,Enterprise,Active,3,256.00,15,Medium,High,Medium,On-Time,8
1946,Basic,Active,1,11.00,12,Medium,High,Low,On-Time,9
1947,Pro,Active,2,74.00,1,Medium,High,Medium,On-Time,9
1948,Enterprise,Churned,11,185.00,72,Low,Low,Low,Missed,4
1949,Pro,Active,3,57.00,24,High,Medium,Medium,On-Time,8
1950,Basic,Active,3,22.00,22,Medium,Medium,Low,On-Time,10
1951,Basic,Active,2,27.00,6,Medium,Medium,Low,On-Time,10
1952,Enterprise,Active,2,219.00,10,High,Medium,Medium,On-Time,10
1953,Pro,Active,4,43.00,22,Medium,Medium,Medium,On-Time,8
1954,Basic,Active,4,11.00,39,Medium,Medium,Low,On-Time,9
1955,Basic,Active,2,20.00,28,High,High,Medium,On-Time,9
1956,Enterprise,Churned,13,242.00,60,Low,Low,High,Missed,6
1957,Pro,Active,2,78.00,1,Medium,Medium,Low,On-Time,8
1958,Basic,Churned,10,24.00,54,Low,Low,Medium,Delayed,5
1959,Basic,Churned,12,27.00,112,Low,Low,Low,Missed,6
1960,Basic,Active,1,10.00,0,High,High,Medium,On-Time,10
1961,Pro,Churned,13,79.00,150,Low,Low,Medium,Missed,4
1962,Basic,Active,0,17.00,3,High,High,Low,On-Time,8
1963,Pro,Active,0,52.00,11,High,High,Low,On-Time,8
1964,Basic,Active,4,20.00,33,Medium,High,Medium,On-Time,7
1965,Basic,Churned,10,20.00,52,Low,Medium,Medium,Missed,4
1966,Pro,Active,2,69.00,13,Medium,Medium,Low,On-Time,8
1967,Basic,Churned,11,27.00,263,Low,Low,Low,Delayed,4
1968,Basic,Active,4,16.00,39,High,Medium,Medium,On-Time,10
1969,Basic,Churned,10,22.00,68,Low,Low,Low,Delayed,5
1970,Basic,Active,2,25.00,25,High,Medium,Low,On-Time,9
1971,Basic,Churned,10,29.00,98,Low,Medium,Low,Delayed,4
1972,Pro,Active,3,54.00,10,Medium,High,Low,Delayed,8
1973,Pro,Active,4,62.00,32,Medium,High,Medium,On-Time,10
1974,Basic,Active,3,27.00,44,High,High,Medium,On-Time,9
1975,Enterprise,Active,2,277.00,44,High,High,Low,On-Time,7
1976,Basic,Active,1,14.00,18,High,High,Low,On-Time,7
1977,Pro,Active,0,50.00,11,High,High,Low,On-Time,8
1978,Basic,Active,1,16.00,5,High,High,Medium,On-Time,8
1979,Pro,Churned,10,73.00,51,Medium,Low,High,Delayed,5
1980,Pro,"At Risk",6,40.00,54,Medium,Low,Medium,On-Time,7
1981,Basic,Active,1,18.00,3,High,Medium,Low,On-Time,9
1982,Pro,Active,3,58.00,31,High,Medium,Low,On-Time,8
1983,Basic,Active,1,15.00,6,High,Medium,Low,On-Time,9
1984,Basic,"At Risk",7,13.00,42,High,Medium,High,Delayed,7
1985,Basic,Active,1,25.00,4,High,Medium,Low,On-Time,7
1986,Basic,Churned,16,17.00,276,Low,Low,High,Missed,3
1987,Basic,Churned,10,13.00,82,Low,Low,Low,Delayed,5
1988,Pro,Active,4,64.00,42,Medium,Medium,Low,On-Time,7
1989,Basic,"At Risk",6,27.00,43,High,High,High,Delayed,8
1990,Basic,Active,4,10.00,26,High,Medium,Low,Delayed,7
1991,Basic,Churned,12,20.00,226,Low,Low,Low,Missed,4
1992,Pro,Churned,12,76.00,109,Low,Low,Low,Missed,6
1993,Pro,Active,3,40.00,20,High,High,Low,Delayed,9
1994,Basic,Active,3,29.00,33,High,High,Medium,On-Time,8
1995,Basic,"At Risk",5,15.00,39,High,Medium,High,On-Time,8
1996,Pro,Active,3,44.00,34,High,High,Medium,On-Time,10
1997,Basic,Active,1,13.00,18,High,High,Low,On-Time,9
1998,Basic,"At Risk",7,19.00,85,Medium,Medium,Medium,On-Time,6
1999,Basic,Churned,9,25.00,104,Medium,Low,Low,Delayed,7
2000,Basic,Churned,11,29.00,112,Low,Low,Medium,Delayed,7
2001,Basic,Active,0,19.00,14,High,High,Low,On-Time,7
2002,Basic,"At Risk",6,24.00,40,Medium,Medium,Low,Delayed,8
2003,Enterprise,Active,4,136.00,38,Medium,High,Medium,On-Time,9
2004,Pro,Active,2,48.00,40,High,High,Low,On-Time,8
2005,Basic,Active,2,20.00,13,Medium,High,Medium,On-Time,9
2006,Pro,Churned,16,65.00,251,Low,Low,High,Missed,1
2007,Basic,Active,1,26.00,30,High,High,Low,On-Time,10
2008,Basic,"At Risk",8,15.00,46,Low,Medium,Low,Delayed,4
2009,Basic,Active,2,17.00,13,Medium,High,Medium,On-Time,7
2010,Basic,Active,1,27.00,3,High,High,Medium,On-Time,9
2011,Basic,"At Risk",8,10.00,101,Low,Medium,Low,On-Time,4
2012,Pro,Churned,10,76.00,72,Low,Low,Low,Delayed,6
2013,Basic,Active,2,13.00,6,High,Medium,Medium,On-Time,9
2014,Basic,Active,4,25.00,40,Medium,Medium,Low,On-Time,7
2015,Pro,Active,3,73.00,11,Medium,Medium,Medium,On-Time,9
2016,Pro,Active,2,42.00,29,Medium,High,Low,On-Time,9
2017,Pro,Active,1,73.00,4,Medium,High,Low,On-Time,7
2018,Pro,Churned,9,60.00,91,Medium,Low,Medium,On-Time,6
2019,Pro,Active,2,74.00,36,High,High,Low,On-Time,8
2020,Enterprise,"At Risk",7,255.00,52,Medium,Medium,Low,Delayed,6
2021,Pro,Active,3,74.00,38,High,Medium,Low,On-Time,10
2022,Pro,"At Risk",8,64.00,54,Low,Low,Low,Delayed,7
2023,Enterprise,Churned,10,129.00,82,Low,Low,Low,Delayed,6
2024,Basic,Active,3,17.00,32,Medium,High,Low,On-Time,9
2025,Pro,Active,3,46.00,44,High,Medium,Low,On-Time,9
2026,Pro,Active,4,75.00,29,High,Medium,High,On-Time,9
2027,Pro,Churned,10,78.00,76,Medium,Low,Medium,Delayed,6
2028,Basic,Active,3,10.00,14,Medium,High,High,On-Time,10
2029,Basic,Churned,12,11.00,154,Low,Low,Low,Missed,4
2030,Basic,Active,2,14.00,2,High,Medium,Medium,On-Time,10
2031,Pro,Churned,14,65.00,181,Low,Low,Low,Missed,2
2032,Basic,Active,1,19.00,14,High,Medium,Low,On-Time,10
2033,Enterprise,Churned,12,129.00,292,Low,Low,Low,Missed,4
2034,Pro,"At Risk",5,57.00,20,High,Medium,Medium,Delayed,7
2035,Basic,Active,3,10.00,15,Medium,Medium,Low,On-Time,8
2036,Pro,Active,4,71.00,27,Medium,High,Low,Delayed,7
2037,Pro,Active,0,44.00,4,High,High,Low,On-Time,10
2038,Basic,Active,3,15.00,17,Medium,Medium,Low,On-Time,9
2039,Basic,Active,3,11.00,17,Medium,Medium,Low,On-Time,9
2040,Basic,Active,1,23.00,8,High,Medium,Low,On-Time,9
2041,Basic,Churned,10,23.00,55,Low,Low,Medium,Delayed,4
2042,Pro,"At Risk",5,44.00,44,Medium,Medium,Medium,On-Time,7
2043,Basic,Churned,12,27.00,97,Low,Low,Low,Missed,5
2044,Basic,Churned,9,20.00,84,Low,Low,Low,Delayed,7
2045,Pro,Active,2,70.00,12,Medium,Medium,Low,On-Time,8
2046,Enterprise,Active,1,247.00,28,High,High,Low,On-Time,8
2047,Basic,Active,3,13.00,4,Medium,Medium,Medium,On-Time,10
2048,Enterprise,Active,1,296.00,15,High,High,Low,On-Time,7
2049,Enterprise,"At Risk",5,209.00,42,Medium,High,High,On-Time,9
2050,Pro,Churned,14,60.00,176,Low,Low,Low,Missed,1
2051,Basic,Churned,15,10.00,287,Low,Low,Medium,Missed,1
2052,Pro,Active,2,59.00,3,High,High,High,On-Time,9
2053,Pro,Active,3,59.00,10,High,Medium,High,On-Time,8
2054,Pro,Churned,13,73.00,127,Low,Low,Low,Delayed,2
2055,Basic,"At Risk",7,27.00,55,Low,Low,Low,On-Time,4
2056,Pro,"At Risk",5,45.00,5,Medium,Medium,Medium,Delayed,8
2057,Pro,Active,3,51.00,25,High,High,Low,Delayed,7
2058,Pro,Active,4,67.00,40,Medium,High,Medium,On-Time,8
2059,Basic,Churned,9,17.00,48,Low,Low,Medium,Delayed,7
2060,Pro,Active,3,46.00,0,High,High,Medium,Delayed,10
2061,Basic,Active,3,19.00,30,Medium,Medium,Low,On-Time,10
2062,Pro,"At Risk",6,79.00,37,High,Medium,Medium,Delayed,9
2063,Pro,"At Risk",6,47.00,73,Medium,Medium,Low,On-Time,6
2064,Basic,Churned,12,23.00,114,Low,Low,Medium,Delayed,4
2065,Pro,"At Risk",6,56.00,53,Low,Medium,Low,On-Time,5
2066,Pro,Active,2,60.00,30,High,High,Medium,On-Time,8
2067,Basic,"At Risk",7,17.00,59,Low,Low,Medium,On-Time,7
2068,Basic,Churned,12,17.00,190,Low,Low,Medium,Delayed,5
2069,Basic,Active,2,15.00,28,High,High,Medium,On-Time,7
2070,Basic,Churned,13,26.00,210,Low,Low,Low,Delayed,2
2071,Basic,Active,1,19.00,4,High,Medium,Low,On-Time,9
2072,Basic,Active,2,29.00,10,High,High,Low,Delayed,7
2073,Pro,Active,2,69.00,8,Medium,Medium,Low,On-Time,7
2074,Pro,Active,2,54.00,28,High,High,Medium,On-Time,7
2075,Pro,Active,3,68.00,26,Medium,High,Medium,On-Time,7
2076,Basic,Active,4,24.00,17,Medium,High,High,On-Time,7
2077,Basic,Active,2,14.00,21,Medium,High,Low,On-Time,9
2078,Basic,Active,4,14.00,18,High,Medium,High,On-Time,9
2079,Basic,Active,3,14.00,28,Medium,Medium,Low,On-Time,7
2080,Pro,Churned,10,66.00,69,Medium,Low,Medium,Delayed,5
2081,Basic,Active,2,14.00,10,High,High,High,On-Time,9
2082,Basic,Active,3,10.00,18,Medium,High,Medium,On-Time,10
2083,Basic,Churned,14,28.00,150,Low,Low,Low,Missed,3
2084,Basic,Churned,10,26.00,85,Medium,Low,Medium,Delayed,5
2085,Basic,Active,2,21.00,2,Medium,High,Medium,On-Time,8
2086,Enterprise,Churned,14,179.00,250,Low,Low,High,Missed,5
2087,Basic,Active,4,12.00,18,High,Medium,Low,Delayed,8
2088,Enterprise,Churned,12,161.00,107,Medium,Low,Medium,Missed,5
2089,Basic,Active,3,15.00,19,High,High,High,On-Time,8
2090,Pro,Active,3,74.00,22,Medium,Medium,Low,On-Time,10
2091,Basic,Churned,13,19.00,170,Low,Low,Low,Delayed,2
2092,Basic,Churned,16,19.00,220,Low,Low,High,Missed,3
2093,Basic,Active,2,17.00,28,Medium,High,Low,On-Time,7
2094,Basic,Churned,11,21.00,67,Low,Low,Medium,Delayed,5
2095,Basic,Active,2,29.00,1,Medium,High,Medium,On-Time,7
2096,Pro,Churned,9,57.00,48,Low,Medium,Low,Missed,6
2097,Basic,Active,4,11.00,22,High,High,Medium,Delayed,7
2098,Basic,Active,3,10.00,31,Medium,High,Low,On-Time,8
2099,Pro,Churned,13,78.00,217,Low,Low,Medium,Missed,5
2100,Basic,Active,4,22.00,19,High,High,Medium,Delayed,10
2101,Basic,"At Risk",6,21.00,54,Medium,Medium,Low,Delayed,7
2102,Basic,"At Risk",8,20.00,88,Low,Low,Low,On-Time,6
2103,Basic,Active,3,13.00,40,High,High,Medium,On-Time,9
2104,Basic,Active,4,18.00,33,Medium,Medium,Low,On-Time,10
2105,Basic,Active,2,28.00,3,Medium,Medium,Low,On-Time,8
2106,Basic,"At Risk",6,14.00,89,Medium,Medium,Low,On-Time,4
2107,Basic,Churned,11,28.00,63,Low,Medium,Medium,Missed,4
2108,Pro,Active,1,53.00,6,Medium,High,Low,On-Time,8
2109,Basic,Active,1,24.00,27,High,High,Low,On-Time,8
2110,Basic,Active,3,25.00,28,High,Medium,Medium,On-Time,7
2111,Basic,Active,3,15.00,43,High,Medium,Low,On-Time,7
2112,Enterprise,"At Risk",5,225.00,25,Medium,High,Medium,Delayed,8
2113,Pro,Active,3,73.00,21,Medium,High,Medium,On-Time,7
2114,Pro,Churned,11,72.00,118,Low,Low,Low,Delayed,5
2115,Pro,Active,3,77.00,1,High,Medium,Low,Delayed,8
2116,Pro,Active,0,52.00,1,High,High,Low,On-Time,9
2117,Basic,Churned,13,14.00,93,Low,Low,High,Delayed,5
2118,Pro,Active,4,50.00,42,High,Medium,Medium,On-Time,9
2119,Enterprise,Active,1,158.00,3,High,Medium,Low,On-Time,8
2120,Basic,Churned,10,15.00,101,Medium,Low,Low,Delayed,6
2121,Basic,Active,4,19.00,20,Medium,Medium,Medium,On-Time,7
2122,Basic,Churned,13,16.00,128,Low,Low,Low,Delayed,1
2123,Basic,Active,1,15.00,8,High,Medium,Low,On-Time,9
2124,Pro,Active,3,79.00,39,Medium,High,Low,On-Time,8
2125,Pro,"At Risk",8,79.00,71,Low,Medium,Medium,On-Time,6
2126,Pro,Active,4,57.00,20,High,Medium,High,On-Time,7
2127,Basic,Active,2,13.00,36,High,High,Low,On-Time,10
2128,Pro,Active,1,72.00,8,High,Medium,Low,On-Time,7
2129,Basic,Active,2,22.00,27,High,Medium,Low,On-Time,9
2130,Pro,Churned,9,68.00,96,Low,Low,Low,On-Time,5
2131,Pro,Active,4,55.00,12,Medium,Medium,Low,Delayed,7
2132,Pro,Active,3,71.00,32,High,Medium,Low,On-Time,9
2133,Basic,Active,1,25.00,1,Medium,High,Low,On-Time,8
2134,Basic,Churned,9,14.00,98,Medium,Medium,Low,Delayed,5
2135,Basic,Churned,11,25.00,181,Low,Low,Low,Delayed,5
2136,Pro,Active,2,71.00,1,Medium,High,Medium,On-Time,9
2137,Basic,Churned,12,21.00,66,Low,Low,Medium,Missed,4
2138,Enterprise,Churned,9,159.00,69,Medium,Low,Medium,Delayed,7
2139,Pro,Churned,9,76.00,71,Low,Medium,Low,Delayed,5
2140,Basic,Active,2,15.00,29,High,Medium,Low,On-Time,7
2141,Basic,Active,0,27.00,14,High,High,Low,On-Time,9
2142,Pro,Churned,9,64.00,100,Low,Medium,Medium,On-Time,4
2143,Pro,Active,2,56.00,23,High,Medium,Low,On-Time,9
2144,Basic,Churned,13,15.00,252,Low,Low,Low,Delayed,1
2145,Pro,"At Risk",8,71.00,84,Medium,Medium,Low,Delayed,5
2146,Pro,Active,3,53.00,2,Medium,High,High,On-Time,7
2147,Pro,Active,3,69.00,16,High,High,High,On-Time,10
2148,Basic,Churned,12,28.00,106,Low,Low,Medium,Delayed,4
2149,Basic,Active,4,17.00,44,Medium,Medium,Low,On-Time,7
2150,Pro,Active,4,67.00,44,High,Medium,Medium,On-Time,10
2151,Basic,Active,2,26.00,10,Medium,High,Medium,On-Time,10
2152,Pro,Active,2,67.00,1,Medium,High,Medium,On-Time,7
2153,Pro,Churned,15,59.00,133,Low,Low,High,Delayed,2
2154,Basic,Active,2,11.00,22,Medium,High,Low,On-Time,7
2155,Pro,"At Risk",5,43.00,43,High,Medium,High,On-Time,7
2156,Pro,Churned,11,72.00,66,Low,Medium,High,Delayed,4
2157,Enterprise,Active,4,259.00,32,Medium,High,Medium,On-Time,10
2158,Basic,Active,2,25.00,21,High,High,Medium,On-Time,7
2159,Enterprise,Churned,13,138.00,197,Low,Low,Low,Delayed,2
2160,Basic,Active,3,12.00,23,High,Medium,Medium,On-Time,8
2161,Basic,Active,2,27.00,14,High,Medium,Medium,On-Time,7
2162,Pro,"At Risk",8,61.00,111,Medium,Low,Low,On-Time,6
2163,Pro,Active,1,48.00,5,High,Medium,Low,On-Time,7
2164,Pro,Churned,15,54.00,276,Low,Low,Medium,Missed,3
2165,Basic,Active,3,27.00,20,High,High,High,On-Time,7
2166,Basic,Active,1,23.00,6,High,Medium,Low,On-Time,8
2167,Pro,Active,1,57.00,0,Medium,High,Low,On-Time,9
2168,Basic,Active,1,24.00,6,High,High,Medium,On-Time,8
2169,Basic,Churned,9,26.00,61,Medium,Low,Low,Delayed,5
2170,Enterprise,"At Risk",5,129.00,37,High,Medium,High,On-Time,7
2171,Enterprise,"At Risk",6,165.00,32,Medium,High,Medium,Delayed,7
2172,Pro,Active,4,42.00,6,Medium,Medium,High,On-Time,9
2173,Basic,Active,4,18.00,42,Medium,High,Medium,On-Time,10
2174,Enterprise,Active,4,292.00,39,High,Medium,Medium,On-Time,8
2175,Basic,Active,3,10.00,15,Medium,Medium,Low,On-Time,10
2176,Basic,Churned,14,25.00,263,Low,Low,Low,Missed,1
2177,Pro,Active,3,45.00,3,Medium,High,Low,Delayed,7
2178,Basic,"At Risk",5,17.00,18,Medium,Medium,High,On-Time,7
2179,Pro,Active,4,54.00,35,High,Medium,Medium,On-Time,8
2180,Basic,Churned,9,21.00,92,Low,Low,Low,On-Time,5
2181,Basic,Active,3,27.00,30,Medium,Medium,Low,On-Time,7
2182,Basic,Active,1,20.00,29,High,High,Low,On-Time,9
2183,Basic,"At Risk",5,13.00,42,Medium,Medium,Medium,On-Time,9
2184,Basic,Active,2,28.00,25,Medium,High,Low,On-Time,9
2185,Basic,"At Risk",7,25.00,50,Low,Medium,Low,Delayed,7
2186,Basic,Active,3,23.00,28,High,Medium,Medium,On-Time,9
2187,Enterprise,Active,2,265.00,15,High,Medium,Low,On-Time,8
2188,Basic,Churned,14,16.00,271,Low,Low,Low,Missed,2
2189,Basic,Active,3,14.00,42,High,Medium,Low,On-Time,7
2190,Basic,"At Risk",5,26.00,38,Medium,High,High,On-Time,8
2191,Basic,Active,4,21.00,38,Medium,Medium,Low,On-Time,7
2192,Basic,Active,3,22.00,30,Medium,High,Medium,On-Time,8
2193,Basic,Active,3,18.00,37,High,High,Medium,On-Time,9
2194,Basic,Active,4,27.00,23,Medium,Medium,Medium,On-Time,9
2195,Pro,Active,3,56.00,27,Medium,Medium,Low,On-Time,8
2196,Basic,Active,3,29.00,26,High,High,Low,Delayed,8
2197,Pro,"At Risk",6,40.00,50,Low,Medium,Low,On-Time,4
2198,Pro,Active,3,49.00,39,Medium,High,Low,On-Time,7
2199,Enterprise,Active,2,126.00,0,Medium,Medium,Low,On-Time,10
2200,Basic,"At Risk",5,11.00,15,Medium,Medium,Low,Delayed,10
2201,Enterprise,Active,3,169.00,39,High,Medium,Low,On-Time,9
2202,Pro,"At Risk",5,71.00,38,High,Medium,Low,Delayed,10
2203,Basic,"At Risk",7,17.00,59,Low,Medium,Medium,On-Time,5
2204,Basic,"At Risk",8,24.00,89,Low,Medium,High,On-Time,7
2205,Pro,"At Risk",7,54.00,90,Medium,Low,Low,On-Time,6
2206,Pro,Churned,13,69.00,239,Low,Low,Low,Delayed,3
2207,Basic,Active,4,13.00,18,High,Medium,Low,Delayed,8
2208,Enterprise,Active,3,203.00,31,High,Medium,Low,On-Time,10
2209,Basic,Active,2,16.00,16,Medium,High,Low,On-Time,7
2210,Pro,Active,3,45.00,35,High,Medium,Low,On-Time,10
2211,Enterprise,Active,3,200.00,27,High,High,High,On-Time,10
2212,Basic,Active,3,24.00,0,Medium,Medium,Medium,On-Time,9
2213,Basic,Churned,10,26.00,112,Medium,Low,High,On-Time,5
2214,Pro,"At Risk",8,51.00,56,Medium,Low,Low,Delayed,4
2215,Pro,Churned,11,78.00,84,Medium,Low,High,Delayed,6
2216,Pro,Churned,9,78.00,56,Medium,Low,Medium,Delayed,6
2217,Basic,Churned,12,16.00,97,Low,Medium,High,Delayed,5
2218,Pro,"At Risk",8,41.00,89,Medium,Medium,Low,Delayed,6
2219,Basic,Churned,11,16.00,55,Low,Low,Medium,Missed,6
2220,Basic,Active,3,10.00,10,High,High,Medium,Delayed,10
2221,Basic,Active,4,23.00,30,Medium,Medium,Medium,On-Time,8
2222,Pro,Active,3,58.00,26,High,Medium,Medium,On-Time,10
2223,Enterprise,Churned,12,201.00,79,Low,Low,Medium,Missed,6
2224,Basic,Active,3,19.00,2,High,Medium,High,On-Time,10
2225,Basic,Active,3,17.00,17,High,Medium,Medium,On-Time,8
2226,Basic,Churned,13,13.00,118,Low,Low,High,Delayed,6
2227,Basic,Churned,11,17.00,99,Low,Low,Low,Delayed,6
2228,Basic,Churned,11,29.00,79,Low,Medium,Medium,Missed,4
2229,Basic,Active,1,28.00,8,High,Medium,Low,On-Time,7
2230,Basic,Churned,9,21.00,101,Low,Low,Low,On-Time,6
2231,Enterprise,"At Risk",5,253.00,33,Medium,High,High,On-Time,8
2232,Basic,"At Risk",5,10.00,24,Medium,Medium,High,On-Time,9
2233,Basic,Churned,10,17.00,74,Low,Low,Medium,Delayed,7
2234,Basic,Active,3,29.00,15,Medium,High,Medium,On-Time,7
2235,Basic,Churned,12,29.00,106,Low,Low,Low,Missed,5
2236,Basic,Active,2,29.00,14,High,High,Low,Delayed,10
2237,Basic,Active,2,12.00,0,Medium,High,Medium,On-Time,7
2238,Basic,Active,1,11.00,0,High,Medium,Low,On-Time,7
2239,Pro,Churned,12,64.00,91,Low,Low,Low,Missed,6
2240,Basic,"At Risk",7,15.00,64,Medium,Medium,Low,Delayed,7
2241,Basic,Churned,14,28.00,154,Low,Low,Low,Missed,2
2242,Pro,Active,2,66.00,6,High,High,Low,Delayed,7
2243,Basic,Active,2,25.00,16,High,Medium,Low,On-Time,7
2244,Basic,Active,3,22.00,11,Medium,High,High,On-Time,10
2245,Pro,Active,3,42.00,14,Medium,High,High,On-Time,10
2246,Pro,Active,0,61.00,7,High,High,Low,On-Time,10
2247,Basic,Active,2,25.00,9,High,Medium,Medium,On-Time,9
2248,Pro,Active,4,70.00,29,Medium,High,Low,Delayed,10
2249,Basic,Churned,15,24.00,241,Low,Low,Medium,Missed,2
2250,Basic,Active,4,22.00,35,High,High,Low,Delayed,7
2251,Pro,Active,3,64.00,13,Medium,Medium,Medium,On-Time,9
2252,Basic,Active,2,17.00,22,High,High,Medium,On-Time,7
2253,Basic,Active,4,26.00,6,Medium,Medium,Low,Delayed,10
2254,Basic,Active,1,10.00,14,High,High,Medium,On-Time,8
2255,Basic,Active,4,21.00,41,Medium,High,Medium,On-Time,10
2256,Basic,Active,3,16.00,32,High,High,Medium,On-Time,9
2257,Pro,Active,2,72.00,27,High,Medium,Low,On-Time,7
2258,Basic,Churned,11,22.00,96,Low,Low,Medium,Delayed,7
2259,Basic,Active,2,22.00,8,High,High,Low,Delayed,10
2260,Basic,Churned,13,21.00,138,Low,Low,High,Delayed,5
2261,Basic,"At Risk",6,19.00,41,Medium,Medium,High,On-Time,10
2262,Enterprise,Active,2,161.00,18,High,Medium,Low,On-Time,10
2263,Basic,Churned,12,17.00,115,Low,Low,Medium,Delayed,4
2264,Basic,Active,2,27.00,30,High,Medium,Low,On-Time,9
2265,Pro,Active,3,51.00,7,Medium,High,High,On-Time,7
2266,Pro,Active,2,44.00,17,High,Medium,Low,On-Time,9
2267,Pro,Active,1,62.00,22,High,High,Low,On-Time,10
2268,Basic,Active,2,26.00,5,Medium,Medium,Low,On-Time,7
2269,Basic,"At Risk",5,13.00,42,High,High,Medium,Delayed,8
2270,Basic,Active,2,24.00,25,High,Medium,Low,On-Time,9
2271,Enterprise,Churned,9,290.00,56,Medium,Low,Medium,Delayed,4
2272,Pro,Churned,14,48.00,261,Low,Low,Medium,Delayed,3
2273,Pro,Active,4,68.00,40,Medium,Medium,Low,On-Time,7
2274,Basic,Churned,14,10.00,265,Low,Low,Medium,Delayed,2
2275,Basic,Churned,11,29.00,222,Low,Low,Low,Delayed,4
2276,Basic,Churned,10,27.00,101,Low,Low,High,On-Time,7
2277,Pro,Active,2,79.00,25,Medium,High,Low,On-Time,10
2278,Enterprise,Active,3,299.00,16,High,High,High,On-Time,10
2279,Pro,Churned,13,74.00,131,Low,Low,Medium,Missed,4
2280,Pro,Churned,11,78.00,59,Low,Low,Medium,Missed,5
2281,Pro,Active,2,62.00,7,Medium,Medium,Low,On-Time,10
2282,Basic,Churned,9,26.00,101,Medium,Low,Low,Delayed,7
2283,Pro,Active,2,56.00,18,High,Medium,Low,On-Time,9
2284,Pro,Active,3,61.00,17,Medium,Medium,Low,On-Time,7
2285,Basic,Active,2,26.00,17,High,Medium,Low,On-Time,9
2286,Pro,Churned,9,41.00,62,Medium,Low,Low,Missed,7
2287,Basic,Active,4,21.00,26,Medium,High,Low,Delayed,8
2288,Pro,Active,3,73.00,15,Medium,Medium,Low,On-Time,7
2289,Basic,Active,3,18.00,5,High,Medium,High,On-Time,8
2290,Basic,Churned,10,10.00,93,Medium,Low,Medium,Delayed,7
2291,Pro,Active,3,49.00,25,Medium,High,Medium,On-Time,9
2292,Pro,Active,1,43.00,29,High,High,Low,On-Time,7
2293,Pro,Active,3,72.00,23,High,High,Low,Delayed,8
2294,Basic,Active,3,18.00,36,High,High,Medium,On-Time,8
2295,Enterprise,Active,3,169.00,42,High,High,Medium,On-Time,8
2296,Pro,"At Risk",7,47.00,44,Medium,Medium,Medium,Delayed,7
2297,Basic,Active,4,24.00,30,Medium,Medium,Medium,On-Time,9
2298,Basic,Churned,12,27.00,143,Low,Low,Low,Missed,4
2299,Basic,Active,4,29.00,0,High,High,High,Delayed,9
2300,Basic,Active,1,23.00,11,High,High,Medium,On-Time,8
2301,Pro,Active,1,64.00,6,Medium,High,Low,On-Time,10
2302,Basic,Churned,9,11.00,81,Medium,Low,Low,Delayed,4
2303,Basic,Churned,9,13.00,104,Medium,Medium,Low,Delayed,4
2304,Basic,Active,1,26.00,3,High,Medium,Low,On-Time,9
2305,Pro,Active,4,58.00,23,Medium,Medium,Medium,On-Time,8
2306,Basic,Active,2,16.00,12,Medium,Medium,Low,On-Time,8
2307,Basic,Active,0,28.00,12,High,High,Low,On-Time,9
2308,Enterprise,Active,3,139.00,23,High,Medium,Medium,On-Time,10
2309,Basic,Active,2,19.00,20,High,Medium,Low,On-Time,9
2310,Basic,Active,2,19.00,44,High,High,Low,On-Time,10
2311,Basic,Churned,12,12.00,286,Low,Low,Medium,Delayed,5
2312,Basic,Active,3,15.00,30,Medium,Medium,Low,On-Time,8
2313,Basic,Active,1,24.00,18,High,High,Low,On-Time,10
2314,Pro,Churned,12,50.00,96,Medium,Low,High,Delayed,4
2315,Basic,Active,3,13.00,7,Medium,Medium,Medium,On-Time,10
2316,Pro,Active,0,62.00,7,High,High,Low,On-Time,10
2317,Pro,Churned,12,74.00,101,Low,Low,Medium,Delayed,4
2318,Basic,Active,2,16.00,25,High,Medium,Low,On-Time,7
2319,Enterprise,Active,3,204.00,39,High,Medium,Low,On-Time,8
2320,Basic,Churned,12,26.00,119,Low,Low,Medium,Delayed,4
2321,Basic,Churned,12,27.00,290,Low,Low,Low,Missed,4
2322,Basic,Churned,13,12.00,219,Low,Low,High,Delayed,4
2323,Basic,Active,1,27.00,2,High,Medium,Low,On-Time,8
2324,Basic,Churned,15,20.00,274,Low,Low,Medium,Missed,1
2325,Basic,Churned,14,17.00,237,Low,Low,Low,Missed,1
2326,Enterprise,Active,4,147.00,43,High,Medium,Medium,On-Time,9
2327,Pro,Churned,13,51.00,182,Low,Low,Low,Delayed,3
2328,Basic,Active,1,12.00,18,High,High,Low,On-Time,8
2329,Enterprise,Churned,12,271.00,93,Low,Low,Medium,Delayed,4
2330,Basic,Active,4,18.00,36,High,High,High,On-Time,10
2331,Basic,Active,3,24.00,2,High,Medium,High,On-Time,9
2332,Basic,"At Risk",8,29.00,100,Medium,Low,Low,On-Time,5
2333,Pro,Active,3,74.00,44,High,High,Medium,On-Time,10
2334,Pro,Active,3,44.00,12,Medium,Medium,Medium,On-Time,10
2335,Pro,Active,2,52.00,11,Medium,Medium,Low,On-Time,8
2336,Pro,Active,2,45.00,23,High,Medium,Low,On-Time,7
2337,Pro,Active,3,57.00,35,Medium,High,Low,On-Time,7
2338,Basic,Active,4,28.00,33,Medium,Medium,Low,On-Time,8
2339,Enterprise,Churned,14,270.00,203,Low,Low,Medium,Delayed,2
2340,Basic,Active,1,23.00,20,High,High,Low,On-Time,7
2341,Pro,Active,4,58.00,29,High,Medium,Low,Delayed,7
2342,Pro,Active,0,75.00,13,High,High,Low,On-Time,10
2343,Pro,Active,4,72.00,40,High,Medium,Medium,On-Time,7
2344,Pro,Active,3,69.00,28,Medium,Medium,Low,On-Time,8
2345,Basic,Active,1,15.00,4,High,Medium,Low,On-Time,10
2346,Pro,Active,3,71.00,39,High,High,Medium,On-Time,8
2347,Basic,Churned,13,23.00,194,Low,Low,Medium,Missed,4
2348,Basic,"At Risk",8,11.00,46,Medium,Low,Low,Delayed,6
2349,Basic,Active,4,26.00,17,High,Medium,High,On-Time,10
2350,Basic,Active,3,13.00,15,Medium,High,Medium,On-Time,8
2351,Basic,"At Risk",5,18.00,44,Medium,Medium,Medium,On-Time,9
2352,Pro,"At Risk",6,52.00,26,Medium,Medium,Medium,Delayed,8
2353,Basic,Active,4,28.00,33,High,High,Low,Delayed,8
2354,Basic,Active,3,25.00,39,High,Medium,Low,On-Time,8
2355,Pro,Active,3,58.00,20,High,High,High,On-Time,9
2356,Pro,Active,3,41.00,35,High,Medium,Low,On-Time,9
2357,Pro,Active,3,73.00,29,High,Medium,Medium,On-Time,10
2358,Pro,Churned,13,75.00,168,Low,Low,Low,Delayed,2
2359,Pro,Active,3,60.00,44,High,Medium,Low,On-Time,8
2360,Pro,Active,3,61.00,32,High,Medium,Low,On-Time,10
2361,Pro,"At Risk",7,70.00,51,Low,Medium,Medium,On-Time,6
2362,Basic,Active,2,18.00,6,High,Medium,Medium,On-Time,8
2363,Basic,Churned,9,27.00,71,Medium,Low,Low,Delayed,6
2364,Basic,Active,1,14.00,14,High,High,Medium,On-Time,8
2365,Pro,Active,2,65.00,31,High,High,Low,On-Time,8
2366,Basic,Active,3,24.00,23,High,Medium,Medium,On-Time,8
2367,Basic,"At Risk",6,23.00,39,High,Medium,Medium,Delayed,9
2368,Enterprise,Churned,10,186.00,63,Low,Medium,Low,Missed,5
2369,Basic,Churned,12,26.00,105,Low,Low,Medium,Delayed,4
2370,Pro,Churned,12,63.00,266,Low,Low,Low,Missed,5
2371,Pro,"At Risk",5,59.00,31,Medium,High,High,On-Time,9
2372,Basic,Active,4,14.00,39,Medium,Medium,Low,On-Time,10
2373,Basic,Churned,14,10.00,163,Low,Low,Low,Missed,3
2374,Pro,"At Risk",5,56.00,36,Medium,Medium,Medium,On-Time,9
2375,Pro,Active,2,72.00,23,High,High,Medium,On-Time,8
2376,Basic,Active,4,20.00,15,High,Medium,High,On-Time,8
2377,Pro,Active,1,56.00,20,High,High,Low,On-Time,9
2378,Pro,Active,4,46.00,43,High,Medium,Medium,On-Time,7
2379,Enterprise,Active,0,289.00,4,High,High,Low,On-Time,9
2380,Pro,Active,2,74.00,20,High,Medium,Low,On-Time,9
2381,Basic,Churned,15,22.00,152,Low,Low,Medium,Missed,3
2382,Pro,Churned,11,55.00,61,Medium,Low,High,Delayed,4
2383,Basic,"At Risk",5,11.00,42,Medium,Medium,Medium,On-Time,9
2384,Basic,"At Risk",5,14.00,43,Medium,Medium,Medium,On-Time,9
2385,Pro,Churned,15,45.00,168,Low,Low,Medium,Missed,1
2386,Enterprise,Active,4,202.00,42,High,Medium,Medium,On-Time,9
2387,Pro,Active,2,67.00,16,High,High,Medium,On-Time,10
2388,Pro,Churned,11,57.00,69,Low,Low,High,Delayed,7
2389,Basic,Active,3,23.00,34,Medium,High,Low,On-Time,9
2390,Basic,Active,2,18.00,21,High,Medium,Low,On-Time,7
2391,Pro,Churned,15,56.00,158,Low,Low,Medium,Missed,1
2392,Basic,Active,3,27.00,21,High,Medium,Medium,On-Time,8
2393,Pro,Churned,10,75.00,77,Medium,Low,Medium,Delayed,6
2394,Basic,Churned,11,14.00,103,Low,Low,Low,Delayed,6
2395,Basic,Active,2,24.00,39,High,High,Low,On-Time,10
2396,Basic,Active,4,14.00,20,High,Medium,High,On-Time,7
2397,Basic,"At Risk",5,11.00,76,Medium,Medium,Low,On-Time,7
2398,Pro,Churned,12,42.00,216,Low,Low,Low,Missed,4
2399,Basic,Churned,11,28.00,61,Low,Low,Low,Missed,4
2400,Basic,"At Risk",5,15.00,19,High,High,High,Delayed,8
2401,Basic,Active,1,10.00,5,Medium,High,Low,On-Time,9
2402,Pro,Active,2,53.00,10,Medium,High,Medium,On-Time,9
2403,Pro,Active,2,48.00,1,High,Medium,Medium,On-Time,9
2404,Pro,Churned,15,44.00,206,Low,Low,Medium,Missed,3
2405,Basic,Active,1,19.00,8,High,Medium,Low,On-Time,8
2406,Basic,Churned,13,11.00,270,Low,Low,Low,Delayed,3
2407,Basic,"At Risk",5,13.00,26,High,Medium,Medium,Delayed,7
2408,Pro,Active,2,40.00,0,High,Medium,Medium,On-Time,10
2409,Basic,Churned,11,27.00,73,Low,Low,Low,Missed,6
2410,Basic,Active,1,16.00,7,Medium,High,Low,On-Time,7
2411,Basic,Churned,9,27.00,48,Low,Low,Low,Delayed,6
2412,Pro,Churned,14,56.00,299,Low,Low,Low,Missed,2
2413,Pro,Active,4,51.00,43,Medium,High,Medium,On-Time,10
2414,Basic,Churned,14,24.00,236,Low,Low,Low,Missed,2
2415,Enterprise,Active,2,250.00,15,High,High,Medium,On-Time,10
2416,Basic,Active,3,21.00,25,High,High,Low,Delayed,8
2417,Basic,"At Risk",8,17.00,81,Low,Medium,Medium,On-Time,5
2418,Pro,Active,3,53.00,11,High,Medium,Low,Delayed,9
2419,Basic,Active,1,23.00,14,High,Medium,Low,On-Time,10
2420,Enterprise,Churned,9,254.00,63,Low,Low,Medium,On-Time,4
2421,Pro,Churned,9,47.00,81,Medium,Low,Low,Delayed,6
2422,Pro,"At Risk",8,51.00,66,Low,Low,Medium,On-Time,7
2423,Pro,"At Risk",5,67.00,31,High,High,Medium,Delayed,9
2424,Pro,Active,1,45.00,29,High,High,Low,On-Time,8
2425,Pro,Active,3,76.00,39,High,Medium,Low,On-Time,8
2426,Basic,Active,1,28.00,14,High,Medium,Low,On-Time,8
2427,Basic,Active,3,19.00,6,Medium,Medium,Medium,On-Time,8
2428,Basic,Active,1,11.00,10,Medium,High,Low,On-Time,8
2429,Pro,Active,3,60.00,33,High,High,Medium,On-Time,9
2430,Basic,Active,1,15.00,0,High,High,Medium,On-Time,9
2431,Basic,Active,0,15.00,13,High,High,Low,On-Time,8
2432,Basic,"At Risk",5,26.00,23,Medium,High,Medium,Delayed,7
2433,Enterprise,"At Risk",5,148.00,44,High,Medium,High,On-Time,7
2434,Pro,Churned,13,74.00,179,Low,Low,Low,Delayed,2
2435,Basic,Active,1,27.00,27,High,High,Low,On-Time,7
2436,Basic,"At Risk",5,11.00,35,Medium,Medium,Medium,On-Time,10
2437,Basic,Active,2,29.00,6,High,High,High,On-Time,7
2438,Pro,Active,2,48.00,11,High,High,High,On-Time,8
2439,Basic,Active,2,18.00,40,High,High,Low,On-Time,7
2440,Basic,Active,4,27.00,29,Medium,Medium,Medium,On-Time,7
2441,Pro,Active,3,42.00,19,Medium,High,Medium,On-Time,9
2442,Basic,Active,4,14.00,19,High,High,Medium,Delayed,7
2443,Basic,Active,3,23.00,19,Medium,High,Medium,On-Time,10
2444,Basic,Active,3,26.00,36,High,Medium,Low,On-Time,9
2445,Pro,Churned,9,47.00,117,Low,Medium,Medium,On-Time,6
2446,Enterprise,Active,1,224.00,9,High,High,Medium,On-Time,7
2447,Basic,Active,4,25.00,30,Medium,Medium,Medium,On-Time,10
2448,Pro,Active,2,57.00,18,High,Medium,Low,On-Time,10
2449,Pro,Active,0,53.00,11,High,High,Low,On-Time,9
2450,Basic,Active,3,22.00,17,High,Medium,Medium,On-Time,8
2451,Basic,Churned,14,11.00,180,Low,Low,Low,Missed,1
2452,Basic,Active,3,27.00,38,High,Medium,Low,On-Time,10
2453,Pro,Active,3,71.00,14,High,High,Medium,Delayed,7
2454,Basic,"At Risk",5,10.00,42,Medium,Medium,Medium,On-Time,8
2455,Basic,Active,4,13.00,33,High,Medium,Medium,On-Time,8
2456,Basic,"At Risk",5,29.00,31,High,Medium,High,On-Time,8
2457,Enterprise,Active,1,159.00,2,Medium,High,Low,On-Time,9
2458,Pro,Churned,11,54.00,171,Low,Low,Low,Delayed,4
2459,Enterprise,"At Risk",8,142.00,51,Low,Low,Low,Delayed,7
2460,Enterprise,Churned,12,125.00,261,Low,Low,Low,Missed,4
2461,Pro,Active,3,50.00,24,Medium,High,Medium,On-Time,7
2462,Pro,Churned,15,58.00,205,Low,Low,Medium,Missed,2
2463,Pro,Active,2,62.00,14,High,High,Low,Delayed,8
2464,Enterprise,Churned,14,269.00,181,Low,Low,Low,Missed,2
2465,Pro,Active,1,51.00,8,High,High,Medium,On-Time,9
2466,Basic,Churned,12,23.00,94,Low,Low,Low,Missed,5
2467,Basic,Active,2,10.00,0,Medium,High,Medium,On-Time,10
2468,Pro,Active,0,65.00,8,High,High,Low,On-Time,9
2469,Basic,Active,3,20.00,42,High,High,Medium,On-Time,7
2470,Pro,Active,2,74.00,17,Medium,High,Low,On-Time,9
2471,Enterprise,Active,1,177.00,25,High,High,Low,On-Time,9
2472,Basic,Active,2,11.00,23,High,Medium,Low,On-Time,9
2473,Basic,"At Risk",8,28.00,49,Medium,Low,Low,Delayed,4
2474,Enterprise,Active,3,262.00,8,Medium,Medium,Medium,On-Time,10
2475,Basic,Churned,14,29.00,282,Low,Low,Low,Missed,1
2476,Basic,Active,4,17.00,2,Medium,Medium,High,On-Time,8
2477,Basic,Active,3,23.00,10,Medium,Medium,Medium,On-Time,7
2478,Pro,Active,1,57.00,17,High,High,Low,On-Time,10
2479,Basic,"At Risk",7,26.00,51,Medium,Medium,Low,Delayed,5
2480,Pro,Active,3,55.00,15,Medium,Medium,Low,On-Time,10
2481,Basic,Active,3,15.00,31,High,Medium,Low,On-Time,8
2482,Basic,Churned,10,17.00,57,Low,Low,Medium,Delayed,6
2483,Pro,Churned,14,45.00,157,Low,Low,Low,Missed,2
2484,Basic,Active,3,17.00,17,Medium,High,Medium,On-Time,8
2485,Basic,"At Risk",5,16.00,41,Medium,Medium,Medium,On-Time,10
2486,Basic,Active,1,29.00,14,High,High,Medium,On-Time,10
2487,Pro,Churned,14,52.00,259,Low,Low,Medium,Delayed,1
2488,Basic,"At Risk",5,27.00,18,High,Medium,Medium,Delayed,9
2489,Basic,Active,3,24.00,22,Medium,High,Medium,On-Time,9
2490,Basic,Active,4,14.00,14,Medium,Medium,High,On-Time,9
2491,Basic,Churned,10,28.00,98,Low,Low,Medium,On-Time,4
2492,Basic,"At Risk",7,10.00,46,Medium,Medium,Low,Delayed,5
2493,Basic,Active,0,24.00,3,High,High,Low,On-Time,8
2494,Pro,Active,2,61.00,0,Medium,Medium,Low,On-Time,7
2495,Basic,Active,4,24.00,31,High,High,Low,Delayed,10
2496,Pro,Active,0,70.00,1,High,High,Low,On-Time,9
2497,Basic,Active,2,24.00,21,Medium,High,Low,On-Time,9
2498,Pro,Active,4,42.00,43,High,Medium,Medium,On-Time,8
2499,Basic,Active,1,19.00,19,High,High,Low,On-Time,9
2500,Basic,Active,2,10.00,19,Medium,High,Low,On-Time,9
2501,Basic,"At Risk",8,22.00,86,Medium,Medium,Low,Missed,7
2502,Basic,Active,4,26.00,18,Medium,Medium,Medium,On-Time,8
2503,Basic,Churned,15,25.00,132,Low,Low,Medium,Missed,1
2504,Pro,Active,4,70.00,23,Medium,High,High,On-Time,8
2505,Enterprise,Active,2,172.00,8,High,Medium,Medium,On-Time,10
2506,Basic,"At Risk",8,25.00,51,Low,Low,Low,Delayed,7
2507,Basic,Churned,10,21.00,115,Low,Medium,Low,Delayed,6
2508,Pro,Active,2,59.00,22,High,Medium,Low,On-Time,8
2509,Basic,Churned,14,25.00,257,Low,Low,Low,Missed,2
2510,Basic,Churned,9,25.00,47,Low,Medium,Medium,Delayed,4
2511,Basic,Active,3,20.00,30,Medium,Medium,Low,On-Time,10
2512,Pro,Active,1,47.00,17,High,High,Low,On-Time,10
2513,Basic,Active,3,12.00,39,High,High,Medium,On-Time,9
2514,Basic,Churned,10,14.00,63,Low,Low,Low,Missed,7
2515,Enterprise,Churned,13,275.00,223,Low,Low,High,Delayed,4
2516,Basic,Churned,10,26.00,63,Medium,Low,High,Delayed,7
2517,Pro,"At Risk",5,75.00,23,High,Medium,Medium,Delayed,7
2518,Pro,"At Risk",7,45.00,62,Low,Medium,Low,On-Time,4
2519,Pro,Active,4,65.00,38,Medium,Medium,Low,On-Time,9
2520,Basic,Active,2,12.00,27,Medium,High,Low,On-Time,7
2521,Enterprise,Active,2,240.00,32,High,High,Low,On-Time,7
2522,Enterprise,Active,2,171.00,13,High,High,Low,Delayed,9
2523,Pro,"At Risk",7,73.00,112,Medium,Low,Low,On-Time,7
2524,Pro,Active,2,49.00,12,Medium,High,Medium,On-Time,10
2525,Pro,Churned,10,52.00,71,Low,Low,Low,Delayed,5
2526,Basic,Active,3,18.00,6,Medium,Medium,Medium,On-Time,7
2527,Pro,Active,2,42.00,23,High,High,Medium,On-Time,8
2528,Pro,Active,2,62.00,14,High,High,High,On-Time,9
2529,Enterprise,Active,3,208.00,24,Medium,High,Medium,On-Time,8
2530,Enterprise,Active,0,228.00,14,High,High,Low,On-Time,10
2531,Pro,"At Risk",6,53.00,22,Medium,Medium,Medium,Delayed,8
2532,Basic,Active,4,11.00,14,High,Medium,Medium,Delayed,9
2533,Pro,Churned,14,69.00,103,Low,Low,High,Missed,5
2534,Enterprise,"At Risk",5,184.00,37,Medium,Medium,Medium,On-Time,10
2535,Pro,Active,1,54.00,11,High,Medium,Low,On-Time,8
2536,Basic,Churned,9,28.00,62,Medium,Low,Low,Missed,7
2537,Basic,Churned,11,14.00,68,Medium,Low,Medium,Missed,5
2538,Basic,Active,3,23.00,1,High,Medium,High,On-Time,8
2539,Pro,Active,3,74.00,1,Medium,High,High,On-Time,7
2540,Basic,Churned,13,23.00,233,Low,Low,Low,Delayed,2
2541,Pro,Active,2,51.00,30,High,High,Medium,On-Time,7
2542,Pro,Active,3,67.00,23,High,Medium,Medium,On-Time,7
2543,Basic,Churned,10,24.00,100,Medium,Low,Low,Missed,7
2544,Basic,Active,2,13.00,14,Medium,Medium,Low,On-Time,9
2545,Pro,Active,1,66.00,13,High,High,Medium,On-Time,7
2546,Pro,Active,3,69.00,1,High,High,Medium,Delayed,10
2547,Pro,Active,3,42.00,22,High,High,Low,Delayed,8
2548,Pro,Active,3,54.00,28,High,Medium,Medium,On-Time,8
2549,Basic,Churned,14,29.00,296,Low,Low,Low,Missed,1
2550,Basic,Active,2,18.00,3,Medium,High,Medium,On-Time,10
2551,Basic,Churned,10,26.00,112,Low,Low,Low,Delayed,7
2552,Basic,Active,3,16.00,30,High,High,Low,Delayed,7
2553,Basic,Active,1,17.00,29,High,High,Low,On-Time,9
2554,Pro,Active,3,65.00,16,High,Medium,Medium,On-Time,9
2555,Pro,Churned,15,62.00,132,Low,Low,Medium,Missed,2
2556,Pro,Active,1,69.00,17,High,High,Low,On-Time,8
2557,Basic,Active,2,29.00,20,High,Medium,Low,On-Time,8
2558,Basic,Active,4,11.00,36,High,High,Low,Delayed,10
2559,Enterprise,Active,1,239.00,11,High,High,Medium,On-Time,8
2560,Pro,Active,3,62.00,41,High,Medium,Low,On-Time,10
2561,Basic,Active,3,16.00,16,Medium,Medium,Low,On-Time,10
2562,Basic,Churned,15,27.00,278,Low,Low,Medium,Missed,2
2563,Basic,Active,3,17.00,16,Medium,Medium,Low,On-Time,7
2564,Basic,Active,4,25.00,25,Medium,Medium,Medium,On-Time,7
2565,Basic,"At Risk",6,20.00,31,Medium,Medium,Low,Delayed,9
2566,Basic,Churned,12,17.00,211,Low,Low,Medium,Delayed,4
2567,Basic,Active,4,12.00,34,High,High,High,On-Time,9
2568,Basic,Active,1,20.00,8,Medium,High,Low,On-Time,7
2569,Pro,Active,2,57.00,20,High,High,Medium,On-Time,9
2570,Basic,Active,1,26.00,7,High,Medium,Low,On-Time,9
2571,Basic,"At Risk",7,10.00,39,Medium,High,High,Delayed,9
2572,Pro,Active,4,63.00,43,High,High,Low,Delayed,10
2573,Basic,Active,4,17.00,34,Medium,High,Medium,On-Time,9
2574,Enterprise,Active,3,295.00,30,High,High,Low,Delayed,9
2575,Basic,Active,2,29.00,29,Medium,High,Low,On-Time,10
2576,Basic,"At Risk",8,28.00,62,Medium,Medium,Medium,Delayed,7
2577,Pro,Active,3,76.00,41,High,High,Medium,On-Time,9
2578,Basic,Active,3,23.00,3,Medium,Medium,Medium,On-Time,9
2579,Enterprise,Active,0,297.00,12,High,High,Low,On-Time,7
2580,Basic,Active,3,16.00,30,Medium,High,Medium,On-Time,8
2581,Basic,Active,3,23.00,21,High,High,Low,Delayed,9
2582,Pro,Churned,10,41.00,91,Medium,Medium,Medium,Missed,7
2583,Basic,Churned,12,10.00,97,Low,Low,Medium,Delayed,4
2584,Basic,"At Risk",6,16.00,43,Medium,Medium,Low,Delayed,10
2585,Basic,Churned,12,10.00,83,Low,Low,Medium,Missed,6
2586,Pro,Active,4,49.00,14,High,High,High,Delayed,8
2587,Basic,Active,1,18.00,12,Medium,High,Low,On-Time,8
2588,Basic,Churned,14,23.00,231,Low,Low,Low,Missed,3
2589,Pro,Active,3,49.00,38,High,Medium,Low,On-Time,7
2590,Pro,"At Risk",5,55.00,44,High,High,Medium,Delayed,8
2591,Basic,Churned,9,12.00,80,Medium,Low,Low,Delayed,4
2592,Basic,Churned,14,11.00,163,Low,Low,Medium,Delayed,1
2593,Pro,"At Risk",5,76.00,3,High,Medium,High,Delayed,7
2594,Basic,Churned,14,18.00,158,Low,Low,Low,Missed,1
2595,Basic,"At Risk",6,26.00,35,High,High,High,Delayed,10
2596,Basic,"At Risk",8,17.00,55,Medium,Medium,High,Delayed,7
2597,Pro,"At Risk",5,58.00,8,Medium,Medium,Medium,Delayed,7
2598,Basic,Active,3,11.00,39,Medium,High,Low,On-Time,7
2599,Pro,Churned,11,65.00,113,Low,Low,Low,Delayed,6
2600,Basic,Churned,12,19.00,211,Low,Low,Low,Missed,5
2601,Enterprise,Active,2,208.00,8,High,Medium,Medium,On-Time,8
2602,Basic,Churned,9,17.00,56,Medium,Low,Medium,Delayed,4
2603,Basic,Churned,13,26.00,150,Low,Low,Medium,Missed,4
2604,Basic,"At Risk",7,27.00,22,Medium,Medium,High,Delayed,9
2605,Pro,Active,4,79.00,32,High,Medium,Medium,On-Time,10
2606,Basic,Active,3,26.00,20,High,High,High,On-Time,8
2607,Basic,Active,1,26.00,1,Medium,High,Low,On-Time,7
2608,Pro,Active,1,55.00,3,Medium,High,Low,On-Time,7
2609,Enterprise,Active,0,285.00,11,High,High,Low,On-Time,7
2610,Pro,Active,2,40.00,29,Medium,High,Low,On-Time,10
2611,Enterprise,"At Risk",5,246.00,3,Medium,Medium,Medium,Delayed,9
2612,Pro,Active,2,64.00,24,Medium,High,Low,On-Time,10
2613,Basic,Churned,14,22.00,200,Low,Low,Low,Missed,1
2614,Pro,Active,4,43.00,41,High,High,High,On-Time,9
2615,Basic,Churned,11,18.00,113,Low,Medium,High,Delayed,7
2616,Basic,Active,2,20.00,28,High,Medium,Low,On-Time,9
2617,Pro,Churned,11,62.00,166,Low,Low,Low,Delayed,4
2618,Basic,Active,2,20.00,20,High,Medium,Low,On-Time,8
2619,Basic,Churned,9,13.00,70,Medium,Low,Low,Delayed,4
2620,Enterprise,Active,4,211.00,23,Medium,Medium,Medium,On-Time,9
2621,Basic,Churned,14,27.00,157,Low,Low,Medium,Delayed,2
2622,Pro,Churned,11,60.00,286,Low,Low,Low,Delayed,5
2623,Basic,Active,2,15.00,2,High,Medium,Medium,On-Time,9
2624,Basic,Active,3,11.00,36,Medium,High,Low,On-Time,7
2625,Basic,"At Risk",5,21.00,21,Medium,Medium,High,On-Time,7
2626,Basic,Active,3,17.00,37,Medium,High,Low,On-Time,10
2627,Pro,"At Risk",6,57.00,43,Medium,Medium,High,On-Time,10
2628,Pro,Active,2,65.00,15,High,Medium,Low,On-Time,8
2629,Pro,"At Risk",5,48.00,38,Medium,High,Low,Delayed,7
2630,Basic,Active,3,29.00,29,High,High,Low,Delayed,9
2631,Basic,Active,4,24.00,33,High,High,High,On-Time,10
2632,Basic,Active,2,23.00,5,High,Medium,Medium,On-Time,10
2633,Basic,"At Risk",5,12.00,3,Medium,Medium,Medium,Delayed,8
2634,Basic,Active,0,20.00,4,High,High,Low,On-Time,7
2635,Basic,Active,2,26.00,14,Medium,Medium,Low,On-Time,9
2636,Basic,Active,1,27.00,26,High,High,Low,On-Time,10
2637,Basic,Active,2,18.00,30,High,High,Medium,On-Time,9
2638,Basic,Active,4,16.00,41,High,High,High,On-Time,7
2639,Basic,Active,1,20.00,9,Medium,High,Low,On-Time,8
2640,Basic,"At Risk",7,10.00,73,Low,Low,Low,On-Time,7
2641,Basic,Active,3,22.00,22,High,Medium,Medium,On-Time,10
2642,Basic,Active,0,22.00,5,High,High,Low,On-Time,9
2643,Basic,Active,3,25.00,40,High,High,Medium,On-Time,8
2644,Basic,"At Risk",8,13.00,81,Medium,Low,Low,Delayed,7
2645,Basic,Churned,10,27.00,78,Low,Low,Medium,Delayed,7
2646,Pro,Active,3,71.00,12,Medium,Medium,Medium,On-Time,9
2647,Pro,Active,1,54.00,11,High,High,Medium,On-Time,10
2648,Basic,Churned,10,25.00,85,Low,Low,Low,Delayed,6
2649,Pro,Active,4,76.00,35,High,High,Low,Delayed,8
2650,Pro,Active,0,72.00,6,High,High,Low,On-Time,7
2651,Pro,Churned,9,65.00,83,Low,Low,Medium,On-Time,5
2652,Basic,Active,4,19.00,40,High,High,Low,Delayed,9
2653,Basic,Churned,14,28.00,189,Low,Low,High,Missed,4
2654,Basic,Active,4,10.00,23,High,Medium,High,On-Time,8
2655,Pro,Active,1,67.00,26,High,High,Low,On-Time,8
2656,Pro,Active,3,59.00,40,High,High,Medium,On-Time,8
2657,Basic,Active,3,27.00,14,Medium,Medium,Medium,On-Time,10
2658,Basic,Active,1,26.00,0,Medium,High,Low,On-Time,9
2659,Basic,Active,2,22.00,1,Medium,Medium,Low,On-Time,8
2660,Enterprise,Churned,9,264.00,58,Low,Low,Low,Delayed,4
2661,Pro,Active,3,54.00,28,Medium,High,Medium,On-Time,7
2662,Basic,Active,0,17.00,9,High,High,Low,On-Time,10
2663,Basic,Active,2,21.00,1,High,Medium,Medium,On-Time,8
2664,Basic,"At Risk",5,13.00,37,High,Medium,High,On-Time,8
2665,Pro,"At Risk",5,52.00,35,Medium,Medium,Medium,On-Time,7
2666,Basic,Active,2,29.00,9,High,High,High,On-Time,7
2667,Basic,Active,2,25.00,21,High,High,Medium,On-Time,8
2668,Basic,Active,2,23.00,10,Medium,Medium,Low,On-Time,8
2669,Pro,Active,3,45.00,20,High,High,High,On-Time,9
2670,Basic,Churned,11,26.00,114,Low,Low,Low,Delayed,4
2671,Basic,Active,4,26.00,40,High,High,High,On-Time,9
2672,Basic,Churned,11,23.00,118,Low,Low,Low,Delayed,6
2673,Pro,"At Risk",6,70.00,33,High,High,High,Delayed,7
2674,Basic,Churned,12,12.00,257,Low,Low,Low,Missed,4
2675,Basic,Active,1,10.00,4,Medium,High,Low,On-Time,8
2676,Pro,Active,3,67.00,9,High,Medium,Low,Delayed,8
2677,Basic,Active,1,17.00,27,High,High,Low,On-Time,9
2678,Basic,Active,3,22.00,16,High,Medium,Medium,On-Time,8
2679,Basic,Active,2,27.00,15,Medium,High,Low,On-Time,8
2680,Basic,Active,2,16.00,0,Medium,High,Medium,On-Time,9
2681,Basic,"At Risk",7,12.00,50,Medium,Medium,Medium,Delayed,7
2682,Basic,"At Risk",5,19.00,42,Medium,Medium,Medium,On-Time,7
2683,Basic,Active,1,27.00,14,High,High,Medium,On-Time,10
2684,Basic,Churned,14,15.00,228,Low,Low,Low,Missed,3
2685,Basic,Active,4,14.00,32,Medium,Medium,Low,On-Time,9
2686,Pro,Active,2,71.00,37,High,High,Low,On-Time,9
2687,Pro,"At Risk",5,47.00,38,High,Medium,Low,Delayed,9
2688,Pro,Churned,14,66.00,208,Low,Low,Low,Missed,3
2689,Basic,Active,3,15.00,24,High,High,High,On-Time,10
2690,Pro,Active,2,62.00,17,High,Medium,Low,On-Time,8
2691,Pro,Churned,10,46.00,66,Low,Medium,Low,Missed,5
2692,Pro,Active,4,78.00,19,High,High,Medium,Delayed,10
2693,Basic,Active,3,11.00,10,High,Medium,High,On-Time,8
2694,Basic,Churned,16,18.00,207,Low,Low,High,Missed,1
2695,Basic,Active,3,11.00,18,High,Medium,Medium,On-Time,7
2696,Enterprise,Active,3,152.00,23,High,Medium,Medium,On-Time,7
2697,Basic,Active,2,28.00,20,Medium,High,Low,On-Time,8
2698,Pro,"At Risk",6,59.00,37,Medium,High,Medium,Delayed,8
2699,Pro,Active,3,75.00,26,Medium,Medium,Low,On-Time,9
2700,Enterprise,Churned,10,280.00,88,Medium,Low,Low,Missed,4
2701,Enterprise,"At Risk",5,123.00,23,Medium,Medium,High,On-Time,7
2702,Pro,Active,0,42.00,12,High,High,Low,On-Time,8
2703,Basic,Active,4,24.00,33,High,Medium,Medium,On-Time,7
2704,Basic,Active,3,19.00,1,Medium,Medium,Medium,On-Time,7
2705,Basic,Churned,11,28.00,299,Low,Low,Low,Delayed,5
2706,Pro,Active,3,49.00,31,High,Medium,Low,On-Time,7
2707,Basic,Active,3,28.00,4,High,Medium,High,On-Time,8
2708,Pro,Active,3,52.00,9,Medium,Medium,Medium,On-Time,7
2709,Basic,Churned,9,16.00,86,Medium,Low,Low,Delayed,5
2710,Pro,Active,3,70.00,26,Medium,Medium,Low,On-Time,9
2711,Enterprise,"At Risk",5,247.00,37,Medium,Medium,Medium,On-Time,9
2712,Pro,Active,3,61.00,30,Medium,High,Medium,On-Time,10
2713,Pro,Active,4,46.00,30,High,High,Medium,Delayed,7
2714,Pro,Churned,11,53.00,110,Low,Medium,Medium,Delayed,6
2715,Pro,Active,3,74.00,26,Medium,High,Medium,On-Time,7
2716,Basic,Churned,11,27.00,67,Low,Medium,High,Delayed,6
2717,Enterprise,Active,1,153.00,13,High,High,Medium,On-Time,7
2718,Pro,Active,2,71.00,21,High,Medium,Low,On-Time,9
2719,Pro,Active,4,47.00,11,Medium,Medium,High,On-Time,8
2720,Basic,Churned,9,23.00,78,Medium,Low,Low,Delayed,4
2721,Basic,"At Risk",5,14.00,23,High,High,High,Delayed,8
2722,Basic,"At Risk",5,16.00,43,Medium,Medium,Medium,On-Time,7
2723,Basic,Active,1,25.00,6,High,Medium,Low,On-Time,9
2724,Enterprise,Active,4,238.00,38,Medium,High,Medium,On-Time,8
2725,Pro,Churned,9,55.00,67,Low,Low,Medium,On-Time,6
2726,Pro,Active,4,57.00,43,High,High,High,On-Time,10
2727,Basic,"At Risk",8,26.00,105,Low,Low,Low,On-Time,7
2728,Enterprise,Active,1,237.00,30,High,High,Low,On-Time,9
2729,Enterprise,Churned,14,297.00,132,Low,Low,Low,Missed,3
2730,Pro,Active,4,45.00,39,Medium,Medium,Low,On-Time,7
2731,Basic,Active,2,24.00,7,Medium,High,Medium,On-Time,8
2732,Basic,Active,3,26.00,19,Medium,Medium,Low,On-Time,9
2733,Enterprise,Active,1,174.00,6,High,High,Medium,On-Time,10
2734,Pro,Active,2,74.00,19,High,Medium,Low,On-Time,8
2735,Basic,"At Risk",8,20.00,71,Low,Low,Medium,On-Time,7
2736,Pro,Active,2,70.00,4,High,High,Low,Delayed,8
2737,Pro,Active,2,47.00,19,High,Medium,Low,On-Time,9
2738,Basic,Active,3,14.00,39,High,Medium,Low,On-Time,9
2739,Enterprise,Active,3,179.00,17,High,Medium,Medium,On-Time,9
2740,Basic,Active,3,10.00,27,High,Medium,Medium,On-Time,7
2741,Pro,Active,2,46.00,4,High,Medium,Medium,On-Time,8
2742,Basic,"At Risk",6,23.00,31,Medium,Medium,Low,Delayed,9
2743,Pro,Churned,10,48.00,75,Medium,Low,Medium,Delayed,6
2744,Pro,Active,3,54.00,38,Medium,High,Low,On-Time,7
2745,Basic,Active,4,10.00,25,High,Medium,Low,Delayed,10
2746,Basic,Active,2,13.00,44,High,High,Low,On-Time,10
2747,Pro,Active,2,44.00,24,Medium,High,Low,On-Time,8
2748,Basic,Active,3,21.00,35,High,Medium,Low,On-Time,8
2749,Basic,"At Risk",5,29.00,26,High,Medium,Medium,Delayed,7
2750,Basic,Churned,14,26.00,118,Low,Low,High,Missed,5
2751,Pro,Churned,9,57.00,92,Low,Low,Low,On-Time,6
2752,Pro,Churned,9,64.00,103,Low,Low,Low,On-Time,4
2753,Enterprise,Churned,9,198.00,53,Low,Medium,Low,Missed,4
2754,Pro,"At Risk",7,68.00,56,Low,Low,Low,On-Time,5
2755,Basic,"At Risk",6,15.00,31,Medium,Medium,High,On-Time,10
2756,Pro,Active,2,57.00,11,High,High,High,On-Time,10
2757,Pro,Active,2,74.00,11,Medium,Medium,Low,On-Time,8
2758,Basic,Active,2,27.00,37,High,High,Low,On-Time,7
2759,Pro,Active,2,70.00,8,High,Medium,Medium,On-Time,8
2760,Basic,"At Risk",8,29.00,56,Medium,Low,Low,Delayed,6
2761,Basic,Active,2,10.00,10,Medium,High,Medium,On-Time,10
2762,Basic,Churned,13,21.00,229,Low,Low,Medium,Missed,5
2763,Basic,Active,4,14.00,36,High,High,High,On-Time,9
2764,Basic,"At Risk",5,27.00,44,Medium,Medium,Medium,On-Time,7
2765,Pro,Active,0,44.00,13,High,High,Low,On-Time,9
2766,Pro,Active,1,78.00,12,Medium,High,Low,On-Time,10
2767,Basic,Active,4,23.00,16,High,Medium,High,On-Time,7
2768,Basic,Active,3,14.00,21,Medium,Medium,Low,On-Time,8
2769,Basic,Churned,14,15.00,221,Low,Low,Low,Missed,3
2770,Basic,Churned,12,11.00,182,Low,Low,Low,Missed,5
2771,Enterprise,Churned,10,157.00,85,Low,Medium,Low,Missed,6
2772,Pro,Active,2,54.00,28,Medium,High,Low,On-Time,8
2773,Basic,"At Risk",6,20.00,77,Medium,Low,Low,On-Time,7
2774,Basic,Churned,12,19.00,74,Low,Low,High,Delayed,4
2775,Pro,Active,2,67.00,30,High,Medium,Low,On-Time,9
2776,Pro,Active,4,55.00,34,High,Medium,Medium,On-Time,7
2777,Pro,Active,4,41.00,29,High,Medium,High,On-Time,10
2778,Enterprise,Active,2,210.00,12,High,High,High,On-Time,9
2779,Pro,Churned,13,70.00,275,Low,Low,Medium,Missed,5
2780,Basic,Active,2,29.00,26,Medium,High,Low,On-Time,8
2781,Basic,Active,2,11.00,42,High,High,Low,On-Time,9
2782,Pro,Active,4,77.00,15,High,High,Medium,Delayed,7
2783,Basic,Active,4,11.00,8,Medium,Medium,High,On-Time,10
2784,Basic,Churned,11,27.00,100,Low,Low,Low,Delayed,6
2785,Enterprise,Active,3,234.00,9,Medium,Medium,Medium,On-Time,9
2786,Pro,Churned,13,51.00,201,Low,Low,Low,Delayed,2
2787,Pro,Active,2,47.00,1,Medium,Medium,Low,On-Time,9
2788,Enterprise,Active,3,262.00,29,Medium,High,Medium,On-Time,10
2789,Pro,Churned,10,45.00,93,Medium,Low,Low,Delayed,4
2790,Basic,Churned,11,23.00,92,Medium,Low,Medium,Missed,7
2791,Basic,"At Risk",8,17.00,83,Low,Low,Low,On-Time,4
2792,Pro,Active,1,58.00,16,High,High,Low,On-Time,10
2793,Enterprise,Active,4,161.00,40,High,Medium,Medium,On-Time,8
2794,Pro,Churned,13,76.00,287,Low,Low,Low,Delayed,1
2795,Pro,Active,2,52.00,13,Medium,High,Medium,On-Time,10
2796,Pro,"At Risk",5,56.00,38,Medium,Medium,Medium,On-Time,8
2797,Pro,Active,4,66.00,35,High,High,High,On-Time,9
2798,Enterprise,Active,1,126.00,3,High,Medium,Low,On-Time,10
2799,Pro,Active,2,60.00,3,High,Medium,Medium,On-Time,10
2800,Basic,Active,3,28.00,34,High,Medium,Low,On-Time,7
2801,Basic,Active,2,24.00,28,Medium,High,Low,On-Time,10
2802,Pro,Active,1,47.00,21,High,High,Low,On-Time,8
2803,Enterprise,Active,2,284.00,8,Medium,Medium,Low,On-Time,7
2804,Enterprise,Active,2,131.00,21,High,Medium,Low,On-Time,7
2805,Enterprise,Churned,9,126.00,93,Low,Low,Low,On-Time,5
2806,Pro,Active,2,57.00,24,High,High,Medium,On-Time,7
2807,Basic,Active,3,15.00,22,High,High,High,On-Time,10
2808,Enterprise,Churned,13,143.00,191,Low,Low,Low,Delayed,2
2809,Pro,Churned,9,55.00,48,Medium,Low,Medium,Delayed,4
2810,Pro,"At Risk",7,68.00,112,Low,Medium,Low,On-Time,7
2811,Basic,"At Risk",6,13.00,49,Low,Medium,Medium,On-Time,7
2812,Basic,Churned,9,17.00,107,Medium,Low,Medium,On-Time,4
2813,Basic,"At Risk",8,27.00,55,Low,Medium,Low,Missed,7
2814,Basic,Active,2,11.00,8,Medium,High,Medium,On-Time,7
2815,Pro,Active,2,74.00,4,Medium,High,Medium,On-Time,8
2816,Enterprise,Active,3,159.00,25,High,Medium,Medium,On-Time,9
2817,Basic,Active,3,29.00,6,High,Medium,Low,Delayed,9
2818,Basic,Churned,14,15.00,216,Low,Low,Medium,Delayed,2
2819,Enterprise,Churned,11,212.00,100,Medium,Low,Low,Missed,6
2820,Pro,Active,2,44.00,44,High,High,Low,On-Time,10
2821,Basic,"At Risk",5,23.00,33,Medium,Medium,Medium,On-Time,10
2822,Basic,"At Risk",6,18.00,39,Medium,High,Medium,Delayed,10
2823,Enterprise,Active,2,189.00,16,High,Medium,Low,On-Time,9
2824,Basic,Active,0,18.00,10,High,High,Low,On-Time,7
2825,Pro,Active,2,54.00,1,Medium,Medium,Low,On-Time,8
2826,Basic,Active,3,10.00,31,High,Medium,Low,On-Time,8
2827,Pro,Active,3,59.00,17,Medium,Medium,Low,On-Time,8
2828,Pro,Active,2,77.00,20,High,High,Medium,On-Time,8
2829,Enterprise,Churned,12,146.00,276,Low,Low,Low,Missed,4
2830,Basic,Active,3,11.00,41,High,Medium,Low,On-Time,9
2831,Basic,Active,2,17.00,0,High,Medium,Medium,On-Time,10
2832,Pro,Active,4,66.00,2,Medium,High,Medium,Delayed,7
2833,Basic,Active,3,27.00,34,High,High,Medium,On-Time,8
2834,Basic,Churned,13,10.00,178,Low,Low,Low,Delayed,1
2835,Enterprise,Churned,10,151.00,69,Low,Low,Medium,Delayed,7
2836,Pro,Active,1,54.00,12,High,Medium,Low,On-Time,9
2837,Basic,Churned,9,29.00,50,Medium,Low,Low,Missed,5
2838,Pro,Active,1,66.00,5,High,Medium,Low,On-Time,7
2839,Basic,Active,3,29.00,21,High,High,Low,Delayed,8
2840,Pro,Active,0,65.00,5,High,High,Low,On-Time,8
2841,Pro,Active,3,56.00,20,Medium,Medium,Low,On-Time,7
2842,Pro,Churned,11,68.00,84,Low,Low,Medium,Delayed,5
2843,Basic,Active,1,13.00,28,High,High,Low,On-Time,10
2844,Enterprise,Active,2,158.00,41,High,High,Low,On-Time,10
2845,Pro,Active,2,65.00,25,High,High,Medium,On-Time,8
2846,Pro,Active,1,53.00,4,Medium,High,Low,On-Time,8
2847,Pro,"At Risk",5,50.00,41,High,High,Medium,Delayed,8
2848,Basic,Active,0,14.00,6,High,High,Low,On-Time,10
2849,Basic,Churned,13,15.00,204,Low,Low,Low,Delayed,1
2850,Basic,Active,3,15.00,6,Medium,Medium,Medium,On-Time,9
2851,Basic,"At Risk",5,19.00,35,Medium,High,High,On-Time,10
2852,Enterprise,Active,3,212.00,18,Medium,High,Medium,On-Time,9
2853,Basic,Active,1,10.00,9,High,Medium,Low,On-Time,7
2854,Basic,Churned,9,14.00,62,Low,Medium,Medium,Delayed,7
2855,Basic,Active,4,24.00,25,Medium,Medium,Medium,On-Time,10
2856,Basic,Active,3,19.00,26,High,Medium,Medium,On-Time,8
2857,Basic,Churned,14,19.00,190,Low,Low,Medium,Delayed,1
2858,Basic,Active,3,20.00,7,Medium,High,High,On-Time,9
2859,Basic,Active,2,16.00,43,High,High,Low,On-Time,7
2860,Basic,Active,1,18.00,8,High,Medium,Low,On-Time,8
2861,Basic,Churned,9,22.00,109,Low,Medium,Low,Delayed,7
2862,Enterprise,Active,2,158.00,30,High,High,Medium,On-Time,7
2863,Pro,"At Risk",5,46.00,22,High,Medium,Medium,Delayed,10
2864,Pro,Active,3,76.00,26,Medium,Medium,Low,On-Time,10
2865,Basic,Active,3,16.00,15,Medium,Medium,Low,On-Time,9
2866,Pro,Active,4,70.00,41,Medium,High,Medium,On-Time,10
2867,Enterprise,Active,2,291.00,7,Medium,High,Medium,On-Time,8
2868,Enterprise,Active,3,187.00,43,Medium,High,Low,On-Time,7
2869,Basic,Active,3,24.00,1,Medium,High,High,On-Time,10
2870,Basic,Churned,11,21.00,93,Low,Low,Low,Delayed,5
2871,Basic,Active,3,19.00,13,High,Medium,High,On-Time,9
2872,Basic,"At Risk",5,27.00,17,Medium,Medium,Low,Delayed,8
2873,Basic,"At Risk",5,25.00,22,Medium,Medium,Low,Delayed,7
2874,Basic,Active,2,14.00,30,High,Medium,Low,On-Time,8
2875,Pro,Active,4,61.00,43,Medium,High,Medium,On-Time,8
2876,Pro,Active,2,57.00,27,High,Medium,Low,On-Time,8
2877,Pro,Churned,12,40.00,234,Low,Low,Low,Missed,5
2878,Pro,"At Risk",5,40.00,30,Medium,Medium,High,On-Time,7
2879,Pro,Churned,11,70.00,106,Low,Low,High,On-Time,5
2880,Pro,Active,3,66.00,42,Medium,High,Low,On-Time,9
2881,Enterprise,Active,3,240.00,28,Medium,High,Medium,On-Time,10
2882,Pro,Churned,9,41.00,103,Medium,Medium,Low,Missed,7
2883,Pro,Churned,13,58.00,204,Low,Low,Medium,Missed,4
2884,Pro,Churned,11,48.00,118,Low,Low,Low,Delayed,5
2885,Enterprise,Active,1,287.00,6,High,Medium,Low,On-Time,10
2886,Basic,Churned,12,15.00,97,Low,Low,Medium,Delayed,6
2887,Enterprise,Active,2,282.00,6,Medium,Medium,Low,On-Time,9
2888,Basic,Churned,9,10.00,68,Low,Medium,Low,Delayed,5
2889,Pro,Active,4,58.00,17,High,Medium,High,On-Time,10
2890,Basic,Churned,11,25.00,68,Low,Low,Medium,Delayed,5
2891,Enterprise,Active,3,238.00,21,Medium,Medium,Low,On-Time,10
2892,Basic,"At Risk",8,23.00,101,Low,Low,Low,On-Time,7
2893,Basic,Churned,11,29.00,113,Medium,Low,Medium,Delayed,4
2894,Basic,"At Risk",5,11.00,41,Medium,Medium,Medium,On-Time,10
2895,Basic,"At Risk",6,28.00,44,Medium,Medium,High,On-Time,10
2896,Pro,Active,4,63.00,27,Medium,Medium,Medium,On-Time,9
2897,Enterprise,"At Risk",8,293.00,46,Medium,Medium,Medium,Delayed,4
2898,Pro,Active,3,50.00,34,High,High,Medium,On-Time,9
2899,Pro,Active,2,74.00,42,High,High,Low,On-Time,8
2900,Basic,"At Risk",5,12.00,40,High,Medium,High,On-Time,10
2901,Enterprise,Active,1,121.00,9,Medium,High,Low,On-Time,8
2902,Basic,Active,1,17.00,0,High,High,Medium,On-Time,7
2903,Basic,Churned,12,11.00,83,Low,Low,Medium,Missed,6
2904,Basic,Active,3,22.00,25,Medium,Medium,Low,On-Time,9
2905,Pro,Active,1,56.00,4,Medium,High,Low,On-Time,10
2906,Basic,Active,3,24.00,23,Medium,High,Medium,On-Time,7
2907,Basic,Churned,9,21.00,60,Medium,Low,Low,Delayed,5
2908,Basic,Active,1,22.00,8,High,Medium,Low,On-Time,8
2909,Basic,Churned,12,14.00,110,Low,Low,Medium,Delayed,4
2910,Pro,Churned,10,53.00,86,Medium,Medium,High,Delayed,4
2911,Pro,"At Risk",5,62.00,44,High,Medium,Low,Delayed,10
2912,Basic,Active,2,18.00,2,Medium,High,Medium,On-Time,8
2913,Basic,Active,3,13.00,37,Medium,High,Low,On-Time,7
2914,Pro,"At Risk",5,64.00,25,Medium,High,Medium,Delayed,9
2915,Pro,"At Risk",6,76.00,19,High,Medium,High,Delayed,9
2916,Pro,Churned,12,49.00,171,Low,Low,Low,Missed,4
2917,Basic,"At Risk",6,18.00,32,Medium,Medium,High,On-Time,8
2918,Basic,Active,3,11.00,2,Medium,High,High,On-Time,8
2919,Basic,"At Risk",6,17.00,29,Medium,Medium,Medium,Delayed,10
2920,Enterprise,Active,2,287.00,9,High,Medium,Medium,On-Time,7
2921,Pro,Active,4,53.00,16,High,Medium,High,On-Time,9
2922,Basic,Active,3,16.00,34,High,High,Medium,On-Time,7
2923,Basic,Active,0,17.00,3,High,High,Low,On-Time,8
2924,Pro,Active,4,58.00,5,High,Medium,Medium,Delayed,10
2925,Pro,Active,3,62.00,32,Medium,High,Low,On-Time,9
2926,Pro,"At Risk",7,61.00,57,Medium,Low,High,On-Time,7
2927,Basic,Churned,12,17.00,269,Low,Low,Low,Missed,4
2928,Pro,Churned,15,47.00,147,Low,Low,Medium,Missed,1
2929,Basic,Churned,11,15.00,77,Medium,Low,Medium,Missed,5
2930,Pro,"At Risk",7,49.00,68,Medium,Low,Low,On-Time,5
2931,Basic,Churned,11,20.00,71,Low,Low,Medium,Delayed,5
2932,Basic,Churned,14,26.00,183,Low,Low,High,Missed,5
2933,Pro,Churned,10,45.00,93,Medium,Low,Low,Delayed,5
2934,Pro,Active,3,68.00,25,Medium,Medium,Low,On-Time,10
2935,Basic,Churned,13,27.00,121,Low,Low,Medium,Missed,5
2936,Basic,Churned,12,28.00,93,Low,Low,Medium,Delayed,6
2937,Basic,Active,4,26.00,4,Medium,Medium,Low,Delayed,9
2938,Pro,Active,3,57.00,4,Medium,Medium,Medium,On-Time,9
2939,Pro,Churned,9,45.00,105,Low,Medium,Medium,On-Time,6
2940,Basic,Active,2,14.00,40,High,High,Low,On-Time,7
2941,Basic,Active,3,20.00,33,High,High,Medium,On-Time,7
2942,Basic,Active,4,19.00,33,High,Medium,Medium,On-Time,9
2943,Basic,Active,1,19.00,7,Medium,High,Low,On-Time,7
2944,Basic,"At Risk",5,25.00,44,Medium,High,High,On-Time,8
2945,Pro,Active,4,59.00,9,Medium,Medium,Low,Delayed,9
2946,Basic,Active,3,28.00,32,High,High,Medium,On-Time,8
2947,Pro,"At Risk",5,71.00,35,High,Medium,Low,Delayed,7
2948,Pro,"At Risk",7,65.00,56,Low,Low,Low,On-Time,5
2949,Basic,Active,3,25.00,43,High,Medium,Low,On-Time,7
2950,Pro,Churned,9,69.00,110,Low,Low,Low,On-Time,5
2951,Basic,Active,2,12.00,22,High,High,Medium,On-Time,7
2952,Pro,Active,2,46.00,4,High,High,Low,Delayed,8
2953,Pro,Active,4,79.00,29,Medium,Medium,Medium,On-Time,7
2954,Enterprise,Churned,10,274.00,55,Medium,Low,High,Delayed,6
2955,Basic,Active,1,20.00,21,High,High,Low,On-Time,7
2956,Basic,Churned,16,29.00,223,Low,Low,High,Missed,2
2957,Basic,Active,1,15.00,5,High,Medium,Low,On-Time,9
2958,Pro,Active,3,76.00,21,High,High,Low,Delayed,7
2959,Basic,Active,2,27.00,13,Medium,High,Medium,On-Time,10
2960,Basic,Churned,10,17.00,67,Medium,Low,High,Delayed,7
2961,Basic,Active,2,23.00,18,High,Medium,Low,On-Time,8
2962,Pro,"At Risk",5,70.00,43,Medium,Medium,Medium,On-Time,10
2963,Pro,Active,3,52.00,18,Medium,Medium,Low,On-Time,10
2964,Pro,Churned,9,46.00,58,Medium,Low,Medium,Delayed,6
2965,Basic,Churned,14,25.00,289,Low,Low,Medium,Delayed,2
2966,Pro,"At Risk",5,69.00,34,High,High,Medium,Delayed,7
2967,Basic,Active,4,16.00,29,Medium,High,High,On-Time,9
2968,Pro,"At Risk",6,43.00,43,Medium,Medium,High,On-Time,7
2969,Basic,Active,1,13.00,6,Medium,High,Low,On-Time,9
2970,Pro,Churned,11,59.00,95,Low,Low,Low,Delayed,6
2971,Enterprise,Active,2,127.00,23,High,High,Medium,On-Time,10
2972,Enterprise,Active,2,203.00,25,High,High,Medium,On-Time,10
2973,Basic,Active,2,18.00,15,Medium,High,Low,On-Time,10
2974,Basic,Active,1,29.00,11,High,Medium,Low,On-Time,10
2975,Basic,Active,2,21.00,10,Medium,High,Medium,On-Time,9
2976,Pro,"At Risk",8,48.00,84,Medium,Low,Low,Delayed,7
2977,Pro,Active,1,60.00,2,Medium,High,Low,On-Time,8
2978,Pro,Active,2,46.00,16,Medium,High,Low,On-Time,9
2979,Enterprise,"At Risk",5,162.00,36,Medium,Medium,Medium,On-Time,8
2980,Pro,"At Risk",5,79.00,31,Medium,High,Low,Delayed,7
2981,Basic,Active,3,22.00,6,Medium,Medium,Medium,On-Time,7
2982,Pro,Churned,11,41.00,101,Low,Low,Low,Delayed,5
2983,Basic,Active,4,21.00,23,Medium,Medium,Medium,On-Time,8
2984,Basic,Active,2,29.00,32,High,High,Low,On-Time,8
2985,Pro,Churned,13,48.00,168,Low,Low,Low,Delayed,2
2986,Basic,Active,4,11.00,41,Medium,High,Medium,On-Time,8
2987,Basic,Active,0,12.00,10,High,High,Low,On-Time,8
2988,Basic,Active,1,12.00,5,High,High,Medium,On-Time,9
2989,Pro,Active,3,61.00,2,Medium,High,High,On-Time,9
2990,Basic,Active,2,19.00,36,High,High,Low,On-Time,9
2991,Enterprise,"At Risk",5,228.00,31,High,Medium,Low,Delayed,8
2992,Enterprise,Churned,11,285.00,204,Low,Low,Low,Delayed,4
2993,Basic,Churned,10,18.00,103,Medium,Low,Low,Delayed,6
2994,Basic,Active,3,13.00,20,Medium,High,Medium,On-Time,9
2995,Basic,Churned,11,21.00,208,Low,Low,Low,Delayed,4
2996,Basic,Active,3,22.00,34,Medium,High,Low,On-Time,7
2997,Enterprise,"At Risk",8,268.00,64,Medium,Medium,Low,Delayed,6
2998,Pro,Churned,11,75.00,73,Low,Low,Medium,Delayed,6
2999,Basic,Churned,11,13.00,118,Medium,Low,Medium,Delayed,5
3000,Enterprise,Churned,10,170.00,103,Low,Medium,Low,Delayed,5
3001,Pro,Active,2,66.00,3,Medium,High,Medium,On-Time,10
3002,Enterprise,Active,3,136.00,31,High,High,Medium,On-Time,9
3003,Pro,Active,1,70.00,20,High,High,Low,On-Time,10
3004,Basic,Active,4,22.00,32,Medium,High,Medium,On-Time,7
3005,Basic,Churned,12,16.00,62,Low,Medium,High,Missed,5
3006,Basic,Active,3,19.00,8,Medium,Medium,Medium,On-Time,7
3007,Pro,Active,1,52.00,8,Medium,High,Low,On-Time,10
3008,Basic,"At Risk",7,16.00,84,Low,Medium,Low,On-Time,4
3009,Pro,Active,4,74.00,36,High,Medium,Medium,On-Time,8
3010,Enterprise,Active,0,145.00,3,High,High,Low,On-Time,9
3011,Enterprise,Active,2,264.00,29,High,High,Medium,On-Time,8
3012,Basic,"At Risk",8,17.00,78,Medium,Low,Medium,On-Time,4
3013,Basic,Active,4,19.00,10,Medium,Medium,High,On-Time,10
3014,Basic,Active,4,25.00,32,High,High,Low,Delayed,8
3015,Enterprise,"At Risk",5,122.00,33,High,High,Medium,Delayed,9
3016,Enterprise,Active,3,253.00,38,Medium,High,Low,On-Time,10
3017,Enterprise,Active,4,298.00,37,Medium,Medium,Low,On-Time,10
3018,Basic,Active,1,26.00,1,Medium,High,Low,On-Time,9
3019,Basic,Active,1,22.00,11,Medium,High,Low,On-Time,7
3020,Basic,Active,1,20.00,29,High,High,Low,On-Time,7
3021,Basic,Active,1,21.00,7,High,Medium,Low,On-Time,7
3022,Basic,Active,4,21.00,41,High,Medium,Medium,On-Time,9
3023,Pro,Active,0,45.00,13,High,High,Low,On-Time,7
3024,Basic,"At Risk",7,24.00,64,Low,Medium,Low,On-Time,4
3025,Basic,Active,4,26.00,14,Medium,High,Medium,Delayed,10
3026,Pro,Active,3,75.00,15,Medium,High,Medium,On-Time,8
3027,Enterprise,Active,1,158.00,28,High,High,Low,On-Time,9
3028,Pro,Churned,9,54.00,107,Medium,Medium,Medium,Delayed,7
3029,Pro,"At Risk",6,58.00,56,Medium,Medium,Medium,On-Time,4
3030,Basic,Active,1,25.00,22,High,High,Low,On-Time,9
3031,Pro,Active,4,54.00,43,High,High,Low,Delayed,10
3032,Basic,Active,1,12.00,0,High,High,Medium,On-Time,10
3033,Pro,Active,3,45.00,21,High,Medium,Medium,On-Time,7
3034,Basic,Churned,11,23.00,75,Low,Low,Medium,Delayed,6
3035,Basic,Churned,11,13.00,115,Low,Medium,Low,Missed,4
3036,Pro,Churned,12,61.00,111,Low,Low,Medium,Delayed,4
3037,Pro,Active,2,51.00,16,High,High,Medium,On-Time,7
3038,Basic,Active,2,26.00,8,High,Medium,Medium,On-Time,9
3039,Basic,Active,3,11.00,38,High,Medium,Low,On-Time,7
3040,Pro,"At Risk",8,45.00,101,Medium,Low,Low,On-Time,4
3041,Pro,Churned,10,49.00,100,Medium,Low,Low,Delayed,5
3042,Basic,Active,4,10.00,3,Medium,Medium,High,On-Time,7
3043,Basic,Churned,13,25.00,287,Low,Low,Low,Delayed,2
3044,Basic,Active,1,10.00,12,High,Medium,Low,On-Time,10
3045,Basic,"At Risk",6,13.00,79,Medium,Low,Low,On-Time,7
3046,Basic,Churned,16,23.00,185,Low,Low,High,Missed,3
3047,Basic,Active,2,24.00,15,High,High,Medium,On-Time,9
3048,Basic,Active,0,29.00,14,High,High,Low,On-Time,7
3049,Pro,Churned,14,74.00,190,Low,Low,High,Missed,5
3050,Basic,Active,3,16.00,14,Medium,High,High,On-Time,8
3051,Enterprise,Active,3,135.00,44,High,Medium,Low,On-Time,8
3052,Pro,Churned,9,59.00,104,Medium,Medium,Low,Delayed,5
3053,Basic,Active,3,14.00,8,Medium,High,High,On-Time,7
3054,Basic,Active,4,25.00,7,Medium,High,Medium,Delayed,7
3055,Enterprise,Active,2,135.00,9,Medium,Medium,Low,On-Time,9
3056,Enterprise,Churned,14,194.00,288,Low,Low,Low,Missed,3
3057,Basic,Churned,12,14.00,139,Low,Low,Low,Missed,4
3058,Pro,Churned,12,67.00,111,Low,Low,Medium,Delayed,4
3059,Pro,"At Risk",8,75.00,116,Medium,Low,Low,On-Time,4
3060,Basic,Active,1,25.00,14,High,Medium,Low,On-Time,10
3061,Pro,"At Risk",8,56.00,46,Medium,Medium,Low,Missed,6
3062,Pro,Active,1,73.00,0,High,Medium,Low,On-Time,8
3063,Basic,"At Risk",6,22.00,48,Low,Medium,Low,On-Time,4
3064,Pro,Active,4,71.00,7,High,High,High,Delayed,10
3065,Pro,Active,3,59.00,37,High,Medium,Low,On-Time,8
3066,Basic,"At Risk",5,13.00,38,Medium,Medium,Medium,On-Time,8
3067,Basic,"At Risk",5,27.00,30,Medium,Medium,Low,Delayed,8
3068,Basic,Active,2,26.00,6,High,Medium,Medium,On-Time,10
3069,Basic,Active,2,21.00,35,High,High,Low,On-Time,7
3070,Basic,Churned,9,10.00,71,Low,Low,Low,Delayed,7
3071,Pro,"At Risk",5,60.00,17,High,High,High,Delayed,8
3072,Pro,"At Risk",8,41.00,103,Low,Low,Low,On-Time,7
3073,Basic,Active,2,15.00,26,High,High,Medium,On-Time,7
3074,Pro,Churned,12,57.00,130,Low,Low,Medium,Delayed,5
3075,Enterprise,Churned,13,275.00,194,Low,Low,Medium,Missed,5
3076,Basic,Active,3,19.00,30,High,High,High,On-Time,8
3077,Basic,Churned,12,23.00,189,Low,Low,Low,Missed,5
3078,Pro,"At Risk",5,65.00,42,Medium,High,High,On-Time,9
3079,Pro,Active,2,58.00,14,Medium,High,Medium,On-Time,7
3080,Basic,"At Risk",8,18.00,98,Medium,Medium,Low,Delayed,7
3081,Basic,Active,4,18.00,20,Medium,High,Low,Delayed,7
3082,Basic,Active,2,24.00,7,High,Medium,Medium,On-Time,9
3083,Basic,Active,1,22.00,11,High,Medium,Low,On-Time,10
3084,Pro,Active,2,66.00,25,High,High,Medium,On-Time,9
3085,Enterprise,"At Risk",8,158.00,99,Low,Low,Low,On-Time,7
3086,Enterprise,Active,3,145.00,19,Medium,High,Medium,On-Time,7
3087,Basic,Active,3,25.00,2,Medium,Medium,Medium,On-Time,10
3088,Basic,Active,3,16.00,32,High,Medium,Low,On-Time,10
3089,Basic,Active,2,16.00,2,Medium,Medium,Low,On-Time,10
3090,Basic,Active,3,10.00,19,High,High,High,On-Time,8
3091,Basic,Churned,13,26.00,236,Low,Low,Low,Delayed,2
3092,Enterprise,Active,1,299.00,9,Medium,High,Low,On-Time,7
3093,Enterprise,Active,2,159.00,20,High,High,Medium,On-Time,10
3094,Basic,Active,1,22.00,10,Medium,High,Low,On-Time,8
3095,Basic,Churned,9,19.00,67,Low,Medium,Low,Delayed,6
3096,Pro,Active,4,53.00,24,Medium,Medium,Medium,On-Time,7
3097,Basic,Active,3,24.00,33,Medium,High,Low,On-Time,8
3098,Basic,Active,1,11.00,11,High,Medium,Low,On-Time,7
3099,Basic,Active,1,20.00,7,High,High,Medium,On-Time,9
3100,Pro,Active,2,49.00,1,High,High,High,On-Time,8
3101,Basic,Churned,14,26.00,201,Low,Low,Medium,Delayed,3
3102,Pro,Churned,11,42.00,62,Low,Low,Medium,Missed,7
3103,Basic,Active,3,13.00,34,High,Medium,Low,On-Time,9
3104,Pro,Active,3,58.00,23,High,High,High,On-Time,9
3105,Basic,Active,2,18.00,7,High,Medium,Medium,On-Time,7
3106,Basic,"At Risk",5,28.00,29,High,Medium,Medium,Delayed,10
3107,Basic,Churned,10,28.00,95,Medium,Low,High,On-Time,4
3108,Basic,Active,3,19.00,23,High,Medium,Medium,On-Time,9
3109,Basic,Churned,9,28.00,72,Low,Low,High,On-Time,7
3110,Pro,"At Risk",5,68.00,26,Medium,Medium,High,On-Time,9
3111,Basic,Active,3,22.00,25,High,Medium,Medium,On-Time,10
3112,Pro,Active,2,64.00,11,High,High,High,On-Time,8
3113,Basic,Active,1,25.00,28,High,High,Low,On-Time,7
3114,Pro,"At Risk",6,61.00,33,High,Medium,Medium,Delayed,8
3115,Basic,Active,3,13.00,6,Medium,High,Low,Delayed,7
3116,Pro,"At Risk",5,42.00,30,Medium,Medium,High,On-Time,10
3117,Basic,Active,2,24.00,36,High,High,Low,On-Time,8
3118,Basic,Active,4,23.00,39,High,High,High,On-Time,8
3119,Basic,Active,1,27.00,25,High,High,Low,On-Time,8
3120,Basic,Churned,9,11.00,56,Medium,Low,Medium,Delayed,6
3121,Basic,Churned,14,20.00,206,Low,Low,Low,Missed,2
3122,Pro,Churned,11,60.00,102,Medium,Low,Medium,Delayed,4
3123,Basic,Churned,14,19.00,223,Low,Low,Low,Missed,2
3124,Pro,Churned,10,78.00,49,Low,Medium,High,Delayed,5
3125,Basic,"At Risk",5,21.00,25,High,Medium,Medium,Delayed,10
3126,Basic,Churned,12,17.00,72,Low,Low,Medium,Missed,6
3127,Basic,Churned,14,22.00,179,Low,Low,Low,Missed,2
3128,Basic,Active,3,10.00,41,Medium,High,Low,On-Time,10
3129,Enterprise,Active,2,187.00,10,High,High,High,On-Time,7
3130,Basic,Active,2,21.00,13,Medium,Medium,Low,On-Time,7
3131,Basic,"At Risk",5,25.00,41,High,Medium,High,On-Time,8
3132,Enterprise,Churned,12,284.00,185,Low,Low,Low,Missed,4
3133,Basic,Churned,10,22.00,67,Low,Low,Low,Delayed,4
3134,Basic,"At Risk",5,25.00,44,Medium,High,High,On-Time,9
3135,Basic,Active,3,15.00,27,Medium,High,Medium,On-Time,7
3136,Basic,"At Risk",6,24.00,35,Medium,Medium,Low,Delayed,9
3137,Basic,Active,1,25.00,12,Medium,High,Low,On-Time,10
3138,Basic,Active,3,26.00,5,Medium,High,High,On-Time,9
3139,Basic,Active,0,12.00,10,High,High,Low,On-Time,10
3140,Enterprise,Active,3,263.00,2,High,Medium,Low,Delayed,10
3141,Basic,Active,1,13.00,8,High,High,Medium,On-Time,8
3142,Basic,Active,3,19.00,35,Medium,High,Low,On-Time,9
3143,Pro,Active,1,56.00,10,Medium,High,Low,On-Time,9
3144,Pro,Active,3,71.00,13,Medium,Medium,Medium,On-Time,10
3145,Basic,"At Risk",6,12.00,35,Medium,Medium,High,On-Time,9
3146,Basic,"At Risk",5,11.00,33,Medium,High,High,On-Time,7
3147,Basic,"At Risk",5,15.00,22,Medium,High,Medium,Delayed,10
3148,Basic,Active,3,11.00,27,High,Medium,Medium,On-Time,10
3149,Basic,Active,2,21.00,10,High,Medium,Medium,On-Time,7
3150,Pro,Churned,9,66.00,60,Medium,Low,Low,Delayed,6
3151,Enterprise,Active,4,185.00,43,High,High,High,On-Time,9
3152,Pro,Active,4,60.00,42,Medium,Medium,Low,On-Time,8
3153,Enterprise,Active,2,129.00,18,High,Medium,Low,On-Time,7
3154,Basic,Churned,15,14.00,253,Low,Low,Medium,Missed,1
3155,Pro,Active,4,79.00,40,Medium,Medium,Low,On-Time,10
3156,Basic,Active,4,13.00,33,Medium,Medium,Low,On-Time,8
3157,Pro,Active,1,74.00,6,Medium,High,Low,On-Time,9
3158,Basic,Active,4,16.00,17,High,Medium,Low,Delayed,10
3159,Basic,Active,4,27.00,4,High,Medium,Medium,Delayed,9
3160,Basic,Active,3,25.00,30,High,Medium,Medium,On-Time,10
3161,Pro,Churned,12,53.00,138,Low,Low,Low,Missed,4
3162,Pro,Active,2,48.00,20,High,Medium,Low,On-Time,7
3163,Pro,Active,4,49.00,39,High,Medium,Medium,On-Time,10
3164,Basic,Active,3,22.00,24,High,Medium,Medium,On-Time,10
3165,Pro,Active,4,40.00,36,High,Medium,Medium,On-Time,9
3166,Pro,Active,2,71.00,12,High,High,High,On-Time,10
3167,Pro,Active,2,61.00,33,High,High,Low,On-Time,7
3168,Basic,Active,2,13.00,27,High,High,Medium,On-Time,7
3169,Basic,"At Risk",5,15.00,34,Medium,Medium,Medium,On-Time,7
3170,Enterprise,"At Risk",6,164.00,39,Medium,Medium,High,On-Time,9
3171,Basic,Active,3,21.00,43,High,Medium,Low,On-Time,9
3172,Basic,"At Risk",8,25.00,50,Medium,Low,Low,Delayed,6
3173,Pro,Active,3,43.00,33,High,Medium,Low,On-Time,8
3174,Enterprise,Active,2,133.00,3,High,Medium,Medium,On-Time,7
3175,Enterprise,Active,3,243.00,36,Medium,High,Low,On-Time,7
3176,Basic,Active,3,21.00,20,High,High,High,On-Time,9
3177,Basic,Active,4,28.00,29,Medium,High,High,On-Time,7
3178,Basic,"At Risk",7,26.00,65,Medium,Low,Low,On-Time,5
3179,Pro,Active,3,47.00,15,Medium,High,Medium,On-Time,9
3180,Pro,Churned,10,43.00,76,Low,Low,Low,Delayed,5
3181,Pro,Churned,12,46.00,101,Medium,Low,High,Delayed,4
3182,Basic,Churned,9,20.00,109,Medium,Low,Low,Delayed,7
3183,Basic,Churned,11,17.00,114,Low,Low,High,On-Time,4
3184,Basic,Active,4,19.00,10,Medium,Medium,Low,Delayed,10
3185,Pro,Active,1,66.00,4,High,Medium,Low,On-Time,9
3186,Basic,Churned,13,23.00,191,Low,Low,Medium,Missed,5
3187,Pro,Churned,11,47.00,92,Low,Low,Low,Delayed,4
3188,Basic,Active,3,19.00,39,High,Medium,Low,On-Time,8
3189,Basic,Active,4,21.00,16,Medium,Medium,Medium,On-Time,10
3190,Basic,"At Risk",5,27.00,36,Medium,Medium,Medium,On-Time,9
3191,Pro,Active,3,54.00,10,High,Medium,High,On-Time,10
3192,Basic,Active,0,24.00,7,High,High,Low,On-Time,8
3193,Pro,Active,4,55.00,24,Medium,Medium,Medium,On-Time,10
3194,Basic,Active,3,12.00,25,Medium,High,Medium,On-Time,9
3195,Basic,Churned,10,12.00,98,Low,Low,Medium,On-Time,4
3196,Basic,Active,1,14.00,15,High,High,Low,On-Time,7
3197,Basic,Active,4,14.00,34,Medium,Medium,Low,On-Time,7
3198,Pro,Active,2,49.00,23,High,Medium,Low,On-Time,8
3199,Enterprise,Active,3,196.00,19,Medium,High,Medium,On-Time,8
3200,Basic,"At Risk",5,19.00,41,Medium,High,High,On-Time,8
3201,Pro,Active,2,64.00,25,High,High,Medium,On-Time,10
3202,Pro,"At Risk",8,49.00,79,Low,Low,Medium,On-Time,7
3203,Basic,Active,3,27.00,43,Medium,High,Low,On-Time,9
3204,Pro,Active,2,55.00,27,High,Medium,Low,On-Time,8
3205,Basic,Active,3,16.00,39,Medium,High,Low,On-Time,9
3206,Pro,Active,4,77.00,29,High,High,Medium,Delayed,8
3207,Basic,"At Risk",8,23.00,89,Low,Low,Low,On-Time,5
3208,Basic,Active,2,10.00,38,High,High,Low,On-Time,9
3209,Basic,Active,2,10.00,25,Medium,High,Low,On-Time,7
3210,Pro,Active,0,60.00,8,High,High,Low,On-Time,7
3211,Enterprise,Churned,10,260.00,64,Low,Low,Low,Missed,7
3212,Basic,"At Risk",6,21.00,33,Medium,Medium,High,On-Time,8
3213,Pro,Active,3,75.00,35,Medium,High,Low,On-Time,7
3214,Enterprise,Churned,15,250.00,149,Low,Low,Medium,Missed,3
3215,Pro,Churned,16,44.00,298,Low,Low,High,Missed,1
3216,Pro,Active,1,47.00,12,High,Medium,Low,On-Time,9
3217,Basic,Churned,11,22.00,63,Medium,Low,High,Delayed,5
3218,Basic,Active,2,16.00,23,High,Medium,Low,On-Time,7
3219,Pro,Churned,10,50.00,53,Medium,Low,High,Delayed,6
3220,Enterprise,Active,4,259.00,24,High,Medium,High,On-Time,9
3221,Basic,Active,4,14.00,24,High,Medium,High,On-Time,9
3222,Pro,"At Risk",5,54.00,37,High,Medium,Low,Delayed,10
3223,Basic,Churned,12,22.00,98,Medium,Low,High,Delayed,6
3224,Basic,Active,4,26.00,17,Medium,High,High,On-Time,10
3225,Pro,Active,3,66.00,22,High,Medium,Medium,On-Time,10
3226,Basic,Churned,13,15.00,202,Low,Low,Low,Delayed,2
3227,Pro,Active,2,73.00,18,Medium,High,Low,On-Time,10
3228,Pro,Churned,9,50.00,50,Low,Low,Low,Delayed,5
3229,Pro,Churned,14,77.00,291,Low,Low,Medium,Delayed,1
3230,Basic,Active,3,14.00,32,High,Medium,Low,On-Time,8
3231,Pro,Active,4,79.00,4,Medium,Medium,High,On-Time,8
3232,Basic,Active,3,23.00,26,High,Medium,Medium,On-Time,10
3233,Basic,Active,3,14.00,30,Medium,Medium,Low,On-Time,10
3234,Basic,"At Risk",5,10.00,32,Medium,Medium,Medium,On-Time,9
3235,Pro,Churned,11,58.00,108,Medium,Low,Medium,Delayed,6
3236,Basic,Active,3,12.00,34,High,Medium,Low,On-Time,8
3237,Basic,Active,0,16.00,8,High,High,Low,On-Time,10
3238,Pro,Active,1,44.00,13,High,Medium,Low,On-Time,7
3239,Basic,Active,2,14.00,22,High,High,Medium,On-Time,9
3240,Basic,"At Risk",8,17.00,80,Low,Low,Medium,On-Time,7
3241,Basic,Active,2,25.00,33,High,High,Low,On-Time,9
3242,Enterprise,Active,4,197.00,40,Medium,Medium,Low,On-Time,10
3243,Basic,"At Risk",6,24.00,40,Medium,Medium,Low,Delayed,7
3244,Basic,Active,4,12.00,37,High,Medium,Medium,On-Time,10
3245,Pro,Active,3,66.00,15,Medium,High,Medium,On-Time,7
3246,Basic,Active,4,22.00,34,High,Medium,Medium,On-Time,7
3247,Pro,Active,2,55.00,27,Medium,High,Low,On-Time,9
3248,Pro,Active,4,62.00,33,Medium,Medium,Low,On-Time,7
3249,Basic,Active,3,17.00,27,Medium,Medium,Low,On-Time,7
3250,Enterprise,Active,2,295.00,17,High,High,Medium,On-Time,9
3251,Basic,Active,3,29.00,16,Medium,Medium,Low,On-Time,7
3252,Enterprise,Active,1,230.00,8,High,Medium,Low,On-Time,7
3253,Basic,Churned,9,29.00,91,Low,Low,Low,On-Time,5
3254,Basic,Active,3,24.00,31,Medium,High,Low,On-Time,9
3255,Basic,"At Risk",5,25.00,41,High,Medium,High,On-Time,7
3256,Basic,Churned,9,18.00,85,Low,Medium,Low,Missed,7
3257,Basic,Active,1,16.00,3,High,High,Medium,On-Time,10
3258,Basic,Active,4,18.00,24,Medium,High,High,On-Time,10
3259,Pro,"At Risk",6,77.00,38,Medium,Medium,Low,Delayed,8
3260,Basic,Active,3,14.00,32,Medium,High,Low,On-Time,10
3261,Basic,Active,4,24.00,24,High,High,Medium,Delayed,10
3262,Basic,Active,4,13.00,39,High,Medium,Medium,On-Time,7
3263,Pro,Active,4,52.00,23,High,Medium,High,On-Time,7
3264,Basic,Active,1,28.00,10,High,High,Medium,On-Time,10
3265,Basic,Active,4,18.00,18,Medium,Medium,Medium,On-Time,10
3266,Basic,Churned,12,16.00,117,Low,Low,High,Delayed,7
3267,Basic,Churned,11,29.00,102,Low,Medium,Medium,Delayed,4
3268,Enterprise,Active,3,262.00,9,High,Medium,High,On-Time,8
3269,Enterprise,"At Risk",8,179.00,86,Medium,Medium,Low,Delayed,6
3270,Pro,Active,3,67.00,34,High,High,Medium,On-Time,9
3271,Basic,"At Risk",5,27.00,43,High,High,Medium,Delayed,9
3272,Pro,"At Risk",5,48.00,30,Medium,Medium,Low,Delayed,9
3273,Basic,Active,3,12.00,17,High,Medium,Medium,On-Time,9
3274,Basic,Churned,12,15.00,245,Low,Low,Low,Missed,5
3275,Pro,Churned,11,50.00,76,Low,Low,Medium,Delayed,6
3276,Basic,"At Risk",5,26.00,34,Medium,High,High,On-Time,9
3277,Basic,Active,3,15.00,38,Medium,High,Low,On-Time,10
3278,Pro,Active,4,75.00,34,Medium,High,Medium,On-Time,9
3279,Pro,Churned,9,72.00,105,Medium,Low,Medium,On-Time,6
3280,Pro,Churned,15,46.00,137,Low,Low,Medium,Missed,1
3281,Basic,Active,2,16.00,11,High,Medium,Medium,On-Time,10
3282,Basic,Active,1,29.00,14,High,Medium,Low,On-Time,9
3283,Basic,Active,2,14.00,9,Medium,High,Medium,On-Time,10
3284,Basic,Active,2,21.00,35,High,High,Low,On-Time,8
3285,Enterprise,Active,3,217.00,22,Medium,High,Medium,On-Time,9
3286,Basic,Active,2,21.00,22,High,Medium,Low,On-Time,9
3287,Enterprise,Churned,10,242.00,83,Medium,Low,Medium,Delayed,4
3288,Pro,"At Risk",5,66.00,12,High,Medium,High,Delayed,8
3289,Pro,Active,0,58.00,1,High,High,Low,On-Time,9
3290,Enterprise,Churned,14,261.00,284,Low,Low,Low,Missed,2
3291,Enterprise,Churned,11,145.00,91,Low,Low,Medium,Delayed,7
3292,Enterprise,Active,0,269.00,7,High,High,Low,On-Time,8
3293,Basic,Active,2,28.00,24,High,High,Medium,On-Time,10
3294,Pro,Active,1,55.00,18,High,High,Low,On-Time,10
3295,Basic,Active,4,10.00,35,Medium,Medium,Low,On-Time,10
3296,Pro,Active,3,55.00,19,Medium,High,Medium,On-Time,7
3297,Basic,Churned,15,26.00,142,Low,Low,Medium,Missed,1
3298,Basic,Churned,13,12.00,252,Low,Low,Medium,Missed,5
3299,Pro,Active,3,71.00,34,High,High,Medium,On-Time,7
3300,Basic,Active,3,11.00,19,Medium,High,Medium,On-Time,7
3301,Basic,Active,3,28.00,29,High,Medium,Medium,On-Time,8
3302,Basic,Churned,12,13.00,111,Low,Medium,High,Delayed,4
3303,Basic,Active,1,22.00,16,High,High,Low,On-Time,8
3304,Basic,Active,0,21.00,14,High,High,Low,On-Time,7
3305,Pro,Active,3,47.00,28,Medium,Medium,Low,On-Time,8
3306,Basic,Active,3,22.00,11,High,Medium,Low,Delayed,10
3307,Basic,Active,1,12.00,15,High,High,Low,On-Time,10
3308,Basic,Active,4,24.00,16,Medium,Medium,Medium,On-Time,10
3309,Basic,Active,3,19.00,43,High,Medium,Low,On-Time,7
3310,Pro,"At Risk",8,51.00,90,Low,Low,Low,On-Time,4
3311,Pro,Active,4,74.00,31,Medium,Medium,Low,On-Time,7
3312,Pro,Active,1,51.00,11,High,Medium,Low,On-Time,8
3313,Pro,Active,3,69.00,17,Medium,Medium,Low,On-Time,7
3314,Basic,Churned,14,29.00,131,Low,Low,Low,Missed,3
3315,Basic,Active,3,29.00,22,Medium,Medium,Low,On-Time,8
3316,Pro,Active,2,69.00,15,Medium,High,Low,On-Time,8
3317,Basic,"At Risk",6,16.00,54,Medium,Low,Medium,On-Time,7
3318,Pro,Active,4,71.00,41,High,Medium,Medium,On-Time,7
3319,Pro,Churned,13,69.00,269,Low,Low,Low,Delayed,1
3320,Basic,Churned,11,21.00,67,Low,Medium,Medium,Missed,4
3321,Basic,Active,4,10.00,18,High,Medium,High,On-Time,10
3322,Basic,Active,1,12.00,23,High,High,Low,On-Time,7
3323,Basic,"At Risk",5,10.00,36,High,Medium,Low,Delayed,10
3324,Basic,Active,4,17.00,42,High,High,High,On-Time,7
3325,Pro,Active,2,40.00,39,High,High,Low,On-Time,7
3326,Pro,Active,3,56.00,13,Medium,High,Low,Delayed,10
3327,Basic,Churned,13,27.00,163,Low,Low,Medium,Missed,5
3328,Enterprise,Active,4,194.00,25,Medium,High,Low,Delayed,8
3329,Pro,Active,3,58.00,40,High,Medium,Low,On-Time,7
3330,Pro,Active,2,40.00,23,Medium,High,Low,On-Time,7
3331,Basic,Active,1,26.00,6,High,Medium,Low,On-Time,10
3332,Enterprise,"At Risk",8,177.00,84,Medium,Low,Medium,On-Time,4
3333,Basic,Active,3,14.00,36,High,High,Medium,On-Time,9
3334,Basic,Active,4,14.00,11,Medium,Medium,High,On-Time,10
3335,Basic,Churned,10,20.00,90,Low,Low,Low,Delayed,6
3336,Basic,"At Risk",7,28.00,94,Medium,Medium,Low,On-Time,6
3337,Basic,"At Risk",8,23.00,61,Medium,Low,Low,Delayed,7
3338,Basic,Active,2,29.00,34,High,High,Low,On-Time,9
3339,Pro,Active,2,49.00,26,High,Medium,Low,On-Time,7
3340,Basic,Active,2,24.00,16,Medium,High,Low,On-Time,10
3341,Basic,Active,2,27.00,21,Medium,High,Low,On-Time,9
3342,Enterprise,"At Risk",6,235.00,59,Low,Medium,Low,On-Time,6
3343,Pro,Churned,10,49.00,77,Low,Low,High,On-Time,6
3344,Basic,Churned,10,27.00,79,Low,Low,Low,Missed,7
3345,Basic,Active,2,22.00,16,High,High,Medium,On-Time,8
3346,Enterprise,"At Risk",5,233.00,41,Medium,High,High,On-Time,7
3347,Basic,Active,4,21.00,37,Medium,Medium,Low,On-Time,10
3348,Basic,"At Risk",7,17.00,42,High,Medium,High,Delayed,8
3349,Basic,Churned,13,19.00,278,Low,Low,Medium,Missed,4
3350,Basic,Churned,13,19.00,121,Low,Low,Low,Delayed,1
3351,Pro,Churned,13,72.00,103,Low,Low,High,Delayed,4
3352,Pro,Active,4,51.00,36,Medium,High,Medium,On-Time,10
3353,Basic,Active,0,21.00,8,High,High,Low,On-Time,7
3354,Enterprise,Active,4,248.00,31,Medium,High,Medium,On-Time,7
3355,Basic,Active,2,24.00,23,High,High,Medium,On-Time,10
3356,Pro,Churned,9,57.00,107,Medium,Low,Medium,On-Time,6
3357,Pro,Active,3,51.00,36,High,High,Medium,On-Time,7
3358,Basic,Active,3,16.00,24,Medium,Medium,Low,On-Time,10
3359,Pro,Active,4,55.00,26,Medium,Medium,Medium,On-Time,8
3360,Pro,Active,2,47.00,16,High,High,Medium,On-Time,7
3361,Pro,Active,4,56.00,26,Medium,Medium,Medium,On-Time,7
3362,Pro,Active,2,59.00,25,High,High,Medium,On-Time,7
3363,Pro,Churned,14,73.00,218,Low,Low,Medium,Delayed,1
3364,Basic,Churned,10,17.00,78,Medium,Low,High,Delayed,7
3365,Pro,"At Risk",5,66.00,32,Medium,Medium,Medium,On-Time,10
3366,Basic,"At Risk",6,12.00,10,Medium,Medium,High,Delayed,8
3367,Basic,Active,4,17.00,22,High,Medium,Low,Delayed,9
3368,Basic,Churned,9,24.00,87,Low,Low,Low,Delayed,7
3369,Basic,Active,3,27.00,8,High,Medium,Low,Delayed,10
3370,Pro,Active,0,67.00,7,High,High,Low,On-Time,8
3371,Basic,Active,3,16.00,7,High,Medium,High,On-Time,9
3372,Pro,Active,1,50.00,26,High,High,Low,On-Time,7
3373,Basic,Active,2,13.00,2,Medium,Medium,Low,On-Time,10
3374,Pro,Active,1,56.00,28,High,High,Low,On-Time,9
3375,Basic,Churned,14,26.00,250,Low,Low,Medium,Delayed,3
3376,Basic,Active,2,18.00,1,Medium,Medium,Low,On-Time,9
3377,Pro,Active,1,44.00,18,High,High,Low,On-Time,7
3378,Pro,Active,2,44.00,16,Medium,High,Low,On-Time,9
3379,Pro,Churned,11,40.00,189,Low,Low,Low,Delayed,4
3380,Pro,"At Risk",5,45.00,17,Medium,Medium,Low,Delayed,7
3381,Enterprise,Active,2,125.00,5,Medium,High,Medium,On-Time,7
3382,Basic,Active,1,15.00,22,High,High,Low,On-Time,9
3383,Basic,"At Risk",6,29.00,19,High,Medium,High,Delayed,10
3384,Basic,Active,1,26.00,0,High,Medium,Low,On-Time,8
3385,Basic,"At Risk",5,17.00,29,Medium,Medium,Low,Delayed,10
3386,Basic,Churned,15,26.00,280,Low,Low,Medium,Missed,2
3387,Basic,Active,3,12.00,18,Medium,Medium,Low,On-Time,10
3388,Basic,Active,3,26.00,20,Medium,Medium,Low,On-Time,10
3389,Pro,"At Risk",5,44.00,59,Medium,Medium,Low,On-Time,5
3390,Basic,Active,4,14.00,29,Medium,Medium,Medium,On-Time,8
3391,Basic,Active,3,21.00,7,High,Medium,Low,Delayed,9
3392,Basic,Churned,15,12.00,220,Low,Low,Medium,Missed,1
3393,Basic,"At Risk",5,14.00,32,Medium,Medium,Medium,On-Time,9
3394,Basic,Active,4,26.00,35,High,Medium,Medium,On-Time,10
3395,Basic,Active,4,24.00,0,Medium,Medium,High,On-Time,9
3396,Basic,"At Risk",8,16.00,102,Medium,Medium,Medium,On-Time,4
3397,Basic,Active,3,15.00,11,High,High,Medium,Delayed,9
3398,Basic,Churned,15,15.00,196,Low,Low,High,Delayed,2
3399,Pro,Active,0,68.00,1,High,High,Low,On-Time,10
3400,Pro,Churned,12,61.00,169,Low,Low,Medium,Delayed,4
3401,Basic,"At Risk",8,11.00,74,Low,Low,Low,On-Time,6
3402,Basic,Churned,9,28.00,119,Low,Low,Low,On-Time,6
3403,Basic,Active,2,25.00,22,High,Medium,Low,On-Time,10
3404,Basic,Active,4,12.00,30,High,Medium,High,On-Time,8
3405,Enterprise,Churned,15,298.00,291,Low,Low,Medium,Missed,1
3406,Pro,Churned,14,72.00,286,Low,Low,Low,Missed,2
3407,Enterprise,Active,4,178.00,27,High,Medium,Low,Delayed,8
3408,Enterprise,Churned,9,213.00,104,Low,Low,Low,On-Time,4
3409,Basic,Active,3,25.00,20,Medium,Medium,Low,On-Time,9
3410,Basic,Active,2,19.00,17,High,High,Medium,On-Time,7
3411,Basic,Active,2,17.00,20,High,Medium,Low,On-Time,8
3412,Pro,Churned,14,78.00,135,Low,Low,Medium,Delayed,3
3413,Enterprise,"At Risk",5,235.00,42,Medium,High,High,On-Time,9
3414,Basic,Churned,11,25.00,144,Low,Low,Low,Delayed,4
3415,Pro,Active,3,48.00,0,Medium,High,High,On-Time,10
3416,Basic,Active,1,25.00,0,High,Medium,Low,On-Time,8
3417,Basic,Active,1,14.00,4,High,Medium,Low,On-Time,7
3418,Basic,Active,3,11.00,12,High,Medium,Low,Delayed,7
3419,Pro,Churned,11,79.00,107,Low,Low,Low,Missed,7
3420,Basic,Active,3,10.00,5,Medium,High,High,On-Time,9
3421,Basic,Active,2,19.00,1,Medium,Medium,Low,On-Time,8
3422,Basic,Churned,12,15.00,218,Low,Low,Medium,Delayed,4
3423,Pro,Active,4,61.00,2,High,Medium,Medium,Delayed,8
3424,Basic,Active,3,16.00,22,Medium,Medium,Low,On-Time,7
3425,Basic,Active,2,16.00,38,High,High,Low,On-Time,10
3426,Pro,Active,2,71.00,26,High,Medium,Low,On-Time,7
3427,Basic,Active,1,18.00,7,Medium,High,Low,On-Time,8
3428,Enterprise,Churned,11,231.00,63,Medium,Low,High,Delayed,4
3429,Basic,Churned,9,21.00,75,Low,Low,Medium,On-Time,6
3430,Pro,Churned,9,71.00,116,Medium,Medium,High,On-Time,5
3431,Pro,Active,3,60.00,43,High,High,Medium,On-Time,7
3432,Pro,Active,3,55.00,29,High,High,Low,Delayed,10
3433,Basic,Churned,9,14.00,97,Low,Low,Low,On-Time,5
3434,Pro,Churned,10,62.00,74,Medium,Low,Medium,Delayed,5
3435,Pro,"At Risk",6,73.00,90,Low,Medium,Low,On-Time,7
3436,Pro,Active,0,66.00,12,High,High,Low,On-Time,8
3437,Basic,Churned,9,11.00,113,Medium,Medium,Low,Delayed,6
3438,Pro,Active,2,66.00,43,High,High,Low,On-Time,10
3439,Basic,Churned,11,22.00,118,Low,Medium,Medium,Delayed,5
3440,Basic,Churned,11,18.00,100,Medium,Medium,Medium,Missed,4
3441,Pro,Active,2,55.00,26,High,High,Medium,On-Time,9
3442,Enterprise,Active,2,288.00,17,High,High,Medium,On-Time,10
3443,Pro,Churned,15,62.00,264,Low,Low,Medium,Missed,1
3444,Basic,Active,1,13.00,13,High,High,Medium,On-Time,8
3445,Basic,Active,4,12.00,31,Medium,Medium,Low,On-Time,7
3446,Basic,Churned,15,12.00,148,Low,Low,High,Delayed,1
3447,Basic,Churned,11,22.00,108,Low,Low,Low,Delayed,4
3448,Basic,Active,0,20.00,0,High,High,Low,On-Time,10
3449,Enterprise,Active,1,210.00,18,High,High,Low,On-Time,9
3450,Pro,Active,2,67.00,21,Medium,High,Low,On-Time,9
3451,Enterprise,Churned,11,197.00,115,Low,Low,Low,Delayed,4
3452,Basic,Active,3,22.00,35,Medium,High,Low,On-Time,10
3453,Pro,Active,4,55.00,39,High,Medium,Medium,On-Time,9
3454,Pro,Active,2,62.00,16,Medium,High,Low,On-Time,10
3455,Basic,Churned,14,21.00,191,Low,Low,Medium,Delayed,1
3456,Basic,Churned,13,26.00,250,Low,Low,Low,Delayed,1
3457,Basic,Active,3,26.00,7,Medium,Medium,Medium,On-Time,9
3458,Basic,Active,4,17.00,31,Medium,High,Medium,On-Time,8
3459,Basic,Active,1,23.00,13,High,Medium,Low,On-Time,9
3460,Pro,Churned,13,65.00,261,Low,Low,High,Delayed,4
3461,Basic,Active,4,17.00,33,Medium,Medium,Low,On-Time,7
3462,Basic,Active,3,23.00,30,Medium,High,Medium,On-Time,10
3463,Pro,Active,3,54.00,3,Medium,Medium,Medium,On-Time,7
3464,Basic,"At Risk",5,24.00,32,Medium,High,Low,Delayed,9
3465,Pro,Active,4,73.00,23,High,Medium,High,On-Time,10
3466,Basic,"At Risk",8,12.00,89,Medium,Low,Low,Delayed,7
3467,Pro,Active,3,51.00,32,High,High,Medium,On-Time,8
3468,Pro,Churned,9,54.00,113,Medium,Medium,Low,Delayed,5
3469,Basic,Churned,13,29.00,298,Low,Low,Medium,Missed,5
3470,Basic,"At Risk",6,15.00,31,High,High,High,Delayed,8
3471,Pro,Active,4,67.00,28,Medium,Medium,Medium,On-Time,10
3472,Pro,Active,3,58.00,29,Medium,Medium,Low,On-Time,8
3473,Pro,"At Risk",8,73.00,54,Medium,Low,Low,Delayed,6
3474,Basic,Active,3,29.00,14,Medium,Medium,Medium,On-Time,8
3475,Pro,Active,3,67.00,31,High,Medium,Low,On-Time,10
3476,Basic,Active,2,24.00,11,High,High,High,On-Time,9
3477,Basic,Active,3,17.00,8,High,Medium,High,On-Time,9
3478,Basic,Active,3,16.00,29,Medium,Medium,Low,On-Time,9
3479,Pro,Active,4,44.00,38,Medium,High,Medium,On-Time,9
3480,Basic,Active,4,13.00,10,Medium,Medium,High,On-Time,10
3481,Basic,"At Risk",8,28.00,69,Low,Low,Low,On-Time,4
3482,Basic,Active,2,23.00,29,High,Medium,Low,On-Time,7
3483,Basic,"At Risk",8,13.00,66,Medium,Medium,Low,Delayed,5
3484,Pro,Active,1,59.00,4,High,Medium,Low,On-Time,8
3485,Pro,Churned,12,76.00,46,Low,Low,High,Missed,4
3486,Pro,Active,2,44.00,39,High,High,Low,On-Time,7
3487,Enterprise,"At Risk",8,264.00,53,Low,Medium,Low,Delayed,5
3488,Pro,Churned,11,75.00,113,Low,Low,Low,Delayed,5
3489,Basic,"At Risk",7,26.00,58,Low,Low,Low,On-Time,5
3490,Basic,"At Risk",5,12.00,34,High,High,Medium,Delayed,10
3491,Basic,Active,4,12.00,29,Medium,Medium,Medium,On-Time,10
3492,Pro,Churned,12,47.00,83,Low,Low,Medium,Missed,4
3493,Basic,Churned,9,14.00,111,Low,Low,Low,On-Time,5
3494,Pro,Churned,11,55.00,88,Medium,Low,Medium,Missed,6
3495,Enterprise,Active,4,185.00,42,High,High,High,On-Time,7
3496,Basic,"At Risk",6,21.00,36,Medium,Medium,Low,Delayed,10
3497,Pro,Active,3,78.00,41,High,Medium,Low,On-Time,7
3498,Basic,Churned,13,19.00,234,Low,Low,Low,Delayed,1
3499,Enterprise,Churned,9,148.00,73,Low,Medium,Low,Delayed,6
3500,Pro,Churned,15,66.00,180,Low,Low,Medium,Missed,3
3501,Basic,Churned,9,10.00,68,Medium,Low,Medium,Delayed,7
3502,Basic,Churned,9,21.00,48,Medium,Low,Low,Missed,6
3503,Basic,Active,3,13.00,29,Medium,Medium,Low,On-Time,8
3504,Basic,Active,2,13.00,8,Medium,Medium,Low,On-Time,8
3505,Enterprise,Active,3,269.00,14,Medium,High,Low,Delayed,10
3506,Pro,Active,3,55.00,19,High,High,High,On-Time,7
3507,Basic,Active,3,23.00,10,Medium,Medium,Medium,On-Time,8
3508,Basic,Churned,13,19.00,122,Low,Low,Low,Delayed,2
3509,Basic,Active,4,27.00,21,Medium,High,Low,Delayed,9
3510,Basic,Churned,14,25.00,176,Low,Low,Medium,Delayed,2
3511,Pro,Active,3,59.00,27,Medium,Medium,Low,On-Time,10
3512,Basic,Churned,15,23.00,140,Low,Low,Medium,Missed,3
3513,Basic,Active,2,16.00,13,Medium,Medium,Low,On-Time,9
3514,Basic,Churned,14,10.00,283,Low,Low,Low,Missed,1
3515,Basic,Churned,13,29.00,124,Low,Low,Medium,Missed,4
3516,Pro,Active,2,56.00,19,High,Medium,Low,On-Time,7
3517,Pro,Active,2,72.00,25,Medium,High,Low,On-Time,7
3518,Basic,Active,2,27.00,28,High,Medium,Low,On-Time,8
3519,Basic,Churned,10,13.00,87,Low,Low,Low,Delayed,6
3520,Pro,Churned,14,44.00,172,Low,Low,Medium,Delayed,1
3521,Enterprise,Active,1,222.00,1,Medium,High,Low,On-Time,10
3522,Basic,Active,2,23.00,20,High,High,Medium,On-Time,10
3523,Basic,Active,2,20.00,1,Medium,Medium,Low,On-Time,10
3524,Pro,Active,2,50.00,10,High,Medium,Medium,On-Time,7
3525,Basic,Churned,13,23.00,169,Low,Low,Low,Delayed,3
3526,Basic,Active,2,25.00,11,High,High,Low,Delayed,10
3527,Pro,Active,3,65.00,38,High,Medium,Low,On-Time,9
3528,Basic,Active,2,27.00,17,Medium,High,Low,On-Time,9
3529,Basic,Churned,14,14.00,189,Low,Low,Low,Missed,1
3530,Basic,Churned,14,27.00,128,Low,Low,Low,Missed,1
3531,Basic,Churned,16,12.00,258,Low,Low,High,Missed,3
3532,Enterprise,Active,3,256.00,0,Medium,Medium,Medium,On-Time,8
3533,Basic,Active,2,29.00,33,High,High,Low,On-Time,8
3534,Basic,"At Risk",5,24.00,25,Medium,Medium,Low,Delayed,9
3535,Basic,Active,3,21.00,10,High,Medium,High,On-Time,9
3536,Pro,Active,3,66.00,10,High,Medium,High,On-Time,8
3537,Basic,Active,3,22.00,1,Medium,High,High,On-Time,8
3538,Pro,Active,4,50.00,23,High,Medium,High,On-Time,8
3539,Basic,Active,4,24.00,34,Medium,Medium,Low,On-Time,9
3540,Pro,Active,3,58.00,37,High,Medium,Low,On-Time,8
3541,Basic,Churned,15,27.00,161,Low,Low,Medium,Missed,2
3542,Basic,Active,2,16.00,5,High,Medium,Medium,On-Time,7
3543,Enterprise,"At Risk",8,128.00,55,Medium,Low,Low,Delayed,4
3544,Basic,Active,3,27.00,39,High,Medium,Low,On-Time,8
3545,Basic,Active,3,21.00,2,Medium,High,High,On-Time,8
3546,Basic,"At Risk",8,15.00,43,Medium,Medium,High,Delayed,9
3547,Pro,Active,3,50.00,41,Medium,High,Low,On-Time,7
3548,Basic,Active,2,29.00,1,Medium,Medium,Low,On-Time,10
3549,Pro,Active,4,75.00,17,Medium,High,High,On-Time,7
3550,Pro,"At Risk",7,74.00,111,Medium,Medium,Low,On-Time,4
3551,Pro,Active,3,64.00,22,High,Medium,Medium,On-Time,9
3552,Pro,Active,4,58.00,38,Medium,Medium,Low,On-Time,9
3553,Basic,"At Risk",5,28.00,40,Medium,Medium,Medium,On-Time,8
3554,Pro,Active,2,44.00,16,High,Medium,Low,On-Time,9
3555,Basic,Active,3,12.00,28,High,High,High,On-Time,10
3556,Basic,Churned,9,15.00,67,Medium,Low,Low,Delayed,5
3557,Basic,"At Risk",5,12.00,33,Medium,Medium,Medium,On-Time,10
3558,Basic,"At Risk",6,26.00,31,High,Medium,Medium,Delayed,8
3559,Basic,Churned,14,13.00,222,Low,Low,Medium,Delayed,1
3560,Pro,Active,1,77.00,8,Medium,High,Low,On-Time,10
3561,Basic,Churned,11,19.00,88,Low,Low,Medium,Delayed,5
3562,Basic,Active,1,12.00,7,High,Medium,Low,On-Time,7
3563,Enterprise,Active,4,298.00,13,Medium,Medium,High,On-Time,10
3564,Basic,Active,4,20.00,21,High,Medium,Low,Delayed,10
3565,Basic,Churned,12,16.00,69,Low,Low,Medium,Missed,5
3566,Basic,Active,3,14.00,44,High,High,Medium,On-Time,10
3567,Basic,"At Risk",5,22.00,34,High,Medium,Low,Delayed,7
3568,Pro,Active,3,49.00,30,Medium,Medium,Low,On-Time,7
3569,Pro,Active,4,68.00,38,High,High,High,On-Time,10
3570,Basic,Active,2,10.00,19,High,Medium,Low,On-Time,8
3571,Basic,Active,4,14.00,41,High,Medium,Medium,On-Time,9
3572,Pro,Churned,11,55.00,292,Low,Low,Low,Delayed,5
3573,Basic,Churned,12,17.00,77,Medium,Low,High,Missed,4
3574,Pro,Churned,11,52.00,82,Low,Low,Medium,Delayed,4
3575,Basic,Active,3,20.00,12,High,Medium,High,On-Time,10
3576,Enterprise,"At Risk",5,172.00,25,High,High,High,Delayed,7
3577,Pro,Churned,15,56.00,244,Low,Low,Medium,Missed,3
3578,Enterprise,Churned,11,136.00,212,Low,Low,Low,Delayed,4
3579,Basic,Active,1,16.00,14,Medium,High,Low,On-Time,7
3580,Pro,Active,2,71.00,31,High,High,Low,On-Time,9
3581,Basic,Churned,9,25.00,100,Medium,Low,Low,Delayed,7
3582,Basic,Active,2,23.00,23,High,Medium,Low,On-Time,10
3583,Basic,"At Risk",5,25.00,26,Medium,Medium,High,On-Time,9
3584,Basic,Active,1,15.00,1,Medium,High,Low,On-Time,7
3585,Basic,Active,2,19.00,20,High,Medium,Low,On-Time,8
3586,Basic,Active,4,28.00,12,High,Medium,Medium,Delayed,8
3587,Enterprise,Churned,16,192.00,299,Low,Low,High,Missed,3
3588,Basic,Active,4,12.00,33,Medium,Medium,Low,On-Time,9
3589,Basic,Active,3,22.00,32,High,Medium,Low,On-Time,7
3590,Basic,Active,2,27.00,21,Medium,High,Low,On-Time,9
3591,Pro,Active,1,49.00,30,High,High,Low,On-Time,10
3592,Pro,Churned,13,51.00,209,Low,Low,Medium,Missed,4
3593,Basic,Active,2,24.00,4,High,Medium,Medium,On-Time,7
3594,Basic,Active,1,16.00,0,High,High,Medium,On-Time,10
3595,Basic,"At Risk",5,10.00,37,Medium,High,High,On-Time,7
3596,Basic,Active,4,20.00,8,Medium,Medium,High,On-Time,8
3597,Pro,Active,4,42.00,41,High,Medium,Medium,On-Time,10
3598,Pro,Churned,9,42.00,75,Low,Low,Low,Delayed,7
3599,Enterprise,Active,4,274.00,32,Medium,Medium,Low,On-Time,10
3600,Basic,Active,2,17.00,6,High,Medium,Medium,On-Time,8
3601,Pro,Churned,14,57.00,224,Low,Low,High,Missed,5
3602,Pro,Active,3,53.00,30,High,Medium,Medium,On-Time,7
3603,Basic,Churned,12,29.00,81,Low,Low,High,Missed,7
3604,Enterprise,Active,1,245.00,27,High,High,Low,On-Time,9
3605,Basic,Active,3,17.00,18,Medium,Medium,Low,On-Time,8
3606,Basic,Active,4,26.00,28,Medium,Medium,Medium,On-Time,8
3607,Pro,"At Risk",6,50.00,35,Medium,Medium,High,On-Time,10
3608,Basic,Active,3,23.00,17,Medium,Medium,Low,On-Time,10
3609,Basic,Active,3,27.00,42,High,Medium,Low,On-Time,9
3610,Basic,Churned,12,23.00,178,Low,Low,Low,Missed,4
3611,Pro,Active,2,55.00,20,High,Medium,Low,On-Time,7
3612,Basic,Active,3,19.00,41,High,Medium,Low,On-Time,10
3613,Basic,Churned,10,17.00,60,Medium,Low,Low,Missed,4
3614,Enterprise,Active,1,210.00,3,Medium,High,Low,On-Time,10
3615,Basic,Active,3,12.00,31,High,Medium,Low,On-Time,7
3616,Basic,Active,0,15.00,2,High,High,Low,On-Time,8
3617,Basic,Active,3,26.00,22,High,Medium,Medium,On-Time,8
3618,Basic,Churned,11,11.00,118,Medium,Low,Medium,Delayed,5
3619,Pro,Active,2,69.00,39,High,High,Low,On-Time,10
3620,Basic,Active,3,17.00,20,Medium,Medium,Low,On-Time,8
3621,Pro,Churned,9,43.00,84,Low,Medium,Low,Delayed,6
3622,Basic,Active,4,24.00,13,Medium,Medium,Low,Delayed,7
3623,Basic,"At Risk",6,23.00,41,Medium,Medium,Low,Delayed,10
3624,Basic,Active,2,11.00,18,Medium,High,Low,On-Time,8
3625,Pro,Active,1,75.00,8,Medium,High,Low,On-Time,9
3626,Pro,Churned,9,77.00,102,Medium,Low,Medium,On-Time,6
3627,Basic,Active,3,11.00,1,High,Medium,High,On-Time,9
3628,Pro,"At Risk",5,71.00,19,High,High,High,Delayed,9
3629,Basic,"At Risk",8,26.00,71,Low,Low,Medium,On-Time,7
3630,Basic,Active,3,17.00,37,High,High,Medium,On-Time,10
3631,Pro,"At Risk",7,73.00,47,Medium,Medium,High,On-Time,5
3632,Basic,Churned,10,15.00,93,Low,Low,Medium,On-Time,5
3633,Basic,Active,4,26.00,22,High,Medium,Low,Delayed,7
3634,Basic,Active,3,21.00,39,High,High,Medium,On-Time,8
3635,Basic,Active,2,10.00,1,Medium,Medium,Low,On-Time,10
3636,Basic,Active,2,10.00,29,High,Medium,Low,On-Time,10
3637,Pro,"At Risk",5,51.00,25,Medium,Medium,Low,Delayed,10
3638,Basic,Active,2,27.00,10,Medium,Medium,Low,On-Time,10
3639,Pro,"At Risk",5,77.00,18,Medium,High,Medium,Delayed,10
3640,Basic,Churned,15,27.00,169,Low,Low,High,Delayed,1
3641,Basic,"At Risk",6,28.00,34,Medium,Medium,High,On-Time,10
3642,Pro,Churned,12,69.00,119,Low,Low,Low,Missed,5
3643,Basic,"At Risk",6,29.00,34,Medium,Medium,High,On-Time,10
3644,Pro,Active,4,79.00,32,Medium,High,Medium,On-Time,7
3645,Pro,Churned,12,69.00,281,Low,Low,Low,Missed,5
3646,Pro,Active,3,45.00,39,High,High,Medium,On-Time,8
3647,Pro,"At Risk",7,46.00,81,Medium,Low,Low,On-Time,6
3648,Enterprise,Churned,11,229.00,96,Low,Low,Low,Delayed,5
3649,Basic,"At Risk",5,12.00,32,Medium,Medium,Medium,On-Time,9
3650,Pro,Active,2,57.00,8,High,Medium,Medium,On-Time,8
3651,Pro,Active,2,59.00,16,High,Medium,Low,On-Time,8
3652,Pro,Active,3,72.00,3,Medium,High,High,On-Time,10
3653,Enterprise,Active,3,261.00,8,Medium,Medium,Medium,On-Time,7
3654,Basic,Churned,13,11.00,166,Low,Low,Low,Delayed,3
3655,Basic,"At Risk",5,14.00,41,Medium,Medium,Medium,On-Time,7
3656,Basic,Active,1,16.00,17,High,High,Low,On-Time,9
3657,Basic,"At Risk",5,10.00,27,Medium,Medium,Low,Delayed,10
3658,Pro,Active,3,52.00,22,Medium,High,Medium,On-Time,9
3659,Pro,Churned,10,75.00,113,Medium,Low,Low,Delayed,6
3660,Enterprise,Active,0,284.00,0,High,High,Low,On-Time,8
3661,Pro,Active,4,79.00,33,Medium,High,Medium,On-Time,9
3662,Basic,Active,3,28.00,44,High,High,Medium,On-Time,7
3663,Basic,Active,1,26.00,2,High,Medium,Low,On-Time,8
3664,Enterprise,Active,2,252.00,0,Medium,High,Medium,On-Time,9
3665,Basic,Churned,12,17.00,101,Medium,Medium,High,Missed,4
3666,Enterprise,Active,3,163.00,6,Medium,Medium,Medium,On-Time,8
3667,Basic,"At Risk",5,19.00,34,Medium,High,High,On-Time,8
3668,Pro,Active,2,61.00,4,Medium,Medium,Low,On-Time,10
3669,Basic,"At Risk",5,13.00,48,Medium,Medium,Low,On-Time,5
3670,Pro,Active,2,51.00,23,High,Medium,Low,On-Time,8
3671,Enterprise,Active,3,194.00,8,Medium,Medium,Medium,On-Time,10
3672,Pro,Churned,12,48.00,70,Low,Low,High,Delayed,4
3673,Pro,Churned,12,55.00,67,Low,Low,High,Missed,7
3674,Basic,Churned,11,24.00,109,Low,Medium,Low,Missed,6
3675,Pro,Churned,10,53.00,108,Low,Low,Medium,On-Time,5
3676,Basic,Churned,15,12.00,213,Low,Low,High,Delayed,2
3677,Basic,Active,1,18.00,27,High,High,Low,On-Time,10
3678,Basic,"At Risk",5,10.00,29,Medium,High,Medium,Delayed,10
3679,Pro,Churned,11,69.00,104,Low,Medium,High,Delayed,7
3680,Enterprise,Active,4,255.00,14,Medium,Medium,High,On-Time,8
3681,Pro,Active,3,59.00,17,Medium,Medium,Low,On-Time,10
3682,Basic,"At Risk",7,26.00,66,Medium,Medium,Low,Delayed,7
3683,Pro,Active,2,57.00,28,High,High,Medium,On-Time,10
3684,Enterprise,Churned,11,294.00,84,Medium,Low,High,Delayed,4
3685,Pro,Active,2,58.00,15,High,High,Medium,On-Time,10
3686,Basic,Churned,10,27.00,103,Medium,Low,Low,Delayed,5
3687,Enterprise,Active,2,191.00,7,High,High,High,On-Time,8
3688,Enterprise,Churned,11,201.00,105,Medium,Low,Low,Missed,5
3689,Pro,Active,1,40.00,14,High,High,Medium,On-Time,10
3690,Enterprise,Active,4,261.00,31,High,High,Low,Delayed,9
3691,Pro,Active,3,47.00,42,High,Medium,Low,On-Time,7
3692,Enterprise,Active,2,237.00,7,High,High,Low,Delayed,9
3693,Pro,Active,0,67.00,7,High,High,Low,On-Time,9
3694,Basic,Churned,11,26.00,102,Low,Medium,High,Delayed,7
3695,Basic,Active,2,21.00,1,Medium,Medium,Low,On-Time,10
3696,Basic,Churned,14,22.00,123,Low,Low,Low,Missed,3
3697,Basic,Active,4,14.00,32,High,Medium,Medium,On-Time,9
3698,Pro,Churned,12,75.00,119,Low,Low,Medium,Delayed,6
3699,Pro,"At Risk",8,71.00,67,Low,Low,Medium,On-Time,7
3700,Basic,Active,2,24.00,22,Medium,High,Low,On-Time,8
3701,Basic,Active,3,28.00,22,Medium,Medium,Low,On-Time,7
3702,Pro,Active,2,46.00,24,High,Medium,Low,On-Time,10
3703,Basic,Active,3,28.00,34,Medium,High,Low,On-Time,8
3704,Pro,Active,4,74.00,30,High,Medium,High,On-Time,8
3705,Basic,Active,2,15.00,22,High,High,Medium,On-Time,8
3706,Enterprise,Churned,10,253.00,57,Low,Low,Low,Missed,5
3707,Basic,Active,1,29.00,12,Medium,High,Low,On-Time,8
3708,Basic,"At Risk",6,19.00,44,High,Medium,Medium,Delayed,10
3709,Pro,Churned,9,46.00,57,Medium,Low,Low,Missed,4
3710,Pro,Active,1,41.00,7,High,High,Medium,On-Time,8
3711,Enterprise,"At Risk",8,230.00,76,Low,Low,Low,On-Time,5
3712,Pro,Active,1,75.00,8,Medium,High,Low,On-Time,9
3713,Basic,Active,4,18.00,15,Medium,High,High,On-Time,7
3714,Basic,Churned,10,29.00,88,Low,Low,Low,Delayed,5
3715,Basic,Churned,11,13.00,99,Medium,Medium,Medium,Missed,6
3716,Basic,Active,2,20.00,15,High,Medium,Low,On-Time,8
3717,Pro,Active,3,79.00,39,High,Medium,Low,On-Time,10
3718,Pro,Active,1,65.00,5,High,Medium,Low,On-Time,9
3719,Pro,Active,1,60.00,13,Medium,High,Low,On-Time,10
3720,Basic,Active,1,17.00,22,High,High,Low,On-Time,8
3721,Enterprise,Churned,11,210.00,99,Low,Medium,Medium,Delayed,5
3722,Basic,Active,4,24.00,18,High,Medium,High,On-Time,10
3723,Pro,Active,0,44.00,9,High,High,Low,On-Time,8
3724,Pro,Active,2,40.00,24,High,Medium,Low,On-Time,8
3725,Basic,Churned,10,25.00,57,Medium,Low,Medium,Missed,4
3726,Basic,Active,4,25.00,40,High,Medium,Medium,On-Time,9
3727,Basic,Active,2,13.00,24,High,High,Medium,On-Time,7
3728,Basic,Active,2,25.00,17,High,High,Medium,On-Time,8
3729,Enterprise,"At Risk",8,199.00,75,Low,Medium,Medium,On-Time,5
3730,Enterprise,Active,3,259.00,3,Medium,High,Low,Delayed,10
3731,Pro,Active,0,76.00,13,High,High,Low,On-Time,9
3732,Basic,Active,4,19.00,28,Medium,High,High,On-Time,8
3733,Pro,Active,2,70.00,14,Medium,Medium,Low,On-Time,9
3734,Pro,Active,3,79.00,8,High,Medium,High,On-Time,9
3735,Basic,"At Risk",7,16.00,67,Medium,Low,Medium,On-Time,7
3736,Basic,Churned,12,24.00,194,Low,Low,Medium,Delayed,5
3737,Pro,Active,2,47.00,7,High,Medium,Medium,On-Time,7
3738,Basic,Active,2,11.00,34,High,High,Low,On-Time,9
3739,Pro,Active,2,71.00,28,High,Medium,Low,On-Time,9
3740,Pro,Churned,10,61.00,94,Low,Medium,High,On-Time,4
3741,Pro,Churned,9,72.00,107,Low,Low,Low,On-Time,6
3742,Basic,"At Risk",5,26.00,31,High,Medium,Low,Delayed,10
3743,Basic,"At Risk",5,26.00,32,Medium,Medium,Medium,On-Time,10
3744,Basic,Active,3,10.00,26,Medium,High,Medium,On-Time,10
3745,Enterprise,Active,1,160.00,20,High,High,Low,On-Time,10
3746,Basic,Active,2,15.00,21,Medium,High,Low,On-Time,10
3747,Basic,Active,3,25.00,37,High,Medium,Low,On-Time,8
3748,Basic,"At Risk",5,18.00,3,Medium,High,High,Delayed,8
3749,Pro,"At Risk",7,52.00,32,Medium,Medium,Medium,Delayed,10
3750,Basic,"At Risk",6,17.00,19,High,Medium,High,Delayed,10
3751,Basic,Active,4,17.00,40,High,Medium,Medium,On-Time,7
3752,Pro,Active,3,64.00,9,Medium,Medium,Medium,On-Time,10
3753,Pro,Active,3,79.00,29,High,High,High,On-Time,7
3754,Basic,"At Risk",5,10.00,41,Medium,High,Low,Delayed,7
3755,Basic,Churned,9,11.00,81,Medium,Low,Low,Delayed,6
3756,Pro,Active,4,64.00,23,Medium,Medium,Medium,On-Time,10
3757,Pro,"At Risk",6,62.00,31,Medium,Medium,High,On-Time,8
3758,Basic,"At Risk",7,16.00,73,Low,Medium,Medium,On-Time,7
3759,Basic,Active,1,12.00,30,High,High,Low,On-Time,9
3760,Pro,Active,4,42.00,24,High,Medium,High,On-Time,10
3761,Enterprise,"At Risk",5,293.00,39,Medium,Medium,Medium,On-Time,8
3762,Basic,Active,3,20.00,16,High,Medium,Medium,On-Time,10
3763,Pro,Active,3,41.00,28,Medium,High,Medium,On-Time,10
3764,Basic,"At Risk",6,13.00,36,Medium,High,Medium,Delayed,7
3765,Basic,"At Risk",7,23.00,91,Low,Medium,Low,On-Time,7
3766,Basic,Active,2,12.00,27,Medium,High,Low,On-Time,8
3767,Enterprise,Churned,14,283.00,244,Low,Low,High,Missed,4
3768,Pro,"At Risk",8,48.00,79,Low,Low,Low,On-Time,4
3769,Basic,Active,2,27.00,18,High,High,Medium,On-Time,10
3770,Basic,Churned,12,11.00,123,Low,Low,Low,Missed,5
3771,Basic,Active,3,28.00,10,High,Medium,High,On-Time,10
3772,Basic,Churned,12,13.00,97,Low,Low,Medium,Delayed,4
3773,Basic,Churned,13,13.00,225,Low,Low,Medium,Missed,4
3774,Pro,Active,2,70.00,11,Medium,Medium,Low,On-Time,10
3775,Basic,Active,1,16.00,18,High,High,Low,On-Time,10
3776,Basic,Active,4,10.00,26,Medium,Medium,Medium,On-Time,7
3777,Basic,Active,3,15.00,42,Medium,High,Low,On-Time,7
3778,Basic,Churned,11,12.00,113,Low,Medium,Medium,Delayed,4
3779,Enterprise,Active,3,296.00,20,Medium,High,Medium,On-Time,10
3780,Pro,Active,2,42.00,11,High,Medium,Medium,On-Time,10
3781,Basic,Active,2,26.00,2,Medium,Medium,Low,On-Time,10
3782,Pro,Active,3,69.00,23,High,Medium,Medium,On-Time,8
3783,Pro,"At Risk",6,70.00,34,High,Medium,Medium,Delayed,9
3784,Pro,Active,1,79.00,8,Medium,High,Low,On-Time,8
3785,Basic,Churned,9,17.00,69,Medium,Medium,Medium,Missed,7
3786,Pro,Churned,11,58.00,105,Low,Low,Low,Delayed,6
3787,Basic,Churned,13,24.00,130,Low,Low,Low,Delayed,1
3788,Basic,Active,1,19.00,8,High,Medium,Low,On-Time,7
3789,Basic,Churned,11,26.00,130,Low,Low,Low,Delayed,4
3790,Basic,"At Risk",6,25.00,42,Medium,Medium,High,On-Time,7
3791,Basic,Active,2,14.00,16,Medium,High,Low,On-Time,8
3792,Pro,"At Risk",8,68.00,101,Medium,Low,Low,On-Time,6
3793,Pro,Churned,9,69.00,63,Low,Medium,Low,Delayed,6
3794,Basic,Active,4,21.00,39,Medium,High,Medium,On-Time,7
3795,Basic,Active,3,22.00,18,Medium,High,Medium,On-Time,7
3796,Basic,Active,0,29.00,2,High,High,Low,On-Time,7
3797,Enterprise,Active,1,235.00,9,High,Medium,Low,On-Time,10
3798,Basic,Active,4,12.00,22,High,Medium,High,On-Time,9
3799,Pro,Active,2,75.00,16,High,Medium,Low,On-Time,10
3800,Pro,Churned,11,42.00,115,Low,Low,Low,Delayed,5
3801,Basic,Active,0,19.00,6,High,High,Low,On-Time,7
3802,Pro,Active,3,67.00,29,Medium,Medium,Low,On-Time,7
3803,Basic,Active,3,26.00,25,Medium,High,Medium,On-Time,9
3804,Basic,Active,3,23.00,27,High,Medium,Medium,On-Time,9
3805,Basic,Active,4,18.00,44,Medium,Medium,Low,On-Time,7
3806,Basic,Active,2,12.00,15,High,Medium,Low,On-Time,7
3807,Basic,Active,2,26.00,28,High,Medium,Low,On-Time,7
3808,Basic,Active,2,25.00,30,High,High,Medium,On-Time,9
3809,Pro,Active,2,74.00,10,Medium,High,Medium,On-Time,10
3810,Enterprise,Active,4,172.00,25,Medium,High,High,On-Time,8
3811,Pro,Active,3,44.00,25,High,Medium,Medium,On-Time,7
3812,Basic,Active,4,19.00,17,Medium,Medium,Medium,On-Time,7
3813,Basic,"At Risk",6,26.00,39,High,Medium,Medium,Delayed,7
3814,Pro,Churned,14,73.00,228,Low,Low,Low,Missed,1
3815,Basic,Active,4,14.00,32,High,Medium,Medium,On-Time,7
3816,Pro,Active,2,60.00,39,High,High,Low,On-Time,9
3817,Pro,Active,3,55.00,14,High,High,Medium,Delayed,7
3818,Basic,Active,2,22.00,23,High,Medium,Low,On-Time,8
3819,Basic,Active,1,16.00,14,Medium,High,Low,On-Time,8
3820,Pro,Active,2,47.00,10,Medium,High,Medium,On-Time,8
3821,Basic,Active,4,28.00,5,High,Medium,Medium,Delayed,10
3822,Basic,Churned,10,28.00,116,Low,Low,Medium,On-Time,6
3823,Basic,Active,1,29.00,14,High,High,Medium,On-Time,10
3824,Enterprise,"At Risk",5,237.00,28,Medium,Medium,Low,Delayed,8
3825,Basic,Churned,14,12.00,194,Low,Low,High,Missed,5
3826,Pro,"At Risk",8,54.00,103,Low,Low,Low,On-Time,7
3827,Basic,Active,0,12.00,12,High,High,Low,On-Time,7
3828,Pro,Active,2,43.00,27,High,Medium,Low,On-Time,10
3829,Basic,Churned,10,21.00,102,Low,Low,Medium,On-Time,6
3830,Pro,Active,2,63.00,12,Medium,Medium,Low,On-Time,9
3831,Basic,Churned,10,24.00,63,Low,Medium,Low,Missed,5
3832,Basic,Active,1,28.00,5,High,Medium,Low,On-Time,7
3833,Basic,"At Risk",8,10.00,103,Low,Medium,Medium,On-Time,7
3834,Basic,Active,2,14.00,13,High,Medium,Medium,On-Time,7
3835,Basic,Active,1,28.00,0,High,High,Medium,On-Time,7
3836,Pro,Churned,16,53.00,256,Low,Low,High,Missed,3
3837,Pro,Churned,10,74.00,78,Low,Low,High,On-Time,4
3838,Basic,Active,0,11.00,1,High,High,Low,On-Time,9
3839,Basic,Active,3,22.00,2,Medium,Medium,Medium,On-Time,9
3840,Basic,Active,2,23.00,27,High,High,Medium,On-Time,7
3841,Basic,Active,2,24.00,24,High,Medium,Low,On-Time,7
3842,Basic,Active,2,21.00,1,Medium,Medium,Low,On-Time,9
3843,Enterprise,Active,4,236.00,43,High,Medium,Medium,On-Time,8
3844,Pro,Active,2,48.00,6,High,Medium,Medium,On-Time,9
3845,Pro,Active,3,77.00,15,Medium,High,Medium,On-Time,7
3846,Basic,Active,3,13.00,16,Medium,Medium,Low,On-Time,7
3847,Pro,Active,3,52.00,10,High,Medium,High,On-Time,7
3848,Pro,Active,3,50.00,44,High,High,Medium,On-Time,9
3849,Pro,Active,4,46.00,35,High,High,High,On-Time,7
3850,Basic,Active,3,22.00,3,High,Medium,Low,Delayed,9
3851,Basic,Active,3,20.00,4,Medium,Medium,Medium,On-Time,7
3852,Pro,Active,2,72.00,10,Medium,High,Medium,On-Time,10
3853,Basic,Active,3,15.00,25,Medium,Medium,Low,On-Time,8
3854,Pro,Active,0,73.00,11,High,High,Low,On-Time,9
3855,Basic,Active,0,13.00,1,High,High,Low,On-Time,8
3856,Basic,Active,4,28.00,8,Medium,Medium,High,On-Time,7
3857,Basic,Active,1,11.00,4,High,High,Medium,On-Time,10
3858,Pro,Active,2,43.00,16,High,Medium,Low,On-Time,7
3859,Basic,Active,4,26.00,39,Medium,High,Medium,On-Time,10
3860,Pro,Churned,11,43.00,51,Low,Low,Medium,Missed,5
3861,Enterprise,Active,2,259.00,34,High,High,Low,On-Time,7
3862,Pro,Churned,11,78.00,111,Low,Low,High,On-Time,4
3863,Pro,Active,2,40.00,22,High,High,Medium,On-Time,9
3864,Pro,Active,1,78.00,1,Medium,High,Low,On-Time,9
3865,Basic,Active,3,23.00,2,Medium,Medium,Medium,On-Time,8
3866,Basic,Churned,13,19.00,115,Low,Low,Medium,Missed,6
3867,Basic,Active,0,22.00,3,High,High,Low,On-Time,7
3868,Basic,"At Risk",5,21.00,20,High,High,High,Delayed,10
3869,Basic,Active,2,18.00,27,High,High,Medium,On-Time,8
3870,Basic,Churned,13,26.00,209,Low,Low,Medium,Missed,5
3871,Basic,Churned,10,27.00,88,Low,Low,Low,Delayed,6
3872,Basic,Churned,11,24.00,297,Low,Low,Low,Delayed,4
3873,Basic,Active,1,10.00,27,High,High,Low,On-Time,10
3874,Basic,Active,3,23.00,43,High,Medium,Low,On-Time,9
3875,Basic,Active,4,15.00,12,Medium,Medium,High,On-Time,7
3876,Pro,Churned,14,57.00,218,Low,Low,High,Missed,4
3877,Basic,Active,0,28.00,0,High,High,Low,On-Time,7
3878,Pro,Active,2,67.00,28,High,High,Medium,On-Time,10
3879,Basic,Active,2,19.00,5,Medium,Medium,Low,On-Time,10
3880,Basic,Active,1,20.00,3,High,Medium,Low,On-Time,8
3881,Basic,"At Risk",8,22.00,104,Medium,Low,Low,On-Time,4
3882,Basic,Active,3,26.00,32,Medium,High,Low,On-Time,10
3883,Basic,Active,2,19.00,12,Medium,Medium,Low,On-Time,8
3884,Enterprise,Churned,14,255.00,218,Low,Low,Low,Missed,2
3885,Pro,Active,3,74.00,19,High,Medium,Medium,On-Time,9
3886,Basic,Active,1,16.00,29,High,High,Low,On-Time,7
3887,Basic,Active,3,24.00,44,Medium,High,Low,On-Time,8
3888,Pro,Active,2,40.00,11,High,High,High,On-Time,8
3889,Basic,Active,3,17.00,39,Medium,High,Low,On-Time,10
3890,Basic,Active,4,19.00,43,High,Medium,Medium,On-Time,8
3891,Pro,"At Risk",7,63.00,106,Low,Medium,Low,On-Time,7
3892,Basic,Active,1,29.00,10,High,High,Medium,On-Time,9
3893,Pro,Churned,11,63.00,110,Low,Medium,Low,Missed,4
3894,Basic,Active,3,24.00,15,High,Medium,Medium,On-Time,8
3895,Basic,Active,3,23.00,26,High,Medium,Medium,On-Time,9
3896,Basic,Active,1,19.00,23,High,High,Low,On-Time,9
3897,Basic,Active,0,15.00,9,High,High,Low,On-Time,7
3898,Enterprise,Active,1,227.00,2,High,High,Medium,On-Time,8
3899,Basic,"At Risk",5,16.00,25,Medium,Medium,Low,Delayed,7
3900,Pro,Active,2,47.00,21,High,Medium,Low,On-Time,9
3901,Basic,Active,4,12.00,18,High,Medium,Low,Delayed,9
3902,Basic,Active,3,28.00,42,High,Medium,Low,On-Time,7
3903,Pro,Active,0,75.00,12,High,High,Low,On-Time,10
3904,Enterprise,Churned,9,291.00,80,Medium,Medium,Medium,Delayed,6
3905,Pro,Active,3,78.00,31,High,Medium,Low,On-Time,8
3906,Pro,Active,3,64.00,27,Medium,High,Medium,On-Time,8
3907,Pro,Active,1,58.00,0,High,High,Medium,On-Time,9
3908,Pro,"At Risk",8,75.00,47,Low,Low,High,On-Time,7
3909,Pro,Active,1,64.00,15,High,High,Low,On-Time,8
3910,Pro,"At Risk",8,72.00,108,Medium,Low,Medium,On-Time,7
3911,Basic,Churned,11,28.00,109,Medium,Medium,Medium,Missed,5
3912,Pro,Active,2,52.00,9,High,High,High,On-Time,9
3913,Basic,"At Risk",5,25.00,32,High,Medium,High,On-Time,8
3914,Basic,"At Risk",5,13.00,22,High,Medium,Medium,Delayed,10
3915,Pro,Churned,14,68.00,288,Low,Low,Medium,Delayed,2
3916,Basic,Active,3,17.00,44,High,Medium,Low,On-Time,7
3917,Pro,Active,3,59.00,36,High,Medium,Low,On-Time,9
3918,Enterprise,Active,3,286.00,22,Medium,High,Medium,On-Time,10
3919,Pro,Churned,10,67.00,68,Low,Medium,Low,Missed,5
3920,Pro,Active,1,51.00,6,Medium,High,Low,On-Time,10
3921,Basic,"At Risk",8,23.00,46,Medium,Low,High,On-Time,6
3922,Basic,Active,4,11.00,43,High,High,High,On-Time,7
3923,Pro,Active,2,79.00,13,Medium,Medium,Low,On-Time,10
3924,Basic,Churned,9,17.00,115,Low,Medium,High,On-Time,7
3925,Basic,"At Risk",5,14.00,34,High,Medium,High,On-Time,8
3926,Basic,"At Risk",6,20.00,35,High,Medium,Medium,Delayed,8
3927,Enterprise,Active,2,143.00,26,Medium,High,Low,On-Time,10
3928,Basic,Churned,9,12.00,53,Medium,Low,High,Delayed,7
3929,Basic,Churned,9,29.00,48,Low,Low,Low,Delayed,6
3930,Basic,Churned,9,13.00,95,Medium,Low,Medium,On-Time,6
3931,Pro,Active,4,71.00,36,Medium,Medium,Low,On-Time,9
3932,Pro,Churned,9,73.00,55,Medium,Low,Medium,Delayed,6
3933,Basic,Active,2,25.00,36,High,High,Low,On-Time,10
3934,Basic,Active,2,19.00,25,High,High,Medium,On-Time,10
3935,Pro,Active,3,69.00,25,Medium,High,Medium,On-Time,10
3936,Basic,Churned,13,16.00,276,Low,Low,Low,Delayed,1
3937,Pro,Active,2,47.00,7,High,Medium,Medium,On-Time,8
3938,Basic,Active,3,11.00,18,High,High,High,On-Time,7
3939,Basic,"At Risk",8,10.00,53,Low,Medium,High,On-Time,4
3940,Basic,Churned,16,11.00,214,Low,Low,High,Missed,2
3941,Pro,Churned,10,53.00,114,Low,Low,Medium,On-Time,4
3942,Basic,Active,2,18.00,13,Medium,High,Medium,On-Time,10
3943,Basic,Active,3,13.00,15,Medium,Medium,Low,On-Time,9
3944,Basic,Active,1,25.00,27,High,High,Low,On-Time,10
3945,Basic,Active,4,25.00,18,Medium,High,Low,Delayed,8
3946,Basic,Active,1,20.00,14,High,Medium,Low,On-Time,8
3947,Pro,Active,1,59.00,18,High,High,Low,On-Time,7
3948,Basic,Active,3,11.00,13,High,High,Medium,Delayed,8
3949,Basic,"At Risk",8,25.00,53,Low,Medium,Low,Delayed,6
3950,Basic,Active,4,26.00,20,Medium,High,Low,Delayed,10
3951,Basic,"At Risk",5,28.00,40,Medium,High,Low,Delayed,8
3952,Pro,Churned,11,69.00,96,Low,Low,Low,Missed,7
3953,Basic,"At Risk",6,16.00,33,Medium,Medium,High,On-Time,9
3954,Pro,Active,4,75.00,17,Medium,Medium,Medium,On-Time,8
3955,Pro,Active,4,52.00,37,High,Medium,Medium,On-Time,8
3956,Basic,Active,3,21.00,18,Medium,Medium,Low,On-Time,9
3957,Pro,Churned,11,53.00,119,Medium,Low,Medium,Missed,7
3958,Pro,"At Risk",8,56.00,55,Medium,Medium,Medium,Delayed,4
3959,Enterprise,Active,3,209.00,32,High,Medium,Low,On-Time,7
3960,Basic,Churned,14,10.00,175,Low,Low,High,Missed,4
3961,Enterprise,Churned,11,292.00,51,Low,Low,High,Missed,7
3962,Basic,"At Risk",5,17.00,27,High,High,High,Delayed,8
3963,Basic,Active,2,28.00,17,Medium,High,Low,On-Time,7
3964,Pro,Active,3,69.00,21,High,Medium,Medium,On-Time,8
3965,Basic,"At Risk",8,28.00,51,Medium,Low,Low,Delayed,6
3966,Enterprise,Active,1,200.00,7,High,High,Medium,On-Time,9
3967,Basic,Active,3,21.00,10,High,Medium,High,On-Time,8
3968,Pro,Churned,12,70.00,269,Low,Low,Low,Missed,5
3969,Basic,"At Risk",7,26.00,108,Medium,Medium,Low,On-Time,4
3970,Basic,"At Risk",5,29.00,28,Medium,Medium,Low,Delayed,10
3971,Basic,Active,1,23.00,9,High,High,Medium,On-Time,8
3972,Pro,Active,4,57.00,43,Medium,High,Medium,On-Time,8
3973,Pro,Active,4,40.00,13,High,Medium,Medium,Delayed,7
3974,Basic,Active,1,28.00,12,High,High,Medium,On-Time,10
3975,Basic,Active,2,26.00,16,High,High,Medium,On-Time,9
3976,Pro,Active,3,51.00,29,High,High,High,On-Time,7
3977,Pro,Active,2,51.00,5,Medium,Medium,Low,On-Time,9
3978,Basic,Active,3,16.00,36,Medium,High,Low,On-Time,9
3979,Basic,Active,2,11.00,2,High,High,High,On-Time,10
3980,Pro,Active,3,40.00,24,High,High,Low,Delayed,10
3981,Basic,Churned,11,13.00,102,Low,Low,Low,Missed,7
3982,Basic,Active,4,16.00,5,Medium,Medium,High,On-Time,10
3983,Enterprise,"At Risk",7,213.00,51,Medium,Low,Medium,On-Time,4
3984,Basic,Active,3,26.00,13,Medium,Medium,Medium,On-Time,10
3985,Pro,Churned,9,41.00,79,Medium,Low,Low,Delayed,6
3986,Pro,Churned,10,49.00,106,Low,Low,High,On-Time,7
3987,Enterprise,Active,2,297.00,17,High,Medium,Low,On-Time,8
3988,Pro,Active,2,60.00,19,Medium,High,Low,On-Time,9
3989,Pro,Churned,12,48.00,62,Low,Low,High,Delayed,5
3990,Basic,Active,3,23.00,33,Medium,High,Low,On-Time,9
3991,Enterprise,Active,3,127.00,26,High,Medium,Medium,On-Time,7
3992,Enterprise,Active,4,160.00,14,High,Medium,Medium,Delayed,9
3993,Basic,Active,1,10.00,11,High,Medium,Low,On-Time,7
3994,Enterprise,"At Risk",5,145.00,40,Medium,Medium,Medium,On-Time,7
3995,Pro,Churned,11,69.00,107,Low,Medium,Medium,Delayed,5
3996,Basic,Active,2,14.00,39,High,High,Low,On-Time,8
3997,Pro,Churned,10,53.00,91,Medium,Medium,Medium,Missed,7
3998,Enterprise,Active,4,259.00,35,Medium,Medium,Low,On-Time,9
3999,Basic,Active,2,27.00,11,Medium,High,Medium,On-Time,9
4000,Basic,Active,3,27.00,39,High,High,Medium,On-Time,7
4001,Basic,Active,3,19.00,24,Medium,High,Medium,On-Time,9
4002,Basic,Active,3,15.00,1,High,Medium,High,On-Time,9
4003,Pro,Active,0,51.00,1,High,High,Low,On-Time,9
4004,Basic,Active,4,24.00,43,Medium,Medium,Low,On-Time,7
4005,Enterprise,Active,1,287.00,24,High,High,Low,On-Time,8
4006,Pro,"At Risk",5,52.00,32,Medium,Medium,Medium,On-Time,7
4007,Pro,Active,2,45.00,38,High,High,Low,On-Time,9
4008,Basic,Active,1,21.00,8,High,High,Medium,On-Time,7
4009,Basic,Active,1,16.00,9,High,Medium,Low,On-Time,7
4010,Basic,Active,3,27.00,12,High,Medium,High,On-Time,8
4011,Basic,Active,3,17.00,1,Medium,Medium,Medium,On-Time,8
4012,Basic,Active,1,18.00,24,High,High,Low,On-Time,8
4013,Basic,Churned,10,27.00,51,Low,Low,Medium,Delayed,6
4014,Enterprise,"At Risk",6,288.00,31,Medium,High,Medium,Delayed,9
4015,Basic,"At Risk",6,13.00,42,Medium,Medium,High,On-Time,7
4016,Pro,Churned,13,53.00,121,Low,Low,Medium,Missed,5
4017,Pro,Active,1,77.00,2,Medium,High,Low,On-Time,8
4018,Basic,Active,4,28.00,44,High,High,High,On-Time,9
4019,Enterprise,Active,1,250.00,2,Medium,High,Low,On-Time,7
4020,Basic,Churned,12,23.00,95,Low,Medium,Medium,Missed,5
4021,Pro,"At Risk",8,41.00,73,Low,Medium,Medium,On-Time,4
4022,Basic,Active,4,18.00,31,Medium,Medium,Low,On-Time,10
4023,Basic,Churned,13,26.00,134,Low,Low,High,Delayed,5
4024,Basic,Active,1,11.00,12,Medium,High,Low,On-Time,9
4025,Basic,"At Risk",8,12.00,73,Low,Medium,Low,Delayed,7
4026,Pro,Active,2,63.00,32,High,High,Low,On-Time,9
4027,Basic,Churned,11,18.00,64,Low,Low,High,Delayed,7
4028,Basic,Active,2,16.00,29,High,Medium,Low,On-Time,7
4029,Basic,Churned,11,29.00,159,Low,Low,Low,Delayed,5
4030,Basic,Active,3,15.00,40,High,Medium,Low,On-Time,7
4031,Basic,"At Risk",8,29.00,87,Medium,Medium,Low,Delayed,4
4032,Basic,Churned,12,26.00,147,Low,Low,Medium,Delayed,5
4033,Basic,Active,1,28.00,23,High,High,Low,On-Time,9
4034,Basic,Churned,10,28.00,76,Low,Low,Low,Delayed,4
4035,Basic,Churned,11,25.00,229,Low,Low,Low,Delayed,5
4036,Basic,Active,2,22.00,5,High,Medium,Medium,On-Time,9
4037,Basic,Active,1,12.00,20,High,High,Low,On-Time,7
4038,Basic,Churned,12,20.00,277,Low,Low,Medium,Delayed,4
4039,Pro,Churned,9,65.00,98,Low,Medium,Low,Delayed,7
4040,Basic,"At Risk",5,19.00,41,Medium,High,High,On-Time,10
4041,Basic,Active,1,12.00,15,High,High,Low,On-Time,8
4042,Basic,Active,2,23.00,27,High,High,Medium,On-Time,8
4043,Basic,Active,1,11.00,0,High,High,Medium,On-Time,10
4044,Basic,Active,4,14.00,35,High,High,High,On-Time,7
4045,Pro,Active,4,76.00,30,Medium,Medium,Medium,On-Time,8
4046,Basic,"At Risk",8,21.00,58,Low,Medium,Low,Delayed,6
4047,Pro,Active,2,71.00,20,High,Medium,Low,On-Time,7
4048,Pro,Churned,12,54.00,213,Low,Low,Low,Missed,4
4049,Pro,Active,4,73.00,38,High,High,High,On-Time,10
4050,Pro,Active,2,59.00,23,High,Medium,Low,On-Time,7
4051,Basic,"At Risk",5,23.00,44,Medium,Medium,Medium,On-Time,9
4052,Basic,Churned,9,10.00,86,Low,Low,Low,Delayed,7
4053,Basic,Active,3,14.00,23,High,High,High,On-Time,9
4054,Basic,Active,3,21.00,30,High,Medium,Medium,On-Time,7
4055,Basic,Active,3,26.00,27,Medium,Medium,Low,On-Time,8
4056,Basic,Active,3,25.00,14,High,High,Medium,Delayed,9
4057,Pro,Active,2,72.00,20,High,Medium,Low,On-Time,7
4058,Pro,Active,3,42.00,10,High,High,Medium,Delayed,8
4059,Basic,Active,2,19.00,13,High,High,High,On-Time,9
4060,Pro,Active,4,40.00,22,High,Medium,High,On-Time,9
4061,Pro,Churned,11,73.00,139,Low,Low,Low,Delayed,4
4062,Pro,Active,2,49.00,22,Medium,High,Low,On-Time,7
4063,Basic,Active,1,18.00,12,High,High,Medium,On-Time,9
4064,Pro,Active,3,61.00,18,High,Medium,Medium,On-Time,9
4065,Basic,"At Risk",8,25.00,51,Medium,Low,Low,Missed,7
4066,Basic,Churned,15,12.00,167,Low,Low,Medium,Missed,2
4067,Basic,Churned,13,18.00,154,Low,Low,Low,Delayed,3
4068,Basic,Active,2,18.00,4,Medium,High,Medium,On-Time,10
4069,Basic,Active,4,26.00,11,High,Medium,Medium,Delayed,9
4070,Basic,Churned,10,13.00,97,Medium,Medium,Medium,Delayed,5
4071,Basic,Active,1,24.00,12,High,Medium,Low,On-Time,7
4072,Basic,"At Risk",5,10.00,35,Medium,High,High,On-Time,9
4073,Basic,Active,1,24.00,12,High,Medium,Low,On-Time,7
4074,Pro,Active,4,62.00,37,Medium,Medium,Low,On-Time,10
4075,Pro,"At Risk",7,45.00,60,Medium,Low,Low,On-Time,4
4076,Basic,Churned,9,19.00,116,Low,Low,Low,On-Time,5
4077,Basic,Active,1,26.00,1,High,Medium,Low,On-Time,9
4078,Pro,Active,4,62.00,26,Medium,Medium,Medium,On-Time,9
4079,Pro,Active,2,73.00,3,Medium,High,Medium,On-Time,9
4080,Pro,Churned,11,56.00,104,Low,Low,Medium,Delayed,7
4081,Pro,"At Risk",6,73.00,31,Medium,Medium,High,On-Time,8
4082,Pro,Churned,9,70.00,77,Low,Medium,High,On-Time,6
4083,Pro,Active,1,61.00,17,High,High,Low,On-Time,8
4084,Basic,Active,1,11.00,17,High,High,Low,On-Time,10
4085,Pro,Active,2,48.00,8,Medium,High,Medium,On-Time,9
4086,Enterprise,Churned,10,241.00,71,Low,Medium,Medium,Delayed,4
4087,Basic,Churned,11,23.00,99,Low,Low,Low,Delayed,4
4088,Pro,Active,4,45.00,38,High,Medium,Medium,On-Time,10
4089,Enterprise,Active,4,206.00,37,Medium,High,Medium,On-Time,8
4090,Basic,"At Risk",5,29.00,20,Medium,Medium,High,On-Time,8
4091,Enterprise,Active,3,239.00,32,High,High,Medium,On-Time,9
4092,Basic,Churned,12,18.00,156,Low,Low,Medium,Delayed,4
4093,Basic,Active,3,29.00,30,High,Medium,Medium,On-Time,8
4094,Pro,"At Risk",6,73.00,49,Low,Medium,Low,On-Time,5
4095,Basic,Churned,15,15.00,217,Low,Low,Medium,Missed,1
4096,Basic,Churned,13,23.00,294,Low,Low,Medium,Missed,5
4097,Basic,Active,4,14.00,32,Medium,Medium,Low,On-Time,9
4098,Pro,Active,2,49.00,14,Medium,High,Medium,On-Time,8
4099,Pro,Active,1,52.00,24,High,High,Low,On-Time,9
4100,Pro,Active,2,68.00,4,High,Medium,Medium,On-Time,8
4101,Basic,Active,3,19.00,40,Medium,High,Low,On-Time,9
4102,Pro,Active,1,62.00,0,Medium,High,Low,On-Time,9
4103,Pro,Active,3,66.00,39,Medium,High,Low,On-Time,7
4104,Basic,Active,3,29.00,26,Medium,Medium,Low,On-Time,8
4105,Pro,Active,1,58.00,3,High,Medium,Low,On-Time,8
4106,Pro,Active,3,64.00,33,High,Medium,Low,On-Time,10
4107,Basic,Active,2,23.00,5,High,High,Low,Delayed,10
4108,Pro,Active,4,50.00,17,Medium,High,High,On-Time,10
4109,Basic,Active,3,11.00,0,Medium,High,High,On-Time,9
4110,Basic,"At Risk",5,11.00,44,Medium,Medium,Medium,On-Time,7
4111,Pro,Active,4,62.00,32,Medium,Medium,Low,On-Time,8
4112,Basic,"At Risk",6,19.00,47,Low,Medium,Medium,On-Time,7
4113,Pro,Active,4,60.00,35,Medium,Medium,Low,On-Time,9
4114,Pro,"At Risk",5,75.00,44,High,Medium,High,On-Time,8
4115,Basic,Active,4,11.00,31,High,Medium,Medium,On-Time,7
4116,Pro,Active,2,62.00,23,Medium,High,Low,On-Time,9
4117,Pro,Active,1,63.00,14,High,Medium,Low,On-Time,10
4118,Basic,Active,1,18.00,14,High,High,Medium,On-Time,10
4119,Basic,Active,1,25.00,16,High,High,Low,On-Time,9
4120,Pro,"At Risk",7,55.00,102,Medium,Medium,Low,On-Time,5
4121,Pro,Active,3,59.00,33,High,High,Medium,On-Time,9
4122,Enterprise,"At Risk",5,128.00,40,High,Medium,Low,Delayed,8
4123,Basic,Active,3,23.00,13,Medium,Medium,Medium,On-Time,8
4124,Basic,Active,2,17.00,7,High,High,High,On-Time,10
4125,Pro,Churned,11,47.00,90,Low,Low,Low,Missed,5
4126,Basic,Active,1,11.00,20,High,High,Low,On-Time,10
4127,Basic,Active,4,10.00,20,High,Medium,High,On-Time,10
4128,Pro,Churned,14,45.00,190,Low,Low,Low,Missed,3
4129,Pro,Churned,14,50.00,274,Low,Low,Low,Missed,1
4130,Enterprise,"At Risk",5,268.00,26,Medium,Medium,High,On-Time,7
4131,Enterprise,Active,1,154.00,12,High,Medium,Low,On-Time,7
4132,Basic,Active,2,24.00,35,High,High,Low,On-Time,9
4133,Basic,Active,1,12.00,6,High,Medium,Low,On-Time,8
4134,Pro,Active,3,57.00,22,High,High,High,On-Time,10
4135,Pro,Churned,12,73.00,227,Low,Low,Medium,Delayed,4
4136,Pro,Churned,10,78.00,95,Medium,Low,Medium,Delayed,7
4137,Basic,Active,2,13.00,11,Medium,Medium,Low,On-Time,8
4138,Basic,Active,1,23.00,10,High,Medium,Low,On-Time,7
4139,Pro,"At Risk",5,46.00,29,Medium,Medium,High,On-Time,8
4140,Basic,Active,1,17.00,10,High,High,Medium,On-Time,10
4141,Pro,Active,2,73.00,11,High,High,Low,Delayed,9
4142,Pro,Active,3,71.00,18,High,High,High,On-Time,10
4143,Basic,"At Risk",6,21.00,17,High,Medium,High,Delayed,7
4144,Pro,Active,3,72.00,30,High,Medium,Medium,On-Time,10
4145,Basic,Churned,16,22.00,185,Low,Low,High,Missed,1
4146,Pro,Active,2,63.00,16,Medium,High,Low,On-Time,10
4147,Pro,Churned,14,54.00,267,Low,Low,Medium,Delayed,3
4148,Basic,Active,2,17.00,6,Medium,Medium,Low,On-Time,9
4149,Pro,Active,2,53.00,2,High,Medium,Medium,On-Time,10
4150,Basic,"At Risk",5,11.00,15,Medium,Medium,High,On-Time,7
4151,Basic,Active,2,22.00,22,High,High,Medium,On-Time,8
4152,Basic,Active,3,29.00,20,High,Medium,Medium,On-Time,7
4153,Basic,Active,4,13.00,4,Medium,Medium,Low,Delayed,7
4154,Basic,Active,1,15.00,4,High,High,Medium,On-Time,7
4155,Basic,Active,2,15.00,19,High,Medium,Low,On-Time,7
4156,Pro,"At Risk",6,51.00,86,Medium,Low,Low,On-Time,7
4157,Basic,Active,2,13.00,29,High,High,Medium,On-Time,7
4158,Basic,Active,4,11.00,36,High,Medium,Medium,On-Time,9
4159,Basic,Active,1,14.00,30,High,High,Low,On-Time,8
4160,Pro,Churned,15,70.00,176,Low,Low,Medium,Missed,2
4161,Pro,Active,4,62.00,25,Medium,Medium,Medium,On-Time,8
4162,Basic,Active,4,12.00,35,Medium,High,Medium,On-Time,9
4163,Pro,Active,1,58.00,26,High,High,Low,On-Time,7
4164,Basic,Active,3,10.00,18,Medium,High,Medium,On-Time,8
4165,Basic,Active,3,24.00,7,High,High,Medium,Delayed,8
4166,Pro,"At Risk",7,52.00,43,Medium,Medium,Medium,Delayed,10
4167,Basic,Churned,11,15.00,67,Low,Low,Medium,Missed,7
4168,Basic,Churned,12,20.00,216,Low,Low,Medium,Delayed,5
4169,Pro,Churned,12,52.00,74,Low,Low,High,Delayed,4
4170,Basic,Active,3,15.00,26,High,High,High,On-Time,8
4171,Basic,Active,4,15.00,41,High,Medium,Medium,On-Time,8
4172,Basic,Active,0,15.00,1,High,High,Low,On-Time,10
4173,Basic,Active,0,24.00,5,High,High,Low,On-Time,8
4174,Basic,Active,3,12.00,33,High,High,Medium,On-Time,8
4175,Pro,Active,3,53.00,5,High,Medium,Low,Delayed,10
4176,Basic,Active,3,24.00,38,High,Medium,Low,On-Time,10
4177,Pro,Active,4,54.00,14,Medium,Medium,High,On-Time,7
4178,Basic,Active,3,28.00,37,High,High,Medium,On-Time,7
4179,Basic,Active,4,21.00,32,Medium,Medium,Low,On-Time,8
4180,Basic,"At Risk",5,19.00,13,Medium,High,High,Delayed,9
4181,Basic,Active,4,15.00,41,High,Medium,Medium,On-Time,7
4182,Basic,"At Risk",5,23.00,22,High,Medium,Medium,Delayed,8
4183,Basic,Active,4,25.00,5,Medium,Medium,Low,Delayed,7
4184,Basic,Churned,13,22.00,289,Low,Low,Medium,Missed,4
4185,Basic,Active,2,16.00,24,High,High,Medium,On-Time,10
4186,Basic,Active,3,29.00,16,High,Medium,Medium,On-Time,8
4187,Basic,"At Risk",5,11.00,39,High,Medium,Low,Delayed,8
4188,Pro,Active,3,51.00,44,High,High,Medium,On-Time,7
4189,Pro,Churned,10,65.00,58,Medium,Low,Medium,Missed,5
4190,Basic,Churned,11,11.00,97,Medium,Medium,High,Delayed,5
4191,Pro,Active,4,51.00,40,Medium,High,Medium,On-Time,8
4192,Basic,"At Risk",8,23.00,89,Low,Low,Low,On-Time,4
4193,Enterprise,"At Risk",7,139.00,62,Medium,Low,Low,On-Time,4
4194,Basic,Active,3,18.00,36,High,High,Medium,On-Time,10
4195,Basic,Churned,13,29.00,172,Low,Low,Medium,Missed,4
4196,Enterprise,Active,2,182.00,44,High,High,Low,On-Time,8
4197,Basic,Active,1,20.00,8,Medium,High,Low,On-Time,7
4198,Basic,Active,2,19.00,11,Medium,Medium,Low,On-Time,10
4199,Basic,Active,3,24.00,12,High,Medium,Low,Delayed,10
4200,Basic,Active,2,14.00,21,High,Medium,Low,On-Time,8
4201,Pro,Churned,9,66.00,87,Medium,Low,High,On-Time,5
4202,Enterprise,Churned,11,146.00,112,Medium,Low,Medium,Delayed,4
4203,Pro,"At Risk",5,78.00,37,High,Medium,High,On-Time,8
4204,Basic,Active,4,24.00,15,High,Medium,High,On-Time,9
4205,Enterprise,Active,3,240.00,6,Medium,Medium,Medium,On-Time,10
4206,Pro,Active,4,42.00,35,High,Medium,Medium,On-Time,8
4207,Pro,"At Risk",6,43.00,33,Medium,Medium,High,On-Time,10
4208,Basic,Active,3,14.00,19,Medium,Medium,Low,On-Time,7
4209,Basic,Active,1,21.00,12,Medium,High,Low,On-Time,10
4210,Basic,Churned,14,25.00,255,Low,Low,Low,Missed,2
4211,Basic,Active,1,13.00,5,High,Medium,Low,On-Time,10
4212,Pro,Active,1,77.00,23,High,High,Low,On-Time,10
4213,Basic,Churned,14,21.00,230,Low,Low,Low,Missed,1
4214,Pro,Churned,9,42.00,54,Low,Low,Low,Missed,7
4215,Basic,Churned,15,23.00,223,Low,Low,Medium,Missed,1
4216,Basic,Active,1,13.00,9,High,High,Medium,On-Time,9
4217,Basic,Active,2,11.00,17,High,High,Medium,On-Time,8
4218,Enterprise,Active,3,180.00,18,Medium,Medium,Low,On-Time,7
4219,Pro,Active,3,42.00,33,High,Medium,Low,On-Time,10
4220,Basic,Active,3,19.00,44,Medium,High,Low,On-Time,10
4221,Basic,Active,2,13.00,24,High,High,Medium,On-Time,8
4222,Basic,Active,1,25.00,2,High,High,Medium,On-Time,10
4223,Pro,Churned,13,47.00,204,Low,Low,Low,Delayed,1
4224,Basic,Active,2,28.00,1,Medium,Medium,Low,On-Time,7
4225,Basic,Active,2,10.00,24,Medium,High,Low,On-Time,7
4226,Enterprise,Active,2,216.00,14,Medium,Medium,Low,On-Time,10
4227,Pro,Active,1,41.00,11,High,Medium,Low,On-Time,9
4228,Enterprise,Active,2,241.00,22,High,Medium,Low,On-Time,7
4229,Basic,Active,2,14.00,19,High,Medium,Low,On-Time,8
4230,Pro,Active,3,68.00,25,High,High,High,On-Time,10
4231,Basic,Active,4,11.00,18,Medium,High,High,On-Time,9
4232,Pro,Active,4,49.00,16,Medium,Medium,Medium,On-Time,10
4233,Basic,Active,3,20.00,18,Medium,High,Medium,On-Time,10
4234,Basic,Active,0,24.00,1,High,High,Low,On-Time,7
4235,Basic,Churned,11,14.00,235,Low,Low,Low,Delayed,5
4236,Enterprise,Churned,14,188.00,142,Low,Low,Low,Missed,3
4237,Pro,Active,3,55.00,24,High,Medium,Medium,On-Time,8
4238,Pro,Active,3,65.00,13,Medium,High,High,On-Time,8
4239,Basic,Active,4,27.00,40,Medium,Medium,Low,On-Time,10
4240,Pro,Active,2,67.00,24,High,Medium,Low,On-Time,8
4241,Basic,Active,3,10.00,25,High,Medium,Medium,On-Time,7
4242,Basic,Churned,13,25.00,161,Low,Low,Low,Delayed,1
4243,Basic,Active,2,10.00,4,Medium,High,Medium,On-Time,8
4244,Basic,Churned,15,28.00,234,Low,Low,Medium,Missed,3
4245,Basic,Active,2,25.00,40,High,High,Low,On-Time,8
4246,Enterprise,Active,4,144.00,39,Medium,High,Medium,On-Time,7
4247,Basic,"At Risk",5,12.00,37,High,Medium,Low,Delayed,9
4248,Pro,Active,2,52.00,7,Medium,Medium,Low,On-Time,9
4249,Pro,Churned,13,43.00,116,Medium,Low,High,Missed,4
4250,Basic,Active,2,18.00,19,Medium,High,Low,On-Time,10
4251,Basic,Active,3,11.00,35,Medium,High,Low,On-Time,10
4252,Basic,Active,4,19.00,38,Medium,Medium,Low,On-Time,10
4253,Basic,Active,3,22.00,39,Medium,High,Low,On-Time,8
4254,Basic,Churned,13,23.00,127,Low,Low,Low,Delayed,2
4255,Basic,Active,1,10.00,6,High,Medium,Low,On-Time,8
4256,Basic,Active,3,23.00,32,High,High,Medium,On-Time,7
4257,Enterprise,Churned,11,172.00,201,Low,Low,Low,Delayed,4
4258,Pro,Active,3,64.00,5,Medium,Medium,Medium,On-Time,7
4259,Basic,Active,1,26.00,2,Medium,High,Low,On-Time,8
4260,Basic,Active,1,26.00,14,High,High,Medium,On-Time,7
4261,Basic,Active,2,12.00,39,High,High,Low,On-Time,9
4262,Enterprise,Churned,10,166.00,77,Low,Low,Low,Delayed,6
4263,Enterprise,Churned,14,185.00,218,Low,Low,Low,Missed,1
4264,Pro,Active,4,48.00,11,High,Medium,Medium,Delayed,10
4265,Basic,Active,2,16.00,14,Medium,Medium,Low,On-Time,7
4266,Basic,Active,1,17.00,29,High,High,Low,On-Time,7
4267,Pro,Active,2,71.00,12,High,High,Low,Delayed,10
4268,Pro,Active,2,42.00,7,Medium,High,Medium,On-Time,7
4269,Basic,"At Risk",6,24.00,18,Medium,High,High,Delayed,9
4270,Basic,Active,1,20.00,19,High,High,Low,On-Time,9
4271,Basic,Churned,10,20.00,64,Medium,Low,Medium,Missed,7
4272,Pro,Churned,10,73.00,66,Medium,Low,Low,Missed,4
4273,Basic,Active,2,20.00,7,High,High,High,On-Time,7
4274,Basic,Churned,9,29.00,53,Low,Low,Medium,Delayed,7
4275,Basic,Churned,10,27.00,96,Medium,Low,Low,Missed,7
4276,Basic,Churned,9,29.00,110,Medium,Medium,Low,Missed,7
4277,Basic,Active,0,15.00,14,High,High,Low,On-Time,7
4278,Pro,Active,3,47.00,22,Medium,High,Medium,On-Time,7
4279,Basic,Active,3,25.00,32,High,Medium,Low,On-Time,8
4280,Basic,Churned,10,24.00,112,Low,Low,Medium,On-Time,4
4281,Basic,Active,3,18.00,26,Medium,High,Medium,On-Time,7
4282,Basic,"At Risk",8,17.00,73,Low,Low,Low,On-Time,4
4283,Pro,Active,1,61.00,14,High,High,Medium,On-Time,10
4284,Pro,Active,2,70.00,12,High,High,High,On-Time,8
4285,Enterprise,Churned,9,167.00,108,Low,Low,Low,On-Time,5
4286,Pro,Active,3,65.00,21,High,Medium,Medium,On-Time,8
4287,Pro,Churned,9,58.00,91,Low,Low,Low,On-Time,4
4288,Pro,Active,0,54.00,0,High,High,Low,On-Time,9
4289,Basic,"At Risk",6,27.00,23,High,Medium,High,Delayed,8
4290,Enterprise,Active,3,245.00,32,High,High,Medium,On-Time,9
4291,Enterprise,Active,4,206.00,28,High,High,Medium,Delayed,9
4292,Basic,Active,1,10.00,14,High,Medium,Low,On-Time,9
4293,Basic,"At Risk",5,28.00,87,Medium,Medium,Low,On-Time,7
4294,Basic,Active,1,22.00,4,Medium,High,Low,On-Time,10
4295,Basic,"At Risk",7,21.00,33,Medium,Medium,Medium,Delayed,9
4296,Basic,Active,2,15.00,10,Medium,High,Medium,On-Time,8
4297,Basic,Active,2,21.00,20,Medium,High,Low,On-Time,8
4298,Pro,Active,2,70.00,30,High,Medium,Low,On-Time,9
4299,Enterprise,Churned,9,270.00,59,Medium,Low,Medium,Delayed,6
4300,Basic,Churned,14,29.00,146,Low,Low,High,Missed,5
4301,Basic,Active,4,25.00,35,Medium,High,Medium,On-Time,8
4302,Basic,Active,3,26.00,23,High,Medium,Medium,On-Time,7
4303,Basic,Active,2,16.00,3,High,Medium,Medium,On-Time,7
4304,Basic,Active,2,16.00,40,High,High,Low,On-Time,9
4305,Basic,Active,3,17.00,28,Medium,Medium,Low,On-Time,10
4306,Enterprise,Churned,9,291.00,96,Medium,Low,Medium,On-Time,5
4307,Basic,Active,3,12.00,25,Medium,High,Medium,On-Time,7
4308,Basic,Churned,15,10.00,155,Low,Low,Medium,Missed,2
4309,Basic,Churned,9,26.00,75,Medium,Low,Low,Delayed,4
4310,Basic,Churned,13,16.00,266,Low,Low,Low,Delayed,1
4311,Basic,Active,2,28.00,4,Medium,High,Medium,On-Time,8
4312,Basic,Active,3,28.00,38,High,High,Medium,On-Time,9
4313,Pro,"At Risk",8,66.00,89,Low,Low,Low,On-Time,4
4314,Pro,Active,2,70.00,8,Medium,High,Medium,On-Time,7
4315,Pro,Churned,9,43.00,69,Medium,Medium,Medium,Delayed,6
4316,Basic,Active,3,11.00,34,Medium,High,Low,On-Time,9
4317,Pro,Active,2,73.00,15,High,Medium,Low,On-Time,10
4318,Enterprise,Churned,12,174.00,62,Low,Low,Medium,Missed,4
4319,Basic,"At Risk",5,14.00,25,High,Medium,Medium,Delayed,10
4320,Pro,Active,2,63.00,21,High,Medium,Low,On-Time,10
4321,Basic,"At Risk",5,17.00,12,High,Medium,High,Delayed,9
4322,Basic,Active,2,23.00,17,High,Medium,Low,On-Time,8
4323,Enterprise,Churned,12,161.00,213,Low,Low,Low,Missed,5
4324,Basic,Active,2,28.00,28,High,Medium,Low,On-Time,8
4325,Basic,Churned,11,25.00,70,Low,Medium,Medium,Missed,4
4326,Basic,Active,4,10.00,18,Medium,Medium,Medium,On-Time,10
4327,Pro,Active,2,47.00,19,High,High,Medium,On-Time,8
4328,Basic,Active,2,15.00,39,High,High,Low,On-Time,9
4329,Basic,Churned,12,28.00,102,Medium,Low,Medium,Missed,6
4330,Basic,"At Risk",6,11.00,32,Medium,Medium,Low,Delayed,9
4331,Basic,Active,4,16.00,20,High,Medium,High,On-Time,10
4332,Basic,Active,1,11.00,12,High,Medium,Low,On-Time,9
4333,Basic,Churned,14,19.00,258,Low,Low,Low,Missed,2
4334,Pro,"At Risk",7,45.00,26,Medium,Medium,High,Delayed,9
4335,Pro,Active,2,54.00,4,Medium,High,Medium,On-Time,8
4336,Basic,Active,0,23.00,11,High,High,Low,On-Time,9
4337,Pro,Churned,11,63.00,100,Low,Low,Low,Delayed,6
4338,Pro,Active,3,47.00,23,Medium,High,Medium,On-Time,9
4339,Basic,Active,3,11.00,38,High,Medium,Low,On-Time,8
4340,Pro,"At Risk",5,69.00,35,High,Medium,Low,Delayed,8
4341,Basic,Active,0,22.00,12,High,High,Low,On-Time,8
4342,Pro,Churned,15,68.00,206,Low,Low,Medium,Missed,3
4343,Pro,Active,3,41.00,26,High,High,High,On-Time,10
4344,Pro,"At Risk",5,59.00,36,Medium,High,High,On-Time,7
4345,Basic,Active,4,19.00,20,Medium,High,High,On-Time,8
4346,Basic,Active,1,11.00,11,High,Medium,Low,On-Time,10
4347,Basic,Churned,11,28.00,90,Low,Low,Medium,Delayed,5
4348,Basic,Active,4,16.00,22,Medium,Medium,Medium,On-Time,7
4349,Basic,Active,2,14.00,0,High,Medium,Medium,On-Time,8
4350,Pro,Active,2,56.00,25,High,High,Medium,On-Time,10
4351,Basic,Active,3,12.00,41,High,High,Medium,On-Time,9
4352,Pro,Active,0,49.00,14,High,High,Low,On-Time,10
4353,Basic,Active,3,11.00,12,High,Medium,High,On-Time,7
4354,Basic,Active,2,19.00,4,High,Medium,Medium,On-Time,9
4355,Basic,Active,3,28.00,32,High,High,Medium,On-Time,10
4356,Basic,Churned,12,14.00,89,Low,Low,High,Delayed,4
4357,Basic,Active,1,20.00,2,High,High,Medium,On-Time,9
4358,Enterprise,Active,2,150.00,23,High,High,Medium,On-Time,10
4359,Pro,Active,3,48.00,26,Medium,High,Medium,On-Time,8
4360,Pro,Churned,10,63.00,83,Medium,Low,Medium,Delayed,6
4361,Enterprise,Churned,14,157.00,206,Low,Low,Low,Missed,3
4362,Basic,Churned,14,12.00,134,Low,Low,Medium,Delayed,1
4363,Pro,Active,4,67.00,17,Medium,High,High,On-Time,8
4364,Pro,"At Risk",5,72.00,36,Medium,High,High,On-Time,8
4365,Basic,Churned,9,28.00,96,Low,Low,Low,On-Time,4
4366,Basic,Active,0,16.00,4,High,High,Low,On-Time,8
4367,Basic,Churned,15,21.00,166,Low,Low,Medium,Missed,1
4368,Basic,Active,4,16.00,30,Medium,High,High,On-Time,10
4369,Basic,"At Risk",8,14.00,71,Low,Medium,Medium,On-Time,5
4370,Pro,Active,2,74.00,43,High,High,Low,On-Time,10
4371,Basic,Active,3,11.00,28,Medium,High,Medium,On-Time,7
4372,Pro,"At Risk",6,47.00,35,Medium,Medium,Low,Delayed,8
4373,Pro,Churned,11,59.00,118,Low,Low,Medium,Delayed,7
4374,Basic,"At Risk",8,11.00,89,Medium,Medium,Low,Delayed,4
4375,Enterprise,Active,3,265.00,36,High,Medium,Low,On-Time,9
4376,Pro,Churned,13,55.00,272,Low,Low,Medium,Missed,5
4377,Enterprise,"At Risk",5,261.00,24,Medium,Medium,Low,Delayed,10
4378,Enterprise,Churned,11,147.00,241,Low,Low,Low,Delayed,5
4379,Basic,Active,2,16.00,7,Medium,Medium,Low,On-Time,10
4380,Basic,Churned,12,16.00,212,Low,Low,Low,Missed,4
4381,Basic,Active,2,10.00,19,High,Medium,Low,On-Time,9
4382,Pro,Active,3,62.00,41,High,Medium,Low,On-Time,10
4383,Pro,Active,0,64.00,9,High,High,Low,On-Time,9
4384,Enterprise,Active,1,156.00,29,High,High,Low,On-Time,8
4385,Basic,Active,2,15.00,35,High,High,Low,On-Time,10
4386,Basic,Active,2,28.00,18,High,Medium,Low,On-Time,9
4387,Enterprise,"At Risk",7,298.00,63,Low,Medium,Medium,On-Time,7
4388,Pro,"At Risk",8,49.00,47,Low,Low,Low,Delayed,7
4389,Basic,Active,4,26.00,33,High,Medium,Medium,On-Time,10
4390,Basic,Active,4,27.00,34,High,Medium,Medium,On-Time,7
4391,Pro,Churned,10,44.00,96,Medium,Low,Medium,Delayed,7
4392,Pro,Active,1,63.00,2,High,Medium,Low,On-Time,9
4393,Basic,Active,0,24.00,3,High,High,Low,On-Time,8
4394,Basic,Active,2,18.00,35,High,High,Low,On-Time,8
4395,Basic,Active,2,17.00,28,High,High,Medium,On-Time,9
4396,Basic,Active,2,13.00,11,Medium,High,Medium,On-Time,9
4397,Enterprise,"At Risk",8,250.00,62,Medium,Low,Medium,On-Time,6
4398,Pro,Active,2,61.00,9,High,Medium,Medium,On-Time,7
4399,Enterprise,Churned,14,267.00,122,Low,Low,High,Missed,4
4400,Pro,Churned,13,40.00,227,Low,Low,High,Delayed,5
4401,Enterprise,Active,4,135.00,36,High,Medium,Medium,On-Time,8
4402,Pro,Active,2,72.00,31,High,High,Low,On-Time,7
4403,Pro,Churned,11,64.00,81,Medium,Low,High,Delayed,4
4404,Pro,Churned,14,62.00,221,Low,Low,Medium,Delayed,2
4405,Basic,"At Risk",5,27.00,39,High,High,Medium,Delayed,9
4406,Basic,Churned,14,29.00,174,Low,Low,Low,Missed,2
4407,Basic,Active,2,11.00,36,High,High,Low,On-Time,10
4408,Pro,Active,3,76.00,28,Medium,High,Medium,On-Time,8
4409,Pro,"At Risk",8,57.00,77,Low,Low,Low,On-Time,5
4410,Basic,Active,2,19.00,26,High,Medium,Low,On-Time,8
4411,Basic,Active,2,13.00,13,High,Medium,Medium,On-Time,9
4412,Enterprise,Churned,10,250.00,113,Medium,Low,Low,Delayed,6
4413,Pro,Churned,14,76.00,255,Low,Low,Low,Missed,3
4414,Pro,Active,3,43.00,17,Medium,High,Medium,On-Time,8
4415,Pro,Active,3,75.00,21,Medium,Medium,Low,On-Time,10
4416,Basic,Active,3,26.00,13,Medium,High,Low,Delayed,9
4417,Pro,Active,1,54.00,7,High,Medium,Low,On-Time,10
4418,Pro,Active,4,60.00,2,Medium,Medium,High,On-Time,9
4419,Basic,Active,3,26.00,41,High,Medium,Low,On-Time,10
4420,Pro,Active,3,65.00,23,Medium,High,Medium,On-Time,7
4421,Basic,Active,1,23.00,8,High,Medium,Low,On-Time,8
4422,Basic,Churned,12,10.00,135,Low,Low,Low,Missed,5
4423,Basic,Active,3,16.00,32,High,Medium,Low,On-Time,10
4424,Basic,Active,4,16.00,18,Medium,High,High,On-Time,8
4425,Pro,Active,2,69.00,25,Medium,High,Low,On-Time,8
4426,Pro,"At Risk",5,74.00,18,Medium,High,Medium,Delayed,8
4427,Enterprise,Churned,12,144.00,96,Low,Low,Medium,Delayed,5
4428,Basic,Churned,12,10.00,99,Low,Low,Medium,Delayed,6
4429,Basic,Churned,10,21.00,118,Medium,Low,Medium,Delayed,7
4430,Enterprise,Active,2,289.00,9,Medium,Medium,Low,On-Time,8
4431,Basic,Active,4,10.00,37,High,Medium,Medium,On-Time,9
4432,Basic,Active,4,25.00,27,High,Medium,High,On-Time,10
4433,Basic,Active,4,29.00,42,Medium,High,Medium,On-Time,9
4434,Pro,Active,3,76.00,34,Medium,High,Low,On-Time,9
4435,Basic,Active,3,23.00,26,Medium,Medium,Low,On-Time,9
4436,Basic,Active,1,23.00,13,High,Medium,Low,On-Time,10
4437,Enterprise,Churned,15,157.00,230,Low,Low,Medium,Missed,1
4438,Pro,Active,2,46.00,28,High,Medium,Low,On-Time,9
4439,Pro,Active,2,51.00,0,Medium,Medium,Low,On-Time,7
4440,Pro,Active,1,56.00,9,High,Medium,Low,On-Time,9
4441,Basic,Active,2,14.00,43,High,High,Low,On-Time,9
4442,Pro,Active,0,52.00,7,High,High,Low,On-Time,8
4443,Pro,Active,3,78.00,40,High,Medium,Low,On-Time,8
4444,Basic,Active,4,20.00,19,Medium,High,High,On-Time,7
4445,Pro,"At Risk",5,48.00,39,Medium,Medium,Medium,On-Time,10
4446,Enterprise,Active,1,220.00,8,High,High,Medium,On-Time,7
4447,Pro,Active,2,57.00,2,Medium,Medium,Low,On-Time,8
4448,Basic,Active,3,18.00,19,Medium,High,Medium,On-Time,9
4449,Pro,Active,4,53.00,32,High,Medium,Medium,On-Time,8
4450,Basic,Active,2,24.00,1,High,High,Low,Delayed,10
4451,Basic,Active,4,11.00,25,High,Medium,High,On-Time,9
4452,Pro,Active,3,70.00,10,Medium,Medium,Medium,On-Time,9
4453,Pro,Churned,13,41.00,111,Low,Low,High,Delayed,6
4454,Enterprise,Churned,13,255.00,144,Low,Low,Low,Delayed,2
4455,Basic,Active,3,20.00,15,High,Medium,Medium,On-Time,8
4456,Basic,Active,2,14.00,13,Medium,Medium,Low,On-Time,7
4457,Basic,"At Risk",5,20.00,43,High,Medium,Low,Delayed,7
4458,Pro,Churned,15,49.00,276,Low,Low,Medium,Missed,3
4459,Basic,Active,3,14.00,18,Medium,Medium,Low,On-Time,7
4460,Basic,Churned,10,18.00,106,Medium,Low,Low,Delayed,6
4461,Pro,Active,1,67.00,16,High,High,Low,On-Time,9
4462,Enterprise,"At Risk",7,144.00,48,Medium,Medium,Low,Delayed,5
4463,Basic,Active,3,28.00,44,High,High,Medium,On-Time,7
4464,Pro,Active,2,50.00,30,High,High,Medium,On-Time,10
4465,Enterprise,Active,3,256.00,18,Medium,High,Medium,On-Time,8
4466,Pro,Churned,13,46.00,112,Medium,Low,High,Missed,5
4467,Basic,Active,1,21.00,22,High,High,Low,On-Time,9
4468,Basic,Churned,10,10.00,112,Low,Medium,Low,Delayed,4
4469,Basic,Churned,11,21.00,250,Low,Low,Low,Delayed,5
4470,Pro,Active,3,52.00,35,Medium,High,Low,On-Time,10
4471,Pro,Churned,12,46.00,105,Low,Low,Medium,Delayed,5
4472,Basic,Active,2,27.00,7,Medium,High,Medium,On-Time,9
4473,Basic,Active,3,19.00,30,Medium,Medium,Low,On-Time,10
4474,Basic,Active,2,25.00,2,High,High,High,On-Time,10
4475,Pro,Active,4,62.00,43,Medium,High,Medium,On-Time,7
4476,Pro,Active,1,58.00,27,High,High,Low,On-Time,7
4477,Pro,Active,2,71.00,34,High,High,Low,On-Time,9
4478,Pro,Churned,10,58.00,55,Low,Medium,High,Delayed,6
4479,Basic,Active,2,12.00,28,High,Medium,Low,On-Time,10
4480,Basic,Active,4,10.00,17,Medium,High,High,On-Time,9
4481,Pro,Churned,12,67.00,209,Low,Low,Medium,Delayed,4
4482,Enterprise,Active,2,280.00,39,High,High,Low,On-Time,8
4483,Pro,Active,3,63.00,37,High,High,Medium,On-Time,10
4484,Pro,Active,2,59.00,28,High,Medium,Low,On-Time,7
4485,Basic,"At Risk",5,11.00,35,Medium,Medium,Medium,On-Time,8
4486,Pro,Active,4,53.00,10,High,Medium,Medium,Delayed,8
4487,Basic,Churned,13,22.00,141,Low,Low,High,Delayed,5
4488,Pro,Active,3,42.00,18,High,Medium,Medium,On-Time,9
4489,Basic,Churned,10,11.00,119,Medium,Low,Low,Delayed,4
4490,Basic,Active,1,22.00,10,High,Medium,Low,On-Time,8
4491,Pro,"At Risk",5,75.00,42,Medium,Medium,Medium,On-Time,10
4492,Basic,Churned,10,28.00,106,Low,Medium,High,On-Time,5
4493,Pro,"At Risk",7,48.00,79,Medium,Low,Low,On-Time,6
4494,Basic,Active,4,11.00,39,Medium,High,Medium,On-Time,10
4495,Pro,Churned,12,48.00,221,Low,Low,Low,Missed,5
4496,Pro,Active,0,72.00,2,High,High,Low,On-Time,10
4497,Basic,"At Risk",5,11.00,16,Medium,High,Medium,Delayed,7
4498,Basic,Churned,12,26.00,65,Low,Low,Medium,Missed,4
4499,Basic,"At Risk",6,16.00,103,Medium,Medium,Low,On-Time,7
4500,Pro,Active,4,45.00,31,Medium,Medium,Low,On-Time,8
4501,Pro,Active,3,53.00,37,High,Medium,Low,On-Time,9
4502,Pro,"At Risk",5,47.00,34,Medium,Medium,Medium,On-Time,9
4503,Basic,Active,2,15.00,16,Medium,High,Low,On-Time,7
4504,Basic,Active,3,18.00,19,High,Medium,Medium,On-Time,8
4505,Basic,Active,1,14.00,15,High,High,Low,On-Time,10
4506,Basic,"At Risk",5,27.00,27,Medium,High,Medium,Delayed,10
4507,Pro,Active,1,49.00,21,High,High,Low,On-Time,9
4508,Basic,Churned,11,13.00,102,Low,Low,High,On-Time,6
4509,Basic,Active,1,25.00,24,High,High,Low,On-Time,10
4510,Basic,"At Risk",5,22.00,43,High,High,Medium,Delayed,8
4511,Basic,Churned,9,10.00,77,Medium,Low,High,On-Time,5
4512,Basic,Churned,9,17.00,81,Medium,Low,Low,Delayed,4
4513,Pro,"At Risk",5,43.00,31,Medium,Medium,Medium,On-Time,9
4514,Basic,Active,4,22.00,6,Medium,Medium,High,On-Time,8
4515,Basic,Active,3,14.00,22,Medium,High,Medium,On-Time,8
4516,Enterprise,Active,0,197.00,12,High,High,Low,On-Time,7
4517,Basic,Churned,10,23.00,86,Low,Low,Low,Delayed,5
4518,Basic,Active,0,18.00,6,High,High,Low,On-Time,8
4519,Pro,Churned,12,61.00,76,Low,Low,Medium,Missed,5
4520,Basic,Active,1,23.00,27,High,High,Low,On-Time,7
4521,Pro,Active,2,48.00,27,High,Medium,Low,On-Time,7
4522,Basic,Active,3,23.00,3,Medium,Medium,Medium,On-Time,7
4523,Basic,Active,4,23.00,43,High,Medium,Medium,On-Time,7
4524,Basic,Active,4,24.00,14,Medium,High,Medium,Delayed,8
4525,Basic,Churned,15,29.00,162,Low,Low,High,Delayed,1
4526,Pro,Active,3,41.00,16,Medium,Medium,Low,On-Time,8
4527,Pro,Churned,10,54.00,49,Low,Low,Medium,Delayed,6
4528,Pro,Active,2,73.00,12,High,High,Low,Delayed,8
4529,Pro,Active,4,75.00,21,High,Medium,Low,Delayed,7
4530,Basic,Churned,15,25.00,266,Low,Low,Medium,Missed,3
4531,Basic,Churned,10,29.00,119,Low,Low,Medium,On-Time,4
4532,Basic,Churned,13,17.00,232,Low,Low,High,Delayed,5
4533,Enterprise,Churned,9,172.00,102,Medium,Low,Medium,On-Time,6
4534,Enterprise,Active,3,164.00,17,Medium,Medium,Low,On-Time,7
4535,Basic,Churned,12,27.00,287,Low,Low,Medium,Delayed,4
4536,Basic,Active,2,10.00,33,High,High,Low,On-Time,8
4537,Pro,"At Risk",6,49.00,39,Medium,Medium,Low,Delayed,10
4538,Basic,Churned,14,12.00,121,Low,Low,Low,Missed,1
4539,Basic,"At Risk",5,16.00,36,High,Medium,High,On-Time,9
4540,Basic,Active,4,21.00,43,Medium,Medium,Low,On-Time,7
4541,Basic,Active,1,29.00,0,High,High,Medium,On-Time,8
4542,Basic,Active,1,19.00,8,High,Medium,Low,On-Time,9
4543,Pro,Churned,11,71.00,104,Low,Medium,Medium,Delayed,6
4544,Pro,Active,2,64.00,3,Medium,High,Medium,On-Time,8
4545,Pro,Churned,10,77.00,88,Low,Low,Low,Missed,7
4546,Pro,Churned,14,44.00,162,Low,Low,Medium,Delayed,1
4547,Basic,Active,3,28.00,10,Medium,Medium,Medium,On-Time,8
4548,Basic,Churned,13,26.00,264,Low,Low,Medium,Missed,5
4549,Pro,"At Risk",6,52.00,44,Medium,Medium,High,On-Time,10
4550,Pro,Active,4,47.00,7,Medium,Medium,High,On-Time,7
4551,Pro,Active,3,65.00,31,Medium,High,Low,On-Time,8
4552,Enterprise,Active,4,143.00,32,Medium,Medium,Low,On-Time,7
4553,Basic,Active,0,29.00,6,High,High,Low,On-Time,7
4554,Pro,"At Risk",6,67.00,40,Medium,High,Medium,Delayed,7
4555,Basic,Active,3,29.00,26,High,Medium,Medium,On-Time,10
4556,Pro,Active,2,62.00,22,Medium,High,Low,On-Time,10
4557,Basic,Active,1,17.00,15,High,High,Low,On-Time,7
4558,Basic,Churned,11,15.00,80,Low,Low,Medium,Missed,7
4559,Basic,Churned,11,18.00,103,Low,Medium,Low,Missed,6
4560,Pro,"At Risk",8,74.00,106,Low,Medium,Low,On-Time,6
4561,Basic,Active,0,13.00,10,High,High,Low,On-Time,8
4562,Basic,"At Risk",5,22.00,31,High,Medium,High,On-Time,8
4563,Basic,Churned,14,23.00,204,Low,Low,Low,Missed,2
4564,Basic,Active,3,20.00,41,High,High,Medium,On-Time,9
4565,Pro,"At Risk",5,70.00,31,Medium,High,High,On-Time,8
4566,Pro,Active,1,48.00,13,Medium,High,Low,On-Time,10
4567,Basic,Churned,11,14.00,55,Low,Low,Medium,Missed,5
4568,Basic,"At Risk",7,18.00,27,Medium,Medium,High,Delayed,7
4569,Basic,Active,0,27.00,4,High,High,Low,On-Time,8
4570,Pro,Active,4,50.00,30,High,Medium,High,On-Time,10
4571,Basic,Active,1,17.00,30,High,High,Low,On-Time,10
4572,Pro,"At Risk",7,71.00,50,Low,Low,Low,On-Time,4
4573,Pro,Active,3,73.00,37,High,High,Medium,On-Time,8
4574,Basic,Active,1,15.00,15,High,High,Low,On-Time,9
4575,Basic,Active,4,27.00,43,Medium,High,Medium,On-Time,9
4576,Basic,Active,3,10.00,32,Medium,High,Low,On-Time,8
4577,Basic,Active,3,23.00,38,High,High,Medium,On-Time,10
4578,Basic,"At Risk",8,14.00,96,Medium,Low,Low,On-Time,5
4579,Pro,Active,1,56.00,11,High,Medium,Low,On-Time,9
4580,Enterprise,Active,1,254.00,11,High,High,Medium,On-Time,7
4581,Basic,Active,2,11.00,22,Medium,High,Low,On-Time,8
4582,Basic,"At Risk",5,16.00,35,Medium,Medium,Medium,On-Time,7
4583,Pro,"At Risk",8,67.00,42,Medium,Medium,High,Delayed,10
4584,Enterprise,Churned,13,138.00,159,Low,Low,Low,Delayed,1
4585,Basic,Active,4,13.00,1,Medium,Medium,High,On-Time,8
4586,Basic,Active,1,23.00,13,Medium,High,Low,On-Time,8
4587,Pro,Active,4,61.00,4,Medium,Medium,High,On-Time,7
4588,Basic,Active,3,13.00,19,High,High,High,On-Time,8
4589,Basic,Active,1,26.00,7,High,High,Medium,On-Time,10
4590,Pro,Active,3,66.00,23,Medium,Medium,Low,On-Time,7
4591,Basic,Active,3,26.00,22,High,Medium,Medium,On-Time,10
4592,Pro,Active,4,59.00,22,Medium,High,High,On-Time,8
4593,Pro,Active,3,67.00,27,Medium,Medium,Low,On-Time,7
4594,Basic,Active,3,14.00,2,Medium,High,Low,Delayed,8
4595,Basic,"At Risk",6,19.00,43,Medium,Medium,Low,Delayed,7
4596,Basic,Active,2,24.00,8,Medium,High,Medium,On-Time,10
4597,Enterprise,Active,0,198.00,12,High,High,Low,On-Time,9
4598,Pro,"At Risk",7,69.00,48,Medium,Low,Medium,On-Time,6
4599,Basic,Active,1,23.00,20,High,High,Low,On-Time,7
4600,Basic,Active,4,12.00,27,High,Medium,High,On-Time,7
4601,Basic,"At Risk",8,29.00,64,Low,Low,Low,On-Time,5
4602,Pro,"At Risk",6,64.00,0,Medium,Medium,High,Delayed,10
4603,Pro,Active,1,65.00,13,High,Medium,Low,On-Time,8
4604,Pro,Active,2,52.00,32,High,High,Low,On-Time,9
4605,Pro,Active,1,44.00,11,High,Medium,Low,On-Time,8
4606,Pro,Churned,10,54.00,63,Low,Low,Low,Delayed,4
4607,Enterprise,"At Risk",5,197.00,37,Medium,Medium,Medium,On-Time,7
4608,Pro,Active,2,63.00,24,High,High,Medium,On-Time,10
4609,Pro,Active,4,59.00,0,High,Medium,Medium,Delayed,7
4610,Basic,Churned,13,26.00,105,Low,Low,High,Delayed,4
4611,Enterprise,Active,2,248.00,34,High,High,Low,On-Time,7
4612,Basic,"At Risk",6,15.00,36,Medium,Medium,High,On-Time,7
4613,Pro,Active,1,45.00,14,High,Medium,Low,On-Time,10
4614,Pro,Churned,15,59.00,225,Low,Low,Medium,Missed,3
4615,Basic,"At Risk",6,12.00,53,Low,Medium,Low,On-Time,5
4616,Basic,Active,4,29.00,40,Medium,High,Medium,On-Time,10
4617,Basic,Churned,9,11.00,69,Medium,Low,Low,Delayed,4
4618,Basic,Churned,10,18.00,102,Medium,Low,High,On-Time,5
4619,Pro,Active,1,55.00,4,High,High,Medium,On-Time,10
4620,Basic,Active,3,12.00,37,High,Medium,Low,On-Time,10
4621,Basic,"At Risk",5,13.00,17,Medium,Medium,High,On-Time,10
4622,Pro,Churned,13,56.00,104,Low,Low,High,Delayed,6
4623,Basic,Active,1,20.00,5,Medium,High,Low,On-Time,9
4624,Basic,Active,4,12.00,15,Medium,High,High,On-Time,10
4625,Pro,Active,4,75.00,31,Medium,High,Medium,On-Time,9
4626,Basic,Churned,14,12.00,280,Low,Low,Medium,Delayed,2
4627,Basic,Active,0,13.00,13,High,High,Low,On-Time,10
4628,Enterprise,Active,3,241.00,25,Medium,Medium,Low,On-Time,10
4629,Basic,Churned,11,29.00,105,Low,Medium,Medium,Delayed,6
4630,Basic,Churned,13,22.00,283,Low,Low,Low,Delayed,2
4631,Pro,"At Risk",8,76.00,46,Medium,Low,Medium,Delayed,7
4632,Basic,"At Risk",8,12.00,50,Medium,Medium,Medium,Delayed,6
4633,Pro,Churned,10,79.00,116,Medium,Medium,Medium,Delayed,5
4634,Basic,Active,3,25.00,39,High,High,Medium,On-Time,10
4635,Basic,Active,3,16.00,36,High,High,Medium,On-Time,7
4636,Pro,Churned,9,72.00,117,Low,Low,Low,On-Time,5
4637,Basic,Churned,11,22.00,100,Medium,Low,Low,Missed,4
4638,Basic,Active,2,12.00,10,High,High,High,On-Time,10
4639,Basic,Active,4,13.00,42,High,Medium,Medium,On-Time,8
4640,Enterprise,Churned,14,145.00,267,Low,Low,Low,Missed,1
4641,Pro,Active,4,40.00,42,Medium,High,Medium,On-Time,10
4642,Basic,"At Risk",8,23.00,54,Low,Medium,Low,Missed,7
4643,Basic,Active,1,18.00,27,High,High,Low,On-Time,8
4644,Pro,Active,1,74.00,3,Medium,High,Low,On-Time,7
4645,Basic,Active,3,15.00,38,High,High,Medium,On-Time,8
4646,Enterprise,"At Risk",7,275.00,47,Low,Low,Low,On-Time,4
4647,Pro,Active,3,71.00,19,Medium,High,Medium,On-Time,8
4648,Basic,Churned,12,11.00,104,Medium,Low,High,Delayed,6
4649,Basic,Active,3,23.00,18,High,High,High,On-Time,8
4650,Pro,Active,4,58.00,20,Medium,High,Low,Delayed,9
4651,Basic,Churned,13,18.00,98,Medium,Low,High,Missed,5
4652,Basic,Active,3,21.00,4,High,High,Medium,Delayed,8
4653,Pro,Active,2,75.00,10,High,Medium,Medium,On-Time,7
4654,Basic,Active,3,10.00,7,High,Medium,High,On-Time,9
4655,Basic,Churned,10,14.00,76,Low,Medium,Medium,Delayed,4
4656,Basic,Active,4,25.00,2,Medium,Medium,Low,Delayed,7
4657,Pro,Active,4,40.00,42,High,Medium,Medium,On-Time,10
4658,Basic,Active,4,16.00,23,Medium,Medium,Medium,On-Time,8
4659,Basic,Active,3,18.00,13,High,Medium,High,On-Time,10
4660,Basic,"At Risk",6,12.00,33,Medium,Medium,High,On-Time,10
4661,Pro,"At Risk",8,49.00,56,Medium,Medium,Medium,Delayed,4
4662,Pro,"At Risk",5,46.00,34,Medium,High,Low,Delayed,7
4663,Basic,Active,0,10.00,10,High,High,Low,On-Time,9
4664,Pro,Active,1,53.00,2,High,Medium,Low,On-Time,7
4665,Basic,Active,1,28.00,29,High,High,Low,On-Time,8
4666,Basic,Churned,9,21.00,60,Low,Low,Medium,On-Time,5
4667,Pro,"At Risk",8,69.00,62,Low,Medium,Medium,On-Time,4
4668,Basic,Active,1,15.00,2,Medium,High,Low,On-Time,10
4669,Basic,"At Risk",6,27.00,18,Medium,Medium,Medium,Delayed,10
4670,Enterprise,Active,4,243.00,39,High,Medium,Medium,On-Time,9
4671,Pro,Active,1,55.00,18,High,High,Low,On-Time,8
4672,Basic,Active,4,11.00,30,Medium,Medium,Medium,On-Time,9
4673,Enterprise,Active,4,261.00,31,High,Medium,Medium,On-Time,8
4674,Enterprise,Active,1,126.00,8,High,High,Medium,On-Time,10
4675,Basic,Active,0,24.00,10,High,High,Low,On-Time,7
4676,Basic,Churned,11,23.00,94,Low,Low,Low,Delayed,6
4677,Basic,Active,2,27.00,40,High,High,Low,On-Time,7
4678,Basic,"At Risk",5,28.00,40,Medium,High,High,On-Time,7
4679,Basic,Active,4,13.00,34,Medium,Medium,Low,On-Time,7
4680,Pro,Active,4,48.00,18,Medium,Medium,Medium,On-Time,9
4681,Basic,"At Risk",6,20.00,32,High,High,High,Delayed,7
4682,Basic,Active,4,21.00,24,Medium,Medium,Medium,On-Time,10
4683,Basic,Churned,9,21.00,103,Low,Low,Low,On-Time,4
4684,Pro,Churned,10,67.00,76,Low,Medium,Medium,Delayed,5
4685,Pro,Active,3,47.00,15,High,Medium,Medium,On-Time,7
4686,Enterprise,Active,1,142.00,3,High,Medium,Low,On-Time,7
4687,Basic,Active,2,26.00,1,Medium,High,Medium,On-Time,8
4688,Pro,Active,2,59.00,26,High,High,Medium,On-Time,10
4689,Basic,Active,3,26.00,40,Medium,High,Low,On-Time,8
4690,Enterprise,"At Risk",5,178.00,42,Medium,High,High,On-Time,9
4691,Pro,Active,3,48.00,40,High,Medium,Low,On-Time,8
4692,Pro,Active,2,60.00,25,High,High,Medium,On-Time,9
4693,Basic,Active,2,23.00,18,High,Medium,Low,On-Time,9
4694,Basic,Active,1,27.00,13,High,High,Medium,On-Time,8
4695,Pro,Churned,9,54.00,87,Medium,Low,Low,Delayed,6
4696,Pro,"At Risk",5,66.00,41,High,Medium,Low,Delayed,10
4697,Basic,Active,0,29.00,7,High,High,Low,On-Time,10
4698,Basic,Active,3,13.00,23,Medium,High,Medium,On-Time,9
4699,Basic,"At Risk",7,14.00,97,Medium,Medium,Low,On-Time,5
4700,Basic,Active,1,15.00,1,High,High,Medium,On-Time,7
4701,Enterprise,Active,1,207.00,6,High,High,Medium,On-Time,8
4702,Basic,Active,1,11.00,13,Medium,High,Low,On-Time,7
4703,Pro,Active,4,61.00,15,Medium,Medium,Medium,On-Time,10
4704,Basic,Active,1,12.00,8,High,Medium,Low,On-Time,9
4705,Pro,Churned,13,62.00,148,Low,Low,Medium,Missed,4
4706,Enterprise,Churned,13,281.00,106,Low,Low,High,Delayed,6
4707,Pro,Active,2,59.00,8,High,High,Low,Delayed,10
4708,Basic,Active,4,16.00,44,High,Medium,Medium,On-Time,7
4709,Pro,Churned,14,54.00,281,Low,Low,High,Missed,5
4710,Enterprise,Active,0,275.00,13,High,High,Low,On-Time,10
4711,Basic,"At Risk",7,27.00,35,Medium,Medium,Medium,Delayed,8
4712,Basic,Churned,10,27.00,111,Low,Low,Medium,On-Time,4
4713,Basic,"At Risk",8,27.00,83,Medium,Medium,Medium,Delayed,7
4714,Basic,Churned,15,16.00,278,Low,Low,Medium,Missed,3
4715,Basic,Active,3,12.00,18,Medium,Medium,Low,On-Time,9
4716,Pro,Churned,11,69.00,112,Medium,Medium,Medium,Missed,6
4717,Basic,Active,2,28.00,40,High,High,Low,On-Time,9
4718,Pro,Active,2,64.00,38,High,High,Low,On-Time,10
4719,Basic,Churned,11,25.00,70,Medium,Low,High,Delayed,5
4720,Enterprise,Active,3,263.00,22,Medium,Medium,Low,On-Time,10
4721,Basic,Active,2,17.00,19,High,High,Medium,On-Time,9
4722,Basic,Active,3,24.00,37,Medium,High,Low,On-Time,9
4723,Pro,Active,3,63.00,18,Medium,Medium,Low,On-Time,10
4724,Pro,Active,2,77.00,3,High,Medium,Medium,On-Time,8
4725,Pro,Active,4,72.00,15,High,Medium,Low,Delayed,7
4726,Basic,Active,0,28.00,9,High,High,Low,On-Time,7
4727,Basic,Churned,11,15.00,103,Low,Low,Low,Delayed,4
4728,Basic,Active,2,11.00,0,Medium,High,Medium,On-Time,10
4729,Pro,Churned,9,41.00,101,Medium,Medium,Low,Delayed,4
4730,Enterprise,Active,1,287.00,0,Medium,High,Low,On-Time,8
4731,Enterprise,"At Risk",5,246.00,37,Medium,Medium,Medium,On-Time,10
4732,Basic,Active,1,13.00,2,High,Medium,Low,On-Time,9
4733,Pro,Active,1,40.00,30,High,High,Low,On-Time,10
4734,Basic,Active,3,10.00,27,Medium,High,Medium,On-Time,9
4735,Pro,Active,2,59.00,4,Medium,Medium,Low,On-Time,9
4736,Pro,Active,0,57.00,10,High,High,Low,On-Time,10
4737,Pro,Active,3,79.00,31,High,High,Medium,On-Time,9
4738,Pro,"At Risk",7,75.00,102,Medium,Low,Low,On-Time,7
4739,Basic,Active,1,15.00,18,High,High,Low,On-Time,10
4740,Basic,Active,3,15.00,37,High,High,Medium,On-Time,8
4741,Enterprise,Churned,9,212.00,56,Low,Low,Low,Delayed,6
4742,Basic,Active,0,13.00,12,High,High,Low,On-Time,10
4743,Basic,Churned,13,25.00,290,Low,Low,Low,Delayed,1
4744,Pro,Active,2,65.00,7,Medium,Medium,Low,On-Time,8
4745,Basic,Churned,16,19.00,258,Low,Low,High,Missed,1
4746,Basic,Churned,13,22.00,197,Low,Low,Low,Delayed,1
4747,Basic,Active,4,15.00,33,Medium,High,Medium,On-Time,8
4748,Basic,Active,1,27.00,9,High,Medium,Low,On-Time,10
4749,Pro,Active,2,75.00,11,Medium,High,Medium,On-Time,8
4750,Pro,Churned,13,72.00,264,Low,Low,Low,Delayed,3
4751,Enterprise,Active,2,281.00,6,Medium,High,Medium,On-Time,9
4752,Pro,Churned,9,65.00,82,Medium,Low,High,On-Time,6
4753,Basic,Active,0,10.00,14,High,High,Low,On-Time,10
4754,Basic,Churned,9,13.00,54,Low,Low,Low,Delayed,6
4755,Basic,Active,3,14.00,0,Medium,High,High,On-Time,10
4756,Enterprise,Active,4,289.00,22,High,Medium,High,On-Time,7
4757,Basic,"At Risk",6,10.00,47,Medium,Low,Low,On-Time,4
4758,Basic,Churned,14,16.00,121,Low,Low,High,Missed,4
4759,Enterprise,Active,2,161.00,20,High,High,Medium,On-Time,8
4760,Basic,Churned,10,22.00,67,Low,Low,Low,Delayed,6
4761,Enterprise,Active,4,211.00,4,Medium,Medium,High,On-Time,9
4762,Basic,"At Risk",6,29.00,41,High,Medium,Medium,Delayed,9
4763,Pro,Active,3,75.00,43,High,High,Medium,On-Time,9
4764,Pro,Active,0,46.00,10,High,High,Low,On-Time,8
4765,Pro,Active,3,48.00,18,High,Medium,Medium,On-Time,9
4766,Basic,Active,0,20.00,3,High,High,Low,On-Time,7
4767,Enterprise,Churned,14,160.00,183,Low,Low,Medium,Delayed,1
4768,Pro,Active,2,64.00,30,High,Medium,Low,On-Time,10
4769,Basic,Active,1,17.00,27,High,High,Low,On-Time,10
4770,Pro,Churned,15,42.00,282,Low,Low,Medium,Missed,3
4771,Pro,Active,2,56.00,29,High,Medium,Low,On-Time,9
4772,Basic,Active,4,25.00,34,High,High,High,On-Time,7
4773,Basic,"At Risk",8,14.00,71,Medium,Low,Medium,On-Time,6
4774,Basic,Churned,10,20.00,108,Medium,Low,Medium,Delayed,7
4775,Basic,Churned,10,28.00,95,Low,Medium,Low,Delayed,4
4776,Pro,Active,2,51.00,21,High,High,Medium,On-Time,7
4777,Basic,Churned,11,22.00,59,Low,Low,Medium,Missed,6
4778,Basic,Active,3,28.00,10,High,Medium,High,On-Time,9
4779,Basic,"At Risk",5,23.00,15,High,High,High,Delayed,8
4780,Pro,"At Risk",8,73.00,51,Medium,Low,Low,Delayed,4
4781,Basic,Active,4,24.00,39,Medium,High,Medium,On-Time,9
4782,Pro,Churned,15,55.00,139,Low,Low,Medium,Missed,1
4783,Pro,Active,2,67.00,22,High,High,Medium,On-Time,10
4784,Pro,Active,3,61.00,11,High,Medium,High,On-Time,10
4785,Basic,Active,3,25.00,12,High,High,Medium,Delayed,7
4786,Enterprise,Active,3,161.00,23,High,Medium,Medium,On-Time,10
4787,Enterprise,Active,3,183.00,21,Medium,High,Medium,On-Time,8
4788,Pro,Active,2,61.00,9,High,Medium,Medium,On-Time,9
4789,Basic,Churned,11,10.00,116,Low,Medium,Medium,Delayed,6
4790,Basic,Active,4,25.00,41,Medium,Medium,Low,On-Time,10
4791,Basic,Churned,9,27.00,57,Low,Medium,Medium,Missed,7
4792,Basic,Active,2,21.00,7,High,High,High,On-Time,10
4793,Pro,Churned,9,73.00,48,Low,Low,Low,Delayed,5
4794,Basic,Active,2,28.00,11,Medium,Medium,Low,On-Time,9
4795,Basic,Churned,11,28.00,140,Low,Low,Low,Delayed,5
4796,Basic,"At Risk",5,10.00,55,Medium,Medium,Low,On-Time,5
4797,Pro,Active,3,51.00,4,High,Medium,High,On-Time,8
4798,Basic,Active,3,28.00,42,Medium,High,Low,On-Time,9
4799,Basic,Churned,13,16.00,201,Low,Low,Medium,Missed,5
4800,Basic,Active,3,17.00,13,Medium,High,High,On-Time,10
4801,Basic,Active,3,14.00,11,High,Medium,High,On-Time,8
4802,Basic,Active,4,27.00,6,Medium,Medium,Low,Delayed,9
4803,Pro,Churned,9,55.00,105,Low,Low,Low,On-Time,6
4804,Pro,Churned,13,67.00,236,Low,Low,Low,Delayed,2
4805,Enterprise,Active,3,267.00,33,High,Medium,Low,On-Time,7
4806,Pro,Active,1,63.00,3,High,Medium,Low,On-Time,8
4807,Pro,Active,1,73.00,0,High,Medium,Low,On-Time,8
4808,Basic,Active,1,23.00,14,High,Medium,Low,On-Time,7
4809,Basic,Churned,13,16.00,127,Low,Low,Low,Delayed,2
4810,Basic,Active,1,26.00,14,High,Medium,Low,On-Time,8
4811,Enterprise,"At Risk",5,174.00,44,Medium,High,High,On-Time,9
4812,Basic,Churned,13,15.00,162,Low,Low,Medium,Missed,4
4813,Basic,Active,3,19.00,38,High,High,Medium,On-Time,7
4814,Pro,Active,2,74.00,5,High,Medium,Medium,On-Time,9
4815,Basic,Churned,14,20.00,143,Low,Low,Low,Missed,2
4816,Basic,Active,4,21.00,15,Medium,Medium,Medium,On-Time,10
4817,Pro,Active,4,64.00,33,Medium,Medium,Low,On-Time,7
4818,Basic,"At Risk",8,11.00,110,Medium,Low,Low,On-Time,6
4819,Pro,Churned,14,66.00,165,Low,Low,Low,Missed,2
4820,Pro,Active,3,40.00,42,Medium,High,Low,On-Time,7
4821,Pro,"At Risk",8,59.00,61,Medium,Medium,Low,Delayed,6
4822,Pro,Active,3,46.00,26,High,High,High,On-Time,8
4823,Pro,Active,2,59.00,17,High,High,Medium,On-Time,9
4824,Basic,Active,3,22.00,16,High,High,Low,Delayed,9
4825,Enterprise,Active,4,277.00,16,High,High,Medium,Delayed,8
4826,Basic,Churned,9,10.00,103,Low,Low,Medium,On-Time,7
4827,Enterprise,Active,1,132.00,9,High,Medium,Low,On-Time,7
4828,Basic,Active,3,10.00,10,Medium,Medium,Medium,On-Time,8
4829,Basic,Active,4,28.00,26,High,Medium,High,On-Time,8
4830,Basic,Active,4,23.00,34,High,Medium,Medium,On-Time,8
4831,Basic,Churned,11,20.00,53,Low,Low,Medium,Missed,5
4832,Basic,Active,3,11.00,1,High,Medium,High,On-Time,8
4833,Pro,Churned,11,54.00,81,Low,Low,Medium,Delayed,4
4834,Basic,"At Risk",6,15.00,35,Medium,Medium,High,On-Time,7
4835,Basic,Active,1,25.00,17,High,High,Low,On-Time,7
4836,Pro,Active,4,51.00,19,Medium,Medium,Medium,On-Time,9
4837,Enterprise,Active,3,164.00,30,Medium,High,Medium,On-Time,10
4838,Basic,Active,3,18.00,29,Medium,Medium,Low,On-Time,9
4839,Pro,Churned,9,76.00,117,Medium,Medium,High,On-Time,6
4840,Basic,"At Risk",5,13.00,18,Medium,Medium,High,On-Time,10
4841,Enterprise,Active,2,154.00,28,High,Medium,Low,On-Time,9
4842,Basic,Churned,9,26.00,58,Low,Low,High,On-Time,5
4843,Basic,Active,2,24.00,41,High,High,Low,On-Time,7
4844,Enterprise,Active,3,293.00,36,High,Medium,Low,On-Time,7
4845,Basic,Active,3,29.00,39,Medium,High,Low,On-Time,8
4846,Basic,"At Risk",6,29.00,37,Medium,Medium,High,On-Time,7
4847,Basic,"At Risk",5,20.00,12,Medium,Medium,Medium,Delayed,9
4848,Basic,Active,0,10.00,11,High,High,Low,On-Time,10
4849,Basic,Churned,11,29.00,101,Medium,Medium,Medium,Missed,6
4850,Pro,Active,2,69.00,14,Medium,Medium,Low,On-Time,9
4851,Basic,Churned,12,10.00,181,Low,Low,Medium,Delayed,5
4852,Basic,Active,2,26.00,1,Medium,Medium,Low,On-Time,9
4853,Basic,Active,4,12.00,39,Medium,Medium,Low,On-Time,8
4854,Pro,Active,3,67.00,27,High,Medium,Medium,On-Time,8
4855,Enterprise,Active,2,262.00,26,High,High,Medium,On-Time,9
4856,Basic,Active,2,14.00,9,High,Medium,Medium,On-Time,9
4857,Basic,Active,4,20.00,36,High,Medium,Medium,On-Time,8
4858,Basic,Active,1,22.00,22,High,High,Low,On-Time,10
4859,Basic,Active,3,12.00,19,High,Medium,Medium,On-Time,9
4860,Basic,Active,2,20.00,21,High,Medium,Low,On-Time,10
4861,Basic,Churned,13,14.00,172,Low,Low,Low,Delayed,1
4862,Pro,Active,2,73.00,29,High,High,Medium,On-Time,7
4863,Pro,Active,2,41.00,4,High,Medium,Medium,On-Time,10
4864,Enterprise,Active,3,265.00,7,Medium,High,High,On-Time,7
4865,Enterprise,Active,3,233.00,26,Medium,High,Medium,On-Time,7
4866,Basic,Active,3,24.00,14,Medium,High,High,On-Time,7
4867,Basic,Active,2,21.00,25,High,High,Medium,On-Time,9
4868,Basic,"At Risk",5,14.00,37,Medium,Medium,Medium,On-Time,10
4869,Pro,Active,2,68.00,23,High,Medium,Low,On-Time,10
4870,Pro,Active,3,75.00,42,High,High,Medium,On-Time,10
4871,Pro,"At Risk",5,41.00,35,High,High,Medium,Delayed,10
4872,Pro,"At Risk",5,79.00,42,Medium,High,Low,Delayed,7
4873,Basic,Churned,12,15.00,183,Low,Low,Low,Missed,4
4874,Basic,"At Risk",6,26.00,54,Medium,Low,Low,On-Time,4
4875,Basic,Active,2,26.00,17,Medium,High,Low,On-Time,10
4876,Enterprise,Active,2,161.00,43,High,High,Low,On-Time,8
4877,Basic,Active,2,21.00,29,High,Medium,Low,On-Time,7
4878,Basic,Churned,10,26.00,50,Low,Medium,High,Delayed,4
4879,Enterprise,Active,3,144.00,29,High,High,High,On-Time,9
4880,Enterprise,Active,3,265.00,8,High,Medium,High,On-Time,9
4881,Pro,Churned,11,64.00,63,Low,Low,Medium,Delayed,5
4882,Enterprise,"At Risk",7,296.00,60,Medium,Low,Medium,On-Time,7
4883,Basic,Active,3,29.00,16,High,High,High,On-Time,10
4884,Pro,Active,3,62.00,31,High,Medium,Low,On-Time,10
4885,Basic,Active,0,26.00,4,High,High,Low,On-Time,8
4886,Basic,Active,2,14.00,21,Medium,High,Low,On-Time,10
4887,Basic,Active,3,27.00,7,Medium,Medium,Medium,On-Time,10
4888,Pro,"At Risk",6,48.00,17,Medium,Medium,Medium,Delayed,10
4889,Basic,Active,0,27.00,3,High,High,Low,On-Time,9
4890,Basic,Active,2,20.00,3,Medium,High,Medium,On-Time,9
4891,Pro,Churned,12,65.00,298,Low,Low,Medium,Delayed,5
4892,Pro,Active,2,59.00,16,High,Medium,Low,On-Time,7
4893,Basic,Active,2,24.00,17,High,High,Medium,On-Time,8
4894,Pro,Active,4,69.00,39,Medium,High,Medium,On-Time,10
4895,Basic,Active,4,23.00,0,Medium,Medium,Low,Delayed,10
4896,Basic,Active,2,23.00,17,Medium,High,Low,On-Time,9
4897,Basic,Active,3,15.00,38,Medium,High,Low,On-Time,10
4898,Pro,Churned,15,42.00,225,Low,Low,Medium,Missed,2
4899,Basic,Active,1,28.00,10,High,High,Medium,On-Time,10
4900,Basic,"At Risk",5,26.00,36,Medium,High,Low,Delayed,9
4901,Basic,Churned,10,10.00,112,Medium,Low,Low,Delayed,5
4902,Basic,Active,0,25.00,14,High,High,Low,On-Time,8
4903,Pro,Churned,14,67.00,258,Low,Low,Low,Missed,3
4904,Pro,Active,1,63.00,9,High,High,Medium,On-Time,9
4905,Basic,Churned,9,22.00,109,Low,Low,Low,On-Time,4
4906,Basic,Active,4,12.00,39,High,High,Low,Delayed,8
4907,Pro,Active,1,50.00,14,High,Medium,Low,On-Time,7
4908,Basic,"At Risk",8,18.00,113,Medium,Low,Low,On-Time,5
4909,Basic,Churned,14,29.00,265,Low,Low,Medium,Delayed,1
4910,Basic,Active,2,19.00,18,Medium,High,Low,On-Time,10
4911,Basic,Active,1,13.00,0,High,Medium,Low,On-Time,7
4912,Basic,"At Risk",6,23.00,36,High,High,High,Delayed,8
4913,Basic,"At Risk",8,28.00,63,Medium,Medium,Low,Delayed,4
4914,Basic,Active,4,21.00,29,Medium,High,Low,Delayed,8
4915,Basic,Active,4,10.00,40,Medium,Medium,Low,On-Time,8
4916,Basic,Churned,11,24.00,95,Low,Low,Low,Missed,7
4917,Pro,Active,1,54.00,4,High,High,Medium,On-Time,9
4918,Enterprise,Active,2,287.00,27,High,Medium,Low,On-Time,8
4919,Basic,Active,4,29.00,12,Medium,Medium,Low,Delayed,10
4920,Basic,Active,3,23.00,28,High,High,High,On-Time,8
4921,Basic,"At Risk",7,17.00,69,Low,Medium,Low,On-Time,4
4922,Pro,Active,3,43.00,1,Medium,Medium,Medium,On-Time,7
4923,Basic,Active,3,17.00,28,High,High,High,On-Time,7
4924,Basic,Active,3,14.00,10,Medium,High,High,On-Time,8
4925,Basic,Active,3,14.00,22,Medium,Medium,Low,On-Time,10
4926,Pro,Churned,10,75.00,80,Low,Low,High,On-Time,4
4927,Pro,Active,2,58.00,0,High,Medium,Medium,On-Time,9
4928,Basic,Active,3,11.00,25,High,Medium,Medium,On-Time,10
4929,Basic,Active,3,27.00,20,High,Medium,Medium,On-Time,9
4930,Basic,Active,3,22.00,23,Medium,Medium,Low,On-Time,10
4931,Basic,Churned,11,23.00,115,Low,Low,Low,Delayed,4
4932,Pro,"At Risk",6,60.00,32,High,Medium,Medium,Delayed,10
4933,Pro,Active,1,66.00,2,High,Medium,Low,On-Time,7
4934,Pro,Active,2,69.00,2,High,Medium,Medium,On-Time,7
4935,Pro,Active,1,72.00,0,Medium,High,Low,On-Time,9
4936,Basic,Churned,11,23.00,61,Low,Medium,Medium,Missed,4
4937,Pro,Active,1,60.00,8,High,Medium,Low,On-Time,10
4938,Pro,Active,3,73.00,35,High,Medium,Low,On-Time,8
4939,Pro,"At Risk",8,53.00,56,Low,Low,Medium,On-Time,6
4940,Pro,Active,4,40.00,34,High,High,Low,Delayed,9
4941,Pro,Active,2,54.00,1,High,Medium,Medium,On-Time,8
4942,Enterprise,Churned,12,274.00,156,Low,Low,Medium,Delayed,5
4943,Basic,Active,2,26.00,24,High,Medium,Low,On-Time,7
4944,Basic,"At Risk",7,24.00,63,Low,Low,Low,On-Time,7
4945,Pro,Active,2,70.00,38,High,High,Low,On-Time,9
4946,Basic,"At Risk",8,11.00,56,Low,Medium,Medium,Delayed,7
4947,Basic,Active,4,13.00,12,Medium,High,Medium,Delayed,7
4948,Basic,Active,2,17.00,37,High,High,Low,On-Time,7
4949,Basic,Churned,10,10.00,101,Medium,Low,Low,Delayed,6
4950,Basic,Active,0,18.00,8,High,High,Low,On-Time,10
4951,Pro,Active,3,58.00,37,High,Medium,Low,On-Time,10
4952,Basic,"At Risk",5,10.00,36,High,Medium,High,On-Time,10
4953,Basic,Active,2,24.00,16,High,Medium,Low,On-Time,10
4954,Basic,Active,2,19.00,34,High,High,Low,On-Time,8
4955,Basic,Churned,15,15.00,182,Low,Low,Medium,Missed,3
4956,Pro,Churned,12,60.00,103,Low,Low,Medium,Delayed,4
4957,Pro,Active,2,42.00,10,High,Medium,Medium,On-Time,7
4958,Basic,Churned,12,19.00,179,Low,Low,Low,Missed,4
4959,Basic,Churned,13,23.00,91,Low,Low,Medium,Missed,4
4960,Pro,Active,4,68.00,33,High,Medium,Medium,On-Time,10
4961,Basic,Active,3,29.00,30,Medium,Medium,Low,On-Time,9
4962,Pro,Churned,10,49.00,114,Medium,Low,Low,Delayed,4
4963,Pro,Churned,14,74.00,216,Low,Low,Medium,Delayed,3
4964,Pro,Churned,10,42.00,112,Medium,Low,Low,Delayed,4
4965,Basic,Active,3,22.00,22,High,Medium,Medium,On-Time,8
4966,Pro,Active,3,77.00,19,Medium,High,Medium,On-Time,10
4967,Basic,Active,4,29.00,20,Medium,Medium,Medium,On-Time,8
4968,Basic,Active,2,11.00,1,High,Medium,Medium,On-Time,8
4969,Pro,"At Risk",5,40.00,44,High,High,Medium,Delayed,7
4970,Basic,Churned,12,15.00,87,Low,Low,High,Delayed,4
4971,Pro,"At Risk",8,58.00,105,Medium,Low,Low,On-Time,4
4972,Basic,Churned,14,28.00,145,Low,Low,Medium,Delayed,3
4973,Pro,Active,2,44.00,4,Medium,High,Medium,On-Time,9
4974,Enterprise,Active,3,170.00,16,High,Medium,Medium,On-Time,10
4975,Basic,Active,2,19.00,13,High,High,High,On-Time,10
4976,Basic,Active,3,22.00,21,High,Medium,Medium,On-Time,10
4977,Basic,Churned,12,22.00,119,Low,Low,Low,Missed,5
4978,Basic,Active,3,26.00,23,Medium,High,Medium,On-Time,8
4979,Basic,Active,4,10.00,37,High,High,Low,Delayed,8
4980,Pro,Churned,9,64.00,77,Low,Low,Medium,On-Time,4
4981,Basic,"At Risk",7,26.00,89,Medium,Medium,Medium,On-Time,4
4982,Pro,Active,3,42.00,34,Medium,High,Low,On-Time,8
4983,Basic,Churned,9,10.00,47,Medium,Low,Medium,Delayed,4
4984,Pro,Churned,9,77.00,48,Low,Low,Low,Delayed,6
4985,Basic,"At Risk",5,23.00,44,High,Medium,High,On-Time,10
4986,Basic,Active,3,17.00,13,Medium,Medium,Medium,On-Time,8
4987,Pro,Active,3,48.00,34,High,Medium,Low,On-Time,8
4988,Basic,Active,2,16.00,39,High,High,Low,On-Time,7
4989,Pro,Active,3,62.00,43,High,Medium,Low,On-Time,8
4990,Pro,Active,3,48.00,28,High,Medium,Medium,On-Time,9
4991,Basic,Active,3,21.00,33,High,Medium,Low,On-Time,9
4992,Basic,"At Risk",8,21.00,96,Low,Medium,Low,On-Time,6
4993,Basic,Active,1,17.00,16,High,High,Low,On-Time,7
4994,Basic,"At Risk",7,19.00,31,High,Medium,High,Delayed,9
4995,Basic,Active,3,25.00,41,High,Medium,Low,On-Time,10
4996,Basic,Churned,13,25.00,297,Low,Low,Medium,Missed,5
4997,Pro,Churned,13,71.00,228,Low,Low,Low,Delayed,2
4998,Pro,"At Risk",8,60.00,108,Low,Low,Low,On-Time,7
4999,Basic,Active,3,28.00,21,Medium,Medium,Low,On-Time,9
5000,Basic,Churned,10,23.00,84,Low,Medium,Medium,Delayed,6
5001,Enterprise,"At Risk",7,142.00,29,Medium,Medium,High,Delayed,7
5002,Basic,Active,1,10.00,28,High,High,Low,On-Time,10
5003,Basic,Active,4,24.00,26,High,High,Medium,Delayed,9
5004,Pro,Active,2,64.00,18,High,Medium,Low,On-Time,10
5005,Basic,Active,3,17.00,23,Medium,High,Medium,On-Time,10
5006,Pro,Churned,10,73.00,66,Medium,Low,Medium,Missed,7
5007,Enterprise,Active,1,127.00,0,Medium,High,Low,On-Time,9
5008,Pro,Active,3,70.00,40,Medium,High,Low,On-Time,9
5009,Pro,"At Risk",8,60.00,58,Low,Medium,High,On-Time,6
5010,Basic,Churned,10,16.00,91,Low,Medium,Low,Missed,7
5011,Basic,Active,2,29.00,16,High,High,Medium,On-Time,8
5012,Basic,Active,0,11.00,2,High,High,Low,On-Time,7
5013,Pro,Active,2,49.00,31,High,High,Low,On-Time,10
5014,Pro,Churned,12,77.00,162,Low,Low,Low,Missed,4
5015,Basic,Active,2,11.00,11,High,Medium,Medium,On-Time,9
5016,Pro,Active,3,62.00,34,High,High,Medium,On-Time,10
5017,Basic,Active,2,21.00,30,High,High,Medium,On-Time,10
5018,Basic,Churned,10,10.00,59,Low,Low,Low,Missed,4
5019,Basic,Active,2,16.00,15,Medium,High,Low,On-Time,8
5020,Pro,Active,4,73.00,25,Medium,High,High,On-Time,8
5021,Basic,"At Risk",6,16.00,31,Medium,Medium,High,On-Time,8
5022,Basic,"At Risk",5,24.00,27,Medium,High,Medium,Delayed,10
5023,Pro,Active,4,40.00,34,High,Medium,Medium,On-Time,8
5024,Pro,Active,3,77.00,34,High,High,Medium,On-Time,7
5025,Basic,Active,3,21.00,18,High,Medium,Medium,On-Time,10
5026,Pro,Active,3,78.00,25,Medium,High,Medium,On-Time,8
5027,Basic,Churned,11,28.00,77,Low,Medium,High,Delayed,6
5028,Basic,Active,1,18.00,7,High,High,Medium,On-Time,10
5029,Basic,"At Risk",8,14.00,61,Medium,Low,Medium,On-Time,4
5030,Basic,Churned,12,21.00,199,Low,Low,Low,Missed,5
5031,Pro,Active,3,72.00,29,High,High,High,On-Time,7
5032,Basic,Churned,9,19.00,62,Low,Medium,Medium,Delayed,7
5033,Basic,"At Risk",5,16.00,37,High,Medium,High,On-Time,8
5034,Pro,Churned,12,59.00,214,Low,Low,Medium,Delayed,5
5035,Pro,Churned,9,45.00,73,Low,Low,Low,Delayed,7
5036,Pro,"At Risk",6,50.00,53,Medium,Medium,Medium,On-Time,4
5037,Basic,Active,3,28.00,16,High,High,High,On-Time,7
5038,Basic,Active,1,28.00,0,High,Medium,Low,On-Time,8
5039,Pro,Churned,11,75.00,84,Medium,Low,High,Delayed,4
5040,Enterprise,Active,1,197.00,2,High,High,Medium,On-Time,10
5041,Basic,Active,1,20.00,3,Medium,High,Low,On-Time,8
5042,Basic,Active,3,16.00,28,High,High,Low,Delayed,10
5043,Basic,Churned,13,12.00,234,Low,Low,Low,Delayed,1
5044,Basic,Active,2,11.00,33,High,High,Low,On-Time,7
5045,Pro,Churned,15,64.00,277,Low,Low,High,Delayed,3
5046,Basic,"At Risk",5,17.00,34,High,High,Medium,Delayed,9
5047,Basic,Active,1,22.00,13,Medium,High,Low,On-Time,7
5048,Basic,Active,2,12.00,35,High,High,Low,On-Time,9
5049,Basic,Churned,10,17.00,114,Medium,Low,Low,Delayed,6
5050,Basic,Churned,11,13.00,100,Medium,Low,High,Delayed,7
5051,Basic,Active,2,28.00,7,High,Medium,Medium,On-Time,10
5052,Basic,Active,3,14.00,26,Medium,Medium,Low,On-Time,9
5053,Basic,Churned,12,15.00,111,Low,Low,Medium,Delayed,4
5054,Basic,"At Risk",5,16.00,35,Medium,High,High,On-Time,7
5055,Basic,Active,3,18.00,34,High,High,Medium,On-Time,8
5056,Basic,Active,0,21.00,11,High,High,Low,On-Time,9
5057,Pro,Churned,15,56.00,130,Low,Low,Medium,Missed,2
5058,Pro,Churned,11,53.00,52,Low,Low,Medium,Missed,4
5059,Pro,Active,4,56.00,19,Medium,High,Low,Delayed,8
5060,Basic,Active,3,11.00,27,High,High,High,On-Time,10
5061,Basic,Active,4,24.00,18,Medium,High,High,On-Time,7
5062,Basic,Active,3,22.00,30,High,Medium,Medium,On-Time,7
5063,Basic,Active,2,14.00,5,High,Medium,Medium,On-Time,8
5064,Basic,Active,3,16.00,24,Medium,Medium,Low,On-Time,8
5065,Basic,"At Risk",5,27.00,41,High,High,Medium,Delayed,9
5066,Pro,Churned,14,70.00,182,Low,Low,Low,Missed,1
5067,Enterprise,Active,4,293.00,29,Medium,Medium,Medium,On-Time,8
5068,Enterprise,Active,2,281.00,14,Medium,Medium,Low,On-Time,10
5069,Pro,"At Risk",8,50.00,105,Low,Medium,Low,On-Time,4
5070,Pro,Churned,12,71.00,83,Medium,Low,High,Missed,4
5071,Basic,Churned,13,26.00,292,Low,Low,Low,Delayed,3
5072,Basic,Active,2,10.00,6,Medium,High,Medium,On-Time,9
5073,Pro,Churned,15,50.00,167,Low,Low,Medium,Missed,2
5074,Basic,"At Risk",5,17.00,13,Medium,High,High,Delayed,7
5075,Basic,Churned,14,12.00,298,Low,Low,High,Missed,5
5076,Pro,Churned,10,45.00,95,Low,Medium,Low,Delayed,5
5077,Basic,"At Risk",6,27.00,3,Medium,Medium,High,Delayed,9
5078,Pro,"At Risk",7,65.00,49,Medium,Medium,Low,Delayed,6
5079,Basic,Active,1,18.00,2,High,High,Medium,On-Time,10
5080,Basic,Churned,9,19.00,51,Medium,Low,Medium,Delayed,5
5081,Pro,Churned,16,76.00,168,Low,Low,High,Missed,2
5082,Pro,Active,4,50.00,41,Medium,High,Medium,On-Time,10
5083,Basic,"At Risk",8,25.00,47,Low,Low,Low,Delayed,7
5084,Pro,Active,2,42.00,3,Medium,High,Medium,On-Time,10
5085,Basic,Active,4,13.00,14,Medium,Medium,Low,Delayed,8
5086,Basic,Churned,13,17.00,276,Low,Low,Medium,Missed,4
5087,Basic,Active,4,15.00,9,Medium,High,Medium,Delayed,9
5088,Basic,Churned,15,28.00,230,Low,Low,Medium,Missed,2
5089,Pro,Active,1,47.00,11,High,Medium,Low,On-Time,9
5090,Pro,Active,2,53.00,29,High,High,Medium,On-Time,7
5091,Basic,Active,1,22.00,18,High,High,Low,On-Time,9
5092,Pro,"At Risk",5,55.00,37,High,High,Medium,Delayed,10
5093,Basic,Active,4,16.00,4,Medium,Medium,Low,Delayed,10
5094,Basic,"At Risk",5,29.00,39,Medium,High,High,On-Time,8
5095,Pro,"At Risk",8,41.00,46,Medium,Low,Low,Delayed,4
5096,Basic,Active,2,23.00,30,High,Medium,Low,On-Time,8
5097,Basic,Churned,11,12.00,74,Low,Medium,Medium,Missed,6
5098,Pro,Active,2,40.00,15,Medium,High,Low,On-Time,9
5099,Basic,Active,1,12.00,5,Medium,High,Low,On-Time,10
5100,Pro,Active,3,70.00,21,Medium,High,Medium,On-Time,9
5101,Pro,Active,1,41.00,14,Medium,High,Low,On-Time,9
5102,Pro,Active,2,54.00,6,Medium,Medium,Low,On-Time,8
5103,Basic,Churned,11,29.00,178,Low,Low,Low,Delayed,5
5104,Pro,Churned,11,75.00,148,Low,Low,Low,Delayed,4
5105,Pro,Active,3,66.00,21,Medium,High,Medium,On-Time,8
5106,Basic,Active,2,18.00,4,Medium,Medium,Low,On-Time,9
5107,Pro,Active,3,79.00,26,Medium,Medium,Low,On-Time,10
5108,Basic,Active,3,22.00,38,High,High,Medium,On-Time,8
5109,Basic,"At Risk",7,14.00,21,Medium,Medium,High,Delayed,10
5110,Pro,"At Risk",8,61.00,119,Low,Medium,Low,On-Time,6
5111,Basic,Churned,13,17.00,99,Low,Low,High,Delayed,6
5112,Enterprise,Active,4,284.00,35,Medium,Medium,Low,On-Time,8
5113,Enterprise,Active,3,216.00,30,Medium,High,Medium,On-Time,9
5114,Basic,Active,1,16.00,5,High,Medium,Low,On-Time,10
5115,Basic,Churned,11,18.00,56,Low,Medium,High,Missed,4
5116,Basic,Active,2,12.00,11,Medium,High,Medium,On-Time,9
5117,Pro,Active,0,79.00,12,High,High,Low,On-Time,8
5118,Pro,Active,2,70.00,22,Medium,High,Low,On-Time,10
5119,Pro,Active,4,62.00,42,Medium,High,Medium,On-Time,9
5120,Basic,"At Risk",5,10.00,26,High,Medium,Medium,Delayed,10
5121,Basic,Churned,11,26.00,76,Low,Low,Medium,Delayed,4
5122,Basic,Churned,13,15.00,122,Low,Low,Low,Delayed,2
5123,Basic,Active,4,11.00,18,High,High,Medium,Delayed,10
5124,Pro,"At Risk",7,70.00,49,Low,Low,Low,On-Time,6
5125,Pro,Active,3,44.00,35,High,Medium,Low,On-Time,7
5126,Pro,Churned,10,40.00,84,Low,Low,Low,Delayed,5
5127,Basic,Churned,11,22.00,154,Low,Low,Low,Delayed,5
5128,Pro,Churned,9,79.00,80,Medium,Medium,Low,Missed,5
5129,Basic,Active,3,22.00,14,Medium,Medium,Medium,On-Time,7
5130,Pro,Active,1,74.00,11,High,High,Medium,On-Time,7
5131,Basic,Active,4,17.00,19,High,Medium,Low,Delayed,7
5132,Basic,Active,4,12.00,25,High,Medium,Low,Delayed,9
5133,Basic,Churned,11,26.00,104,Low,Low,Low,Delayed,5
5134,Pro,Active,4,50.00,11,Medium,Medium,High,On-Time,9
5135,Basic,Active,4,29.00,30,Medium,Medium,Medium,On-Time,7
5136,Basic,Active,4,23.00,17,Medium,Medium,Medium,On-Time,8
5137,Basic,Active,2,10.00,7,High,Medium,Medium,On-Time,9
5138,Pro,Churned,11,50.00,244,Low,Low,Low,Delayed,4
5139,Basic,Active,3,19.00,20,Medium,Medium,Low,On-Time,8
5140,Pro,Active,3,70.00,23,High,Medium,Medium,On-Time,8
5141,Enterprise,Active,4,154.00,38,High,High,High,On-Time,10
5142,Pro,Churned,14,63.00,270,Low,Low,Low,Missed,3
5143,Pro,Active,1,78.00,3,High,High,Medium,On-Time,9
5144,Pro,Churned,13,42.00,128,Low,Low,Medium,Missed,4
5145,Pro,Active,2,68.00,22,High,High,Medium,On-Time,8
5146,Basic,"At Risk",5,17.00,35,Medium,Medium,Medium,On-Time,8
5147,Basic,Active,3,16.00,9,Medium,High,Low,Delayed,7
5148,Basic,Active,3,10.00,19,High,Medium,Medium,On-Time,8
5149,Pro,Active,1,58.00,25,High,High,Low,On-Time,8
5150,Basic,Active,2,29.00,19,High,High,Medium,On-Time,9
5151,Basic,"At Risk",5,20.00,53,Medium,Medium,Low,On-Time,5
5152,Enterprise,Active,1,151.00,17,High,High,Low,On-Time,7
5153,Pro,Churned,10,53.00,89,Low,Low,Low,Delayed,4
5154,Basic,Churned,14,24.00,231,Low,Low,Medium,Delayed,3
5155,Basic,Active,0,27.00,3,High,High,Low,On-Time,10
5156,Pro,"At Risk",7,75.00,56,Medium,Medium,Low,Delayed,6
5157,Basic,Active,4,27.00,28,Medium,High,Low,Delayed,8
5158,Pro,Active,2,41.00,6,Medium,Medium,Low,On-Time,7
5159,Pro,Active,3,52.00,0,Medium,Medium,Medium,On-Time,10
5160,Basic,Active,3,10.00,24,Medium,High,Medium,On-Time,9
5161,Pro,"At Risk",5,61.00,16,Medium,Medium,High,On-Time,9
5162,Enterprise,Active,4,258.00,37,High,High,High,On-Time,8
5163,Basic,Active,0,11.00,13,High,High,Low,On-Time,8
5164,Basic,Active,4,10.00,44,High,High,Low,Delayed,10
5165,Pro,"At Risk",5,64.00,18,Medium,Medium,Low,Delayed,9
5166,Basic,Active,3,25.00,21,High,High,High,On-Time,9
5167,Basic,Active,1,28.00,9,Medium,High,Low,On-Time,8
5168,Basic,Active,2,11.00,13,High,Medium,Medium,On-Time,10
5169,Pro,Active,2,62.00,3,Medium,High,Medium,On-Time,9
5170,Basic,Churned,9,16.00,67,Medium,Low,Low,Delayed,4
5171,Enterprise,"At Risk",5,229.00,38,Medium,Medium,Medium,On-Time,9
5172,Pro,Active,3,79.00,38,High,Medium,Low,On-Time,7
5173,Basic,Active,0,28.00,0,High,High,Low,On-Time,7
5174,Pro,Active,3,67.00,37,High,Medium,Low,On-Time,10
5175,Basic,Churned,10,27.00,91,Low,Low,Low,Delayed,7
5176,Pro,Churned,10,60.00,78,Medium,Low,Low,Missed,6
5177,Basic,"At Risk",8,13.00,71,Low,Medium,Medium,On-Time,6
5178,Basic,Active,3,23.00,24,High,High,High,On-Time,7
5179,Basic,"At Risk",5,18.00,31,High,Medium,High,On-Time,7
5180,Pro,Active,3,46.00,23,Medium,Medium,Low,On-Time,9
5181,Basic,Active,2,15.00,23,High,Medium,Low,On-Time,10
5182,Basic,Active,0,12.00,1,High,High,Low,On-Time,7
5183,Basic,Churned,13,20.00,103,Low,Low,Medium,Missed,6
5184,Basic,Active,1,10.00,2,Medium,High,Low,On-Time,10
5185,Pro,Active,1,59.00,30,High,High,Low,On-Time,8
5186,Enterprise,"At Risk",7,195.00,84,Medium,Low,Low,On-Time,6
5187,Basic,Active,4,15.00,30,High,High,Medium,Delayed,8
5188,Pro,Active,2,64.00,27,Medium,High,Low,On-Time,7
5189,Enterprise,Active,4,202.00,22,Medium,High,High,On-Time,10
5190,Basic,Active,1,16.00,3,High,High,Medium,On-Time,9
5191,Basic,Churned,9,27.00,114,Low,Low,Low,On-Time,6
5192,Basic,Active,3,16.00,31,High,Medium,Low,On-Time,8
5193,Pro,Active,1,66.00,26,High,High,Low,On-Time,7
5194,Basic,Active,1,19.00,2,High,Medium,Low,On-Time,8
5195,Basic,Active,4,14.00,31,Medium,Medium,Low,On-Time,8
5196,Enterprise,Active,4,241.00,27,Medium,Medium,Medium,On-Time,8
5197,Basic,Active,3,11.00,7,Medium,Medium,Medium,On-Time,8
5198,Basic,Active,3,16.00,42,High,Medium,Low,On-Time,10
5199,Enterprise,Active,4,125.00,27,High,High,Medium,Delayed,8
5200,Basic,Churned,13,26.00,136,Low,Low,High,Delayed,5
5201,Pro,Active,3,72.00,22,Medium,High,Medium,On-Time,7
5202,Basic,"At Risk",5,27.00,22,Medium,Medium,High,On-Time,7
5203,Pro,Active,3,44.00,38,High,Medium,Low,On-Time,7
5204,Basic,Churned,9,17.00,106,Low,Medium,Low,Delayed,7
5205,Pro,Active,3,52.00,28,High,High,Low,Delayed,9
5206,Basic,"At Risk",5,17.00,20,Medium,Medium,High,On-Time,9
5207,Basic,Churned,9,22.00,65,Low,Medium,Low,Delayed,5
5208,Basic,Active,3,18.00,12,Medium,High,High,On-Time,7
5209,Basic,Active,3,11.00,15,High,Medium,Medium,On-Time,10
5210,Basic,Active,4,26.00,32,Medium,Medium,Low,On-Time,10
5211,Basic,"At Risk",8,27.00,92,Low,Low,Low,On-Time,7
5212,Basic,Active,2,21.00,15,Medium,High,Low,On-Time,7
5213,Basic,Active,3,28.00,21,High,High,Low,Delayed,8
5214,Pro,Active,3,45.00,33,High,High,Medium,On-Time,10
5215,Pro,Active,4,64.00,22,Medium,Medium,Medium,On-Time,7
5216,Pro,Active,2,68.00,12,Medium,High,Medium,On-Time,9
5217,Basic,Active,2,28.00,9,High,Medium,Medium,On-Time,7
5218,Basic,"At Risk",6,23.00,38,Medium,Medium,High,On-Time,8
5219,Pro,Churned,9,67.00,65,Low,Medium,Low,Delayed,4
5220,Basic,Active,3,13.00,36,High,Medium,Low,On-Time,9
5221,Basic,Active,1,13.00,2,High,High,Medium,On-Time,10
5222,Basic,Active,3,16.00,22,Medium,Medium,Low,On-Time,9
5223,Basic,Active,3,10.00,42,High,Medium,Low,On-Time,9
5224,Basic,Active,3,28.00,11,Medium,Medium,Medium,On-Time,10
5225,Basic,Active,3,16.00,21,Medium,High,Medium,On-Time,10
5226,Enterprise,Churned,9,173.00,75,Low,Low,Medium,On-Time,4
5227,Basic,Active,3,29.00,23,High,High,High,On-Time,9
5228,Pro,Active,3,67.00,37,Medium,High,Low,On-Time,10
5229,Pro,Churned,13,69.00,114,Low,Low,High,Missed,7
5230,Pro,Active,4,51.00,34,Medium,Medium,Low,On-Time,10
5231,Pro,"At Risk",5,77.00,20,Medium,Medium,High,On-Time,8
5232,Pro,"At Risk",8,64.00,47,Medium,Low,Low,Delayed,5
5233,Basic,Active,3,12.00,28,High,High,High,On-Time,7
5234,Pro,Active,1,41.00,2,Medium,High,Low,On-Time,8
5235,Enterprise,"At Risk",8,266.00,78,Medium,Low,Medium,On-Time,5
5236,Pro,Active,0,75.00,8,High,High,Low,On-Time,9
5237,Basic,Active,4,20.00,35,Medium,Medium,Low,On-Time,8
5238,Enterprise,Active,1,122.00,4,High,Medium,Low,On-Time,8
5239,Basic,Active,4,23.00,35,Medium,High,Medium,On-Time,9
5240,Basic,Active,0,16.00,5,High,High,Low,On-Time,8
5241,Basic,Active,1,12.00,8,High,Medium,Low,On-Time,10
5242,Basic,Churned,10,24.00,61,Low,Low,Low,Delayed,6
5243,Basic,Churned,9,28.00,96,Low,Medium,Medium,On-Time,6
5244,Pro,Active,2,60.00,10,Medium,Medium,Low,On-Time,7
5245,Basic,Active,1,27.00,1,High,High,Medium,On-Time,7
5246,Pro,Churned,10,62.00,114,Medium,Low,High,On-Time,4
5247,Pro,Churned,10,47.00,88,Low,Low,High,On-Time,6
5248,Basic,Active,1,12.00,24,High,High,Low,On-Time,10
5249,Basic,Active,4,24.00,16,Medium,High,Low,Delayed,10
5250,Pro,Churned,9,71.00,53,Low,Medium,Low,Missed,4
5251,Basic,Active,2,13.00,11,High,Medium,Medium,On-Time,9
5252,Basic,Active,3,18.00,0,High,Medium,Low,Delayed,8
5253,Pro,"At Risk",8,63.00,68,Low,Low,Low,On-Time,6
5254,Basic,"At Risk",5,29.00,37,High,Medium,Low,Delayed,8
5255,Basic,Active,3,11.00,35,High,High,Medium,On-Time,8
5256,Enterprise,Active,3,245.00,10,High,Medium,High,On-Time,9
5257,Basic,Active,2,24.00,18,High,High,Medium,On-Time,8
5258,Basic,Active,3,21.00,26,High,Medium,Medium,On-Time,8
5259,Basic,Active,3,11.00,8,Medium,Medium,Medium,On-Time,8
5260,Pro,Active,2,45.00,27,High,High,Medium,On-Time,10
5261,Basic,"At Risk",8,25.00,57,Low,Low,Medium,On-Time,4
5262,Basic,"At Risk",8,25.00,87,Medium,Low,Low,Delayed,7
5263,Basic,"At Risk",7,28.00,55,Medium,Low,Low,Delayed,7
5264,Basic,"At Risk",7,13.00,40,Medium,Medium,Medium,Delayed,8
5265,Enterprise,Active,1,224.00,28,High,High,Low,On-Time,10
5266,Basic,Active,4,24.00,35,Medium,Medium,Low,On-Time,7
5267,Pro,Churned,10,73.00,112,Low,Low,Medium,On-Time,6
5268,Basic,Churned,15,12.00,155,Low,Low,Medium,Missed,1
5269,Pro,Churned,12,57.00,250,Low,Low,Medium,Delayed,5
5270,Pro,Churned,9,53.00,85,Low,Low,Low,Delayed,7
5271,Basic,Active,0,19.00,7,High,High,Low,On-Time,9
5272,Pro,Active,2,53.00,39,High,High,Low,On-Time,9
5273,Basic,Active,2,28.00,34,High,High,Low,On-Time,7
5274,Pro,Active,1,78.00,14,High,Medium,Low,On-Time,10
5275,Pro,Active,1,50.00,21,High,High,Low,On-Time,7
5276,Pro,Churned,11,41.00,97,Low,Low,Low,Delayed,5
5277,Basic,Churned,12,13.00,112,Low,Low,Low,Missed,6
5278,Basic,"At Risk",7,12.00,58,Medium,Low,Low,Delayed,7
5279,Basic,Active,3,19.00,8,Medium,Medium,Medium,On-Time,10
5280,Basic,Active,2,22.00,15,High,High,Medium,On-Time,10
5281,Pro,Churned,9,54.00,67,Medium,Low,Low,Delayed,4
5282,Basic,Active,3,26.00,41,High,High,Medium,On-Time,8
5283,Basic,Active,0,22.00,3,High,High,Low,On-Time,8
5284,Basic,Active,3,15.00,24,High,High,High,On-Time,10
5285,Basic,Churned,11,22.00,248,Low,Low,Low,Delayed,4
5286,Basic,Churned,12,21.00,264,Low,Low,Medium,Delayed,5
5287,Pro,Active,3,61.00,8,Medium,High,Low,Delayed,10
5288,Pro,Churned,9,73.00,48,Low,Medium,High,Delayed,7
5289,Pro,Active,3,69.00,8,Medium,Medium,Medium,On-Time,10
5290,Basic,Active,1,21.00,21,High,High,Low,On-Time,8
5291,Basic,Active,2,18.00,16,Medium,High,Low,On-Time,7
5292,Pro,Active,1,67.00,8,High,Medium,Low,On-Time,10
5293,Basic,Active,1,12.00,3,Medium,High,Low,On-Time,10
5294,Basic,Active,3,17.00,26,Medium,Medium,Low,On-Time,9
5295,Pro,Active,2,74.00,35,High,High,Low,On-Time,8
5296,Basic,Active,4,25.00,1,Medium,Medium,Low,Delayed,8
5297,Pro,Active,3,43.00,37,High,Medium,Low,On-Time,9
5298,Pro,Churned,14,51.00,152,Low,Low,Medium,Delayed,2
5299,Pro,Active,4,54.00,42,High,High,Low,Delayed,9
5300,Basic,Active,4,16.00,13,Medium,Medium,Low,Delayed,9
5301,Pro,Active,3,72.00,32,High,High,Medium,On-Time,9
5302,Basic,Active,2,24.00,26,High,Medium,Low,On-Time,7
5303,Basic,Churned,12,25.00,108,Low,Low,Low,Missed,6
5304,Enterprise,"At Risk",6,288.00,39,Medium,High,Medium,Delayed,10
5305,Basic,Active,1,12.00,17,High,High,Low,On-Time,9
5306,Pro,Active,3,65.00,37,High,Medium,Low,On-Time,8
5307,Pro,"At Risk",5,43.00,33,Medium,Medium,Medium,On-Time,10
5308,Basic,Active,3,14.00,13,High,Medium,High,On-Time,10
5309,Basic,"At Risk",6,27.00,38,High,Medium,Medium,Delayed,10
5310,Basic,Active,1,21.00,8,High,Medium,Low,On-Time,7
5311,Basic,Active,2,18.00,8,Medium,Medium,Low,On-Time,7
5312,Basic,Churned,11,11.00,94,Low,Low,Medium,Delayed,7
5313,Pro,"At Risk",6,60.00,39,Medium,Medium,High,On-Time,10
5314,Basic,Active,2,24.00,36,High,High,Low,On-Time,7
5315,Pro,Churned,15,50.00,273,Low,Low,High,Delayed,2
5316,Pro,Active,2,45.00,11,Medium,High,Medium,On-Time,8
5317,Pro,"At Risk",5,49.00,38,Medium,High,High,On-Time,10
5318,Pro,Churned,9,41.00,100,Low,Low,Low,On-Time,5
5319,Pro,Active,1,79.00,15,High,High,Low,On-Time,8
5320,Basic,Active,2,12.00,15,Medium,High,Low,On-Time,10
5321,Pro,Active,3,78.00,3,Medium,Medium,Medium,On-Time,9
5322,Pro,Churned,14,47.00,283,Low,Low,Medium,Delayed,3
5323,Pro,Active,3,65.00,14,High,Medium,High,On-Time,7
5324,Basic,Active,3,22.00,16,High,Medium,Medium,On-Time,8
5325,Pro,Active,3,70.00,37,Medium,High,Low,On-Time,7
5326,Pro,Active,3,69.00,44,High,Medium,Low,On-Time,7
5327,Basic,Active,2,15.00,7,Medium,Medium,Low,On-Time,9
5328,Basic,Churned,13,29.00,70,Low,Low,High,Missed,4
5329,Basic,Active,1,15.00,6,Medium,High,Low,On-Time,10
5330,Basic,Active,2,10.00,21,High,High,Medium,On-Time,8
5331,Basic,Active,1,22.00,26,High,High,Low,On-Time,8
5332,Basic,Active,1,24.00,6,High,High,Medium,On-Time,8
5333,Basic,"At Risk",7,20.00,47,Medium,Low,Low,Delayed,7
5334,Enterprise,Active,2,238.00,21,High,High,Medium,On-Time,10
5335,Pro,Active,4,58.00,6,Medium,Medium,High,On-Time,8
5336,Basic,Active,0,21.00,12,High,High,Low,On-Time,10
5337,Basic,Active,1,22.00,11,High,High,Medium,On-Time,10
5338,Pro,Churned,16,61.00,222,Low,Low,High,Missed,3
5339,Pro,"At Risk",8,62.00,81,Medium,Medium,Low,Delayed,4
5340,Basic,Active,2,29.00,40,High,High,Low,On-Time,8
5341,Basic,Active,1,27.00,22,High,High,Low,On-Time,10
5342,Pro,Churned,16,58.00,143,Low,Low,High,Missed,2
5343,Basic,Active,2,12.00,19,High,High,Medium,On-Time,8
5344,Basic,Churned,15,13.00,125,Low,Low,Medium,Missed,3
5345,Basic,Active,0,22.00,1,High,High,Low,On-Time,10
5346,Basic,Active,3,27.00,11,High,Medium,High,On-Time,10
5347,Pro,Active,2,74.00,29,Medium,High,Low,On-Time,9
5348,Pro,Active,2,57.00,24,High,Medium,Low,On-Time,8
5349,Basic,Active,2,26.00,31,High,High,Low,On-Time,9
5350,Pro,Active,2,53.00,5,Medium,Medium,Low,On-Time,10
5351,Pro,Active,2,68.00,6,Medium,Medium,Low,On-Time,8
5352,Basic,Churned,15,27.00,232,Low,Low,Medium,Missed,2
5353,Basic,"At Risk",5,23.00,21,Medium,Medium,High,On-Time,7
5354,Basic,Active,4,28.00,53,Medium,Medium,Low,On-Time,7
5355,Basic,Active,2,15.00,17,Medium,High,Low,On-Time,9
5356,Basic,"At Risk",6,11.00,35,Medium,Medium,Low,Delayed,9
5357,Pro,Active,1,52.00,2,Medium,High,Low,On-Time,9
5358,Enterprise,Active,3,139.00,44,High,High,Medium,On-Time,8
5359,Pro,Active,2,48.00,27,Medium,High,Low,On-Time,8
5360,Basic,Active,2,28.00,5,Medium,Medium,Low,On-Time,10
5361,Pro,Churned,13,57.00,250,Low,Low,Low,Delayed,3
5362,Pro,Churned,14,49.00,171,Low,Low,Low,Missed,3
5363,Basic,Active,4,19.00,32,Medium,Medium,Low,On-Time,10
5364,Basic,Active,4,22.00,19,High,Medium,Low,Delayed,8
5365,Basic,"At Risk",5,17.00,42,Medium,Medium,Medium,On-Time,9
5366,Basic,Active,1,19.00,11,Medium,High,Low,On-Time,10
5367,Basic,"At Risk",8,10.00,84,Medium,Medium,High,On-Time,5
5368,Basic,Active,2,13.00,2,Medium,Medium,Low,On-Time,8
5369,Enterprise,"At Risk",5,170.00,33,Medium,Medium,Medium,On-Time,7
5370,Pro,Active,2,40.00,20,Medium,High,Low,On-Time,8
5371,Pro,Active,4,42.00,39,Medium,Medium,Low,On-Time,8
5372,Basic,Active,1,16.00,24,High,High,Low,On-Time,9
5373,Basic,Active,3,22.00,15,Medium,Medium,Low,On-Time,9
5374,Enterprise,Active,1,212.00,2,High,Medium,Low,On-Time,10
5375,Basic,"At Risk",5,27.00,20,High,Medium,Medium,Delayed,10
5376,Pro,"At Risk",8,51.00,56,Low,Low,Low,Delayed,7
5377,Pro,Active,2,41.00,10,Medium,High,Medium,On-Time,7
5378,Basic,Churned,9,11.00,50,Medium,Low,Low,Missed,4
5379,Basic,Active,2,17.00,20,Medium,High,Low,On-Time,10
5380,Pro,Active,3,76.00,31,Medium,High,Low,On-Time,9
5381,Enterprise,Active,4,290.00,18,Medium,Medium,Medium,On-Time,10
5382,Pro,Active,3,73.00,23,High,High,High,On-Time,9
5383,Pro,Active,1,73.00,12,Medium,High,Low,On-Time,10
5384,Pro,Active,2,62.00,23,High,Medium,Low,On-Time,7
5385,Basic,Active,2,19.00,11,Medium,Medium,Low,On-Time,9
5386,Pro,Active,3,45.00,29,High,Medium,Medium,On-Time,8
5387,Pro,"At Risk",8,46.00,56,Medium,Low,Low,Delayed,6
5388,Basic,Active,3,20.00,39,High,High,Medium,On-Time,8
5389,Basic,Churned,10,12.00,105,Medium,Low,High,On-Time,5
5390,Basic,Active,2,23.00,29,High,High,Medium,On-Time,9
5391,Pro,Churned,11,76.00,92,Medium,Low,Medium,Delayed,6
5392,Enterprise,Churned,10,258.00,90,Medium,Low,Medium,Missed,7
5393,Pro,"At Risk",8,42.00,87,Low,Low,Low,On-Time,4
5394,Basic,Churned,9,25.00,113,Low,Low,Low,On-Time,4
5395,Basic,Active,3,28.00,0,Medium,Medium,Medium,On-Time,10
5396,Basic,Active,2,17.00,28,High,Medium,Low,On-Time,10
5397,Pro,Active,2,62.00,0,Medium,High,Medium,On-Time,8
5398,Basic,Active,2,14.00,22,High,Medium,Low,On-Time,9
5399,Basic,Churned,12,26.00,295,Low,Low,Low,Missed,5
5400,Basic,Active,4,20.00,26,Medium,Medium,Medium,On-Time,8
5401,Pro,Active,3,52.00,22,Medium,Medium,Low,On-Time,9
5402,Pro,Active,4,69.00,4,High,High,High,Delayed,7
5403,Basic,"At Risk",6,29.00,43,Medium,Medium,High,On-Time,9
5404,Basic,Churned,9,26.00,74,Medium,Medium,Medium,Delayed,5
5405,Basic,Churned,11,26.00,115,Low,Low,Low,Delayed,4
5406,Pro,Churned,11,40.00,119,Medium,Medium,High,Delayed,5
5407,Basic,Churned,9,27.00,57,Low,Medium,Medium,Delayed,4
5408,Pro,Churned,12,69.00,176,Low,Low,Low,Missed,4
5409,Enterprise,Active,2,210.00,23,High,Medium,Low,On-Time,8
5410,Basic,Active,1,15.00,1,Medium,High,Low,On-Time,10
5411,Pro,"At Risk",8,55.00,118,Medium,Low,Low,On-Time,5
5412,Basic,Active,3,27.00,27,High,High,Low,Delayed,8
5413,Basic,"At Risk",5,14.00,29,Medium,Medium,High,On-Time,9
5414,Basic,Active,2,24.00,24,High,High,Medium,On-Time,7
5415,Basic,Churned,9,25.00,46,Medium,Low,Medium,Delayed,6
5416,Basic,Churned,9,16.00,72,Medium,Low,Low,Delayed,5
5417,Pro,Active,2,67.00,40,High,High,Low,On-Time,9
5418,Basic,Churned,14,10.00,285,Low,Low,Low,Missed,2
5419,Basic,Active,2,11.00,8,Medium,High,Medium,On-Time,8
5420,Basic,"At Risk",5,16.00,33,High,Medium,High,On-Time,9
5421,Enterprise,Active,3,165.00,17,High,Medium,Medium,On-Time,9
5422,Pro,Active,4,45.00,25,High,Medium,High,On-Time,8
5423,Basic,Active,2,28.00,12,Medium,Medium,Low,On-Time,10
5424,Basic,Active,4,24.00,44,High,High,Low,Delayed,7
5425,Basic,Active,3,25.00,27,Medium,Medium,Low,On-Time,7
5426,Pro,Churned,9,69.00,81,Low,Low,Low,Delayed,7
5427,Basic,Active,3,18.00,22,High,Medium,Medium,On-Time,9
5428,Basic,Active,4,12.00,41,High,High,High,On-Time,10
5429,Basic,Active,3,24.00,19,High,High,Low,Delayed,10
5430,Pro,Active,3,61.00,12,Medium,High,High,On-Time,7
5431,Basic,Active,0,15.00,9,High,High,Low,On-Time,7
5432,Basic,Churned,15,19.00,289,Low,Low,Medium,Missed,2
5433,Pro,"At Risk",6,75.00,20,Medium,Medium,Medium,Delayed,10
5434,Pro,Active,1,48.00,14,High,Medium,Low,On-Time,7
5435,Basic,Active,3,29.00,18,Medium,High,Medium,On-Time,7
5436,Basic,Active,2,15.00,24,Medium,High,Low,On-Time,8
5437,Basic,Active,3,16.00,27,Medium,Medium,Low,On-Time,8
5438,Basic,Active,4,15.00,31,High,Medium,Medium,On-Time,9
5439,Basic,Active,3,21.00,33,High,Medium,Low,On-Time,10
5440,Basic,"At Risk",5,21.00,27,Medium,Medium,High,On-Time,8
5441,Basic,"At Risk",5,12.00,42,Medium,High,High,On-Time,9
5442,Basic,"At Risk",8,22.00,116,Medium,Low,Low,On-Time,4
5443,Basic,"At Risk",7,27.00,72,Medium,Medium,Low,Delayed,7
5444,Basic,Churned,9,17.00,65,Medium,Low,Low,Missed,7
5445,Basic,Active,2,13.00,22,High,Medium,Low,On-Time,8
5446,Basic,Active,3,20.00,30,High,Medium,Medium,On-Time,10
5447,Basic,Active,3,28.00,44,High,Medium,Low,On-Time,7
5448,Basic,Churned,11,27.00,116,Low,Low,High,On-Time,5
5449,Pro,Active,3,68.00,40,High,Medium,Low,On-Time,7
5450,Pro,Churned,13,76.00,186,Low,Low,Low,Delayed,3
5451,Pro,Active,2,52.00,13,High,Medium,Medium,On-Time,7
5452,Enterprise,Churned,11,232.00,103,Medium,Low,Medium,Delayed,4
5453,Pro,"At Risk",5,41.00,36,High,Medium,High,On-Time,10
5454,Basic,Active,4,14.00,42,High,Medium,Medium,On-Time,9
5455,Basic,Active,4,10.00,39,Medium,Medium,Low,On-Time,7
5456,Pro,Active,3,52.00,17,High,High,High,On-Time,8
5457,Pro,Active,2,67.00,24,High,Medium,Low,On-Time,7
5458,Pro,Active,3,61.00,22,Medium,High,Medium,On-Time,8
5459,Basic,"At Risk",6,12.00,49,Low,Low,Low,On-Time,7
5460,Basic,Active,0,28.00,4,High,High,Low,On-Time,10
5461,Pro,Churned,9,70.00,68,Medium,Low,Medium,Delayed,7
5462,Basic,Active,3,28.00,40,High,Medium,Low,On-Time,8
5463,Basic,Active,1,27.00,30,High,High,Low,On-Time,9
5464,Basic,Active,4,13.00,30,High,High,Medium,Delayed,9
5465,Pro,Active,2,65.00,12,Medium,Medium,Low,On-Time,10
5466,Pro,Active,2,63.00,14,Medium,Medium,Low,On-Time,9
5467,Pro,Churned,9,57.00,116,Low,Low,Low,On-Time,5
5468,Basic,Active,4,13.00,27,Medium,Medium,Medium,On-Time,7
5469,Basic,Active,4,10.00,19,Medium,High,Low,Delayed,7
5470,Enterprise,Active,1,122.00,11,High,High,Medium,On-Time,7
5471,Basic,Churned,9,14.00,80,Medium,Low,Low,Delayed,5
5472,Basic,"At Risk",7,20.00,69,Medium,Low,Low,On-Time,4
5473,Pro,"At Risk",8,51.00,108,Medium,Medium,Low,Delayed,7
5474,Pro,Active,1,69.00,10,High,High,Medium,On-Time,8
5475,Basic,Active,3,15.00,21,Medium,Medium,Low,On-Time,7
5476,Pro,Churned,11,65.00,71,Low,Low,Low,Missed,5
5477,Pro,Active,1,41.00,26,High,High,Low,On-Time,9
5478,Pro,"At Risk",7,43.00,53,Medium,Low,Medium,On-Time,5
5479,Basic,"At Risk",6,28.00,37,Medium,High,Medium,Delayed,7
5480,Pro,Churned,13,67.00,168,Low,Low,Low,Delayed,2
5481,Basic,Active,1,29.00,13,High,Medium,Low,On-Time,9
5482,Basic,Churned,14,22.00,191,Low,Low,Medium,Delayed,3
5483,Pro,Active,3,46.00,18,High,High,High,On-Time,9
5484,Basic,Active,3,25.00,13,High,Medium,Low,Delayed,8
5485,Pro,Active,4,76.00,32,Medium,High,Medium,On-Time,8
5486,Pro,Churned,12,73.00,113,Low,Low,Medium,Delayed,4
5487,Basic,"At Risk",7,15.00,81,Medium,Low,Low,On-Time,6
5488,Pro,Active,2,63.00,21,Medium,High,Low,On-Time,7
5489,Enterprise,Active,4,145.00,11,Medium,Medium,Low,Delayed,9
5490,Pro,Active,3,46.00,11,High,Medium,High,On-Time,8
5491,Pro,Active,4,45.00,38,Medium,High,Medium,On-Time,9
5492,Pro,Churned,10,40.00,63,Low,Low,Low,Delayed,5
5493,Basic,Active,3,18.00,29,High,High,Low,Delayed,9
5494,Basic,Active,3,21.00,38,High,High,Medium,On-Time,10
5495,Enterprise,Active,0,232.00,5,High,High,Low,On-Time,9
5496,Pro,Churned,12,55.00,200,Low,Low,Low,Missed,5
5497,Pro,Active,2,78.00,11,Medium,High,Medium,On-Time,10
5498,Enterprise,Churned,10,266.00,116,Medium,Medium,Low,Missed,6
5499,Pro,Active,3,56.00,44,High,Medium,Low,On-Time,7
5500,Pro,Active,3,61.00,41,High,High,Medium,On-Time,8
5501,Pro,Active,4,44.00,32,Medium,High,Medium,On-Time,10
5502,Pro,Active,4,64.00,40,High,Medium,Medium,On-Time,8
5503,Basic,Active,1,20.00,4,High,High,Medium,On-Time,8
5504,Basic,Churned,10,10.00,68,Medium,Low,Low,Missed,5
5505,Basic,Active,0,25.00,0,High,High,Low,On-Time,7
5506,Pro,Active,1,64.00,30,High,High,Low,On-Time,7
5507,Basic,Active,3,21.00,41,High,Medium,Low,On-Time,10
5508,Basic,Active,4,15.00,8,High,High,High,Delayed,8
5509,Basic,Active,2,16.00,18,High,Medium,Low,On-Time,7
5510,Pro,Active,3,44.00,23,Medium,Medium,Low,On-Time,8
5511,Pro,Active,2,59.00,27,High,Medium,Low,On-Time,7
5512,Pro,Active,3,61.00,10,High,Medium,Low,Delayed,9
5513,Basic,Active,2,20.00,39,High,High,Low,On-Time,9
5514,Basic,Active,2,15.00,23,Medium,High,Low,On-Time,9
5515,Pro,Active,2,68.00,9,Medium,Medium,Low,On-Time,9
5516,Basic,Active,4,25.00,41,Medium,Medium,Low,On-Time,8
5517,Enterprise,"At Risk",5,185.00,19,Medium,High,Medium,Delayed,8
5518,Pro,Active,2,40.00,22,High,High,Medium,On-Time,10
5519,Pro,Active,0,59.00,10,High,High,Low,On-Time,7
5520,Basic,Churned,9,16.00,84,Low,Low,Medium,On-Time,4
5521,Pro,"At Risk",7,53.00,108,Low,Medium,Low,On-Time,7
5522,Basic,Active,3,24.00,27,Medium,Medium,Low,On-Time,10
5523,Basic,Active,2,22.00,8,High,Medium,Medium,On-Time,10
5524,Pro,Active,4,51.00,40,High,High,High,On-Time,9
5525,Basic,Active,3,17.00,6,High,Medium,Low,Delayed,10
5526,Basic,Active,3,15.00,29,Medium,High,Medium,On-Time,9
5527,Basic,"At Risk",8,18.00,90,Low,Low,Medium,On-Time,7
5528,Basic,"At Risk",5,12.00,42,Medium,Medium,Medium,On-Time,10
5529,Basic,Active,3,17.00,34,Medium,High,Low,On-Time,8
5530,Basic,Churned,13,22.00,285,Low,Low,Medium,Missed,5
5531,Basic,"At Risk",5,20.00,31,High,Medium,Low,Delayed,9
5532,Enterprise,Active,4,201.00,25,Medium,High,Low,Delayed,9
5533,Basic,Churned,13,12.00,148,Low,Low,Medium,Missed,4
5534,Basic,Churned,9,29.00,61,Low,Low,Medium,On-Time,4
5535,Basic,"At Risk",5,21.00,40,Medium,High,High,On-Time,10
5536,Basic,Active,3,23.00,22,Medium,Medium,Low,On-Time,10
5537,Pro,Active,1,70.00,13,High,Medium,Low,On-Time,9
5538,Pro,Active,2,77.00,40,High,High,Low,On-Time,8
5539,Basic,Active,2,13.00,24,High,Medium,Low,On-Time,10
5540,Basic,Active,2,17.00,15,Medium,High,Low,On-Time,9
5541,Basic,Active,2,27.00,13,Medium,High,Medium,On-Time,8
5542,Pro,Churned,11,58.00,96,Low,Low,Low,Delayed,4
5543,Basic,Churned,15,19.00,233,Low,Low,Medium,Missed,3
5544,Basic,Active,1,29.00,18,High,High,Low,On-Time,10
5545,Basic,Churned,15,26.00,222,Low,Low,Medium,Missed,1
5546,Pro,Active,1,69.00,7,High,High,Medium,On-Time,7
5547,Basic,Active,0,20.00,12,High,High,Low,On-Time,10
5548,Basic,Active,1,22.00,0,High,Medium,Low,On-Time,9
5549,Basic,Active,2,15.00,27,High,High,Medium,On-Time,10
5550,Basic,Churned,10,26.00,54,Low,Low,Medium,Delayed,4
5551,Pro,"At Risk",5,73.00,36,Medium,High,Low,Delayed,10
5552,Basic,"At Risk",8,26.00,93,Medium,Low,Low,On-Time,4
5553,Pro,"At Risk",5,77.00,23,Medium,Medium,High,On-Time,8
5554,Enterprise,"At Risk",8,180.00,52,Low,Low,Medium,On-Time,6
5555,Pro,"At Risk",5,43.00,14,Medium,Medium,Medium,Delayed,9
5556,Enterprise,"At Risk",5,237.00,30,Medium,Medium,Low,Delayed,7
5557,Basic,Active,2,10.00,28,High,High,Medium,On-Time,7
5558,Basic,Churned,14,15.00,263,Low,Low,High,Missed,4
5559,Basic,Active,3,10.00,28,Medium,High,Medium,On-Time,8
5560,Basic,Active,2,20.00,28,High,Medium,Low,On-Time,8
5561,Basic,Active,4,14.00,27,High,Medium,High,On-Time,10
5562,Pro,Active,2,55.00,3,Medium,High,Medium,On-Time,7
5563,Pro,Active,3,70.00,35,High,Medium,Low,On-Time,9
5564,Pro,Active,4,60.00,23,Medium,Medium,Medium,On-Time,10
5565,Basic,Active,2,18.00,4,High,High,Low,Delayed,7
5566,Basic,Active,4,25.00,17,Medium,Medium,Medium,On-Time,7
5567,Basic,Active,3,10.00,14,Medium,Medium,Medium,On-Time,8
5568,Basic,Churned,12,27.00,108,Medium,Low,Medium,Missed,5
5569,Enterprise,Active,3,192.00,39,High,Medium,Low,On-Time,9
5570,Pro,Churned,13,59.00,117,Low,Low,High,Delayed,5
5571,Basic,Active,4,27.00,14,High,High,High,Delayed,7
5572,Enterprise,Churned,9,135.00,50,Medium,Low,Low,Missed,6
5573,Basic,Active,4,16.00,36,Medium,Medium,Low,On-Time,10
5574,Pro,Active,3,57.00,6,Medium,High,High,On-Time,9
5575,Basic,Active,3,23.00,39,High,Medium,Low,On-Time,10
5576,Basic,Active,1,27.00,5,High,Medium,Low,On-Time,9
5577,Pro,Active,1,56.00,27,High,High,Low,On-Time,9
5578,Basic,Churned,9,10.00,100,Low,Low,Low,On-Time,6
5579,Basic,Churned,11,22.00,107,Low,Low,Low,Delayed,6
5580,Pro,Active,3,71.00,18,Medium,High,Medium,On-Time,8
5581,Basic,Churned,12,20.00,283,Low,Low,Low,Missed,4
5582,Basic,"At Risk",8,19.00,86,Medium,Low,Medium,On-Time,6
5583,Basic,Active,0,11.00,9,High,High,Low,On-Time,7
5584,Pro,Active,1,61.00,8,High,Medium,Low,On-Time,10
5585,Pro,Active,3,77.00,3,Medium,Medium,Medium,On-Time,9
5586,Basic,Active,3,19.00,6,Medium,Medium,Medium,On-Time,10
5587,Basic,Active,4,18.00,13,High,Medium,Medium,Delayed,10
5588,Basic,Active,3,27.00,36,High,Medium,Low,On-Time,9
5589,Basic,Active,2,21.00,7,High,High,Low,Delayed,8
5590,Basic,Active,2,25.00,38,High,High,Low,On-Time,10
5591,Pro,Active,3,47.00,7,High,High,Medium,Delayed,8
5592,Pro,Active,1,49.00,0,High,Medium,Low,On-Time,9
5593,Basic,Churned,11,10.00,108,Medium,Low,High,Delayed,7
5594,Pro,Churned,14,54.00,259,Low,Low,Medium,Delayed,1
5595,Basic,Active,3,23.00,30,Medium,Medium,Low,On-Time,7
5596,Basic,Churned,12,19.00,102,Medium,Low,High,Delayed,4
5597,Enterprise,Active,3,135.00,32,High,Medium,Low,On-Time,7
5598,Pro,Churned,10,43.00,86,Low,Low,Low,Delayed,5
5599,Pro,Active,4,74.00,43,High,Medium,Medium,On-Time,7
5600,Pro,Active,3,67.00,0,Medium,High,Low,Delayed,7
5601,Basic,Churned,9,21.00,48,Low,Low,Low,Delayed,4
5602,Basic,Churned,10,10.00,69,Low,Low,Low,Delayed,5
5603,Basic,"At Risk",8,11.00,52,Medium,Medium,Medium,Delayed,5
5604,Basic,Churned,10,12.00,65,Medium,Low,Low,Missed,6
5605,Basic,Active,3,25.00,31,High,High,Medium,On-Time,8
5606,Basic,"At Risk",8,17.00,55,Medium,Low,Low,Delayed,4
5607,Basic,Active,4,16.00,4,Medium,High,Medium,Delayed,7
5608,Basic,Active,1,13.00,0,High,Medium,Low,On-Time,7
5609,Enterprise,"At Risk",5,297.00,27,Medium,Medium,High,On-Time,10
5610,Pro,Active,3,57.00,17,High,High,High,On-Time,9
5611,Pro,"At Risk",5,63.00,5,Medium,High,High,Delayed,10
5612,Pro,"At Risk",6,52.00,40,Medium,Medium,Low,Delayed,8
5613,Pro,Active,1,43.00,1,Medium,High,Low,On-Time,10
5614,Basic,Active,3,12.00,34,Medium,High,Low,On-Time,7
5615,Basic,"At Risk",8,10.00,80,Medium,Medium,Medium,Delayed,7
5616,Basic,Active,4,28.00,34,Medium,Medium,Low,On-Time,8
5617,Basic,Active,2,18.00,19,High,High,Medium,On-Time,7
5618,Pro,Active,2,50.00,8,High,Medium,Medium,On-Time,7
5619,Basic,Active,2,13.00,29,High,Medium,Low,On-Time,9
5620,Basic,Active,2,11.00,5,High,Medium,Medium,On-Time,7
5621,Pro,Churned,9,73.00,96,Low,Low,Low,On-Time,5
5622,Pro,Active,2,42.00,44,High,High,Low,On-Time,10
5623,Pro,Churned,13,47.00,207,Low,Low,Low,Delayed,2
5624,Enterprise,Active,1,234.00,24,High,High,Low,On-Time,7
5625,Enterprise,Churned,9,178.00,62,Medium,Low,Low,Delayed,4
5626,Basic,Active,4,18.00,16,Medium,Medium,Medium,On-Time,10
5627,Pro,Churned,13,75.00,174,Low,Low,High,Delayed,5
5628,Enterprise,Active,3,250.00,23,High,Medium,Medium,On-Time,9
5629,Pro,Active,4,73.00,37,Medium,Medium,Low,On-Time,7
5630,Pro,Active,2,44.00,22,Medium,High,Low,On-Time,7
5631,Pro,"At Risk",6,53.00,35,Medium,High,Medium,Delayed,10
5632,Enterprise,Churned,12,200.00,89,Low,Low,High,Delayed,6
5633,Basic,Active,3,12.00,41,High,Medium,Low,On-Time,10
5634,Basic,Active,4,25.00,31,Medium,Medium,Low,On-Time,9
5635,Basic,Active,3,12.00,21,Medium,Medium,Low,On-Time,10
5636,Pro,Churned,12,68.00,78,Low,Low,High,Delayed,5
5637,Basic,Active,1,28.00,13,High,High,Medium,On-Time,9
5638,Basic,Active,4,24.00,20,Medium,Medium,Medium,On-Time,7
5639,Pro,Active,1,54.00,19,High,High,Low,On-Time,10
5640,Basic,Active,1,10.00,24,High,High,Low,On-Time,9
5641,Basic,Active,3,13.00,13,High,High,Medium,Delayed,9
5642,Basic,Active,2,15.00,13,High,Medium,Medium,On-Time,8
5643,Basic,Active,4,10.00,39,High,High,High,On-Time,10
5644,Basic,Churned,9,10.00,111,Medium,Low,Medium,On-Time,6
5645,Basic,Churned,14,11.00,281,Low,Low,Low,Missed,2
5646,Basic,Churned,12,18.00,286,Low,Low,Medium,Delayed,4
5647,Basic,Active,4,22.00,43,High,Medium,Medium,On-Time,7
5648,Basic,Active,2,22.00,18,High,High,Medium,On-Time,8
5649,Pro,Active,4,69.00,17,High,Medium,High,On-Time,9
5650,Basic,Active,4,25.00,41,High,High,Low,Delayed,9
5651,Pro,Churned,12,76.00,102,Low,Low,Medium,Delayed,5
5652,Basic,Active,3,28.00,19,Medium,Medium,Low,On-Time,7
5653,Enterprise,Active,2,252.00,25,Medium,High,Low,On-Time,8
5654,Basic,Active,2,13.00,26,High,Medium,Low,On-Time,9
5655,Basic,Churned,9,29.00,56,Medium,Low,Medium,Delayed,4
5656,Basic,Active,3,24.00,4,Medium,High,High,On-Time,10
5657,Basic,Active,1,10.00,3,Medium,High,Low,On-Time,8
5658,Basic,Active,2,24.00,5,High,Medium,Medium,On-Time,7
5659,Pro,Active,1,59.00,18,High,High,Low,On-Time,8
5660,Basic,Active,3,24.00,25,Medium,Medium,Low,On-Time,7
5661,Basic,Active,3,15.00,1,Medium,Medium,Medium,On-Time,7
5662,Pro,Active,3,48.00,22,High,Medium,Medium,On-Time,9
5663,Pro,Active,2,71.00,21,High,Medium,Low,On-Time,10
5664,Enterprise,"At Risk",8,230.00,35,Medium,Medium,High,Delayed,7
5665,Basic,"At Risk",7,11.00,33,Medium,Medium,Medium,Delayed,8
5666,Basic,Active,3,12.00,9,High,Medium,High,On-Time,7
5667,Pro,"At Risk",5,42.00,44,High,High,Medium,Delayed,8
5668,Pro,"At Risk",5,71.00,37,High,Medium,High,On-Time,9
5669,Pro,"At Risk",8,64.00,79,Low,Low,Low,On-Time,4
5670,Basic,"At Risk",6,23.00,30,High,Medium,High,Delayed,10
5671,Pro,Churned,10,74.00,85,Low,Low,High,On-Time,6
5672,Basic,Active,4,29.00,20,Medium,High,Low,Delayed,7
5673,Basic,Active,3,10.00,22,High,High,High,On-Time,8
5674,Pro,Churned,12,60.00,197,Low,Low,Medium,Delayed,4
5675,Basic,Active,2,13.00,7,High,Medium,Medium,On-Time,8
5676,Basic,Active,2,20.00,38,High,High,Low,On-Time,9
5677,Basic,Churned,9,27.00,60,Low,Medium,Low,Delayed,5
5678,Pro,Active,3,42.00,30,High,Medium,Medium,On-Time,9
5679,Basic,Active,1,22.00,3,Medium,High,Low,On-Time,10
5680,Basic,Active,4,26.00,36,Medium,Medium,Low,On-Time,10
5681,Basic,Churned,11,28.00,180,Low,Low,Low,Delayed,4
5682,Basic,Churned,10,25.00,70,Low,Low,Medium,Delayed,7
5683,Pro,Active,3,58.00,23,Medium,Medium,Low,On-Time,7
5684,Pro,Active,3,42.00,24,High,Medium,Medium,On-Time,7
5685,Basic,Active,3,19.00,25,High,Medium,Medium,On-Time,8
5686,Basic,Active,4,23.00,43,Medium,Medium,Low,On-Time,8
5687,Basic,Churned,9,14.00,56,Low,Low,Low,Missed,7
5688,Basic,Active,2,16.00,16,Medium,High,Low,On-Time,9
5689,Basic,Churned,9,24.00,54,Medium,Low,High,Delayed,7
5690,Enterprise,Active,1,156.00,27,High,High,Low,On-Time,10
5691,Basic,Active,3,13.00,34,High,High,Medium,On-Time,10
5692,Enterprise,Active,3,244.00,14,Medium,Medium,Medium,On-Time,9
5693,Pro,Active,2,66.00,22,Medium,High,Low,On-Time,7
5694,Enterprise,Active,4,143.00,28,Medium,Medium,Medium,On-Time,9
5695,Pro,Active,3,68.00,33,High,Medium,Low,On-Time,10
5696,Basic,Active,3,24.00,10,High,Medium,Low,Delayed,8
5697,Pro,Churned,11,50.00,71,Low,Low,Low,Missed,4
5698,Enterprise,Active,4,153.00,35,Medium,Medium,Low,On-Time,9
5699,Basic,Active,1,28.00,13,High,Medium,Low,On-Time,8
5700,Pro,Churned,11,71.00,83,Low,Low,Low,Missed,6
5701,Enterprise,Active,2,294.00,24,High,High,Medium,On-Time,9
5702,Basic,Active,4,17.00,44,Medium,Medium,Low,On-Time,8
5703,Basic,Churned,11,15.00,82,Low,Low,Medium,Delayed,5
5704,Basic,Active,0,16.00,8,High,High,Low,On-Time,9
5705,Enterprise,Active,4,247.00,34,Medium,Medium,Low,On-Time,8
5706,Pro,Churned,14,40.00,232,Low,Low,Medium,Delayed,2
5707,Pro,Active,3,67.00,25,High,Medium,Medium,On-Time,8
5708,Basic,Churned,12,10.00,239,Low,Low,Low,Missed,5
5709,Basic,"At Risk",5,29.00,44,High,High,Medium,Delayed,9
5710,Pro,Churned,14,57.00,269,Low,Low,Low,Missed,3
5711,Pro,Active,4,52.00,40,Medium,Medium,Low,On-Time,7
5712,Pro,"At Risk",6,46.00,25,Medium,Medium,Medium,Delayed,8
5713,Pro,"At Risk",6,77.00,78,Medium,Low,Low,On-Time,7
5714,Pro,"At Risk",7,54.00,63,Medium,Low,Low,On-Time,5
5715,Basic,"At Risk",8,25.00,49,Medium,Low,Medium,Delayed,7
5716,Basic,Churned,10,14.00,113,Low,Low,Low,Delayed,7
5717,Pro,Churned,12,58.00,135,Low,Low,Medium,Delayed,5
5718,Basic,Active,3,24.00,39,Medium,High,Low,On-Time,7
5719,Basic,Churned,10,13.00,60,Medium,Low,Medium,Delayed,6
5720,Basic,Churned,13,26.00,170,Low,Low,Low,Delayed,2
5721,Basic,Active,1,26.00,13,Medium,High,Low,On-Time,7
5722,Basic,Active,3,23.00,20,Medium,High,Medium,On-Time,8
5723,Basic,Churned,10,26.00,46,Low,Low,Low,Missed,4
5724,Pro,Churned,16,46.00,196,Low,Low,High,Missed,3
5725,Enterprise,Churned,12,123.00,191,Low,Low,Medium,Delayed,5
5726,Basic,Churned,11,18.00,137,Low,Low,Low,Delayed,4
5727,Basic,Churned,13,18.00,212,Low,Low,Low,Delayed,2
5728,Enterprise,Churned,12,247.00,179,Low,Low,Low,Missed,5
5729,Pro,Active,3,79.00,30,High,Medium,Medium,On-Time,10
5730,Enterprise,Active,1,142.00,7,High,Medium,Low,On-Time,8
5731,Pro,Active,3,48.00,16,Medium,Medium,Low,On-Time,10
5732,Basic,Active,1,23.00,25,High,High,Low,On-Time,10
5733,Pro,"At Risk",8,71.00,54,Medium,Low,Low,Delayed,4
5734,Basic,Churned,12,14.00,216,Low,Low,Low,Missed,4
5735,Basic,Active,4,21.00,27,High,Medium,High,On-Time,9
5736,Basic,Active,1,14.00,9,High,High,Medium,On-Time,10
5737,Pro,"At Risk",6,69.00,37,High,Medium,Medium,Delayed,9
5738,Basic,Active,3,11.00,6,Medium,Medium,Medium,On-Time,8
5739,Basic,Active,3,17.00,4,Medium,High,Low,Delayed,7
5740,Basic,Active,4,16.00,6,Medium,Medium,High,On-Time,8
5741,Basic,Active,2,18.00,16,High,Medium,Low,On-Time,9
5742,Basic,Active,3,18.00,42,High,Medium,Low,On-Time,7
5743,Basic,Active,2,14.00,43,High,High,Low,On-Time,8
5744,Pro,Churned,9,47.00,76,Low,Low,Medium,On-Time,4
5745,Basic,Active,2,25.00,7,Medium,Medium,Low,On-Time,8
5746,Basic,Churned,10,21.00,77,Medium,Low,Medium,Delayed,5
5747,Pro,"At Risk",5,61.00,40,High,Medium,Low,Delayed,9
5748,Enterprise,Active,3,182.00,10,Medium,Medium,Medium,On-Time,7
5749,Basic,Active,4,28.00,33,Medium,High,Medium,On-Time,8
5750,Pro,Churned,16,54.00,125,Low,Low,High,Missed,1
5751,Pro,Active,3,75.00,43,High,High,Medium,On-Time,7
5752,Enterprise,Active,2,240.00,9,Medium,High,Medium,On-Time,8
5753,Basic,Churned,13,25.00,157,Low,Low,High,Delayed,5
5754,Pro,Active,1,40.00,11,High,High,Medium,On-Time,10
5755,Pro,Active,3,65.00,24,Medium,High,Medium,On-Time,9
5756,Basic,Churned,10,11.00,92,Low,Medium,Low,Delayed,4
5757,Basic,"At Risk",8,11.00,73,Low,Low,Low,On-Time,6
5758,Basic,Churned,11,16.00,151,Low,Low,Low,Delayed,5
5759,Basic,Churned,12,11.00,121,Low,Low,Medium,Delayed,5
5760,Pro,Active,1,68.00,6,Medium,High,Low,On-Time,9
5761,Pro,Active,1,51.00,19,High,High,Low,On-Time,8
5762,Basic,Active,1,15.00,6,Medium,High,Low,On-Time,7
5763,Pro,Active,1,55.00,9,Medium,High,Low,On-Time,7
5764,Pro,Active,3,58.00,39,High,Medium,Low,On-Time,10
5765,Basic,Active,3,24.00,7,Medium,Medium,Medium,On-Time,9
5766,Basic,"At Risk",6,26.00,81,Medium,Medium,Low,On-Time,4
5767,Pro,Churned,12,50.00,138,Low,Low,Low,Missed,4
5768,Pro,"At Risk",6,42.00,35,Medium,Medium,Low,Delayed,8
5769,Basic,Active,1,11.00,13,Medium,High,Low,On-Time,10
5770,Basic,Active,4,16.00,1,Medium,Medium,Low,Delayed,9
5771,Enterprise,Active,3,216.00,43,High,Medium,Low,On-Time,8
5772,Enterprise,Active,1,265.00,4,High,Medium,Low,On-Time,9
5773,Pro,Active,2,68.00,44,High,High,Low,On-Time,8
5774,Basic,Churned,12,18.00,175,Low,Low,Low,Missed,5
5775,Basic,Active,3,14.00,6,Medium,Medium,Medium,On-Time,7
5776,Pro,Active,1,62.00,14,Medium,High,Low,On-Time,8
5777,Pro,Active,4,70.00,35,Medium,High,Medium,On-Time,9
5778,Pro,Churned,11,59.00,63,Low,Low,Medium,Delayed,6
5779,Basic,Active,2,19.00,22,Medium,High,Low,On-Time,10
5780,Pro,Churned,11,40.00,68,Low,Low,Low,Missed,5
5781,Pro,Churned,15,55.00,278,Low,Low,Medium,Missed,1
5782,Basic,Active,4,20.00,36,Medium,Medium,Low,On-Time,7
5783,Enterprise,Churned,11,255.00,159,Low,Low,Low,Delayed,5
5784,Pro,Active,4,76.00,44,High,Medium,Medium,On-Time,7
5785,Basic,Churned,10,22.00,115,Low,Low,Medium,On-Time,4
5786,Pro,Churned,12,48.00,109,Low,Low,Low,Missed,6
5787,Pro,Active,3,71.00,9,High,Medium,High,On-Time,7
5788,Pro,Churned,15,53.00,223,Low,Low,Medium,Missed,3
5789,Pro,"At Risk",5,43.00,16,Medium,Medium,Low,Delayed,8
5790,Basic,Active,2,11.00,5,High,Medium,Medium,On-Time,9
5791,Basic,Active,2,14.00,14,High,High,High,On-Time,10
5792,Basic,Active,1,22.00,12,High,High,Medium,On-Time,9
5793,Basic,Active,4,10.00,30,Medium,High,High,On-Time,10
5794,Pro,Churned,11,74.00,94,Low,Low,Low,Delayed,6
5795,Pro,Active,1,61.00,5,Medium,High,Low,On-Time,7
5796,Enterprise,"At Risk",6,261.00,44,Medium,Medium,Low,Delayed,10
5797,Pro,Active,1,43.00,3,High,High,Medium,On-Time,8
5798,Basic,Active,4,24.00,39,Medium,Medium,Low,On-Time,10
5799,Pro,Churned,12,65.00,98,Low,Low,Low,Missed,5
5800,Basic,Churned,11,15.00,107,Low,Medium,Low,Missed,6
5801,Basic,Active,1,12.00,9,High,High,Medium,On-Time,8
5802,Basic,Active,3,18.00,43,High,High,Medium,On-Time,7
5803,Pro,Churned,14,56.00,133,Low,Low,Low,Missed,3
5804,Pro,Active,2,79.00,13,Medium,Medium,Low,On-Time,9
5805,Basic,Active,0,14.00,9,High,High,Low,On-Time,7
5806,Pro,Active,0,54.00,2,High,High,Low,On-Time,7
5807,Pro,Active,4,67.00,37,High,Medium,Medium,On-Time,7
5808,Basic,Churned,9,14.00,110,Medium,Low,Medium,On-Time,4
5809,Basic,"At Risk",5,19.00,42,High,High,Medium,Delayed,10
5810,Pro,Active,0,49.00,12,High,High,Low,On-Time,9
5811,Pro,Churned,12,59.00,228,Low,Low,Low,Missed,4
5812,Pro,Churned,10,41.00,98,Low,Medium,Low,Delayed,6
5813,Basic,Churned,9,19.00,108,Medium,Medium,Low,Missed,7
5814,Pro,Churned,10,75.00,70,Low,Low,Low,Delayed,4
5815,Basic,Active,1,28.00,21,High,High,Low,On-Time,8
5816,Enterprise,Churned,9,159.00,98,Low,Low,Low,On-Time,6
5817,Basic,Churned,15,11.00,162,Low,Low,Medium,Missed,3
5818,Pro,Active,2,69.00,15,High,High,Medium,On-Time,7
5819,Pro,Active,1,68.00,25,High,High,Low,On-Time,7
5820,Enterprise,Active,3,170.00,24,High,Medium,Medium,On-Time,9
5821,Pro,Active,3,78.00,33,High,Medium,Low,On-Time,9
5822,Basic,Active,1,11.00,15,High,High,Low,On-Time,9
5823,Pro,Active,3,73.00,30,Medium,High,Medium,On-Time,8
5824,Basic,Active,3,25.00,43,High,Medium,Low,On-Time,10
5825,Pro,"At Risk",8,73.00,71,Low,Medium,Medium,On-Time,4
5826,Basic,Active,4,23.00,14,Medium,Medium,High,On-Time,9
5827,Basic,Active,2,10.00,25,Medium,High,Low,On-Time,8
5828,Pro,Churned,15,40.00,173,Low,Low,Medium,Missed,2
5829,Basic,Churned,10,23.00,118,Low,Low,Low,Delayed,7
5830,Basic,Churned,9,15.00,57,Low,Medium,Low,Missed,6
5831,Enterprise,"At Risk",8,215.00,115,Low,Low,Low,On-Time,7
5832,Basic,Active,3,11.00,19,High,Medium,Medium,On-Time,8
5833,Basic,Active,2,13.00,30,High,Medium,Low,On-Time,10
5834,Basic,Active,2,27.00,18,High,Medium,Low,On-Time,8
5835,Basic,"At Risk",5,28.00,37,High,Medium,Low,Delayed,10
5836,Basic,Active,0,19.00,8,High,High,Low,On-Time,7
5837,Basic,Active,2,13.00,33,High,High,Low,On-Time,8
5838,Pro,Active,2,74.00,16,High,High,Medium,On-Time,7
5839,Enterprise,Churned,11,209.00,88,Medium,Low,High,Delayed,6
5840,Basic,Churned,10,19.00,104,Low,Low,Low,Delayed,7
5841,Enterprise,Active,4,136.00,44,Medium,High,Medium,On-Time,9
5842,Basic,Active,2,19.00,14,Medium,High,Medium,On-Time,8
5843,Pro,Churned,14,75.00,138,Low,Low,Low,Missed,1
5844,Basic,"At Risk",5,18.00,59,Medium,Low,Low,On-Time,7
5845,Pro,"At Risk",5,73.00,14,High,Medium,High,Delayed,7
5846,Pro,Active,2,73.00,1,High,High,High,On-Time,10
5847,Pro,Active,2,49.00,32,High,High,Low,On-Time,8
5848,Basic,Active,3,12.00,28,Medium,High,Medium,On-Time,8
5849,Basic,Churned,12,28.00,223,Low,Low,Medium,Delayed,4
5850,Enterprise,"At Risk",5,226.00,31,High,High,Medium,Delayed,8
5851,Basic,Active,4,11.00,26,High,High,Medium,Delayed,10
5852,Basic,Active,2,25.00,22,High,High,Medium,On-Time,10
5853,Basic,Active,3,18.00,4,Medium,Medium,Medium,On-Time,9
5854,Basic,Active,3,29.00,14,Medium,Medium,Medium,On-Time,7
5855,Basic,Churned,11,17.00,114,Low,Low,Low,Delayed,6
5856,Basic,Churned,12,19.00,163,Low,Low,Medium,Delayed,4
5857,Pro,Active,3,65.00,28,High,Medium,Medium,On-Time,7
5858,Enterprise,"At Risk",6,168.00,42,High,High,High,Delayed,9
5859,Basic,Active,4,20.00,29,Medium,High,High,On-Time,7
5860,Pro,Active,3,63.00,33,High,High,Medium,On-Time,9
5861,Basic,Active,2,17.00,5,Medium,Medium,Low,On-Time,8
5862,Enterprise,Churned,14,147.00,292,Low,Low,Medium,Delayed,3
5863,Enterprise,Active,4,223.00,24,High,High,Medium,Delayed,9
5864,Pro,Active,3,67.00,30,High,Medium,Medium,On-Time,10
5865,Basic,Churned,9,21.00,50,Low,Low,Low,Delayed,5
5866,Enterprise,Active,2,235.00,29,High,Medium,Low,On-Time,8
5867,Basic,Active,2,28.00,23,Medium,High,Low,On-Time,10
5868,Pro,"At Risk",6,49.00,43,Medium,Medium,Low,Delayed,7
5869,Basic,Churned,15,18.00,213,Low,Low,Medium,Missed,2
5870,Pro,Churned,13,46.00,201,Low,Low,High,Delayed,4
5871,Pro,Active,3,71.00,2,Medium,High,High,On-Time,7
5872,Pro,Active,2,76.00,19,High,High,Medium,On-Time,8
5873,Basic,Churned,12,18.00,218,Low,Low,Medium,Delayed,5
5874,Basic,Active,3,18.00,23,High,Medium,Medium,On-Time,9
5875,Enterprise,"At Risk",5,120.00,53,Medium,Medium,Low,On-Time,6
5876,Basic,"At Risk",8,25.00,67,Low,Medium,Low,Delayed,7
5877,Pro,Active,3,59.00,6,Medium,Medium,Medium,On-Time,7
5878,Pro,Active,2,64.00,31,High,High,Low,On-Time,7
5879,Enterprise,Churned,9,157.00,90,Medium,Medium,Medium,Delayed,6
5880,Enterprise,Churned,15,287.00,221,Low,Low,Medium,Missed,3
5881,Basic,Churned,10,26.00,48,Low,Low,Medium,Delayed,6
5882,Basic,Active,3,27.00,3,Medium,Medium,Medium,On-Time,9
5883,Basic,Active,4,23.00,43,High,Medium,Medium,On-Time,8
5884,Basic,Active,1,27.00,4,High,High,Medium,On-Time,7
5885,Pro,"At Risk",5,62.00,44,High,Medium,High,On-Time,7
5886,Basic,Churned,14,12.00,299,Low,Low,High,Missed,5
5887,Pro,Churned,10,58.00,112,Low,Medium,Low,Delayed,5
5888,Basic,Churned,12,19.00,119,Low,Low,High,Delayed,7
5889,Enterprise,Active,3,133.00,34,Medium,High,Low,On-Time,8
5890,Pro,"At Risk",6,48.00,42,High,Medium,Medium,Delayed,10
5891,Basic,"At Risk",5,23.00,19,Medium,Medium,High,On-Time,7
5892,Pro,Active,2,58.00,38,High,High,Low,On-Time,9
5893,Basic,Churned,12,21.00,85,Medium,Low,High,Missed,6
5894,Basic,Churned,14,13.00,151,Low,Low,High,Missed,4
5895,Basic,Active,4,23.00,29,Medium,High,High,On-Time,8
5896,Pro,Churned,15,58.00,166,Low,Low,Medium,Missed,2
5897,Basic,"At Risk",8,25.00,116,Medium,Low,Low,On-Time,6
5898,Enterprise,Churned,9,172.00,110,Low,Low,Low,On-Time,6
5899,Basic,Churned,12,16.00,205,Low,Low,Medium,Delayed,5
5900,Basic,Active,3,18.00,41,Medium,High,Low,On-Time,9
5901,Pro,Active,3,45.00,9,High,Medium,High,On-Time,9
5902,Pro,Active,4,76.00,22,Medium,High,Low,Delayed,9
5903,Basic,Churned,12,14.00,110,Low,Low,Medium,Delayed,6
5904,Pro,Churned,11,49.00,106,Low,Low,Low,Delayed,5
5905,Pro,Active,3,40.00,17,Medium,Medium,Low,On-Time,8
5906,Pro,Active,1,50.00,14,High,High,Medium,On-Time,7
5907,Pro,Churned,14,40.00,154,Low,Low,Medium,Delayed,2
5908,Pro,Active,0,71.00,2,High,High,Low,On-Time,10
5909,Basic,Active,4,21.00,40,Medium,Medium,Low,On-Time,9
5910,Basic,"At Risk",8,25.00,50,Low,Low,Medium,On-Time,4
5911,Pro,Active,4,42.00,27,Medium,Medium,Medium,On-Time,9
5912,Basic,Active,1,10.00,9,High,Medium,Low,On-Time,8
5913,Basic,Active,4,28.00,2,High,Medium,Medium,Delayed,9
5914,Basic,Churned,10,25.00,75,Low,Low,Low,Delayed,5
5915,Basic,Churned,9,24.00,85,Medium,Medium,High,Delayed,7
5916,Basic,Active,2,24.00,23,Medium,High,Low,On-Time,7
5917,Pro,"At Risk",8,68.00,73,Low,Medium,Low,Delayed,7
5918,Basic,Active,2,16.00,9,Medium,Medium,Low,On-Time,10
5919,Basic,Churned,11,21.00,96,Medium,Low,Medium,Delayed,5
5920,Pro,"At Risk",6,77.00,26,Medium,High,High,Delayed,9
5921,Basic,Churned,10,23.00,47,Low,Low,Medium,Delayed,6
5922,Basic,"At Risk",5,16.00,38,Medium,Medium,Medium,On-Time,10
5923,Basic,Active,1,22.00,1,Medium,High,Low,On-Time,8
5924,Basic,Active,2,13.00,0,Medium,Medium,Low,On-Time,7
5925,Basic,Churned,11,21.00,113,Medium,Medium,High,Delayed,4
5926,Basic,Active,1,11.00,8,High,High,Medium,On-Time,10
5927,Enterprise,"At Risk",5,293.00,42,High,Medium,Low,Delayed,9
5928,Pro,Active,3,53.00,42,High,High,Medium,On-Time,9
5929,Enterprise,Churned,9,178.00,108,Low,Low,Low,On-Time,5
5930,Basic,Active,4,18.00,25,High,Medium,High,On-Time,10
5931,Basic,Active,4,25.00,29,Medium,Medium,Medium,On-Time,9
5932,Enterprise,Churned,13,259.00,258,Low,Low,Low,Delayed,3
5933,Basic,Active,2,18.00,24,High,Medium,Low,On-Time,8
5934,Basic,Churned,11,24.00,77,Low,Low,Medium,Delayed,4
5935,Pro,Active,1,52.00,23,High,High,Low,On-Time,9
5936,Basic,"At Risk",6,28.00,65,Medium,Medium,Low,On-Time,4
5937,Enterprise,"At Risk",8,195.00,96,Medium,Low,Low,On-Time,4
5938,Basic,Active,3,11.00,38,Medium,High,Low,On-Time,9
5939,Pro,Churned,10,54.00,97,Medium,Medium,Medium,Delayed,4
5940,Basic,Churned,12,25.00,117,Low,Low,Medium,Delayed,6
5941,Basic,Active,4,18.00,14,Medium,Medium,High,On-Time,7
5942,Basic,Active,4,23.00,30,Medium,Medium,Medium,On-Time,8
5943,Basic,Active,2,26.00,15,High,High,Medium,On-Time,9
5944,Basic,Churned,10,21.00,81,Low,Medium,High,Delayed,7
5945,Basic,Active,3,22.00,11,Medium,High,High,On-Time,7
5946,Basic,Active,3,29.00,12,High,High,Medium,Delayed,8
5947,Pro,Active,3,63.00,43,Medium,High,Low,On-Time,9
5948,Pro,Active,4,68.00,35,Medium,Medium,Low,On-Time,10
5949,Pro,Active,0,46.00,8,High,High,Low,On-Time,7
5950,Basic,Active,4,15.00,6,High,High,High,Delayed,9
5951,Pro,Churned,10,52.00,63,Low,Low,Low,Delayed,5
5952,Basic,Active,3,20.00,43,High,High,Medium,On-Time,8
5953,Basic,Churned,13,21.00,246,Low,Low,Medium,Missed,5
5954,Basic,"At Risk",5,11.00,43,High,High,Medium,Delayed,7
5955,Enterprise,Active,2,168.00,19,High,Medium,Low,On-Time,8
5956,Basic,Active,3,24.00,35,Medium,High,Low,On-Time,8
5957,Enterprise,Active,2,286.00,17,High,High,Medium,On-Time,10
5958,Pro,Churned,15,65.00,172,Low,Low,Medium,Missed,3
5959,Basic,Active,1,25.00,1,High,High,Medium,On-Time,7
5960,Basic,Churned,10,23.00,70,Low,Low,Low,Delayed,6
5961,Pro,"At Risk",5,73.00,23,Medium,Medium,Low,Delayed,9
5962,Pro,Churned,11,52.00,88,Low,Low,Low,Missed,6
5963,Basic,Active,4,11.00,15,Medium,Medium,Medium,On-Time,7
5964,Pro,Active,3,42.00,2,High,High,Medium,Delayed,8
5965,Basic,Active,4,12.00,44,High,High,High,On-Time,10
5966,Basic,Active,3,21.00,1,Medium,High,High,On-Time,7
5967,Pro,Churned,9,78.00,67,Low,Low,Medium,On-Time,6
5968,Basic,Active,2,17.00,11,High,Medium,Medium,On-Time,10
5969,Basic,Active,4,10.00,16,High,High,Medium,Delayed,8
5970,Basic,Active,3,19.00,32,High,High,Medium,On-Time,9
5971,Basic,Churned,9,18.00,53,Low,Low,Low,Delayed,6
5972,Basic,Churned,12,18.00,198,Low,Low,Low,Missed,5
5973,Pro,Active,1,56.00,24,High,High,Low,On-Time,9
5974,Pro,Churned,9,57.00,104,Medium,Medium,High,On-Time,5
5975,Pro,Active,2,77.00,5,Medium,High,Medium,On-Time,10
5976,Basic,Active,2,17.00,18,High,Medium,Low,On-Time,8
5977,Basic,Active,2,27.00,8,Medium,Medium,Low,On-Time,9
5978,Basic,Churned,12,19.00,298,Low,Low,Medium,Delayed,4
5979,Basic,Active,2,26.00,27,High,Medium,Low,On-Time,10
5980,Pro,Churned,9,75.00,110,Low,Medium,Low,Delayed,7
5981,Enterprise,Active,3,203.00,21,Medium,High,Medium,On-Time,7
5982,Pro,Active,2,48.00,22,High,Medium,Low,On-Time,7
5983,Enterprise,Active,3,175.00,21,High,High,Low,Delayed,7
5984,Enterprise,Active,3,169.00,15,High,High,High,On-Time,9
5985,Basic,Active,4,17.00,29,High,High,Medium,Delayed,9
5986,Pro,Active,2,58.00,37,High,High,Low,On-Time,10
5987,Pro,Active,3,71.00,10,Medium,High,High,On-Time,10
5988,Pro,"At Risk",7,56.00,27,Medium,Medium,High,Delayed,9
5989,Pro,Active,0,73.00,4,High,High,Low,On-Time,10
5990,Basic,Active,2,14.00,23,Medium,High,Low,On-Time,8
5991,Basic,Churned,11,29.00,90,Low,Low,Low,Missed,6
5992,Basic,Active,2,29.00,14,High,High,High,On-Time,7
5993,Basic,Active,2,23.00,10,Medium,High,Medium,On-Time,10
5994,Basic,Churned,11,22.00,136,Low,Low,Low,Delayed,5
5995,Basic,Active,2,26.00,22,High,High,Medium,On-Time,10
5996,Basic,Active,4,15.00,34,Medium,High,Medium,On-Time,7
5997,Basic,Active,3,22.00,29,Medium,Medium,Low,On-Time,8
5998,Pro,Active,1,60.00,3,High,High,Medium,On-Time,8
5999,Basic,Active,3,21.00,36,Medium,High,Low,On-Time,7
6000,Basic,Active,3,23.00,30,Medium,Medium,Low,On-Time,10
6001,Basic,Active,1,12.00,11,Medium,High,Low,On-Time,10
6002,Pro,Churned,16,72.00,141,Low,Low,High,Missed,1
6003,Basic,Active,3,22.00,9,High,Medium,High,On-Time,10
6004,Basic,Active,3,29.00,4,High,Medium,High,On-Time,7
6005,Basic,Churned,16,13.00,263,Low,Low,High,Missed,2
6006,Pro,Active,1,68.00,7,High,Medium,Low,On-Time,9
6007,Basic,Churned,11,18.00,81,Low,Medium,High,Delayed,5
6008,Pro,Churned,11,53.00,107,Medium,Low,Low,Missed,5
6009,Pro,Active,4,47.00,19,Medium,Medium,Medium,On-Time,10
6010,Pro,Churned,15,76.00,177,Low,Low,Medium,Missed,1
6011,Enterprise,Active,1,149.00,11,Medium,High,Low,On-Time,7
6012,Pro,Active,1,41.00,1,High,Medium,Low,On-Time,10
6013,Basic,Active,3,26.00,36,Medium,High,Low,On-Time,9
6014,Basic,Active,2,17.00,7,High,Medium,Medium,On-Time,10
6015,Basic,Active,3,15.00,37,High,High,Medium,On-Time,8
6016,Basic,"At Risk",7,28.00,76,Medium,Medium,Medium,On-Time,4
6017,Pro,Active,1,79.00,12,Medium,High,Low,On-Time,7
6018,Basic,"At Risk",5,13.00,6,Medium,Medium,Medium,Delayed,7
6019,Pro,Active,2,60.00,14,High,Medium,Medium,On-Time,7
6020,Basic,Active,3,24.00,42,Medium,High,Low,On-Time,7
6021,Basic,Active,3,25.00,22,High,High,Low,Delayed,8
6022,Pro,"At Risk",6,44.00,19,Medium,High,High,Delayed,7
6023,Enterprise,Active,3,175.00,9,Medium,Medium,Medium,On-Time,7
6024,Basic,Active,2,28.00,39,High,High,Low,On-Time,9
6025,Pro,Active,3,50.00,40,High,Medium,Low,On-Time,9
6026,Pro,Churned,14,52.00,274,Low,Low,Low,Missed,2
6027,Basic,Churned,12,28.00,185,Low,Low,Low,Missed,4
6028,Basic,Active,1,17.00,25,High,High,Low,On-Time,7
6029,Pro,Active,3,74.00,28,Medium,Medium,Low,On-Time,9
6030,Pro,Active,2,77.00,8,Medium,Medium,Low,On-Time,10
6031,Pro,Active,2,70.00,17,High,Medium,Low,On-Time,10
6032,Basic,Active,3,28.00,22,Medium,High,Medium,On-Time,10
6033,Basic,Churned,10,18.00,112,Low,Low,Low,Delayed,7
6034,Basic,Active,3,28.00,28,High,Medium,Medium,On-Time,7
6035,Basic,Active,2,23.00,20,Medium,High,Low,On-Time,10
6036,Basic,Active,2,13.00,13,Medium,Medium,Low,On-Time,7
6037,Basic,Active,4,18.00,16,High,Medium,Low,Delayed,7
6038,Basic,Churned,10,11.00,100,Low,Low,Low,Delayed,7
6039,Enterprise,Active,3,294.00,8,High,Medium,High,On-Time,7
6040,Pro,Active,3,53.00,29,Medium,Medium,Low,On-Time,7
6041,Basic,Churned,11,28.00,106,Low,Medium,Low,Missed,6
6042,Pro,Active,3,52.00,26,High,High,Low,Delayed,8
6043,Basic,Active,4,13.00,43,Medium,Medium,Low,On-Time,8
6044,Pro,Active,3,49.00,27,High,Medium,Medium,On-Time,8
6045,Basic,Active,1,27.00,11,High,Medium,Low,On-Time,10
6046,Basic,Active,2,18.00,12,Medium,Medium,Low,On-Time,10
6047,Basic,Active,2,27.00,19,High,Medium,Low,On-Time,8
6048,Pro,Active,4,45.00,44,High,Medium,Medium,On-Time,10
6049,Basic,"At Risk",5,29.00,40,High,High,Medium,Delayed,7
6050,Basic,Active,3,21.00,15,High,High,Low,Delayed,9
6051,Pro,Churned,15,47.00,241,Low,Low,Medium,Missed,3
6052,Basic,Churned,12,16.00,224,Low,Low,Low,Missed,4
6053,Basic,Active,2,16.00,36,High,High,Low,On-Time,8
6054,Pro,Active,4,55.00,40,High,High,High,On-Time,7
6055,Basic,Churned,9,16.00,63,Medium,Low,Low,Delayed,6
6056,Basic,Churned,10,25.00,92,Medium,Low,Medium,Delayed,7
6057,Basic,Active,3,27.00,33,Medium,High,Low,On-Time,10
6058,Basic,Active,2,17.00,19,High,Medium,Low,On-Time,9
6059,Pro,"At Risk",8,76.00,55,Low,Low,Medium,On-Time,4
6060,Basic,Churned,11,14.00,63,Low,Low,Medium,Delayed,6
6061,Pro,Active,2,59.00,19,High,High,Medium,On-Time,8
6062,Basic,"At Risk",5,29.00,37,Medium,Medium,Medium,On-Time,8
6063,Basic,Churned,9,25.00,48,Low,Medium,Medium,Delayed,6
6064,Pro,Active,4,65.00,1,High,Medium,Medium,Delayed,10
6065,Basic,Churned,14,27.00,253,Low,Low,Medium,Delayed,2
6066,Basic,"At Risk",5,25.00,44,High,Medium,High,On-Time,9
6067,Basic,Churned,12,16.00,278,Low,Low,Medium,Delayed,4
6068,Enterprise,"At Risk",8,211.00,88,Low,Low,Low,On-Time,5
6069,Basic,Active,4,17.00,40,Medium,Medium,Low,On-Time,8
6070,Pro,Active,3,65.00,32,Medium,High,Low,On-Time,8
6071,Pro,Active,3,60.00,39,High,Medium,Low,On-Time,10
6072,Basic,Churned,14,22.00,284,Low,Low,Low,Missed,1
6073,Pro,Active,2,72.00,31,High,High,Low,On-Time,9
6074,Pro,Active,3,79.00,22,High,High,High,On-Time,7
6075,Pro,Active,3,44.00,6,Medium,High,Low,Delayed,9
6076,Basic,Churned,9,12.00,59,Low,Low,Low,Delayed,6
6077,Pro,Active,4,72.00,35,High,Medium,Medium,On-Time,9
6078,Pro,Active,0,62.00,4,High,High,Low,On-Time,8
6079,Enterprise,Churned,12,156.00,96,Low,Low,Medium,Missed,7
6080,Pro,Active,4,78.00,37,High,Medium,Medium,On-Time,10
6081,Basic,Active,2,22.00,8,High,Medium,Medium,On-Time,7
6082,Basic,Active,3,20.00,31,High,Medium,Low,On-Time,10
6083,Basic,"At Risk",7,19.00,59,Low,Low,Low,On-Time,5
6084,Basic,Active,2,29.00,27,High,Medium,Low,On-Time,7
6085,Basic,Active,2,24.00,3,Medium,High,Medium,On-Time,8
6086,Basic,"At Risk",6,20.00,43,High,High,High,Delayed,8
6087,Basic,Active,1,15.00,0,High,High,Medium,On-Time,8
6088,Basic,Churned,14,10.00,228,Low,Low,Medium,Delayed,3
6089,Pro,Active,4,73.00,17,High,Medium,High,On-Time,8
6090,Enterprise,Churned,9,166.00,73,Low,Low,Medium,On-Time,5
6091,Basic,Active,2,23.00,2,Medium,High,Medium,On-Time,10
6092,Basic,"At Risk",8,15.00,77,Medium,Medium,Low,Delayed,4
6093,Enterprise,Active,4,215.00,35,Medium,Medium,Low,On-Time,10
6094,Basic,Churned,14,21.00,183,Low,Low,Low,Missed,2
6095,Pro,Active,4,42.00,28,Medium,High,Low,Delayed,10
6096,Basic,Active,2,20.00,43,High,High,Low,On-Time,8
6097,Basic,"At Risk",5,20.00,36,Medium,High,High,On-Time,10
6098,Basic,Churned,9,11.00,47,Medium,Low,Medium,Delayed,5
6099,Basic,Active,1,16.00,5,High,High,Medium,On-Time,9
6100,Pro,Churned,10,43.00,81,Low,Low,Low,Delayed,6
6101,Pro,Active,1,75.00,14,Medium,High,Low,On-Time,8
6102,Enterprise,Active,0,214.00,1,High,High,Low,On-Time,7
6103,Pro,Active,4,72.00,33,Medium,Medium,Low,On-Time,8
6104,Basic,Active,3,13.00,37,High,Medium,Low,On-Time,7
6105,Basic,Active,1,20.00,24,High,High,Low,On-Time,9
6106,Basic,Active,1,13.00,24,High,High,Low,On-Time,7
6107,Pro,"At Risk",7,55.00,54,Low,Low,Low,On-Time,4
6108,Basic,Active,0,22.00,7,High,High,Low,On-Time,7
6109,Basic,Active,1,11.00,10,High,Medium,Low,On-Time,7
6110,Pro,Churned,14,63.00,234,Low,Low,High,Missed,4
6111,Basic,Active,3,23.00,20,Medium,High,Medium,On-Time,7
6112,Basic,Active,4,15.00,28,Medium,Medium,Medium,On-Time,10
6113,Pro,"At Risk",5,51.00,36,Medium,Medium,Medium,On-Time,9
6114,Basic,"At Risk",5,17.00,36,Medium,Medium,Medium,On-Time,10
6115,Basic,"At Risk",5,11.00,35,Medium,Medium,Medium,On-Time,7
6116,Basic,Active,3,10.00,15,High,High,High,On-Time,9
6117,Pro,Active,4,49.00,32,Medium,Medium,Low,On-Time,10
6118,Basic,Active,3,14.00,11,Medium,Medium,Medium,On-Time,9
6119,Enterprise,"At Risk",5,129.00,25,Medium,Medium,High,On-Time,8
6120,Basic,Active,2,14.00,2,High,High,Low,Delayed,9
6121,Basic,Active,2,29.00,4,Medium,Medium,Low,On-Time,10
6122,Basic,Active,1,10.00,9,High,Medium,Low,On-Time,8
6123,Pro,Churned,12,66.00,115,Low,Low,Medium,Delayed,5
6124,Basic,Active,1,21.00,3,High,Medium,Low,On-Time,7
6125,Basic,"At Risk",5,14.00,0,Medium,Medium,Medium,Delayed,9
6126,Enterprise,Churned,10,200.00,119,Low,Low,High,On-Time,7
6127,Basic,Active,4,21.00,43,Medium,Medium,Low,On-Time,7
6128,Basic,Active,3,20.00,42,High,Medium,Low,On-Time,8
6129,Pro,"At Risk",5,64.00,12,High,Medium,High,Delayed,8
6130,Pro,Active,2,64.00,16,High,High,Medium,On-Time,9
6131,Pro,Active,2,55.00,5,High,Medium,Medium,On-Time,8
6132,Basic,Active,2,15.00,38,High,High,Low,On-Time,10
6133,Pro,"At Risk",5,64.00,34,Medium,High,High,On-Time,8
6134,Pro,Active,4,45.00,11,Medium,Medium,High,On-Time,10
6135,Basic,Active,1,21.00,9,High,High,Medium,On-Time,7
6136,Pro,Active,4,70.00,41,High,High,Low,Delayed,10
6137,Basic,Active,1,13.00,9,High,High,Medium,On-Time,7
6138,Basic,Active,2,27.00,8,High,High,Low,Delayed,7
6139,Basic,Active,2,28.00,28,Medium,High,Low,On-Time,10
6140,Pro,Churned,9,53.00,60,Low,Low,Medium,On-Time,6
6141,Enterprise,Active,1,234.00,15,High,High,Low,On-Time,8
6142,Pro,"At Risk",8,64.00,61,Low,Low,Low,On-Time,6
6143,Basic,Churned,11,21.00,95,Low,Medium,Medium,Missed,7
6144,Pro,Churned,9,49.00,61,Medium,Low,Low,Delayed,4
6145,Basic,Active,2,15.00,23,High,Medium,Low,On-Time,7
6146,Basic,Churned,13,14.00,220,Low,Low,Low,Delayed,3
6147,Basic,Active,3,29.00,20,Medium,High,Medium,On-Time,7
6148,Enterprise,Active,1,271.00,2,Medium,High,Low,On-Time,10
6149,Basic,Active,1,10.00,30,High,High,Low,On-Time,9
6150,Pro,Churned,13,57.00,190,Low,Low,Low,Delayed,2
6151,Pro,Active,3,41.00,23,Medium,Medium,Low,On-Time,7
6152,Pro,Active,2,44.00,12,High,High,High,On-Time,10
6153,Basic,Churned,10,15.00,115,Low,Medium,Low,Delayed,5
6154,Basic,Active,3,15.00,17,High,Medium,Medium,On-Time,8
6155,Pro,Churned,15,41.00,184,Low,Low,Medium,Missed,2
6156,Basic,"At Risk",8,10.00,55,Low,Medium,Low,Missed,7
6157,Basic,Active,2,18.00,27,High,Medium,Low,On-Time,8
6158,Basic,Churned,10,29.00,108,Low,Low,High,On-Time,7
6159,Pro,Active,4,67.00,26,High,Medium,Low,Delayed,7
6160,Enterprise,Active,4,282.00,43,Medium,Medium,Low,On-Time,8
6161,Pro,Active,4,69.00,23,High,High,Medium,Delayed,9
6162,Enterprise,Churned,14,156.00,142,Low,Low,Low,Missed,2
6163,Enterprise,Churned,12,148.00,92,Low,Low,Medium,Delayed,4
6164,Pro,Churned,13,43.00,162,Low,Low,Low,Delayed,2
6165,Basic,Churned,9,17.00,102,Medium,Low,Medium,On-Time,5
6166,Pro,Churned,13,71.00,293,Low,Low,Medium,Missed,5
6167,Enterprise,Active,2,168.00,1,Medium,High,Medium,On-Time,9
6168,Pro,Churned,9,67.00,73,Medium,Low,Low,Delayed,4
6169,Pro,Active,2,61.00,4,High,Medium,Medium,On-Time,10
6170,Pro,Active,1,70.00,9,High,High,Medium,On-Time,9
6171,Pro,Active,3,70.00,40,High,Medium,Low,On-Time,10
6172,Basic,Churned,11,25.00,109,Low,Low,Low,Delayed,5
6173,Basic,"At Risk",7,29.00,75,Low,Medium,Low,On-Time,6
6174,Pro,Active,1,67.00,9,High,High,Medium,On-Time,9
6175,Pro,"At Risk",5,52.00,1,High,Medium,High,Delayed,8
6176,Basic,Churned,11,21.00,70,Low,Low,Medium,Delayed,4
6177,Basic,Active,4,18.00,29,High,High,Medium,Delayed,9
6178,Enterprise,Churned,13,283.00,183,Low,Low,Medium,Missed,4
6179,Basic,Active,2,15.00,42,High,High,Low,On-Time,8
6180,Basic,"At Risk",5,25.00,17,Medium,Medium,Low,Delayed,9
6181,Pro,Churned,10,63.00,95,Low,Low,Low,Delayed,7
6182,Basic,Active,3,28.00,40,High,High,Medium,On-Time,9
6183,Basic,"At Risk",8,12.00,81,Low,Medium,Low,Delayed,7
6184,Pro,"At Risk",8,70.00,82,Medium,Low,Medium,On-Time,5
6185,Pro,Active,2,64.00,40,High,High,Low,On-Time,8
6186,Pro,Active,4,79.00,15,Medium,Medium,Medium,On-Time,9
6187,Basic,Active,3,15.00,25,High,High,High,On-Time,7
6188,Basic,Active,4,15.00,44,Medium,Medium,Low,On-Time,8
6189,Pro,Churned,15,48.00,255,Low,Low,Medium,Missed,1
6190,Pro,Active,3,41.00,17,High,Medium,Medium,On-Time,8
6191,Basic,Churned,9,15.00,85,Low,Low,Low,Delayed,7
6192,Pro,Churned,9,53.00,62,Medium,Low,Low,Delayed,6
6193,Pro,Active,3,41.00,15,High,Medium,Medium,On-Time,9
6194,Pro,"At Risk",5,74.00,20,High,Medium,Medium,Delayed,9
6195,Pro,"At Risk",6,50.00,53,Medium,Low,Medium,On-Time,7
6196,Pro,Active,4,61.00,7,Medium,Medium,High,On-Time,9
6197,Basic,Active,4,15.00,0,Medium,Medium,High,On-Time,8
6198,Basic,"At Risk",5,25.00,19,Medium,Medium,High,On-Time,8
6199,Basic,Active,2,10.00,9,Medium,Medium,Low,On-Time,9
6200,Basic,Churned,10,24.00,106,Medium,Low,Low,Delayed,5
6201,Enterprise,Active,3,121.00,9,Medium,Medium,Medium,On-Time,10
6202,Basic,"At Risk",6,20.00,32,High,Medium,Medium,Delayed,9
6203,Pro,Active,3,74.00,17,Medium,Medium,Low,On-Time,7
6204,Basic,Churned,9,25.00,53,Medium,Low,Low,Missed,4
6205,Basic,Churned,11,18.00,85,Low,Low,High,Delayed,7
6206,Basic,Active,4,26.00,7,Medium,Medium,Low,Delayed,8
6207,Basic,"At Risk",5,26.00,35,High,Medium,High,On-Time,8
6208,Basic,Active,3,21.00,43,High,High,Medium,On-Time,7
6209,Basic,Churned,9,18.00,73,Low,Low,Medium,On-Time,5
6210,Pro,Active,1,67.00,16,High,High,Low,On-Time,8
6211,Basic,Active,2,18.00,14,High,Medium,Medium,On-Time,8
6212,Enterprise,Active,1,192.00,3,High,High,Medium,On-Time,7
6213,Pro,Active,2,40.00,9,Medium,Medium,Low,On-Time,8
6214,Pro,Active,2,66.00,28,Medium,High,Low,On-Time,7
6215,Basic,Churned,10,23.00,101,Low,Low,Medium,On-Time,6
6216,Basic,Active,2,20.00,2,Medium,Medium,Low,On-Time,10
6217,Basic,Active,3,14.00,2,Medium,High,High,On-Time,10
6218,Basic,Churned,16,26.00,155,Low,Low,High,Missed,3
6219,Basic,Active,2,27.00,28,Medium,High,Low,On-Time,9
6220,Pro,Active,4,74.00,25,High,Medium,High,On-Time,10
6221,Pro,Churned,10,77.00,61,Low,Low,Medium,Delayed,7
6222,Basic,Active,1,10.00,21,High,High,Low,On-Time,9
6223,Pro,Active,4,55.00,36,Medium,Medium,Low,On-Time,7
6224,Basic,Active,1,20.00,14,High,Medium,Low,On-Time,8
6225,Basic,Active,1,11.00,10,High,High,Medium,On-Time,7
6226,Pro,Active,4,49.00,41,Medium,Medium,Low,On-Time,8
6227,Basic,Churned,11,15.00,112,Low,Low,Low,Delayed,6
6228,Basic,Churned,10,16.00,81,Low,Low,Low,Delayed,6
6229,Basic,Active,3,13.00,3,High,High,Medium,Delayed,7
6230,Pro,Active,2,77.00,26,High,High,Medium,On-Time,10
6231,Basic,Churned,12,16.00,119,Low,Medium,High,Missed,7
6232,Basic,Active,2,21.00,9,Medium,Medium,Low,On-Time,10
6233,Basic,"At Risk",6,22.00,41,Medium,Medium,Low,Delayed,7
6234,Pro,Active,3,67.00,0,Medium,Medium,Medium,On-Time,7
6235,Pro,"At Risk",8,76.00,80,Medium,Medium,Low,Delayed,5
6236,Pro,"At Risk",5,44.00,20,Medium,High,Medium,Delayed,9
6237,Basic,Active,3,20.00,34,Medium,High,Low,On-Time,9
6238,Pro,Active,2,67.00,35,High,High,Low,On-Time,8
6239,Pro,Active,4,58.00,32,High,Medium,Medium,On-Time,10
6240,Enterprise,Active,1,298.00,4,Medium,High,Low,On-Time,10
6241,Pro,Active,1,67.00,30,High,High,Low,On-Time,7
6242,Basic,Active,2,19.00,1,High,Medium,Medium,On-Time,7
6243,Pro,Churned,11,61.00,76,Low,Low,High,Delayed,7
6244,Basic,Active,1,12.00,20,High,High,Low,On-Time,8
6245,Enterprise,Churned,10,253.00,53,Low,Low,Medium,Delayed,6
6246,Basic,Churned,9,17.00,106,Low,Low,Low,On-Time,6
6247,Pro,Active,4,49.00,31,High,High,Low,Delayed,10
6248,Basic,Active,2,27.00,28,High,Medium,Low,On-Time,10
6249,Pro,Active,3,48.00,24,High,Medium,Medium,On-Time,10
6250,Pro,Churned,10,61.00,119,Medium,Low,Low,Delayed,6
6251,Basic,Active,4,29.00,38,Medium,High,Medium,On-Time,10
6252,Basic,"At Risk",5,25.00,18,High,High,High,Delayed,10
6253,Pro,Active,1,41.00,6,High,High,Medium,On-Time,8
6254,Basic,Active,4,16.00,42,High,High,High,On-Time,7
6255,Enterprise,Active,1,153.00,12,Medium,High,Low,On-Time,7
6256,Basic,Active,1,19.00,2,High,Medium,Low,On-Time,8
6257,Basic,"At Risk",7,27.00,61,Medium,Low,Low,On-Time,6
6258,Pro,Active,2,58.00,42,High,High,Low,On-Time,10
6259,Basic,Churned,15,14.00,175,Low,Low,Medium,Missed,1
6260,Pro,Churned,13,73.00,282,Low,Low,Medium,Missed,5
6261,Pro,Active,2,45.00,20,Medium,High,Low,On-Time,7
6262,Basic,Churned,11,14.00,102,Low,Medium,Medium,Delayed,5
6263,Enterprise,Active,1,220.00,9,Medium,High,Low,On-Time,10
6264,Basic,Active,1,29.00,1,Medium,High,Low,On-Time,9
6265,Basic,Active,1,13.00,28,High,High,Low,On-Time,7
6266,Pro,Active,4,54.00,18,Medium,Medium,Medium,On-Time,7
6267,Pro,"At Risk",5,75.00,15,High,High,High,Delayed,8
6268,Basic,"At Risk",8,23.00,88,Low,Medium,Low,Delayed,7
6269,Basic,Churned,13,22.00,101,Low,Low,Medium,Missed,6
6270,Pro,"At Risk",5,46.00,3,Medium,Medium,Medium,Delayed,8
6271,Basic,Active,3,21.00,15,Medium,Medium,Low,On-Time,9
6272,Basic,Active,4,16.00,32,High,High,High,On-Time,9
6273,Pro,Active,3,67.00,19,High,High,Low,Delayed,10
6274,Enterprise,Churned,12,229.00,87,Medium,Low,High,Missed,6
6275,Pro,Active,2,43.00,20,High,Medium,Low,On-Time,7
6276,Pro,Active,4,77.00,41,Medium,High,Medium,On-Time,8
6277,Pro,Active,2,76.00,8,High,Medium,Medium,On-Time,9
6278,Basic,"At Risk",5,26.00,36,High,Medium,Low,Delayed,10
6279,Enterprise,Active,3,272.00,24,High,High,Low,Delayed,9
6280,Pro,Active,2,63.00,13,Medium,Medium,Low,On-Time,10
6281,Pro,Active,2,72.00,24,High,Medium,Low,On-Time,10
6282,Basic,Active,4,29.00,22,High,High,Medium,Delayed,9
6283,Basic,Active,3,28.00,41,High,High,Medium,On-Time,7
6284,Basic,"At Risk",7,19.00,60,Low,Medium,Low,On-Time,5
6285,Basic,Active,1,26.00,25,High,High,Low,On-Time,9
6286,Enterprise,"At Risk",7,222.00,59,Low,Low,Low,On-Time,6
6287,Basic,"At Risk",8,13.00,91,Medium,Low,Low,On-Time,5
6288,Enterprise,Active,4,138.00,44,High,High,High,On-Time,8
6289,Basic,Active,3,23.00,35,High,Medium,Low,On-Time,10
6290,Pro,Active,0,66.00,2,High,High,Low,On-Time,7
6291,Basic,Active,2,12.00,5,Medium,Medium,Low,On-Time,10
6292,Enterprise,Churned,9,196.00,118,Medium,Low,Low,Delayed,7
6293,Pro,Active,2,42.00,29,High,Medium,Low,On-Time,7
6294,Pro,Active,4,57.00,39,Medium,Medium,Low,On-Time,9
6295,Enterprise,Active,1,205.00,30,High,High,Low,On-Time,8
6296,Pro,Active,3,49.00,2,Medium,Medium,Medium,On-Time,8
6297,Basic,Active,3,19.00,33,Medium,High,Low,On-Time,7
6298,Basic,Churned,15,16.00,232,Low,Low,Medium,Missed,3
6299,Basic,Churned,9,18.00,93,Medium,Medium,Low,Delayed,4
6300,Basic,Active,3,10.00,23,Medium,Medium,Low,On-Time,9
6301,Basic,Active,2,25.00,17,Medium,High,Low,On-Time,8
6302,Enterprise,Active,1,184.00,17,High,High,Low,On-Time,9
6303,Basic,Active,1,17.00,12,Medium,High,Low,On-Time,9
6304,Enterprise,Churned,10,274.00,117,Low,Low,High,On-Time,7
6305,Pro,Active,1,64.00,18,High,High,Low,On-Time,10
6306,Basic,Active,3,16.00,42,Medium,High,Low,On-Time,7
6307,Pro,Active,3,69.00,20,High,Medium,Medium,On-Time,9
6308,Basic,Active,2,28.00,14,Medium,High,Medium,On-Time,7
6309,Basic,Active,2,18.00,5,High,Medium,Medium,On-Time,9
6310,Basic,Active,1,24.00,7,Medium,High,Low,On-Time,10
6311,Basic,"At Risk",6,16.00,44,High,Medium,Medium,Delayed,10
6312,Pro,"At Risk",5,40.00,28,High,Medium,Medium,Delayed,9
6313,Basic,Churned,10,22.00,77,Low,Low,Low,Missed,7
6314,Pro,"At Risk",5,64.00,44,High,Medium,High,On-Time,8
6315,Basic,Active,4,15.00,6,High,Medium,Medium,Delayed,7
6316,Pro,Churned,13,48.00,140,Low,Low,Medium,Missed,4
6317,Basic,Active,0,20.00,14,High,High,Low,On-Time,8
6318,Basic,"At Risk",6,10.00,43,Medium,Medium,High,On-Time,7
6319,Pro,Active,1,71.00,2,High,Medium,Low,On-Time,10
6320,Enterprise,"At Risk",6,297.00,38,Medium,Medium,High,On-Time,8
6321,Basic,Active,2,17.00,17,High,Medium,Low,On-Time,9
6322,Pro,Active,4,75.00,21,Medium,High,High,On-Time,9
6323,Pro,Active,3,43.00,24,High,Medium,Medium,On-Time,7
6324,Enterprise,Active,4,282.00,0,High,Medium,Medium,Delayed,10
6325,Basic,Active,1,22.00,6,Medium,High,Low,On-Time,7
6326,Pro,Active,2,45.00,40,High,High,Low,On-Time,8
6327,Basic,Active,3,10.00,42,High,High,Medium,On-Time,10
6328,Basic,Active,2,14.00,25,High,Medium,Low,On-Time,10
6329,Basic,Active,4,19.00,21,High,High,Medium,Delayed,8
6330,Basic,Active,4,26.00,37,High,High,High,On-Time,8
6331,Pro,Churned,13,78.00,204,Low,Low,Low,Delayed,3
6332,Basic,Active,4,20.00,12,Medium,Medium,Low,Delayed,7
6333,Basic,Active,4,20.00,33,High,High,Low,Delayed,8
6334,Basic,Churned,9,22.00,95,Low,Medium,Low,Delayed,7
6335,Basic,Active,4,14.00,18,High,High,Medium,Delayed,8
6336,Basic,Churned,11,19.00,95,Low,Medium,Low,Missed,5
6337,Enterprise,Active,3,153.00,20,Medium,Medium,Low,On-Time,9
6338,Pro,Active,4,44.00,30,High,Medium,High,On-Time,7
6339,Basic,Active,0,12.00,12,High,High,Low,On-Time,7
6340,Basic,Churned,15,27.00,242,Low,Low,High,Delayed,2
6341,Pro,Active,1,51.00,13,High,Medium,Low,On-Time,10
6342,Pro,Active,3,44.00,0,High,Medium,Low,Delayed,8
6343,Pro,Active,2,51.00,28,Medium,High,Low,On-Time,10
6344,Pro,Active,2,40.00,42,High,High,Low,On-Time,7
6345,Pro,Active,4,68.00,20,Medium,Medium,Medium,On-Time,7
6346,Basic,"At Risk",7,20.00,63,Medium,Medium,Medium,On-Time,6
6347,Pro,Active,3,72.00,3,Medium,Medium,Medium,On-Time,8
6348,Basic,Active,3,22.00,19,High,High,Low,Delayed,8
6349,Pro,"At Risk",8,74.00,49,Low,Medium,Medium,Delayed,7
6350,Basic,Active,1,18.00,0,Medium,High,Low,On-Time,8
6351,Basic,Active,4,22.00,36,High,Medium,Medium,On-Time,8
6352,Basic,Active,1,23.00,13,High,Medium,Low,On-Time,8
6353,Enterprise,Active,3,121.00,8,High,Medium,Low,Delayed,9
6354,Basic,Churned,10,18.00,110,Low,Low,Medium,On-Time,5
6355,Basic,Churned,9,13.00,98,Low,Medium,High,On-Time,7
6356,Basic,Active,3,10.00,16,High,Medium,Medium,On-Time,8
6357,Basic,Active,2,10.00,4,High,Medium,Medium,On-Time,8
6358,Basic,Active,3,21.00,0,High,Medium,High,On-Time,9
6359,Basic,Active,4,29.00,40,High,Medium,Medium,On-Time,8
6360,Basic,Active,4,10.00,11,Medium,High,Medium,Delayed,8
6361,Basic,Active,2,14.00,4,High,Medium,Medium,On-Time,10
6362,Enterprise,Active,4,212.00,16,High,Medium,High,On-Time,9
6363,Basic,"At Risk",6,22.00,44,High,Medium,Medium,Delayed,9
6364,Basic,Churned,11,13.00,78,Low,Medium,High,Delayed,5
6365,Basic,Active,1,23.00,7,High,Medium,Low,On-Time,7
6366,Pro,"At Risk",5,72.00,34,Medium,High,High,On-Time,9
6367,Enterprise,Churned,10,197.00,63,Low,Low,Low,Missed,7
6368,Pro,Active,2,62.00,23,High,High,Medium,On-Time,10
6369,Enterprise,"At Risk",8,227.00,50,Medium,Medium,Medium,Delayed,5
6370,Basic,Active,4,16.00,32,High,Medium,Medium,On-Time,8
6371,Enterprise,Churned,10,186.00,70,Low,Low,Low,Delayed,6
6372,Basic,"At Risk",5,19.00,26,High,High,High,Delayed,7
6373,Pro,Active,1,58.00,4,Medium,High,Low,On-Time,8
6374,Basic,Churned,14,27.00,232,Low,Low,Low,Missed,2
6375,Basic,Active,3,13.00,16,High,Medium,Medium,On-Time,10
6376,Basic,Active,3,13.00,30,High,Medium,Medium,On-Time,9
6377,Basic,Active,3,14.00,25,Medium,High,Medium,On-Time,7
6378,Basic,"At Risk",6,22.00,34,Medium,Medium,High,On-Time,9
6379,Basic,Active,3,14.00,3,High,Medium,Low,Delayed,10
6380,Enterprise,Active,0,123.00,9,High,High,Low,On-Time,8
6381,Basic,Active,4,12.00,43,High,High,High,On-Time,8
6382,Basic,"At Risk",7,21.00,38,Medium,Medium,Medium,Delayed,7
6383,Basic,Active,3,19.00,2,High,Medium,High,On-Time,10
6384,Basic,Churned,10,11.00,51,Medium,Low,High,Delayed,4
6385,Basic,Active,3,25.00,23,High,Medium,Medium,On-Time,10
6386,Pro,Active,2,60.00,6,Medium,High,Medium,On-Time,8
6387,Basic,"At Risk",6,21.00,79,Medium,Medium,Low,On-Time,6
6388,Pro,Active,1,52.00,18,High,High,Low,On-Time,8
6389,Basic,Active,3,28.00,25,High,Medium,Medium,On-Time,8
6390,Enterprise,Active,2,297.00,1,Medium,High,Medium,On-Time,10
6391,Pro,Active,2,70.00,27,High,High,Medium,On-Time,7
6392,Basic,Churned,9,14.00,104,Low,Low,Low,On-Time,6
6393,Pro,Active,3,62.00,32,Medium,High,Low,On-Time,8
6394,Basic,Churned,13,11.00,192,Low,Low,Low,Delayed,1
6395,Basic,"At Risk",5,10.00,20,Medium,High,Medium,Delayed,10
6396,Pro,Active,4,59.00,5,High,Medium,Medium,Delayed,9
6397,Pro,Active,3,70.00,29,High,High,Low,Delayed,10
6398,Pro,Active,3,48.00,30,Medium,High,Medium,On-Time,8
6399,Pro,Active,1,44.00,13,Medium,High,Low,On-Time,7
6400,Basic,Active,4,27.00,22,High,High,Medium,Delayed,7
6401,Pro,Active,3,53.00,38,Medium,High,Low,On-Time,9
6402,Enterprise,Active,3,252.00,43,High,High,Medium,On-Time,8
6403,Basic,Active,4,29.00,32,Medium,Medium,Low,On-Time,10
6404,Basic,Active,1,12.00,24,High,High,Low,On-Time,10
6405,Basic,Active,3,21.00,42,Medium,High,Low,On-Time,7
6406,Basic,"At Risk",8,15.00,78,Low,Medium,High,On-Time,7
6407,Basic,Active,2,10.00,0,Medium,Medium,Low,On-Time,8
6408,Pro,Churned,12,41.00,271,Low,Low,Low,Missed,5
6409,Pro,Active,0,59.00,2,High,High,Low,On-Time,10
6410,Basic,"At Risk",6,27.00,23,Medium,High,High,Delayed,10
6411,Basic,Churned,9,14.00,51,Low,Low,Low,Delayed,6
6412,Enterprise,Churned,10,147.00,78,Low,Low,Low,Delayed,4
6413,Basic,Churned,9,10.00,63,Medium,Medium,Low,Missed,4
6414,Enterprise,"At Risk",5,247.00,2,High,Medium,High,Delayed,9
6415,Pro,Churned,11,61.00,54,Low,Low,High,Delayed,6
6416,Basic,Churned,13,25.00,232,Low,Low,Low,Delayed,2
6417,Basic,Active,4,23.00,27,Medium,Medium,Medium,On-Time,9
6418,Pro,Churned,14,75.00,273,Low,Low,Low,Missed,1
6419,Pro,"At Risk",8,76.00,69,Low,Low,Low,On-Time,6
6420,Basic,Active,4,16.00,28,Medium,Medium,Medium,On-Time,9
6421,Basic,Active,3,17.00,38,High,Medium,Low,On-Time,9
6422,Basic,Active,3,21.00,29,High,High,Low,Delayed,8
6423,Pro,Active,4,40.00,16,Medium,High,High,On-Time,10
6424,Basic,Active,2,12.00,0,Medium,Medium,Low,On-Time,7
6425,Basic,Active,2,18.00,16,Medium,High,Low,On-Time,7
6426,Pro,Churned,12,46.00,170,Low,Low,Medium,Delayed,4
6427,Basic,Churned,13,16.00,280,Low,Low,Low,Delayed,3
6428,Enterprise,Churned,9,171.00,119,Low,Low,Low,On-Time,5
6429,Basic,Active,3,22.00,34,High,Medium,Low,On-Time,10
6430,Basic,Active,3,12.00,16,Medium,Medium,Low,On-Time,7
6431,Basic,Active,1,20.00,29,High,High,Low,On-Time,10
6432,Basic,Active,3,28.00,40,Medium,High,Low,On-Time,10
6433,Basic,"At Risk",8,16.00,115,Medium,Low,Medium,On-Time,7
6434,Basic,Churned,11,11.00,64,Low,Low,High,Delayed,7
6435,Basic,Active,4,13.00,36,Medium,Medium,Low,On-Time,9
6436,Pro,Active,3,64.00,33,High,High,Medium,On-Time,9
6437,Basic,Churned,9,16.00,86,Low,Medium,Low,Delayed,4
6438,Basic,Active,2,13.00,4,High,High,High,On-Time,7
6439,Basic,"At Risk",5,25.00,43,Medium,Medium,Medium,On-Time,9
6440,Basic,Active,2,17.00,13,Medium,High,Medium,On-Time,10
6441,Basic,Churned,11,12.00,94,Low,Low,Low,Delayed,6
6442,Basic,Active,0,11.00,7,High,High,Low,On-Time,7
6443,Pro,Active,1,61.00,4,High,Medium,Low,On-Time,9
6444,Basic,Active,2,21.00,0,High,High,High,On-Time,7
6445,Basic,Churned,12,14.00,280,Low,Low,Low,Missed,5
6446,Basic,Churned,12,26.00,290,Low,Low,Low,Missed,5
6447,Pro,Active,2,67.00,27,High,Medium,Low,On-Time,8
6448,Basic,Active,4,18.00,32,Medium,Medium,Low,On-Time,9
6449,Pro,Active,2,73.00,14,High,Medium,Medium,On-Time,10
6450,Basic,Active,3,28.00,8,High,High,Medium,Delayed,10
6451,Enterprise,Churned,9,173.00,58,Low,Low,Low,Delayed,4
6452,Basic,Active,1,11.00,7,High,Medium,Low,On-Time,8
6453,Pro,Active,2,59.00,15,High,Medium,Low,On-Time,8
6454,Pro,Active,0,79.00,10,High,High,Low,On-Time,7
6455,Pro,"At Risk",5,72.00,43,High,Medium,High,On-Time,8
6456,Pro,Churned,15,71.00,134,Low,Low,Medium,Missed,1
6457,Basic,Churned,16,16.00,150,Low,Low,High,Missed,3
6458,Pro,Active,4,60.00,43,Medium,Medium,Low,On-Time,7
6459,Basic,Churned,11,23.00,61,Low,Low,High,Delayed,7
6460,Pro,"At Risk",5,50.00,35,High,Medium,Low,Delayed,9
6461,Basic,Churned,14,26.00,198,Low,Low,Medium,Delayed,3
6462,Pro,Active,0,55.00,13,High,High,Low,On-Time,8
6463,Basic,Active,4,26.00,33,Medium,High,Medium,On-Time,10
6464,Pro,Active,3,67.00,29,Medium,Medium,Low,On-Time,9
6465,Basic,Active,3,13.00,29,Medium,High,Medium,On-Time,10
6466,Pro,Active,2,78.00,10,High,High,High,On-Time,10
6467,Basic,"At Risk",5,26.00,12,Medium,Medium,Medium,Delayed,9
6468,Basic,"At Risk",5,20.00,19,Medium,Medium,High,On-Time,10
6469,Basic,Active,2,23.00,10,Medium,Medium,Low,On-Time,8
6470,Basic,Active,4,10.00,40,Medium,Medium,Low,On-Time,9
6471,Enterprise,Churned,12,203.00,96,Low,Low,Medium,Delayed,6
6472,Pro,Active,2,62.00,31,High,High,Low,On-Time,7
6473,Basic,Churned,14,14.00,137,Low,Low,Low,Missed,1
6474,Enterprise,Active,3,165.00,38,High,Medium,Low,On-Time,10
6475,Basic,"At Risk",5,27.00,33,Medium,Medium,Medium,On-Time,10
6476,Basic,Churned,15,21.00,190,Low,Low,Medium,Missed,2
6477,Pro,Churned,10,72.00,61,Medium,Low,Medium,Delayed,5
6478,Enterprise,Active,1,294.00,8,High,Medium,Low,On-Time,9
6479,Pro,Active,2,74.00,16,High,Medium,Low,On-Time,7
6480,Basic,Active,0,27.00,14,High,High,Low,On-Time,8
6481,Pro,Active,0,61.00,6,High,High,Low,On-Time,7
6482,Basic,Active,2,23.00,29,Medium,High,Low,On-Time,7
6483,Pro,Churned,15,74.00,143,Low,Low,High,Delayed,3
6484,Enterprise,"At Risk",6,289.00,4,Medium,Medium,High,Delayed,8
6485,Pro,Active,2,61.00,0,Medium,High,Medium,On-Time,8
6486,Basic,Active,3,14.00,28,Medium,Medium,Low,On-Time,8
6487,Basic,Active,1,25.00,9,Medium,High,Low,On-Time,10
6488,Pro,Churned,13,73.00,130,Low,Low,Medium,Missed,4
6489,Basic,Active,1,22.00,14,High,Medium,Low,On-Time,7
6490,Pro,Churned,14,49.00,223,Low,Low,Medium,Delayed,3
6491,Basic,Active,3,15.00,12,High,Medium,High,On-Time,10
6492,Basic,Active,3,21.00,21,Medium,Medium,Low,On-Time,9
6493,Pro,Active,3,50.00,24,High,Medium,Medium,On-Time,10
6494,Pro,"At Risk",5,43.00,4,Medium,High,High,Delayed,10
6495,Basic,Active,2,12.00,20,High,Medium,Low,On-Time,9
6496,Basic,Active,4,21.00,39,High,Medium,Medium,On-Time,10
6497,Enterprise,Active,3,181.00,15,Medium,High,Medium,On-Time,8
6498,Basic,"At Risk",5,29.00,22,Medium,Medium,High,On-Time,8
6499,Basic,Churned,14,14.00,112,Low,Low,High,Missed,4
6500,Basic,Active,2,28.00,1,Medium,High,Medium,On-Time,10
6501,Basic,Active,2,12.00,0,Medium,High,Medium,On-Time,10
6502,Basic,Active,1,23.00,13,High,Medium,Low,On-Time,8
6503,Enterprise,"At Risk",6,130.00,43,High,Medium,Medium,Delayed,7
6504,Enterprise,Active,2,221.00,36,High,High,Low,On-Time,8
6505,Pro,Active,3,40.00,19,Medium,Medium,Low,On-Time,9
6506,Basic,Churned,10,29.00,103,Medium,Medium,Medium,Delayed,4
6507,Basic,Active,4,29.00,23,Medium,Medium,Medium,On-Time,10
6508,Pro,Churned,9,52.00,78,Medium,Low,Low,Delayed,6
6509,Basic,Active,4,24.00,33,Medium,Medium,Low,On-Time,8
6510,Basic,Churned,14,28.00,131,Low,Low,Low,Missed,2
6511,Basic,Churned,14,26.00,286,Low,Low,Low,Missed,2
6512,Enterprise,Active,1,241.00,24,High,High,Low,On-Time,7
6513,Basic,Active,3,12.00,9,High,Medium,Low,Delayed,8
6514,Pro,Active,2,51.00,8,High,Medium,Medium,On-Time,9
6515,Pro,"At Risk",7,79.00,89,Low,Low,Low,On-Time,7
6516,Basic,Active,1,21.00,9,High,Medium,Low,On-Time,10
6517,Basic,Churned,12,28.00,98,Medium,Low,High,Delayed,6
6518,Basic,"At Risk",5,25.00,38,Medium,Medium,Medium,On-Time,8
6519,Pro,Active,2,60.00,20,Medium,High,Low,On-Time,9
6520,Basic,Churned,9,22.00,79,Low,Medium,Low,Delayed,5
6521,Basic,Churned,11,28.00,89,Low,Low,Medium,Delayed,5
6522,Basic,Churned,12,18.00,97,Low,Low,Low,Missed,4
6523,Pro,Churned,14,53.00,234,Low,Low,Medium,Delayed,1
6524,Basic,Active,3,28.00,34,High,Medium,Low,On-Time,8
6525,Basic,Active,0,25.00,8,High,High,Low,On-Time,8
6526,Pro,Active,3,42.00,12,Medium,High,High,On-Time,9
6527,Basic,Active,2,24.00,18,High,High,Medium,On-Time,10
6528,Basic,Active,3,16.00,15,High,High,Low,Delayed,7
6529,Basic,Active,2,21.00,15,High,High,Medium,On-Time,7
6530,Basic,Active,3,25.00,7,Medium,High,High,On-Time,7
6531,Basic,Active,2,25.00,13,High,High,Low,Delayed,9
6532,Basic,Churned,11,15.00,138,Low,Low,Low,Delayed,4
6533,Enterprise,Active,4,291.00,29,High,Medium,High,On-Time,8
6534,Basic,Churned,9,29.00,100,Medium,Low,Medium,On-Time,5
6535,Basic,"At Risk",6,29.00,32,High,High,High,Delayed,9
6536,Enterprise,"At Risk",6,194.00,16,Medium,Medium,Medium,Delayed,7
6537,Basic,Active,4,26.00,28,High,Medium,Low,Delayed,8
6538,Pro,"At Risk",7,67.00,116,Medium,Low,Low,On-Time,7
6539,Pro,"At Risk",5,61.00,87,Medium,Medium,Low,On-Time,7
6540,Basic,Active,2,15.00,3,High,Medium,Medium,On-Time,10
6541,Pro,Active,3,50.00,32,High,Medium,Low,On-Time,7
6542,Basic,Active,3,28.00,40,High,High,Medium,On-Time,8
6543,Basic,Active,3,18.00,5,High,Medium,Low,Delayed,10
6544,Pro,Churned,9,48.00,84,Medium,Medium,Low,Missed,4
6545,Pro,Active,1,78.00,8,Medium,High,Low,On-Time,8
6546,Basic,Active,2,25.00,7,Medium,Medium,Low,On-Time,8
6547,Basic,Churned,13,14.00,99,Low,Low,Medium,Missed,6
6548,Pro,Active,2,48.00,4,Medium,High,Medium,On-Time,7
6549,Basic,"At Risk",8,25.00,59,Low,Medium,Low,Delayed,4
6550,Pro,Churned,14,53.00,295,Low,Low,Low,Missed,3
6551,Basic,Churned,14,28.00,208,Low,Low,Low,Missed,1
6552,Basic,Active,2,17.00,21,High,High,Medium,On-Time,7
6553,Basic,Active,1,13.00,10,High,High,Medium,On-Time,10
6554,Basic,Active,4,12.00,3,Medium,Medium,Low,Delayed,9
6555,Pro,Active,1,46.00,6,High,Medium,Low,On-Time,8
6556,Basic,Active,2,13.00,2,Medium,High,Medium,On-Time,10
6557,Basic,Churned,15,29.00,172,Low,Low,Medium,Missed,2
6558,Pro,Active,3,50.00,27,High,Medium,Medium,On-Time,9
6559,Basic,Churned,10,24.00,90,Low,Medium,Low,Missed,4
6560,Basic,Churned,12,27.00,117,Low,Low,Medium,Missed,7
6561,Basic,Active,2,28.00,20,High,Medium,Low,On-Time,9
6562,Basic,Active,3,18.00,37,High,Medium,Low,On-Time,9
6563,Pro,Active,2,75.00,15,Medium,High,Low,On-Time,7
6564,Basic,Churned,14,10.00,274,Low,Low,High,Missed,5
6565,Basic,Churned,12,14.00,145,Low,Low,Medium,Delayed,4
6566,Enterprise,"At Risk",8,246.00,53,Medium,Low,Low,Delayed,6
6567,Basic,Active,3,16.00,2,High,Medium,High,On-Time,8
6568,Enterprise,Active,4,233.00,39,Medium,High,Medium,On-Time,7
6569,Pro,Churned,9,62.00,64,Low,Medium,Low,Missed,7
6570,Basic,Churned,10,21.00,60,Medium,Medium,High,Delayed,6
6571,Basic,Churned,9,28.00,80,Low,Medium,Low,Delayed,5
6572,Basic,Active,1,17.00,21,High,High,Low,On-Time,10
6573,Basic,"At Risk",5,11.00,37,Medium,Medium,Medium,On-Time,9
6574,Basic,Churned,15,19.00,148,Low,Low,Medium,Missed,3
6575,Basic,Active,2,13.00,18,High,Medium,Low,On-Time,7
6576,Enterprise,Churned,13,288.00,124,Low,Low,Medium,Missed,4
6577,Basic,Active,4,13.00,25,Medium,Medium,Medium,On-Time,10
6578,Basic,"At Risk",5,28.00,23,High,High,High,Delayed,7
6579,Enterprise,Churned,12,247.00,221,Low,Low,Low,Missed,5
6580,Basic,"At Risk",5,26.00,27,High,Medium,Medium,Delayed,8
6581,Basic,Churned,13,17.00,130,Low,Low,Low,Delayed,1
6582,Pro,Active,3,44.00,41,High,Medium,Low,On-Time,8
6583,Basic,"At Risk",8,18.00,103,Medium,Low,Low,On-Time,4
6584,Pro,"At Risk",7,65.00,61,Medium,Low,Low,On-Time,5
6585,Basic,Active,3,14.00,12,Medium,High,Low,Delayed,8
6586,Enterprise,Active,4,199.00,35,Medium,Medium,Low,On-Time,9
6587,Pro,Churned,14,52.00,121,Low,Low,Low,Missed,3
6588,Basic,Churned,11,18.00,283,Low,Low,Low,Delayed,5
6589,Basic,Active,3,23.00,23,Medium,Medium,Low,On-Time,8
6590,Pro,Active,1,73.00,14,High,High,Medium,On-Time,7
6591,Pro,Active,1,43.00,11,Medium,High,Low,On-Time,9
6592,Basic,Active,2,24.00,14,Medium,Medium,Low,On-Time,9
6593,Enterprise,Active,2,297.00,40,High,High,Low,On-Time,8
6594,Basic,Churned,15,16.00,147,Low,Low,Medium,Missed,1
6595,Pro,Active,2,48.00,4,Medium,High,Medium,On-Time,7
6596,Basic,Active,3,29.00,34,Medium,High,Low,On-Time,7
6597,Basic,Active,4,11.00,2,Medium,Medium,High,On-Time,9
6598,Pro,Churned,10,73.00,94,Medium,Low,Medium,Delayed,7
6599,Pro,Active,2,44.00,18,High,Medium,Low,On-Time,9
6600,Basic,Active,4,21.00,37,High,Medium,Medium,On-Time,10
6601,Pro,Churned,12,77.00,65,Medium,Low,High,Missed,5
6602,Enterprise,"At Risk",8,291.00,111,Low,Medium,Medium,On-Time,7
6603,Basic,"At Risk",5,15.00,41,High,Medium,High,On-Time,9
6604,Basic,Active,0,13.00,10,High,High,Low,On-Time,10
6605,Pro,Churned,16,49.00,132,Low,Low,High,Missed,1
6606,Enterprise,Active,2,288.00,27,Medium,High,Low,On-Time,9
6607,Basic,"At Risk",5,17.00,25,Medium,High,Medium,Delayed,9
6608,Basic,Active,1,15.00,1,High,Medium,Low,On-Time,8
6609,Basic,Active,3,15.00,41,Medium,High,Low,On-Time,7
6610,Enterprise,"At Risk",5,125.00,41,High,Medium,High,On-Time,9
6611,Pro,Active,0,78.00,3,High,High,Low,On-Time,10
6612,Basic,"At Risk",5,14.00,19,Medium,Medium,High,On-Time,10
6613,Pro,Churned,13,51.00,218,Low,Low,Low,Delayed,2
6614,Basic,Active,4,17.00,27,Medium,Medium,Medium,On-Time,8
6615,Pro,Active,1,43.00,1,High,Medium,Low,On-Time,10
6616,Basic,Active,3,16.00,21,High,Medium,Medium,On-Time,9
6617,Basic,Churned,15,29.00,174,Low,Low,Medium,Missed,2
6618,Pro,Churned,9,70.00,75,Low,Low,Medium,On-Time,6
6619,Basic,Active,1,18.00,3,Medium,High,Low,On-Time,7
6620,Pro,"At Risk",8,58.00,71,Low,Low,Low,On-Time,5
6621,Basic,Active,1,28.00,12,High,Medium,Low,On-Time,7
6622,Basic,Active,3,19.00,17,Medium,High,Medium,On-Time,9
6623,Enterprise,"At Risk",5,168.00,3,Medium,Medium,Medium,Delayed,8
6624,Basic,Churned,13,22.00,195,Low,Low,Medium,Missed,5
6625,Pro,"At Risk",5,44.00,57,Low,Medium,Low,On-Time,7
6626,Pro,Churned,10,66.00,78,Low,Low,Low,Delayed,6
6627,Pro,"At Risk",5,62.00,33,Medium,Medium,Medium,On-Time,10
6628,Basic,Churned,13,18.00,282,Low,Low,Low,Delayed,2
6629,Basic,Churned,10,15.00,69,Low,Low,Low,Delayed,6
6630,Pro,Active,3,46.00,42,High,Medium,Low,On-Time,9
6631,Pro,Active,2,40.00,25,High,High,Medium,On-Time,9
6632,Pro,"At Risk",6,51.00,38,High,Medium,Medium,Delayed,7
6633,Basic,Active,2,16.00,30,Medium,High,Low,On-Time,7
6634,Enterprise,Active,3,222.00,15,Medium,Medium,Low,On-Time,7
6635,Basic,Churned,14,25.00,270,Low,Low,Low,Missed,3
6636,Basic,Active,1,12.00,27,High,High,Low,On-Time,8
6637,Basic,"At Risk",5,26.00,44,High,High,Medium,Delayed,9
6638,Basic,Active,1,15.00,24,High,High,Low,On-Time,10
6639,Basic,Active,0,19.00,0,High,High,Low,On-Time,10
6640,Basic,Active,3,19.00,31,High,High,Medium,On-Time,8
6641,Basic,"At Risk",8,19.00,49,Medium,Low,High,On-Time,4
6642,Pro,Active,1,73.00,22,High,High,Low,On-Time,8
6643,Enterprise,Active,1,245.00,9,High,Medium,Low,On-Time,10
6644,Basic,Active,4,21.00,30,High,Medium,Low,Delayed,10
6645,Pro,Active,2,51.00,36,High,High,Low,On-Time,7
6646,Basic,Active,1,12.00,9,High,High,Medium,On-Time,10
6647,Basic,Active,4,15.00,26,Medium,Medium,Medium,On-Time,7
6648,Pro,Active,1,61.00,0,Medium,High,Low,On-Time,8
6649,Basic,Active,1,22.00,16,High,High,Low,On-Time,9
6650,Basic,Active,0,10.00,7,High,High,Low,On-Time,9
6651,Basic,Active,2,25.00,17,Medium,High,Low,On-Time,7
6652,Enterprise,"At Risk",5,169.00,27,High,Medium,Medium,Delayed,10
6653,Pro,Active,0,74.00,13,High,High,Low,On-Time,8
6654,Pro,Active,2,79.00,1,High,Medium,Medium,On-Time,9
6655,Enterprise,Active,1,256.00,30,High,High,Low,On-Time,8
6656,Pro,Active,3,63.00,29,Medium,High,Medium,On-Time,9
6657,Basic,Active,2,23.00,22,High,High,Medium,On-Time,10
6658,Basic,Active,1,28.00,21,High,High,Low,On-Time,8
6659,Enterprise,"At Risk",8,172.00,76,Medium,Low,Low,Delayed,7
6660,Basic,Active,2,27.00,29,High,High,Medium,On-Time,8
6661,Basic,Active,3,11.00,44,Medium,High,Low,On-Time,9
6662,Basic,Active,4,15.00,6,Medium,Medium,High,On-Time,9
6663,Basic,"At Risk",8,10.00,57,Medium,Low,Low,Missed,7
6664,Basic,Active,4,14.00,28,High,High,Medium,Delayed,9
6665,Basic,Active,2,10.00,29,High,High,Medium,On-Time,8
6666,Pro,Active,2,66.00,32,High,High,Low,On-Time,7
6667,Basic,Churned,11,19.00,204,Low,Low,Low,Delayed,4
6668,Basic,Active,4,27.00,38,Medium,Medium,Low,On-Time,10
6669,Pro,Active,3,52.00,3,Medium,Medium,Medium,On-Time,10
6670,Pro,"At Risk",5,68.00,21,Medium,High,Medium,Delayed,9
6671,Basic,Active,4,18.00,43,High,High,High,On-Time,9
6672,Basic,Churned,9,15.00,93,Low,Low,Low,On-Time,4
6673,Basic,"At Risk",8,26.00,70,Medium,Low,Medium,On-Time,6
6674,Pro,Active,1,50.00,20,High,High,Low,On-Time,7
6675,Basic,"At Risk",5,13.00,33,Medium,High,Low,Delayed,8
6676,Enterprise,Active,2,123.00,40,High,High,Low,On-Time,9
6677,Pro,Active,1,74.00,10,Medium,High,Low,On-Time,8
6678,Pro,Churned,15,49.00,137,Low,Low,Medium,Missed,3
6679,Basic,Active,2,29.00,1,Medium,High,Medium,On-Time,9
6680,Basic,Active,2,13.00,6,Medium,Medium,Low,On-Time,9
6681,Basic,Churned,13,24.00,123,Low,Low,Low,Delayed,2
6682,Basic,Active,3,10.00,25,Medium,Medium,Low,On-Time,9
6683,Basic,Active,2,20.00,6,Medium,High,Medium,On-Time,10
6684,Basic,Churned,11,29.00,87,Low,Medium,Medium,Missed,5
6685,Basic,Churned,14,19.00,177,Low,Low,Medium,Delayed,2
6686,Pro,"At Risk",5,65.00,31,Medium,High,High,On-Time,8
6687,Basic,"At Risk",7,12.00,71,Low,Medium,Low,On-Time,6
6688,Basic,Churned,12,26.00,216,Low,Low,Medium,Delayed,4
6689,Enterprise,Active,3,147.00,9,Medium,High,High,On-Time,7
6690,Basic,Active,4,27.00,34,Medium,High,Medium,On-Time,8
6691,Enterprise,Active,1,211.00,14,High,Medium,Low,On-Time,10
6692,Basic,Active,1,29.00,16,High,High,Low,On-Time,7
6693,Pro,"At Risk",5,50.00,42,High,High,Medium,Delayed,7
6694,Basic,Active,3,27.00,11,Medium,Medium,Medium,On-Time,9
6695,Basic,Churned,9,23.00,47,Medium,Low,Medium,Delayed,5
6696,Pro,Active,3,45.00,27,High,Medium,Medium,On-Time,9
6697,Pro,Active,4,75.00,16,High,Medium,High,On-Time,7
6698,Pro,Churned,15,46.00,206,Low,Low,Medium,Missed,2
6699,Basic,Churned,11,24.00,109,Low,Low,High,On-Time,4
6700,Basic,Churned,12,21.00,113,Low,Low,Medium,Delayed,4
6701,Basic,Active,1,11.00,1,High,High,Medium,On-Time,8
6702,Enterprise,Active,4,129.00,35,High,High,High,On-Time,10
6703,Basic,Active,4,17.00,9,Medium,Medium,High,On-Time,7
6704,Basic,Active,3,20.00,30,Medium,High,Medium,On-Time,9
6705,Pro,Active,2,52.00,6,High,Medium,Medium,On-Time,7
6706,Enterprise,Active,2,284.00,7,Medium,Medium,Low,On-Time,9
6707,Pro,Churned,15,69.00,235,Low,Low,Medium,Missed,1
6708,Enterprise,Churned,12,192.00,220,Low,Low,Low,Missed,4
6709,Basic,Active,3,13.00,24,Medium,Medium,Low,On-Time,7
6710,Pro,"At Risk",5,67.00,34,Medium,High,Low,Delayed,8
6711,Pro,"At Risk",8,51.00,47,Low,Low,Medium,On-Time,6
6712,Basic,Active,3,14.00,0,High,Medium,High,On-Time,9
6713,Basic,Active,0,19.00,4,High,High,Low,On-Time,9
6714,Basic,Active,0,20.00,3,High,High,Low,On-Time,8
6715,Enterprise,Churned,11,266.00,104,Medium,Low,High,Delayed,7
6716,Basic,Active,2,23.00,30,High,High,Medium,On-Time,7
6717,Basic,Churned,10,24.00,116,Medium,Low,Medium,Delayed,7
6718,Pro,Active,3,77.00,37,High,High,Medium,On-Time,9
6719,Basic,Active,3,25.00,24,Medium,Medium,Low,On-Time,9
6720,Basic,"At Risk",5,18.00,37,High,Medium,Low,Delayed,10
6721,Basic,Active,4,28.00,7,High,High,High,Delayed,9
6722,Basic,Active,3,23.00,42,High,High,Medium,On-Time,7
6723,Pro,Active,0,41.00,1,High,High,Low,On-Time,9
6724,Basic,Churned,10,12.00,66,Medium,Low,Low,Missed,5
6725,Basic,Active,3,29.00,6,Medium,Medium,Medium,On-Time,7
6726,Basic,Active,3,23.00,33,High,Medium,Low,On-Time,10
6727,Pro,Churned,12,68.00,169,Low,Low,Low,Missed,5
6728,Basic,Active,0,25.00,8,High,High,Low,On-Time,10
6729,Basic,Active,0,26.00,13,High,High,Low,On-Time,8
6730,Basic,Active,2,27.00,18,High,High,Medium,On-Time,7
6731,Basic,Active,2,23.00,13,High,High,High,On-Time,8
6732,Basic,Active,0,16.00,3,High,High,Low,On-Time,9
6733,Pro,Active,2,46.00,41,High,High,Low,On-Time,8
6734,Pro,Active,1,44.00,25,High,High,Low,On-Time,10
6735,Pro,"At Risk",7,69.00,44,Medium,High,High,Delayed,7
6736,Basic,Active,2,17.00,7,High,Medium,Medium,On-Time,7
6737,Basic,Churned,12,14.00,246,Low,Low,Low,Missed,5
6738,Basic,"At Risk",5,15.00,38,High,Medium,High,On-Time,7
6739,Basic,"At Risk",6,27.00,43,Medium,High,Medium,Delayed,9
6740,Basic,Active,2,19.00,20,Medium,High,Low,On-Time,10
6741,Basic,Active,2,16.00,9,High,High,High,On-Time,9
6742,Pro,"At Risk",5,66.00,33,High,Medium,Low,Delayed,7
6743,Basic,Active,3,13.00,23,Medium,Medium,Low,On-Time,10
6744,Basic,Active,3,28.00,0,Medium,Medium,Medium,On-Time,9
6745,Pro,Active,4,76.00,44,High,High,High,On-Time,8
6746,Pro,Churned,16,64.00,216,Low,Low,High,Missed,1
6747,Pro,Active,2,57.00,14,Medium,High,Medium,On-Time,10
6748,Basic,"At Risk",7,21.00,73,Medium,Low,Low,On-Time,6
6749,Basic,Active,4,27.00,7,Medium,Medium,High,On-Time,7
6750,Basic,Churned,13,18.00,280,Low,Low,Low,Delayed,1
6751,Enterprise,Active,4,140.00,36,High,Medium,Medium,On-Time,10
6752,Pro,Active,2,79.00,11,Medium,Medium,Low,On-Time,8
6753,Enterprise,Churned,15,174.00,218,Low,Low,Medium,Missed,1
6754,Pro,Active,0,45.00,1,High,High,Low,On-Time,7
6755,Basic,Churned,11,29.00,73,Low,Low,Medium,Delayed,4
6756,Pro,Active,4,44.00,21,Medium,High,Low,Delayed,7
6757,Basic,Active,0,26.00,9,High,High,Low,On-Time,10
6758,Basic,Churned,12,29.00,91,Low,Low,Medium,Delayed,4
6759,Basic,"At Risk",7,17.00,84,Medium,Low,Low,On-Time,6
6760,Basic,Active,1,14.00,14,High,High,Medium,On-Time,8
6761,Pro,Active,2,72.00,5,High,High,High,On-Time,10
6762,Basic,Active,4,20.00,37,High,High,Low,Delayed,10
6763,Pro,Active,2,56.00,24,High,Medium,Low,On-Time,9
6764,Pro,Active,2,65.00,7,High,High,High,On-Time,9
6765,Pro,Churned,11,61.00,119,Medium,Low,Medium,Delayed,5
6766,Enterprise,Active,3,132.00,14,High,Medium,High,On-Time,8
6767,Basic,"At Risk",5,14.00,37,Medium,High,High,On-Time,10
6768,Pro,Active,1,52.00,25,High,High,Low,On-Time,9
6769,Basic,Churned,14,20.00,275,Low,Low,Low,Missed,2
6770,Basic,Active,1,21.00,5,High,Medium,Low,On-Time,9
6771,Basic,Churned,13,17.00,237,Low,Low,Low,Delayed,3
6772,Pro,Active,2,78.00,35,High,High,Low,On-Time,10
6773,Basic,Active,3,25.00,7,Medium,High,High,On-Time,9
6774,Pro,Churned,12,45.00,106,Medium,Low,Medium,Missed,6
6775,Enterprise,Churned,12,243.00,236,Low,Low,Low,Missed,4
6776,Pro,Active,4,62.00,33,High,Medium,Medium,On-Time,9
6777,Basic,Active,0,26.00,13,High,High,Low,On-Time,8
6778,Pro,Active,4,50.00,29,Medium,High,Low,Delayed,9
6779,Basic,"At Risk",8,14.00,60,Medium,Medium,Low,Delayed,5
6780,Basic,Churned,12,14.00,194,Low,Low,Medium,Delayed,5
6781,Enterprise,Active,1,167.00,12,High,High,Medium,On-Time,9
6782,Pro,Churned,9,58.00,53,Low,Low,Low,Delayed,5
6783,Pro,Active,2,68.00,23,High,High,Medium,On-Time,9
6784,Basic,Churned,9,17.00,46,Low,Medium,Low,Missed,4
6785,Basic,Churned,14,24.00,219,Low,Low,Low,Missed,3
6786,Basic,Active,2,14.00,36,High,High,Low,On-Time,8
6787,Basic,Churned,13,14.00,216,Low,Low,Low,Delayed,1
6788,Basic,Active,3,24.00,19,Medium,Medium,Low,On-Time,7
6789,Pro,Churned,10,68.00,116,Medium,Medium,Medium,Delayed,5
6790,Enterprise,Churned,9,207.00,64,Low,Low,Low,Delayed,7
6791,Enterprise,Active,4,143.00,37,Medium,Medium,Low,On-Time,10
6792,Basic,Churned,10,23.00,48,Medium,Low,High,Missed,7
6793,Basic,Churned,11,19.00,80,Low,Low,Low,Missed,5
6794,Basic,Active,2,16.00,1,Medium,High,Medium,On-Time,8
6795,Basic,Active,2,26.00,8,High,Medium,Medium,On-Time,9
6796,Pro,Churned,11,58.00,93,Low,Low,Low,Delayed,5
6797,Pro,Active,1,68.00,27,High,High,Low,On-Time,9
6798,Pro,"At Risk",5,59.00,34,High,Medium,Low,Delayed,7
6799,Pro,Churned,11,54.00,81,Low,Medium,Medium,Missed,5
6800,Basic,Active,0,20.00,0,High,High,Low,On-Time,7
6801,Basic,Active,4,23.00,15,Medium,High,Low,Delayed,9
6802,Basic,Active,3,21.00,9,Medium,Medium,Medium,On-Time,8
6803,Pro,Active,4,49.00,34,High,Medium,Medium,On-Time,9
6804,Basic,Active,4,28.00,29,Medium,High,High,On-Time,10
6805,Basic,Active,2,21.00,27,High,High,Medium,On-Time,10
6806,Pro,"At Risk",8,48.00,71,Medium,Medium,Low,Delayed,4
6807,Basic,Active,2,10.00,24,Medium,High,Low,On-Time,9
6808,Pro,Active,4,67.00,44,Medium,High,Medium,On-Time,10
6809,Pro,Active,1,54.00,25,High,High,Low,On-Time,7
6810,Pro,Active,3,44.00,11,Medium,Medium,Medium,On-Time,9
6811,Pro,Active,3,44.00,34,Medium,High,Low,On-Time,10
6812,Basic,Active,3,27.00,6,Medium,High,High,On-Time,7
6813,Basic,Active,3,14.00,19,High,Medium,Medium,On-Time,8
6814,Basic,"At Risk",5,13.00,37,High,Medium,Low,Delayed,7
6815,Basic,"At Risk",5,12.00,26,Medium,Medium,High,On-Time,10
6816,Pro,Active,2,66.00,21,Medium,High,Low,On-Time,9
6817,Pro,Active,0,46.00,5,High,High,Low,On-Time,8
6818,Basic,"At Risk",5,25.00,41,High,High,Medium,Delayed,9
6819,Pro,"At Risk",6,58.00,18,Medium,High,High,Delayed,8
6820,Basic,Churned,10,28.00,89,Medium,Low,Low,Missed,4
6821,Pro,"At Risk",5,72.00,32,High,High,Medium,Delayed,7
6822,Pro,Active,3,72.00,41,High,Medium,Low,On-Time,9
6823,Basic,Active,2,28.00,16,Medium,High,Low,On-Time,10
6824,Basic,Active,3,23.00,41,High,Medium,Low,On-Time,8
6825,Enterprise,Churned,10,259.00,82,Low,Low,Medium,Delayed,7
6826,Pro,Active,3,46.00,34,High,Medium,Low,On-Time,7
6827,Basic,Active,2,18.00,21,High,Medium,Low,On-Time,7
6828,Pro,Active,2,69.00,14,High,High,High,On-Time,9
6829,Basic,Active,1,27.00,18,High,High,Low,On-Time,8
6830,Basic,Active,4,18.00,20,High,Medium,Low,Delayed,7
6831,Basic,Active,2,12.00,24,High,High,Medium,On-Time,7
6832,Basic,Churned,9,19.00,104,Medium,Medium,Low,Delayed,5
6833,Enterprise,Active,0,166.00,5,High,High,Low,On-Time,8
6834,Enterprise,Active,1,210.00,0,High,High,Medium,On-Time,10
6835,Basic,Active,2,17.00,9,Medium,High,Medium,On-Time,8
6836,Basic,"At Risk",8,25.00,81,Medium,Medium,Medium,Delayed,7
6837,Basic,Active,2,12.00,4,High,High,Low,Delayed,7
6838,Enterprise,Active,2,157.00,0,High,High,High,On-Time,10
6839,Basic,Active,4,23.00,37,High,Medium,Medium,On-Time,8
6840,Pro,Active,4,50.00,2,High,Medium,Medium,Delayed,7
6841,Basic,Churned,10,15.00,100,Low,Low,Low,Delayed,7
6842,Basic,Churned,9,22.00,56,Low,Low,Medium,Delayed,7
6843,Basic,Churned,15,18.00,172,Low,Low,Medium,Missed,3
6844,Pro,Churned,11,44.00,100,Medium,Low,Medium,Delayed,5
6845,Basic,Active,4,14.00,18,High,High,Medium,Delayed,8
6846,Basic,Active,3,13.00,5,Medium,Medium,Medium,On-Time,9
6847,Pro,Churned,14,58.00,211,Low,Low,Medium,Delayed,2
6848,Pro,Active,1,64.00,6,High,High,Medium,On-Time,8
6849,Pro,Churned,10,70.00,99,Medium,Low,Low,Delayed,6
6850,Pro,"At Risk",5,64.00,27,Medium,Medium,Low,Delayed,10
6851,Basic,Active,4,29.00,18,Medium,High,High,On-Time,8
6852,Enterprise,Active,4,271.00,18,Medium,High,High,On-Time,10
6853,Pro,"At Risk",5,77.00,38,High,Medium,Low,Delayed,9
6854,Basic,Active,3,14.00,22,High,High,High,On-Time,9
6855,Basic,Active,3,13.00,42,High,Medium,Low,On-Time,7
6856,Basic,"At Risk",7,12.00,56,Medium,Low,Low,Delayed,7
6857,Pro,Active,3,57.00,0,Medium,Medium,Medium,On-Time,9
6858,Enterprise,Active,3,199.00,7,High,Medium,High,On-Time,9
6859,Pro,Active,4,44.00,43,Medium,High,Medium,On-Time,9
6860,Pro,Active,2,72.00,40,High,High,Low,On-Time,7
6861,Basic,Active,3,13.00,22,Medium,Medium,Low,On-Time,10
6862,Basic,Churned,9,15.00,79,Low,Low,Medium,On-Time,4
6863,Basic,Churned,13,18.00,141,Low,Low,Medium,Missed,5
6864,Basic,Churned,10,22.00,98,Low,Medium,Low,Delayed,4
6865,Pro,Active,4,68.00,13,Medium,Medium,Low,Delayed,8
6866,Pro,"At Risk",5,68.00,43,High,Medium,High,On-Time,8
6867,Basic,"At Risk",5,26.00,18,Medium,Medium,Low,Delayed,10
6868,Enterprise,Active,4,140.00,18,High,Medium,Low,Delayed,10
6869,Basic,Active,4,15.00,4,Medium,Medium,High,On-Time,9
6870,Basic,Active,2,20.00,17,High,Medium,Low,On-Time,7
6871,Basic,Churned,9,25.00,55,Low,Low,Low,Missed,7
6872,Pro,Active,2,42.00,31,High,High,Low,On-Time,10
6873,Pro,Active,2,65.00,24,High,Medium,Low,On-Time,9
6874,Basic,Churned,9,25.00,87,Low,Medium,Medium,Delayed,7
6875,Enterprise,Active,3,276.00,21,Medium,High,Medium,On-Time,10
6876,Pro,Active,2,67.00,21,Medium,High,Low,On-Time,8
6877,Pro,Active,3,59.00,8,Medium,Medium,Medium,On-Time,9
6878,Enterprise,Active,2,277.00,43,High,High,Low,On-Time,9
6879,Basic,Churned,9,26.00,87,Low,Low,Medium,On-Time,4
6880,Basic,Active,1,11.00,6,Medium,High,Low,On-Time,7
6881,Pro,"At Risk",7,59.00,116,Low,Medium,Low,On-Time,7
6882,Basic,"At Risk",6,16.00,8,Medium,Medium,High,Delayed,7
6883,Basic,Active,2,29.00,15,High,Medium,Low,On-Time,8
6884,Basic,"At Risk",8,13.00,87,Low,Low,Low,On-Time,5
6885,Pro,Churned,12,78.00,254,Low,Low,Low,Missed,4
6886,Pro,Active,2,67.00,43,High,High,Low,On-Time,8
6887,Pro,Active,3,72.00,14,Medium,High,Low,Delayed,8
6888,Basic,Churned,14,19.00,123,Low,Low,Low,Missed,2
6889,Enterprise,"At Risk",5,281.00,19,Medium,Medium,High,On-Time,7
6890,Basic,Active,4,26.00,38,High,Medium,Medium,On-Time,7
6891,Pro,Active,2,65.00,29,Medium,High,Low,On-Time,7
6892,Basic,Active,4,25.00,43,Medium,Medium,Low,On-Time,9
6893,Basic,Churned,10,16.00,76,Medium,Low,Low,Missed,5
6894,Enterprise,"At Risk",5,199.00,34,Medium,High,Low,Delayed,9
6895,Pro,Churned,10,52.00,94,Low,Medium,Low,Delayed,6
6896,Basic,Churned,14,21.00,174,Low,Low,High,Missed,5
6897,Pro,Active,2,54.00,33,High,High,Low,On-Time,7
6898,Basic,Active,4,19.00,33,High,High,Low,Delayed,8
6899,Pro,Active,1,63.00,27,High,High,Low,On-Time,9
6900,Basic,Active,4,27.00,34,High,Medium,Medium,On-Time,7
6901,Basic,"At Risk",6,22.00,43,Medium,High,Medium,Delayed,10
6902,Basic,Active,4,10.00,33,High,High,High,On-Time,8
6903,Pro,Churned,13,61.00,254,Low,Low,Low,Delayed,3
6904,Basic,Churned,10,20.00,107,Low,Medium,Low,Missed,7
6905,Pro,Active,2,52.00,30,High,Medium,Low,On-Time,10
6906,Basic,Churned,13,18.00,216,Low,Low,Low,Delayed,3
6907,Basic,Active,2,22.00,13,Medium,High,Medium,On-Time,10
6908,Pro,Active,3,62.00,29,Medium,Medium,Low,On-Time,10
6909,Pro,Churned,11,74.00,93,Medium,Low,Medium,Delayed,5
6910,Pro,"At Risk",6,64.00,44,Medium,Medium,Low,Delayed,9
6911,Basic,"At Risk",8,16.00,53,Medium,Medium,Medium,Delayed,5
6912,Basic,Active,4,13.00,23,Medium,Medium,Medium,On-Time,9
6913,Basic,Churned,9,17.00,89,Low,Medium,High,On-Time,5
6914,Pro,Active,3,67.00,16,High,Medium,Medium,On-Time,7
6915,Enterprise,Active,2,198.00,27,Medium,High,Low,On-Time,8
6916,Basic,Active,4,14.00,26,High,High,Medium,Delayed,9
6917,Enterprise,Active,2,137.00,39,High,High,Low,On-Time,9
6918,Pro,Active,1,58.00,13,High,Medium,Low,On-Time,7
6919,Basic,Active,1,12.00,10,High,High,Medium,On-Time,10
6920,Enterprise,Active,2,236.00,23,Medium,High,Low,On-Time,8
6921,Enterprise,Active,3,144.00,24,High,Medium,Medium,On-Time,7
6922,Basic,Churned,9,20.00,50,Medium,Medium,High,Delayed,4
6923,Enterprise,Churned,9,204.00,91,Medium,Medium,Low,Delayed,4
6924,Basic,Active,3,11.00,43,High,High,Medium,On-Time,8
6925,Pro,Active,3,40.00,36,High,High,Medium,On-Time,10
6926,Basic,"At Risk",8,25.00,49,Medium,Low,High,On-Time,4
6927,Basic,Active,1,28.00,20,High,High,Low,On-Time,8
6928,Basic,Active,3,20.00,20,Medium,Medium,Low,On-Time,9
6929,Pro,Churned,14,68.00,180,Low,Low,Medium,Delayed,1
6930,Pro,"At Risk",5,53.00,16,Medium,Medium,Low,Delayed,10
6931,Pro,"At Risk",7,53.00,84,Medium,Low,Low,On-Time,6
6932,Enterprise,Active,2,293.00,38,High,High,Low,On-Time,10
6933,Basic,Active,1,13.00,5,Medium,High,Low,On-Time,8
6934,Pro,Active,4,79.00,33,Medium,High,Medium,On-Time,9
6935,Enterprise,Active,3,190.00,22,High,High,Low,Delayed,8
6936,Basic,Churned,11,27.00,181,Low,Low,Low,Delayed,5
6937,Pro,Churned,12,45.00,182,Low,Low,Low,Missed,4
6938,Basic,Active,3,12.00,43,Medium,High,Low,On-Time,8
6939,Enterprise,Active,2,266.00,6,High,High,High,On-Time,9
6940,Basic,"At Risk",5,17.00,39,Medium,High,High,On-Time,9
6941,Basic,"At Risk",5,19.00,20,Medium,Medium,High,On-Time,10
6942,Basic,Active,3,24.00,18,Medium,Medium,Low,On-Time,10
6943,Pro,Churned,10,40.00,102,Medium,Medium,Medium,Delayed,6
6944,Basic,"At Risk",6,29.00,39,Medium,High,Medium,Delayed,8
6945,Enterprise,Active,4,236.00,36,High,High,Low,Delayed,8
6946,Basic,Active,3,18.00,26,Medium,High,Medium,On-Time,9
6947,Basic,Churned,16,15.00,281,Low,Low,High,Missed,2
6948,Pro,Active,4,55.00,31,Medium,Medium,Low,On-Time,8
6949,Pro,Active,3,78.00,4,High,High,Medium,Delayed,8
6950,Enterprise,"At Risk",7,218.00,36,Medium,Medium,Medium,Delayed,8
6951,Basic,Active,1,12.00,2,Medium,High,Low,On-Time,8
6952,Pro,Active,3,76.00,2,Medium,High,Low,Delayed,9
6953,Basic,Active,2,14.00,21,Medium,High,Low,On-Time,9
6954,Pro,Active,2,47.00,28,High,High,Medium,On-Time,9
6955,Basic,Active,3,27.00,41,High,Medium,Low,On-Time,7
6956,Basic,Churned,11,22.00,103,Medium,Low,Medium,Delayed,6
6957,Pro,Active,4,59.00,2,High,Medium,Medium,Delayed,7
6958,Basic,Active,3,25.00,5,Medium,High,High,On-Time,7
6959,Pro,Churned,14,77.00,137,Low,Low,Low,Missed,2
6960,Pro,"At Risk",8,76.00,66,Medium,Low,Low,Delayed,7
6961,Basic,Churned,11,25.00,252,Low,Low,Low,Delayed,5
6962,Pro,Active,3,62.00,29,Medium,High,Medium,On-Time,7
6963,Basic,Active,3,26.00,39,High,Medium,Low,On-Time,7
6964,Basic,Churned,10,18.00,70,Low,Low,Low,Delayed,6
6965,Pro,Active,3,67.00,12,Medium,Medium,Medium,On-Time,7
6966,Pro,Active,2,53.00,25,High,Medium,Low,On-Time,9
6967,Basic,Active,3,20.00,6,Medium,Medium,Medium,On-Time,7
6968,Basic,"At Risk",5,25.00,33,Medium,High,High,On-Time,8
6969,Pro,Churned,10,45.00,86,Low,Low,Low,Delayed,5
6970,Pro,Active,4,54.00,30,Medium,Medium,Medium,On-Time,10
6971,Basic,Churned,9,21.00,74,Medium,Low,Low,Delayed,6
6972,Pro,"At Risk",5,43.00,44,Medium,Medium,Medium,On-Time,8
6973,Pro,Churned,13,53.00,169,Low,Low,Medium,Missed,5
6974,Basic,Active,1,22.00,1,Medium,High,Low,On-Time,9
6975,Pro,Churned,9,61.00,97,Low,Medium,Medium,On-Time,5
6976,Basic,Active,1,23.00,20,High,High,Low,On-Time,8
6977,Pro,"At Risk",7,40.00,29,Medium,Medium,High,Delayed,7
6978,Basic,Active,2,13.00,29,High,Medium,Low,On-Time,10
6979,Basic,Active,2,18.00,3,Medium,Medium,Low,On-Time,8
6980,Basic,Active,3,13.00,43,High,Medium,Low,On-Time,9
6981,Basic,"At Risk",6,13.00,41,High,Medium,Medium,Delayed,8
6982,Pro,Active,3,57.00,26,Medium,High,Medium,On-Time,8
6983,Pro,"At Risk",5,73.00,36,High,Medium,High,On-Time,7
6984,Pro,Active,2,58.00,5,High,Medium,Medium,On-Time,8
6985,Pro,Active,2,67.00,20,High,Medium,Low,On-Time,7
6986,Basic,Active,4,11.00,36,High,Medium,Medium,On-Time,7
6987,Basic,Active,4,18.00,27,High,Medium,Low,Delayed,9
6988,Pro,Active,2,50.00,13,Medium,Medium,Low,On-Time,7
6989,Pro,Active,4,49.00,26,High,Medium,Low,Delayed,8
6990,Pro,"At Risk",7,45.00,47,Medium,Medium,Low,Delayed,4
6991,Basic,Active,1,14.00,9,Medium,High,Low,On-Time,8
6992,Basic,"At Risk",5,29.00,70,Medium,Medium,Low,On-Time,7
6993,Pro,Active,3,72.00,40,High,Medium,Low,On-Time,7
6994,Basic,Active,4,18.00,16,Medium,Medium,Medium,On-Time,8
6995,Enterprise,Active,2,262.00,35,High,High,Low,On-Time,8
6996,Basic,Active,3,20.00,27,High,Medium,Medium,On-Time,9
6997,Enterprise,Churned,14,221.00,160,Low,Low,Low,Missed,2
6998,Basic,Active,2,29.00,9,High,High,High,On-Time,7
6999,Basic,Active,2,21.00,32,High,High,Low,On-Time,10
7000,Basic,Active,4,22.00,5,Medium,Medium,High,On-Time,10
7001,Enterprise,Active,3,179.00,5,Medium,Medium,Medium,On-Time,7
7002,Pro,Active,3,46.00,30,Medium,High,Medium,On-Time,9
7003,Pro,Churned,9,76.00,52,Low,Low,Low,Delayed,4
7004,Enterprise,Active,3,217.00,40,Medium,High,Low,On-Time,9
7005,Enterprise,Active,4,283.00,3,Medium,Medium,High,On-Time,7
7006,Basic,Churned,9,24.00,56,Low,Low,Low,Delayed,6
7007,Basic,Active,1,26.00,20,High,High,Low,On-Time,8
7008,Basic,"At Risk",5,14.00,33,Medium,High,High,On-Time,7
7009,Basic,Active,3,14.00,33,High,Medium,Low,On-Time,9
7010,Pro,Active,1,46.00,21,High,High,Low,On-Time,8
7011,Pro,Churned,12,46.00,105,Low,Low,Medium,Delayed,6
7012,Basic,Churned,13,14.00,292,Low,Low,Medium,Missed,4
7013,Basic,Churned,9,20.00,67,Low,Low,Medium,On-Time,4
7014,Basic,Churned,13,19.00,115,Low,Medium,High,Missed,4
7015,Basic,Active,2,28.00,17,Medium,High,Low,On-Time,10
7016,Basic,"At Risk",6,11.00,39,High,Medium,Medium,Delayed,10
7017,Enterprise,Active,4,124.00,42,Medium,Medium,Low,On-Time,10
7018,Basic,Active,3,28.00,23,High,Medium,Medium,On-Time,8
7019,Pro,Active,3,43.00,33,High,Medium,Low,On-Time,9
7020,Basic,Churned,14,27.00,164,Low,Low,Medium,Delayed,3
7021,Pro,Churned,9,64.00,73,Low,Medium,Low,Delayed,5
7022,Basic,Active,2,22.00,13,High,Medium,Medium,On-Time,10
7023,Basic,Active,4,27.00,38,Medium,Medium,Low,On-Time,10
7024,Enterprise,"At Risk",6,219.00,22,High,Medium,High,Delayed,7
7025,Enterprise,Churned,14,233.00,250,Low,Low,Medium,Delayed,3
7026,Basic,Active,3,20.00,27,Medium,High,Medium,On-Time,8
7027,Basic,"At Risk",8,26.00,56,Low,Low,High,On-Time,7
7028,Basic,Active,1,27.00,14,High,Medium,Low,On-Time,10
7029,Pro,"At Risk",6,64.00,31,High,Medium,Medium,Delayed,7
7030,Pro,Active,3,74.00,22,High,High,Low,Delayed,9
7031,Basic,Active,3,24.00,4,Medium,Medium,Medium,On-Time,10
7032,Basic,Active,2,29.00,7,High,High,Low,Delayed,7
7033,Basic,Churned,11,24.00,68,Low,Low,Medium,Delayed,6
7034,Basic,"At Risk",7,26.00,36,High,Medium,High,Delayed,10
7035,Basic,Active,2,27.00,7,High,High,Low,Delayed,10
7036,Basic,Churned,11,21.00,101,Low,Low,High,On-Time,4
7037,Pro,Active,1,45.00,7,Medium,High,Low,On-Time,9
7038,Pro,Active,2,76.00,7,High,Medium,Medium,On-Time,7
7039,Enterprise,Active,4,261.00,38,Medium,Medium,Low,On-Time,7
7040,Pro,Churned,10,62.00,90,Low,Low,Low,Delayed,5
7041,Basic,Active,3,13.00,7,High,Medium,High,On-Time,7
7042,Basic,Active,4,17.00,24,Medium,High,High,On-Time,10
7043,Basic,Active,1,27.00,11,Medium,High,Low,On-Time,9
7044,Enterprise,Active,4,181.00,21,Medium,Medium,Medium,On-Time,10
7045,Pro,Churned,10,42.00,109,Medium,Low,Low,Delayed,6
7046,Basic,Active,1,29.00,10,High,Medium,Low,On-Time,8
7047,Enterprise,Active,4,199.00,5,High,Medium,Medium,Delayed,10
7048,Basic,Active,4,12.00,1,Medium,Medium,Low,Delayed,7
7049,Basic,"At Risk",7,13.00,85,Low,Medium,Medium,On-Time,7
7050,Pro,Churned,12,46.00,271,Low,Low,Medium,Delayed,5
7051,Basic,Active,4,11.00,39,High,Medium,Medium,On-Time,7
7052,Basic,Active,3,13.00,31,High,Medium,Low,On-Time,7
7053,Basic,Active,3,14.00,23,Medium,High,Medium,On-Time,7
7054,Pro,Active,2,47.00,38,High,High,Low,On-Time,7
7055,Basic,Churned,12,12.00,261,Low,Low,Low,Missed,5
7056,Pro,Active,1,69.00,9,High,Medium,Low,On-Time,9
7057,Pro,Active,2,50.00,8,High,Medium,Medium,On-Time,10
7058,Basic,Active,3,19.00,16,Medium,Medium,Low,On-Time,8
7059,Enterprise,Active,1,170.00,0,High,Medium,Low,On-Time,8
7060,Basic,Active,1,23.00,13,Medium,High,Low,On-Time,8
7061,Pro,Active,0,54.00,7,High,High,Low,On-Time,8
7062,Basic,"At Risk",6,26.00,43,Medium,Medium,High,On-Time,10
7063,Basic,Active,3,24.00,21,Medium,High,Medium,On-Time,7
7064,Basic,Active,1,20.00,1,High,High,Medium,On-Time,9
7065,Enterprise,Active,3,125.00,5,Medium,High,High,On-Time,7
7066,Basic,Active,3,20.00,37,High,Medium,Low,On-Time,7
7067,Pro,"At Risk",5,53.00,41,High,Medium,High,On-Time,10
7068,Basic,Active,4,12.00,41,High,Medium,Medium,On-Time,9
7069,Pro,"At Risk",5,64.00,21,Medium,Medium,High,On-Time,7
7070,Basic,Active,2,10.00,7,Medium,Medium,Low,On-Time,8
7071,Enterprise,Active,2,169.00,10,High,High,Low,Delayed,7
7072,Pro,Active,2,75.00,2,Medium,Medium,Low,On-Time,8
7073,Enterprise,Active,1,291.00,6,High,High,Medium,On-Time,9
7074,Basic,Churned,9,24.00,82,Medium,Medium,Low,Missed,4
7075,Pro,Churned,15,65.00,205,Low,Low,Medium,Missed,2
7076,Basic,Churned,12,25.00,142,Low,Low,Low,Missed,4
7077,Pro,"At Risk",7,52.00,86,Medium,Low,Low,On-Time,6
7078,Enterprise,Active,1,160.00,17,High,High,Low,On-Time,8
7079,Pro,Active,2,65.00,20,High,High,Medium,On-Time,9
7080,Basic,"At Risk",5,21.00,37,Medium,High,High,On-Time,10
7081,Basic,Active,3,25.00,13,Medium,High,High,On-Time,7
7082,Pro,Churned,12,48.00,288,Low,Low,Low,Missed,5
7083,Basic,Churned,11,18.00,114,Medium,Low,Low,Missed,4
7084,Basic,Active,2,14.00,22,High,High,Medium,On-Time,10
7085,Basic,Churned,10,22.00,90,Medium,Low,Medium,Delayed,6
7086,Pro,Churned,9,76.00,119,Medium,Low,Low,Delayed,7
7087,Pro,Active,3,42.00,11,High,Medium,High,On-Time,10
7088,Basic,Active,2,25.00,12,High,High,Low,Delayed,9
7089,Basic,Churned,14,13.00,172,Low,Low,Medium,Delayed,3
7090,Basic,"At Risk",5,29.00,59,Medium,Medium,Low,On-Time,4
7091,Pro,"At Risk",5,41.00,39,High,High,Medium,Delayed,10
7092,Basic,Churned,10,16.00,110,Medium,Low,Low,Delayed,6
7093,Basic,Active,3,27.00,6,Medium,High,High,On-Time,10
7094,Basic,Active,0,19.00,11,High,High,Low,On-Time,10
7095,Pro,"At Risk",5,58.00,35,Medium,High,High,On-Time,7
7096,Pro,Active,3,77.00,20,Medium,Medium,Low,On-Time,7
7097,Basic,Churned,10,18.00,86,Medium,Low,Medium,Delayed,4
7098,Basic,Churned,9,20.00,109,Medium,Low,Medium,On-Time,4
7099,Basic,Active,3,20.00,27,High,Medium,Medium,On-Time,7
7100,Pro,Active,2,41.00,6,High,Medium,Medium,On-Time,8
7101,Basic,Active,2,22.00,8,High,Medium,Medium,On-Time,7
7102,Pro,Active,4,62.00,43,Medium,High,Medium,On-Time,8
7103,Pro,"At Risk",5,77.00,33,High,Medium,High,On-Time,7
7104,Basic,Active,3,28.00,30,High,High,Low,Delayed,8
7105,Basic,Active,3,27.00,27,Medium,Medium,Low,On-Time,8
7106,Pro,Churned,14,67.00,134,Low,Low,Medium,Delayed,2
7107,Pro,Active,2,61.00,22,High,Medium,Low,On-Time,10
7108,Basic,Active,4,25.00,24,Medium,Medium,Medium,On-Time,7
7109,Basic,Active,1,22.00,13,High,Medium,Low,On-Time,9
7110,Basic,Churned,9,13.00,74,Low,Medium,Low,Delayed,5
7111,Enterprise,Active,4,284.00,44,Medium,High,Medium,On-Time,9
7112,Basic,"At Risk",7,17.00,110,Medium,Low,Low,On-Time,7
7113,Basic,Churned,10,25.00,90,Low,Low,Low,Delayed,5
7114,Pro,Active,4,51.00,44,Medium,Medium,Low,On-Time,9
7115,Basic,"At Risk",8,13.00,74,Low,Low,Low,On-Time,4
7116,Enterprise,"At Risk",7,279.00,56,Medium,Low,High,On-Time,7
7117,Pro,Active,2,42.00,9,High,Medium,Medium,On-Time,8
7118,Basic,"At Risk",8,11.00,43,Medium,Medium,High,Delayed,8
7119,Basic,Active,3,14.00,37,High,High,Medium,On-Time,10
7120,Enterprise,Active,4,258.00,23,High,Medium,High,On-Time,8
7121,Pro,Churned,10,43.00,113,Low,Medium,Medium,Delayed,7
7122,Pro,Active,2,54.00,41,High,High,Low,On-Time,7
7123,Basic,Active,1,19.00,6,Medium,High,Low,On-Time,10
7124,Basic,"At Risk",7,18.00,33,Medium,Medium,Medium,Delayed,10
7125,Basic,Active,3,26.00,42,High,Medium,Low,On-Time,8
7126,Basic,Active,2,16.00,34,High,High,Low,On-Time,9
7127,Basic,Active,2,29.00,5,Medium,Medium,Low,On-Time,9
7128,Pro,Active,2,61.00,30,High,Medium,Low,On-Time,9
7129,Pro,"At Risk",5,68.00,9,Medium,Medium,Medium,Delayed,10
7130,Pro,Active,3,50.00,10,Medium,High,High,On-Time,8
7131,Basic,Churned,12,15.00,256,Low,Low,Low,Missed,4
7132,Basic,Active,4,17.00,10,Medium,Medium,Low,Delayed,7
7133,Pro,Active,2,40.00,12,High,Medium,Medium,On-Time,10
7134,Basic,Churned,9,17.00,64,Medium,Low,Low,Missed,7
7135,Basic,Active,2,19.00,20,High,High,Medium,On-Time,9
7136,Pro,"At Risk",5,62.00,8,Medium,Medium,Medium,Delayed,9
7137,Pro,Active,2,56.00,12,Medium,Medium,Low,On-Time,9
7138,Basic,Churned,10,28.00,99,Low,Low,Medium,On-Time,6
7139,Pro,Active,0,55.00,3,High,High,Low,On-Time,7
7140,Pro,Churned,10,63.00,67,Low,Low,Low,Delayed,6
7141,Pro,Active,0,60.00,2,High,High,Low,On-Time,7
7142,Pro,Active,3,62.00,21,High,Medium,Medium,On-Time,10
7143,Enterprise,Active,2,292.00,36,High,High,Low,On-Time,8
7144,Enterprise,Active,1,269.00,9,High,Medium,Low,On-Time,7
7145,Basic,Active,2,11.00,28,High,Medium,Low,On-Time,9
7146,Basic,Churned,14,22.00,166,Low,Low,Low,Missed,2
7147,Pro,"At Risk",7,53.00,51,Low,Low,Low,On-Time,5
7148,Basic,Active,2,13.00,26,Medium,High,Low,On-Time,9
7149,Basic,Active,1,18.00,14,High,Medium,Low,On-Time,7
7150,Basic,Active,2,19.00,34,High,High,Low,On-Time,9
7151,Basic,Churned,12,13.00,117,Low,Low,Medium,Delayed,4
7152,Basic,Active,1,17.00,0,High,Medium,Low,On-Time,9
7153,Basic,Active,2,26.00,7,High,Medium,Medium,On-Time,8
7154,Pro,"At Risk",5,69.00,24,Medium,Medium,Low,Delayed,10
7155,Basic,Active,4,28.00,14,Medium,Medium,Low,Delayed,8
7156,Basic,Churned,10,20.00,103,Low,Low,Medium,On-Time,4
7157,Enterprise,Active,1,141.00,29,High,High,Low,On-Time,10
7158,Pro,Churned,12,77.00,174,Low,Low,Low,Missed,4
7159,Pro,Churned,15,46.00,126,Low,Low,Medium,Missed,2
7160,Enterprise,Active,2,193.00,28,High,High,Medium,On-Time,7
7161,Basic,Active,4,14.00,39,High,Medium,Medium,On-Time,7
7162,Basic,"At Risk",5,29.00,24,High,High,High,Delayed,7
7163,Basic,"At Risk",5,20.00,35,Medium,Medium,Medium,On-Time,10
7164,Pro,Active,3,59.00,9,High,Medium,Low,Delayed,7
7165,Pro,Active,2,40.00,12,Medium,High,Medium,On-Time,7
7166,Pro,"At Risk",5,69.00,42,Medium,Medium,Medium,On-Time,10
7167,Basic,Churned,9,15.00,109,Low,Medium,Medium,On-Time,6
7168,Basic,Active,2,18.00,2,Medium,High,Medium,On-Time,9
7169,Basic,Churned,9,23.00,89,Low,Medium,Low,Delayed,4
7170,Basic,Active,3,16.00,39,Medium,High,Low,On-Time,9
7171,Basic,Active,4,29.00,41,High,Medium,Medium,On-Time,8
7172,Pro,Active,4,40.00,39,Medium,High,Medium,On-Time,9
7173,Basic,Active,2,27.00,14,High,Medium,Medium,On-Time,9
7174,Enterprise,Active,4,258.00,16,Medium,High,Low,Delayed,10
7175,Basic,Churned,11,24.00,108,Medium,Low,Medium,Delayed,6
7176,Pro,"At Risk",5,60.00,43,High,Medium,Low,Delayed,7
7177,Pro,Active,3,67.00,37,High,High,Medium,On-Time,7
7178,Basic,Active,1,26.00,7,High,High,Medium,On-Time,7
7179,Enterprise,Active,4,168.00,38,Medium,High,Medium,On-Time,8
7180,Basic,Active,4,12.00,30,Medium,Medium,Medium,On-Time,10
7181,Basic,Active,4,20.00,44,High,Medium,Medium,On-Time,10
7182,Basic,Active,1,13.00,10,Medium,High,Low,On-Time,7
7183,Basic,Active,2,24.00,14,High,Medium,Medium,On-Time,9
7184,Pro,Churned,13,78.00,148,Low,Low,Low,Delayed,2
7185,Pro,Churned,9,54.00,65,Medium,Medium,Low,Missed,4
7186,Pro,Active,1,76.00,19,High,High,Low,On-Time,9
7187,Pro,Active,2,51.00,22,High,High,Medium,On-Time,9
7188,Basic,Active,1,15.00,23,High,High,Low,On-Time,7
7189,Basic,Churned,10,12.00,107,Low,Low,Low,Delayed,7
7190,Pro,Active,3,51.00,21,Medium,High,Medium,On-Time,8
7191,Basic,Active,1,18.00,6,High,Medium,Low,On-Time,9
7192,Basic,Active,3,28.00,27,Medium,Medium,Low,On-Time,7
7193,Basic,Active,3,10.00,42,High,High,Medium,On-Time,8
7194,Basic,Churned,11,23.00,68,Low,Low,Low,Missed,5
7195,Pro,Active,4,51.00,37,Medium,High,Medium,On-Time,7
7196,Basic,"At Risk",6,21.00,50,Medium,Medium,Medium,On-Time,5
7197,Pro,Churned,10,62.00,95,Low,Medium,Low,Delayed,6
7198,Basic,Active,1,13.00,23,High,High,Low,On-Time,10
7199,Basic,Active,0,10.00,6,High,High,Low,On-Time,9
7200,Basic,Churned,10,23.00,83,Medium,Low,Medium,Delayed,4
7201,Enterprise,Churned,9,198.00,57,Low,Medium,Medium,Delayed,4
7202,Basic,Active,2,27.00,9,High,High,Low,Delayed,10
7203,Basic,Churned,14,14.00,162,Low,Low,Low,Missed,1
7204,Basic,Churned,15,15.00,176,Low,Low,Medium,Missed,1
7205,Basic,Active,3,28.00,20,High,Medium,Medium,On-Time,7
7206,Basic,Active,2,28.00,6,High,Medium,Medium,On-Time,9
7207,Pro,Active,2,55.00,18,High,Medium,Low,On-Time,8
7208,Pro,Active,3,74.00,27,High,Medium,Medium,On-Time,7
7209,Basic,Churned,13,12.00,162,Low,Low,Low,Delayed,3
7210,Basic,Active,1,10.00,19,High,High,Low,On-Time,8
7211,Pro,Churned,10,53.00,111,Medium,Low,High,On-Time,6
7212,Pro,Active,2,71.00,16,High,Medium,Low,On-Time,10
7213,Basic,Active,3,22.00,31,High,Medium,Low,On-Time,8
7214,Pro,"At Risk",8,62.00,49,Medium,Low,Low,Delayed,6
7215,Pro,Active,2,64.00,38,High,High,Low,On-Time,8
7216,Pro,Active,2,71.00,13,High,Medium,Medium,On-Time,8
7217,Pro,Active,0,74.00,12,High,High,Low,On-Time,10
7218,Pro,Active,4,77.00,35,High,Medium,Medium,On-Time,8
7219,Basic,Active,1,12.00,9,High,High,Medium,On-Time,9
7220,Pro,Churned,11,60.00,99,Low,Medium,Medium,Delayed,5
7221,Pro,Active,2,43.00,12,Medium,Medium,Low,On-Time,8
7222,Basic,Active,3,26.00,43,Medium,High,Low,On-Time,9
7223,Pro,Churned,9,55.00,97,Medium,Medium,Medium,Delayed,7
7224,Basic,Active,3,26.00,35,High,Medium,Low,On-Time,10
7225,Pro,Active,3,51.00,1,Medium,High,High,On-Time,10
7226,Basic,Active,1,16.00,9,High,High,Medium,On-Time,9
7227,Basic,Active,2,14.00,0,Medium,High,Medium,On-Time,9
7228,Pro,Churned,14,46.00,174,Low,Low,Medium,Delayed,1
7229,Basic,Active,2,14.00,26,High,Medium,Low,On-Time,10
7230,Basic,Active,2,24.00,28,High,Medium,Low,On-Time,7
7231,Pro,Churned,11,78.00,68,Medium,Low,High,Delayed,5
7232,Pro,Active,3,48.00,36,High,Medium,Low,On-Time,7
7233,Basic,Churned,9,20.00,86,Medium,Low,Low,Delayed,4
7234,Pro,Active,4,56.00,39,High,High,High,On-Time,8
7235,Pro,Active,3,51.00,19,High,High,High,On-Time,9
7236,Basic,Active,1,15.00,30,High,High,Low,On-Time,9
7237,Basic,Active,2,15.00,27,High,Medium,Low,On-Time,8
7238,Pro,Active,1,47.00,4,High,Medium,Low,On-Time,10
7239,Pro,Churned,14,57.00,228,Low,Low,Low,Missed,3
7240,Basic,Active,4,25.00,38,High,Medium,Medium,On-Time,7
7241,Pro,Churned,10,50.00,110,Medium,Low,Low,Delayed,6
7242,Pro,Active,1,64.00,16,High,High,Low,On-Time,9
7243,Basic,Churned,9,11.00,80,Medium,Low,Low,Delayed,5
7244,Pro,"At Risk",7,56.00,46,Low,Low,Low,On-Time,6
7245,Basic,Active,4,18.00,33,High,High,High,On-Time,7
7246,Pro,Active,4,70.00,32,High,Medium,Medium,On-Time,8
7247,Basic,Active,1,19.00,8,High,High,Medium,On-Time,8
7248,Basic,"At Risk",5,28.00,37,Medium,High,High,On-Time,8
7249,Pro,Active,2,55.00,14,Medium,Medium,Low,On-Time,9
7250,Pro,Active,2,50.00,7,Medium,Medium,Low,On-Time,8
7251,Basic,"At Risk",6,21.00,16,Medium,High,High,Delayed,10
7252,Basic,Active,2,17.00,6,Medium,High,Medium,On-Time,10
7253,Basic,Active,3,11.00,21,High,Medium,Medium,On-Time,10
7254,Pro,Active,3,67.00,37,High,High,Medium,On-Time,7
7255,Pro,Churned,11,41.00,74,Low,Low,Low,Missed,4
7256,Basic,"At Risk",5,28.00,38,High,Medium,High,On-Time,10
7257,Pro,Churned,10,57.00,115,Medium,Medium,Medium,Delayed,5
7258,Pro,Active,2,76.00,3,High,Medium,Medium,On-Time,7
7259,Pro,Active,4,52.00,26,High,Medium,Low,Delayed,9
7260,Pro,Active,2,55.00,9,Medium,Medium,Low,On-Time,8
7261,Basic,Churned,10,14.00,86,Medium,Low,Medium,Delayed,4
7262,Basic,Active,2,18.00,2,Medium,Medium,Low,On-Time,9
7263,Enterprise,Churned,13,229.00,223,Low,Low,Low,Delayed,1
7264,Pro,"At Risk",7,63.00,91,Medium,Low,Low,On-Time,7
7265,Pro,Active,2,43.00,30,Medium,High,Low,On-Time,7
7266,Basic,Active,4,28.00,38,High,Medium,Medium,On-Time,9
7267,Basic,Active,2,14.00,34,High,High,Low,On-Time,9
7268,Basic,"At Risk",5,10.00,44,High,Medium,High,On-Time,7
7269,Enterprise,Active,1,241.00,14,Medium,High,Low,On-Time,7
7270,Basic,"At Risk",5,10.00,20,Medium,High,Medium,Delayed,9
7271,Basic,Churned,15,12.00,160,Low,Low,Medium,Missed,1
7272,Enterprise,Churned,10,294.00,54,Low,Low,Medium,Missed,7
7273,Basic,"At Risk",7,18.00,64,Medium,Medium,High,On-Time,7
7274,Basic,Active,3,12.00,24,Medium,Medium,Low,On-Time,9
7275,Basic,Churned,12,29.00,86,Low,Low,High,Delayed,4
7276,Pro,Active,1,43.00,9,Medium,High,Low,On-Time,7
7277,Basic,Churned,13,15.00,115,Low,Low,High,Delayed,5
7278,Pro,Active,3,43.00,36,High,Medium,Low,On-Time,10
7279,Basic,Churned,9,19.00,72,Low,Medium,Low,Delayed,4
7280,Basic,Active,2,16.00,24,High,High,Medium,On-Time,7
7281,Basic,Active,3,28.00,37,High,High,Medium,On-Time,9
7282,Basic,Active,2,24.00,21,High,Medium,Low,On-Time,7
7283,Pro,Active,2,46.00,0,High,Medium,Medium,On-Time,10
7284,Basic,Active,2,19.00,26,High,Medium,Low,On-Time,7
7285,Basic,Active,4,14.00,41,Medium,Medium,Low,On-Time,7
7286,Basic,Active,3,23.00,9,Medium,Medium,Medium,On-Time,10
7287,Pro,Active,4,67.00,27,High,Medium,Low,Delayed,10
7288,Basic,Churned,10,12.00,77,Low,Low,Low,Delayed,6
7289,Pro,Active,3,71.00,5,Medium,High,High,On-Time,10
7290,Pro,Active,3,75.00,28,Medium,High,Medium,On-Time,8
7291,Basic,Active,3,14.00,29,High,High,Low,Delayed,9
7292,Basic,Active,3,12.00,35,High,High,Medium,On-Time,7
7293,Basic,Active,4,28.00,35,High,Medium,Medium,On-Time,9
7294,Pro,Active,3,53.00,23,High,High,High,On-Time,8
7295,Basic,Active,2,27.00,21,High,High,Medium,On-Time,9
7296,Pro,Active,3,44.00,16,High,Medium,Medium,On-Time,8
7297,Basic,Active,2,19.00,16,High,Medium,Low,On-Time,7
7298,Basic,Churned,12,26.00,249,Low,Low,Low,Missed,5
7299,Pro,Active,3,51.00,14,High,High,Medium,Delayed,9
7300,Pro,Active,4,77.00,34,High,Medium,Medium,On-Time,7
7301,Pro,Churned,12,71.00,173,Low,Low,Low,Missed,4
7302,Enterprise,Active,3,251.00,2,High,Medium,High,On-Time,7
7303,Basic,Active,2,16.00,25,Medium,High,Low,On-Time,7
7304,Pro,Active,1,55.00,27,High,High,Low,On-Time,7
7305,Basic,Active,2,18.00,23,Medium,High,Low,On-Time,8
7306,Pro,Churned,10,77.00,115,Low,Low,Medium,On-Time,4
7307,Basic,"At Risk",8,27.00,49,Low,Medium,Low,Delayed,5
7308,Basic,Active,3,23.00,28,High,High,High,On-Time,9
7309,Basic,Active,4,24.00,18,Medium,High,High,On-Time,8
7310,Pro,Active,2,60.00,20,Medium,High,Low,On-Time,9
7311,Basic,Active,0,28.00,0,High,High,Low,On-Time,8
7312,Basic,Active,1,27.00,13,High,Medium,Low,On-Time,10
7313,Basic,Active,1,11.00,3,Medium,High,Low,On-Time,8
7314,Basic,Active,3,28.00,7,Medium,Medium,Medium,On-Time,8
7315,Basic,Active,2,28.00,2,High,Medium,Medium,On-Time,7
7316,Pro,Active,0,51.00,1,High,High,Low,On-Time,9
7317,Pro,Active,4,50.00,11,Medium,Medium,High,On-Time,7
7318,Basic,"At Risk",7,11.00,34,Medium,High,High,Delayed,8
7319,Basic,Active,1,29.00,2,High,High,Medium,On-Time,9
7320,Basic,"At Risk",5,22.00,37,Medium,High,Low,Delayed,7
7321,Pro,"At Risk",8,42.00,63,Low,Medium,Medium,On-Time,5
7322,Basic,Churned,9,18.00,103,Medium,Medium,Low,Delayed,5
7323,Basic,Churned,12,11.00,178,Low,Low,Medium,Delayed,5
7324,Basic,Active,2,27.00,21,Medium,High,Low,On-Time,10
7325,Basic,"At Risk",6,22.00,47,Low,Low,Low,On-Time,7
7326,Basic,Churned,13,17.00,124,Low,Low,Low,Delayed,3
7327,Basic,Active,0,15.00,12,High,High,Low,On-Time,10
7328,Basic,"At Risk",8,21.00,108,Medium,Low,Medium,On-Time,7
7329,Basic,Active,2,18.00,19,High,High,Medium,On-Time,8
7330,Pro,Churned,11,41.00,97,Low,Low,Low,Delayed,4
7331,Basic,Churned,9,27.00,92,Low,Low,Low,On-Time,6
7332,Basic,Active,4,25.00,28,High,Medium,High,On-Time,8
7333,Basic,Churned,14,14.00,166,Low,Low,Medium,Delayed,1
7334,Pro,Active,1,51.00,4,High,High,Medium,On-Time,9
7335,Pro,Active,4,75.00,28,Medium,Medium,Medium,On-Time,9
7336,Basic,Active,1,12.00,25,High,High,Low,On-Time,10
7337,Basic,Active,1,23.00,30,High,High,Low,On-Time,8
7338,Basic,Active,2,21.00,23,High,Medium,Low,On-Time,9
7339,Enterprise,Churned,16,170.00,151,Low,Low,High,Missed,1
7340,Basic,Active,2,13.00,21,High,High,Medium,On-Time,8
7341,Enterprise,"At Risk",6,161.00,26,High,Medium,High,Delayed,7
7342,Enterprise,Churned,10,164.00,100,Medium,Medium,Low,Missed,4
7343,Basic,Active,2,20.00,7,High,Medium,Medium,On-Time,10
7344,Basic,Active,4,29.00,36,High,High,Low,Delayed,8
7345,Pro,Active,3,64.00,31,High,High,Medium,On-Time,8
7346,Pro,Churned,9,79.00,75,Medium,Low,Low,Delayed,6
7347,Basic,Churned,14,19.00,289,Low,Low,Medium,Delayed,2
7348,Basic,"At Risk",6,25.00,73,Medium,Low,Low,On-Time,7
7349,Pro,"At Risk",8,59.00,51,Medium,Low,Low,Delayed,6
7350,Basic,Active,3,20.00,34,High,Medium,Low,On-Time,8
7351,Pro,Active,0,47.00,9,High,High,Low,On-Time,10
7352,Enterprise,Churned,14,144.00,133,Low,Low,Low,Missed,2
7353,Basic,Active,3,16.00,16,Medium,High,Medium,On-Time,10
7354,Basic,Active,2,28.00,1,Medium,Medium,Low,On-Time,8
7355,Basic,Churned,14,11.00,266,Low,Low,Low,Missed,3
7356,Basic,Active,3,12.00,5,Medium,Medium,Medium,On-Time,10
7357,Basic,Churned,12,27.00,137,Low,Low,Low,Missed,5
7358,Basic,Active,3,23.00,13,Medium,Medium,Medium,On-Time,10
7359,Basic,Active,3,21.00,33,Medium,High,Low,On-Time,10
7360,Pro,Active,3,44.00,4,Medium,High,High,On-Time,9
7361,Basic,Churned,9,19.00,59,Medium,Low,Medium,Delayed,5
7362,Basic,Active,2,19.00,22,High,High,Medium,On-Time,7
7363,Basic,Churned,13,11.00,114,Low,Low,High,Delayed,6
7364,Pro,Active,4,45.00,40,High,High,High,On-Time,10
7365,Basic,"At Risk",8,25.00,77,Low,Low,Low,On-Time,4
7366,Pro,Active,3,64.00,0,Medium,High,Low,Delayed,8
7367,Pro,Active,4,69.00,18,High,Medium,Low,Delayed,10
7368,Basic,Active,1,24.00,8,High,Medium,Low,On-Time,9
7369,Pro,"At Risk",7,73.00,31,Medium,Medium,Medium,Delayed,9
7370,Basic,Active,3,12.00,31,High,High,Medium,On-Time,10
7371,Basic,Churned,14,14.00,254,Low,Low,High,Missed,5
7372,Basic,Active,0,22.00,9,High,High,Low,On-Time,9
7373,Enterprise,Churned,11,219.00,56,Low,Low,Medium,Missed,5
7374,Pro,Active,1,54.00,18,High,High,Low,On-Time,8
7375,Basic,Active,2,23.00,30,High,High,Medium,On-Time,9
7376,Basic,"At Risk",6,18.00,27,Medium,Medium,Medium,Delayed,7
7377,Basic,Active,2,28.00,8,Medium,High,Medium,On-Time,10
7378,Pro,Churned,15,52.00,275,Low,Low,Medium,Missed,3
7379,Pro,Active,3,78.00,31,Medium,High,Low,On-Time,7
7380,Basic,Active,1,12.00,6,Medium,High,Low,On-Time,7
7381,Pro,Churned,9,55.00,112,Medium,Low,Low,Delayed,7
7382,Basic,"At Risk",5,12.00,36,Medium,Medium,Medium,On-Time,10
7383,Pro,Active,2,52.00,9,Medium,Medium,Low,On-Time,8
7384,Basic,Active,1,12.00,0,Medium,High,Low,On-Time,8
7385,Enterprise,Churned,10,238.00,83,Low,Medium,Medium,Delayed,4
7386,Enterprise,Churned,12,186.00,199,Low,Low,Low,Missed,5
7387,Pro,Active,2,78.00,17,Medium,High,Low,On-Time,8
7388,Pro,Active,3,69.00,25,High,Medium,Medium,On-Time,7
7389,Pro,Active,4,65.00,14,Medium,Medium,High,On-Time,9
7390,Basic,Active,3,12.00,3,High,Medium,Low,Delayed,7
7391,Basic,Active,2,27.00,7,High,Medium,Medium,On-Time,8
7392,Basic,Active,2,18.00,0,Medium,Medium,Low,On-Time,9
7393,Pro,Active,3,54.00,41,High,Medium,Low,On-Time,7
7394,Basic,Active,2,15.00,40,High,High,Low,On-Time,10
7395,Basic,Active,3,29.00,8,Medium,Medium,Medium,On-Time,9
7396,Basic,Active,4,27.00,17,High,Medium,High,On-Time,10
7397,Enterprise,"At Risk",5,245.00,35,Medium,High,Low,Delayed,10
7398,Pro,Churned,14,47.00,164,Low,Low,Medium,Delayed,2
7399,Basic,Active,3,15.00,31,High,Medium,Low,On-Time,10
7400,Pro,"At Risk",8,49.00,83,Low,Medium,High,On-Time,7
7401,Basic,Active,3,18.00,24,High,High,Low,Delayed,8
7402,Pro,Active,1,51.00,1,High,High,Medium,On-Time,9
7403,Pro,Active,1,43.00,27,High,High,Low,On-Time,9
7404,Basic,Active,4,12.00,28,High,Medium,High,On-Time,9
7405,Pro,"At Risk",6,73.00,55,Medium,Low,Low,On-Time,5
7406,Pro,Active,1,54.00,11,High,Medium,Low,On-Time,9
7407,Pro,Active,3,53.00,8,Medium,Medium,Medium,On-Time,7
7408,Enterprise,Churned,15,268.00,226,Low,Low,High,Delayed,3
7409,Pro,Active,3,55.00,29,High,High,High,On-Time,8
7410,Basic,Active,3,19.00,35,High,Medium,Low,On-Time,7
7411,Basic,Active,1,17.00,21,High,High,Low,On-Time,10
7412,Basic,Active,4,24.00,20,High,Medium,High,On-Time,10
7413,Pro,Active,2,44.00,29,High,Medium,Low,On-Time,8
7414,Basic,Active,3,27.00,16,High,Medium,Medium,On-Time,9
7415,Enterprise,Active,1,251.00,17,High,High,Low,On-Time,7
7416,Pro,Churned,11,48.00,119,Medium,Low,Medium,Delayed,6
7417,Pro,Active,3,64.00,32,High,High,Medium,On-Time,10
7418,Pro,Active,4,79.00,24,Medium,Medium,Medium,On-Time,9
7419,Pro,Active,2,51.00,0,High,Medium,Medium,On-Time,7
7420,Pro,Churned,15,62.00,146,Low,Low,Medium,Missed,1
7421,Basic,Active,4,12.00,23,Medium,Medium,Medium,On-Time,9
7422,Pro,Active,2,71.00,3,Medium,High,Medium,On-Time,8
7423,Basic,"At Risk",6,20.00,44,Medium,High,Medium,Delayed,8
7424,Pro,Active,3,70.00,17,High,Medium,Medium,On-Time,9
7425,Basic,"At Risk",6,23.00,31,Medium,High,Medium,Delayed,8
7426,Enterprise,"At Risk",5,286.00,44,High,Medium,High,On-Time,8
7427,Basic,Churned,13,25.00,204,Low,Low,Low,Delayed,1
7428,Basic,Churned,15,23.00,196,Low,Low,Medium,Missed,1
7429,Basic,Churned,10,25.00,55,Low,Low,High,Delayed,7
7430,Basic,Churned,12,29.00,183,Low,Low,Low,Missed,4
7431,Pro,Churned,15,63.00,256,Low,Low,Medium,Missed,3
7432,Pro,Active,4,48.00,30,High,Medium,Low,Delayed,9
7433,Basic,Active,2,21.00,24,Medium,High,Low,On-Time,7
7434,Pro,Active,2,75.00,22,High,Medium,Low,On-Time,9
7435,Pro,Active,4,70.00,25,Medium,Medium,Medium,On-Time,10
7436,Pro,Churned,11,67.00,96,Low,Low,Low,Delayed,6
7437,Enterprise,Active,1,179.00,24,High,High,Low,On-Time,9
7438,Pro,"At Risk",6,76.00,36,Medium,Medium,Low,Delayed,9
7439,Pro,Active,3,75.00,40,High,Medium,Low,On-Time,8
7440,Basic,Churned,15,25.00,174,Low,Low,Medium,Missed,3
7441,Pro,"At Risk",5,40.00,59,Medium,Medium,Low,On-Time,4
7442,Basic,Active,3,23.00,17,High,High,High,On-Time,9
7443,Pro,Churned,12,43.00,257,Low,Low,Low,Missed,4
7444,Basic,Active,3,16.00,41,High,High,Medium,On-Time,7
7445,Pro,Active,3,78.00,35,Medium,High,Low,On-Time,8
7446,Basic,Churned,16,15.00,264,Low,Low,High,Missed,2
7447,Pro,Active,3,66.00,21,Medium,Medium,Low,On-Time,7
7448,Pro,"At Risk",6,65.00,44,Medium,High,Medium,Delayed,9
7449,Basic,Churned,15,12.00,151,Low,Low,Medium,Missed,1
7450,Pro,Active,0,45.00,6,High,High,Low,On-Time,8
7451,Enterprise,Active,1,217.00,16,High,High,Low,On-Time,8
7452,Pro,Churned,11,61.00,74,Low,Low,Low,Missed,6
7453,Basic,"At Risk",8,20.00,51,Low,Medium,Medium,Delayed,7
7454,Basic,Active,1,23.00,7,Medium,High,Low,On-Time,9
7455,Basic,Active,3,18.00,42,High,Medium,Low,On-Time,8
7456,Basic,Active,1,28.00,3,High,High,Medium,On-Time,9
7457,Pro,"At Risk",5,59.00,15,Medium,Medium,High,On-Time,7
7458,Pro,Active,3,41.00,0,Medium,Medium,Medium,On-Time,7
7459,Pro,Active,2,78.00,13,Medium,Medium,Low,On-Time,10
7460,Basic,Active,3,10.00,27,Medium,Medium,Low,On-Time,7
7461,Basic,Active,1,18.00,0,High,Medium,Low,On-Time,8
7462,Pro,Active,2,42.00,16,High,Medium,Low,On-Time,7
7463,Enterprise,Active,3,283.00,41,High,Medium,Low,On-Time,8
7464,Basic,"At Risk",7,18.00,57,Medium,Low,Medium,On-Time,4
7465,Pro,Churned,12,42.00,107,Low,Low,Medium,Missed,7
7466,Basic,Active,4,28.00,18,Medium,Medium,Medium,On-Time,8
7467,Basic,Active,2,29.00,36,High,High,Low,On-Time,10
7468,Basic,Churned,12,25.00,243,Low,Low,Low,Missed,4
7469,Basic,"At Risk",8,27.00,98,Medium,Low,Low,On-Time,4
7470,Basic,Active,4,14.00,30,High,Medium,High,On-Time,7
7471,Basic,Churned,15,22.00,214,Low,Low,Medium,Missed,2
7472,Pro,"At Risk",6,44.00,51,Low,Medium,Low,On-Time,6
7473,Basic,Active,4,23.00,26,Medium,High,Low,Delayed,8
7474,Pro,Active,2,71.00,20,High,Medium,Low,On-Time,10
7475,Pro,Churned,13,41.00,108,Low,Low,High,Delayed,6
7476,Basic,Active,0,26.00,14,High,High,Low,On-Time,7
7477,Enterprise,Churned,13,208.00,134,Low,Low,Low,Delayed,3
7478,Enterprise,Churned,9,127.00,67,Medium,Medium,Low,Missed,5
7479,Basic,Active,3,13.00,20,Medium,Medium,Low,On-Time,8
7480,Basic,Active,3,11.00,14,Medium,High,High,On-Time,9
7481,Enterprise,"At Risk",5,129.00,15,Medium,Medium,Low,Delayed,10
7482,Basic,Churned,12,29.00,95,Low,Low,Low,Missed,4
7483,Basic,Active,4,26.00,35,Medium,Medium,Low,On-Time,7
7484,Basic,"At Risk",7,25.00,96,Low,Medium,Low,On-Time,7
7485,Basic,Active,3,28.00,3,Medium,Medium,Medium,On-Time,7
7486,Basic,"At Risk",6,15.00,78,Medium,Low,Low,On-Time,7
7487,Enterprise,Churned,13,149.00,267,Low,Low,Medium,Missed,5
7488,Pro,Active,3,54.00,18,High,Medium,Medium,On-Time,9
7489,Basic,Active,3,23.00,38,High,Medium,Low,On-Time,10
7490,Enterprise,"At Risk",5,249.00,42,High,High,Medium,Delayed,9
7491,Pro,Active,1,52.00,4,High,High,Medium,On-Time,8
7492,Enterprise,Active,3,265.00,30,Medium,Medium,Low,On-Time,10
7493,Basic,Active,1,23.00,19,High,High,Low,On-Time,7
7494,Basic,Active,1,26.00,13,Medium,High,Low,On-Time,7
7495,Basic,Active,2,24.00,29,High,Medium,Low,On-Time,9
7496,Enterprise,"At Risk",8,167.00,49,Low,Low,Low,Delayed,7
7497,Basic,Active,3,10.00,36,High,High,Medium,On-Time,7
7498,Pro,"At Risk",5,70.00,19,Medium,Medium,Low,Delayed,10
7499,Basic,Active,2,22.00,4,Medium,High,Medium,On-Time,8
7500,Pro,Active,4,58.00,36,Medium,High,Medium,On-Time,8
7501,Pro,Active,1,78.00,6,High,Medium,Low,On-Time,8
7502,Enterprise,Active,1,252.00,9,High,Medium,Low,On-Time,7
7503,Pro,Active,0,52.00,10,High,High,Low,On-Time,8
7504,Pro,Active,3,65.00,44,Medium,High,Low,On-Time,8
7505,Basic,Active,4,11.00,39,High,Medium,Medium,On-Time,10
7506,Basic,Churned,9,11.00,117,Medium,Medium,Low,Delayed,4
7507,Basic,Active,2,21.00,20,Medium,High,Low,On-Time,9
7508,Basic,"At Risk",5,28.00,37,Medium,Medium,Medium,On-Time,9
7509,Basic,Active,2,14.00,21,High,High,Medium,On-Time,8
7510,Basic,Churned,9,17.00,87,Low,Medium,Low,Delayed,6
7511,Basic,"At Risk",8,12.00,73,Medium,Low,Medium,On-Time,6
7512,Enterprise,Churned,9,295.00,76,Low,Low,Low,Delayed,7
7513,Basic,Active,2,18.00,17,High,Medium,Low,On-Time,7
7514,Basic,Active,2,23.00,7,Medium,Medium,Low,On-Time,8
7515,Basic,Active,2,28.00,0,Medium,High,Medium,On-Time,10
7516,Enterprise,Active,3,246.00,37,High,High,Medium,On-Time,9
7517,Basic,Active,2,24.00,23,High,High,Medium,On-Time,7
7518,Enterprise,Churned,12,223.00,250,Low,Low,Medium,Delayed,4
7519,Basic,"At Risk",5,14.00,31,High,High,Medium,Delayed,8
7520,Basic,Active,0,22.00,2,High,High,Low,On-Time,7
7521,Basic,Active,1,18.00,12,High,Medium,Low,On-Time,9
7522,Basic,Churned,16,21.00,240,Low,Low,High,Missed,2
7523,Pro,"At Risk",5,64.00,41,Medium,Medium,Medium,On-Time,7
7524,Basic,Active,3,28.00,17,Medium,High,Medium,On-Time,7
7525,Pro,Active,1,48.00,14,Medium,High,Low,On-Time,8
7526,Basic,Active,3,21.00,37,High,High,Medium,On-Time,8
7527,Basic,Active,3,14.00,31,High,High,Medium,On-Time,9
7528,Basic,Churned,12,27.00,229,Low,Low,Medium,Delayed,5
7529,Basic,Active,4,25.00,35,Medium,Medium,Low,On-Time,9
7530,Basic,Active,2,24.00,19,Medium,High,Low,On-Time,10
7531,Basic,Active,3,10.00,25,Medium,Medium,Low,On-Time,7
7532,Pro,Active,1,60.00,5,High,High,Medium,On-Time,8
7533,Basic,Active,4,27.00,31,High,High,High,On-Time,8
7534,Basic,Active,1,26.00,0,Medium,High,Low,On-Time,9
7535,Basic,Active,3,28.00,6,Medium,Medium,Medium,On-Time,8
7536,Pro,Churned,11,75.00,96,Low,Low,Low,Delayed,4
7537,Enterprise,"At Risk",8,203.00,58,Medium,Low,Low,Delayed,5
7538,Pro,Churned,14,60.00,190,Low,Low,Low,Missed,2
7539,Basic,Active,2,15.00,5,High,Medium,Medium,On-Time,8
7540,Basic,Active,3,12.00,31,High,Medium,Low,On-Time,8
7541,Pro,Active,3,43.00,35,High,High,Medium,On-Time,9
7542,Pro,Churned,9,49.00,69,Medium,Medium,Low,Missed,6
7543,Basic,Churned,12,17.00,217,Low,Low,Medium,Delayed,4
7544,Pro,"At Risk",5,69.00,19,Medium,Medium,High,On-Time,9
7545,Basic,Active,4,13.00,27,High,Medium,High,On-Time,10
7546,Pro,Active,4,58.00,42,High,Medium,Medium,On-Time,8
7547,Basic,Active,1,22.00,2,High,High,Medium,On-Time,9
7548,Enterprise,Active,2,248.00,7,Medium,High,Medium,On-Time,8
7549,Basic,Active,4,10.00,43,Medium,Medium,Low,On-Time,7
7550,Basic,Churned,9,18.00,61,Medium,Low,Low,Delayed,5
7551,Enterprise,Churned,16,298.00,242,Low,Low,High,Missed,3
7552,Pro,Active,1,58.00,10,High,High,Medium,On-Time,9
7553,Pro,Active,2,78.00,37,High,High,Low,On-Time,7
7554,Basic,Active,1,23.00,19,High,High,Low,On-Time,10
7555,Basic,"At Risk",7,29.00,89,Low,Low,Low,On-Time,7
7556,Basic,Active,1,11.00,7,High,Medium,Low,On-Time,10
7557,Basic,Active,2,13.00,9,High,High,High,On-Time,8
7558,Basic,"At Risk",6,24.00,39,Medium,Medium,Low,Delayed,7
7559,Enterprise,Active,2,271.00,30,High,Medium,Low,On-Time,10
7560,Basic,Active,2,17.00,1,Medium,Medium,Low,On-Time,8
7561,Basic,Churned,12,29.00,82,Low,Low,High,Delayed,6
7562,Enterprise,"At Risk",5,201.00,44,High,Medium,High,On-Time,8
7563,Pro,Active,2,61.00,41,High,High,Low,On-Time,8
7564,Enterprise,"At Risk",6,211.00,18,Medium,Medium,Medium,Delayed,8
7565,Pro,"At Risk",5,77.00,44,Medium,High,High,On-Time,10
7566,Basic,Active,1,26.00,1,Medium,High,Low,On-Time,8
7567,Basic,Active,2,17.00,28,High,Medium,Low,On-Time,7
7568,Enterprise,Active,3,270.00,22,High,Medium,Medium,On-Time,8
7569,Enterprise,"At Risk",8,203.00,52,Low,Low,Low,Delayed,7
7570,Basic,"At Risk",6,16.00,57,Low,Medium,Low,On-Time,5
7571,Basic,"At Risk",5,29.00,34,Medium,Medium,Medium,On-Time,10
7572,Pro,Active,3,50.00,16,High,High,High,On-Time,7
7573,Pro,Active,3,58.00,16,Medium,High,Medium,On-Time,9
7574,Basic,"At Risk",7,19.00,55,Low,Low,Low,On-Time,6
7575,Pro,Churned,12,67.00,198,Low,Low,Low,Missed,4
7576,Basic,Active,3,22.00,37,High,Medium,Low,On-Time,9
7577,Pro,Active,2,75.00,3,Medium,Medium,Low,On-Time,10
7578,Basic,"At Risk",8,23.00,47,Medium,Low,Low,Delayed,6
7579,Basic,Active,3,17.00,13,High,Medium,Low,Delayed,8
7580,Pro,Active,2,70.00,36,High,High,Low,On-Time,10
7581,Pro,"At Risk",7,47.00,51,Medium,Low,Low,Delayed,7
7582,Basic,Active,1,18.00,28,High,High,Low,On-Time,7
7583,Basic,Active,3,26.00,30,High,Medium,Medium,On-Time,9
7584,Pro,Churned,9,79.00,65,Medium,Medium,Medium,Delayed,6
7585,Pro,Churned,11,70.00,81,Low,Medium,Medium,Missed,6
7586,Pro,Active,3,51.00,40,High,Medium,Low,On-Time,8
7587,Basic,Active,1,19.00,5,High,Medium,Low,On-Time,7
7588,Pro,Active,1,47.00,29,High,High,Low,On-Time,9
7589,Basic,Active,3,27.00,42,Medium,High,Low,On-Time,10
7590,Basic,Active,2,16.00,36,High,High,Low,On-Time,10
7591,Basic,Active,3,20.00,5,High,Medium,Low,Delayed,10
7592,Pro,Active,3,71.00,15,Medium,High,Medium,On-Time,10
7593,Basic,Active,2,25.00,3,Medium,High,Medium,On-Time,8
7594,Basic,Active,2,20.00,30,High,Medium,Low,On-Time,10
7595,Pro,Active,1,41.00,20,High,High,Low,On-Time,7
7596,Basic,"At Risk",8,22.00,99,Low,Medium,Low,On-Time,4
7597,Basic,Active,1,23.00,11,Medium,High,Low,On-Time,7
7598,Pro,Churned,11,67.00,107,Low,Low,Low,Delayed,5
7599,Basic,Active,2,24.00,0,Medium,Medium,Low,On-Time,8
7600,Basic,Active,3,28.00,31,High,High,Medium,On-Time,8
7601,Pro,Active,3,70.00,12,High,Medium,High,On-Time,9
7602,Basic,Churned,10,25.00,49,Low,Low,Medium,Delayed,6
7603,Basic,Churned,9,11.00,79,Low,Medium,Low,Delayed,4
7604,Pro,Active,4,64.00,32,Medium,High,Medium,On-Time,8
7605,Basic,Active,0,15.00,4,High,High,Low,On-Time,10
7606,Basic,"At Risk",6,27.00,28,High,Medium,High,Delayed,8
7607,Basic,Active,2,10.00,8,Medium,Medium,Low,On-Time,10
7608,Basic,Churned,9,29.00,54,Medium,Low,Medium,Delayed,5
7609,Basic,Active,4,22.00,39,High,High,Low,Delayed,8
7610,Basic,Active,2,19.00,27,High,High,Medium,On-Time,10
7611,Basic,Churned,12,21.00,279,Low,Low,Low,Missed,5
7612,Pro,Active,3,53.00,43,Medium,High,Low,On-Time,8
7613,Basic,Active,4,11.00,19,Medium,High,High,On-Time,9
7614,Enterprise,Active,3,273.00,17,Medium,High,Medium,On-Time,8
7615,Basic,Churned,12,17.00,46,Low,Low,High,Missed,5
7616,Pro,Churned,13,78.00,183,Low,Low,Low,Delayed,1
7617,Pro,Active,2,74.00,12,High,Medium,Medium,On-Time,9
7618,Pro,Churned,15,43.00,179,Low,Low,Medium,Missed,1
7619,Pro,Active,1,58.00,5,High,Medium,Low,On-Time,10
7620,Basic,Churned,12,25.00,72,Low,Low,Medium,Missed,6
7621,Pro,Churned,12,73.00,103,Low,Low,Low,Missed,4
7622,Basic,Active,2,18.00,39,High,High,Low,On-Time,7
7623,Basic,Active,1,25.00,17,High,High,Low,On-Time,7
7624,Basic,Active,1,15.00,28,High,High,Low,On-Time,9
7625,Basic,Active,2,25.00,8,Medium,Medium,Low,On-Time,10
7626,Basic,Active,3,17.00,1,Medium,Medium,Medium,On-Time,8
7627,Pro,Churned,13,69.00,172,Low,Low,Low,Delayed,1
7628,Enterprise,Churned,9,225.00,62,Medium,Low,Medium,Delayed,7
7629,Pro,Active,2,55.00,4,Medium,Medium,Low,On-Time,8
7630,Basic,Active,3,10.00,12,High,High,Medium,Delayed,8
7631,Basic,"At Risk",5,18.00,41,Medium,Medium,Medium,On-Time,8
7632,Basic,"At Risk",6,13.00,42,High,Medium,Medium,Delayed,9
7633,Basic,Active,3,29.00,38,High,Medium,Low,On-Time,8
7634,Pro,Active,2,66.00,18,High,High,Medium,On-Time,8
7635,Basic,"At Risk",8,17.00,50,Low,Low,Medium,On-Time,4
7636,Basic,Churned,11,22.00,112,Low,Low,High,On-Time,5
7637,Enterprise,Active,2,199.00,9,Medium,High,Medium,On-Time,8
7638,Basic,Churned,12,29.00,68,Low,Low,Medium,Missed,5
7639,Enterprise,Active,4,197.00,37,Medium,High,Medium,On-Time,9
7640,Basic,"At Risk",5,11.00,31,High,Medium,Low,Delayed,8
7641,Pro,Active,4,51.00,31,High,Medium,Medium,On-Time,8
7642,Basic,Active,2,29.00,38,High,High,Low,On-Time,7
7643,Basic,Churned,13,21.00,93,Low,Low,Medium,Missed,4
7644,Basic,Churned,13,24.00,244,Low,Low,Low,Delayed,3
7645,Basic,Active,4,23.00,30,Medium,Medium,Medium,On-Time,8
7646,Basic,Active,1,14.00,20,High,High,Low,On-Time,9
7647,Basic,"At Risk",6,24.00,42,Medium,High,Medium,Delayed,10
7648,Enterprise,Active,2,161.00,12,Medium,Medium,Low,On-Time,8
7649,Basic,Active,4,22.00,43,Medium,High,Medium,On-Time,7
7650,Enterprise,Active,2,188.00,2,High,High,Low,Delayed,8
7651,Basic,Churned,9,11.00,101,Low,Low,Low,On-Time,5
7652,Basic,Active,3,14.00,39,Medium,High,Low,On-Time,9
7653,Basic,Active,2,17.00,14,Medium,Medium,Low,On-Time,10
7654,Basic,Active,3,19.00,42,High,Medium,Low,On-Time,8
7655,Basic,"At Risk",7,15.00,62,Low,Medium,Low,On-Time,5
7656,Pro,Active,1,74.00,17,High,High,Low,On-Time,9
7657,Pro,Churned,11,73.00,107,Medium,Medium,High,Delayed,4
7658,Pro,Active,2,77.00,21,High,Medium,Low,On-Time,7
7659,Basic,Active,2,25.00,29,High,High,Medium,On-Time,8
7660,Basic,Churned,11,13.00,104,Medium,Low,Low,Missed,6
7661,Pro,Active,1,55.00,5,High,High,Medium,On-Time,9
7662,Pro,Churned,15,60.00,171,Low,Low,Medium,Missed,1
7663,Basic,Active,2,28.00,16,High,High,Medium,On-Time,9
7664,Basic,Active,1,26.00,12,High,Medium,Low,On-Time,8
7665,Pro,"At Risk",6,54.00,35,Medium,Medium,High,On-Time,7
7666,Basic,Churned,12,20.00,165,Low,Low,Low,Missed,5
7667,Basic,Active,4,25.00,35,High,Medium,Medium,On-Time,10
7668,Basic,Churned,14,19.00,173,Low,Low,Medium,Delayed,1
7669,Basic,Churned,16,28.00,171,Low,Low,High,Missed,1
7670,Pro,Active,1,40.00,22,High,High,Low,On-Time,10
7671,Basic,Churned,9,11.00,82,Low,Medium,Low,Delayed,5
7672,Basic,"At Risk",6,12.00,35,Medium,Medium,Low,Delayed,8
7673,Basic,Active,4,19.00,32,High,High,High,On-Time,10
7674,Basic,Active,3,19.00,43,High,Medium,Low,On-Time,8
7675,Enterprise,Churned,11,224.00,138,Low,Low,Low,Delayed,4
7676,Pro,"At Risk",6,50.00,85,Medium,Medium,Low,On-Time,5
7677,Basic,Active,3,29.00,31,High,Medium,Low,On-Time,8
7678,Basic,Active,2,19.00,38,High,High,Low,On-Time,10
7679,Basic,Churned,15,21.00,295,Low,Low,Medium,Missed,3
7680,Pro,Active,1,68.00,15,High,High,Low,On-Time,9
7681,Pro,Active,1,70.00,3,High,Medium,Low,On-Time,10
7682,Basic,Active,0,18.00,9,High,High,Low,On-Time,9
7683,Pro,"At Risk",5,74.00,40,Medium,Medium,Medium,On-Time,9
7684,Basic,"At Risk",8,17.00,65,Low,Medium,Medium,On-Time,6
7685,Basic,"At Risk",6,24.00,17,Medium,Medium,Medium,Delayed,7
7686,Basic,Active,2,29.00,5,High,Medium,Medium,On-Time,8
7687,Pro,Churned,10,44.00,107,Low,Low,High,On-Time,7
7688,Basic,Active,2,29.00,43,High,High,Low,On-Time,7
7689,Enterprise,Active,4,159.00,27,Medium,High,High,On-Time,7
7690,Basic,Active,2,28.00,8,Medium,Medium,Low,On-Time,7
7691,Pro,Active,2,72.00,1,Medium,Medium,Low,On-Time,9
7692,Basic,Active,3,26.00,32,Medium,High,Low,On-Time,9
7693,Pro,Active,0,45.00,4,High,High,Low,On-Time,7
7694,Enterprise,Active,1,194.00,22,High,High,Low,On-Time,8
7695,Enterprise,Churned,15,207.00,191,Low,Low,High,Delayed,3
7696,Basic,Active,3,21.00,43,Medium,High,Low,On-Time,7
7697,Pro,Active,4,40.00,16,Medium,Medium,Medium,On-Time,7
7698,Basic,Active,2,15.00,14,Medium,High,Medium,On-Time,9
7699,Basic,"At Risk",7,23.00,54,Medium,Medium,Low,Delayed,6
7700,Basic,Active,1,12.00,20,High,High,Low,On-Time,7
7701,Pro,Churned,13,78.00,178,Low,Low,Medium,Missed,4
7702,Basic,Churned,9,28.00,47,Low,Low,Low,Delayed,4
7703,Basic,Active,2,29.00,3,Medium,High,Medium,On-Time,10
7704,Basic,Churned,10,21.00,92,Low,Medium,Low,Delayed,6
7705,Basic,Churned,14,22.00,298,Low,Low,Low,Missed,1
7706,Pro,Active,2,58.00,20,High,High,Medium,On-Time,10
7707,Basic,Active,3,18.00,2,High,Medium,High,On-Time,8
7708,Basic,Active,2,18.00,15,High,Medium,Low,On-Time,9
7709,Basic,Churned,11,14.00,93,Medium,Low,Medium,Delayed,6
7710,Basic,Active,4,26.00,16,High,High,Medium,Delayed,9
7711,Basic,Active,4,21.00,34,Medium,High,Medium,On-Time,9
7712,Basic,Active,3,16.00,35,Medium,High,Low,On-Time,8
7713,Basic,Churned,13,19.00,64,Low,Low,High,Missed,6
7714,Basic,Active,2,13.00,38,High,High,Low,On-Time,9
7715,Enterprise,Active,4,255.00,21,High,Medium,High,On-Time,9
7716,Pro,Active,3,79.00,40,High,High,Medium,On-Time,7
7717,Pro,Active,3,65.00,13,Medium,High,High,On-Time,9
7718,Pro,Active,2,53.00,12,Medium,High,Medium,On-Time,9
7719,Basic,"At Risk",7,27.00,16,Medium,Medium,High,Delayed,9
7720,Basic,Churned,12,12.00,112,Low,Low,Medium,Delayed,4
7721,Basic,Churned,10,16.00,47,Low,Low,High,Delayed,7
7722,Basic,Churned,14,15.00,282,Low,Low,Low,Missed,3
7723,Pro,Active,4,68.00,8,Medium,Medium,High,On-Time,9
7724,Enterprise,Active,2,213.00,22,High,Medium,Low,On-Time,10
7725,Pro,Active,4,75.00,41,High,Medium,Medium,On-Time,9
7726,Basic,Churned,11,27.00,52,Low,Low,Medium,Missed,6
7727,Pro,Active,1,47.00,11,High,High,Medium,On-Time,10
7728,Pro,Active,1,53.00,1,High,High,Medium,On-Time,7
7729,Basic,Churned,11,13.00,118,Low,Medium,Low,Missed,6
7730,Basic,Active,2,18.00,13,Medium,High,Medium,On-Time,7
7731,Pro,Active,3,75.00,33,High,Medium,Low,On-Time,10
7732,Pro,"At Risk",5,43.00,4,Medium,Medium,Medium,Delayed,9
7733,Pro,Churned,13,77.00,136,Low,Low,Medium,Missed,5
7734,Basic,"At Risk",5,24.00,33,Medium,Medium,Medium,On-Time,10
7735,Enterprise,Churned,14,144.00,262,Low,Low,Medium,Delayed,1
7736,Basic,Churned,11,26.00,117,Medium,Low,Medium,Delayed,5
7737,Basic,Active,0,12.00,1,High,High,Low,On-Time,7
7738,Basic,Active,2,16.00,5,Medium,High,Medium,On-Time,7
7739,Pro,Active,4,65.00,41,Medium,High,Medium,On-Time,9
7740,Basic,Active,2,15.00,41,High,High,Low,On-Time,10
7741,Basic,Active,2,13.00,40,High,High,Low,On-Time,8
7742,Basic,Active,3,23.00,3,High,Medium,High,On-Time,8
7743,Pro,Active,3,53.00,2,Medium,Medium,Medium,On-Time,9
7744,Basic,Churned,13,15.00,209,Low,Low,Medium,Missed,4
7745,Pro,Active,2,71.00,26,High,Medium,Low,On-Time,8
7746,Basic,Churned,11,20.00,99,Low,Medium,Medium,Delayed,5
7747,Pro,"At Risk",7,60.00,77,Low,Medium,Low,On-Time,5
7748,Basic,Active,3,26.00,8,High,Medium,High,On-Time,7
7749,Pro,"At Risk",8,42.00,91,Low,Medium,Low,On-Time,5
7750,Basic,Active,2,16.00,12,Medium,High,Medium,On-Time,9
7751,Basic,Active,4,22.00,33,Medium,High,Medium,On-Time,7
7752,Basic,Active,3,24.00,22,High,Medium,Medium,On-Time,10
7753,Pro,Active,3,56.00,20,Medium,Medium,Low,On-Time,9
7754,Basic,Churned,11,14.00,58,Low,Medium,High,Missed,6
7755,Basic,Churned,11,15.00,98,Low,Medium,Medium,Missed,7
7756,Basic,"At Risk",6,21.00,22,Medium,Medium,Medium,Delayed,10
7757,Basic,Active,2,14.00,0,High,High,Low,Delayed,8
7758,Pro,Active,2,70.00,5,High,Medium,Medium,On-Time,10
7759,Basic,"At Risk",5,18.00,40,Medium,Medium,Medium,On-Time,9
7760,Pro,Active,4,46.00,34,High,Medium,Medium,On-Time,8
7761,Basic,Active,4,20.00,34,Medium,High,Medium,On-Time,9
7762,Basic,Active,1,21.00,7,High,High,Medium,On-Time,9
7763,Basic,"At Risk",7,12.00,68,Medium,Low,Low,On-Time,4
7764,Basic,Active,1,28.00,26,High,High,Low,On-Time,9
7765,Basic,Active,2,20.00,9,High,Medium,Medium,On-Time,7
7766,Pro,"At Risk",5,46.00,38,High,Medium,High,On-Time,8
7767,Pro,"At Risk",5,40.00,41,High,Medium,High,On-Time,8
7768,Pro,Active,2,70.00,28,High,High,Medium,On-Time,7
7769,Pro,Active,2,48.00,27,High,Medium,Low,On-Time,8
7770,Basic,Churned,10,14.00,85,Medium,Low,Low,Missed,4
7771,Basic,Active,2,11.00,4,Medium,Medium,Low,On-Time,7
7772,Pro,Active,1,54.00,29,High,High,Low,On-Time,9
7773,Basic,Churned,10,21.00,84,Low,Low,Low,Delayed,5
7774,Enterprise,Churned,14,222.00,287,Low,Low,Low,Missed,3
7775,Pro,Active,0,55.00,6,High,High,Low,On-Time,8
7776,Basic,"At Risk",6,14.00,34,High,Medium,Medium,Delayed,10
7777,Basic,Churned,9,24.00,70,Medium,Low,Low,Delayed,5
7778,Pro,Active,2,71.00,14,Medium,Medium,Low,On-Time,7
7779,Basic,Churned,9,26.00,61,Low,Medium,Low,Delayed,4
7780,Basic,Active,0,25.00,3,High,High,Low,On-Time,7
7781,Basic,Churned,12,13.00,237,Low,Low,Medium,Delayed,5
7782,Pro,Active,1,59.00,1,High,Medium,Low,On-Time,9
7783,Basic,Churned,11,20.00,105,Low,Low,Low,Delayed,4
7784,Basic,Churned,13,12.00,241,Low,Low,Medium,Missed,4
7785,Basic,Churned,12,18.00,168,Low,Low,Low,Missed,5
7786,Pro,Active,4,62.00,40,High,Medium,Medium,On-Time,8
7787,Basic,"At Risk",8,12.00,71,Medium,Medium,Low,Missed,7
7788,Pro,Active,2,55.00,0,High,High,Low,Delayed,10
7789,Pro,Active,0,70.00,9,High,High,Low,On-Time,8
7790,Pro,Active,0,58.00,0,High,High,Low,On-Time,8
7791,Pro,Active,2,71.00,16,Medium,High,Low,On-Time,10
7792,Basic,Active,3,10.00,37,Medium,High,Low,On-Time,10
7793,Pro,Churned,10,60.00,99,Medium,Medium,Medium,Delayed,4
7794,Basic,Active,3,10.00,15,High,Medium,Medium,On-Time,8
7795,Basic,Active,1,16.00,13,Medium,High,Low,On-Time,9
7796,Pro,Churned,9,66.00,65,Medium,Medium,Medium,Delayed,5
7797,Basic,Active,2,11.00,1,High,High,High,On-Time,10
7798,Basic,Active,3,19.00,41,Medium,High,Low,On-Time,10
7799,Pro,Active,2,64.00,19,High,Medium,Low,On-Time,7
7800,Basic,Active,4,21.00,21,Medium,Medium,Medium,On-Time,10
7801,Pro,Active,3,42.00,43,High,Medium,Low,On-Time,7
7802,Enterprise,Active,4,261.00,31,Medium,High,Medium,On-Time,7
7803,Enterprise,Active,3,161.00,30,Medium,Medium,Low,On-Time,9
7804,Basic,Active,2,19.00,21,Medium,High,Low,On-Time,7
7805,Pro,Active,0,62.00,12,High,High,Low,On-Time,8
7806,Basic,Churned,15,20.00,226,Low,Low,Medium,Missed,1
7807,Pro,Active,0,76.00,12,High,High,Low,On-Time,7
7808,Pro,Active,2,73.00,10,Medium,Medium,Low,On-Time,7
7809,Basic,Churned,10,22.00,99,Low,Medium,High,On-Time,6
7810,Basic,Active,4,14.00,24,Medium,Medium,Medium,On-Time,8
7811,Pro,Active,3,53.00,8,High,High,Medium,Delayed,10
7812,Basic,Active,3,19.00,38,High,High,Medium,On-Time,9
7813,Pro,Churned,14,50.00,289,Low,Low,Low,Missed,1
7814,Pro,Active,3,71.00,30,High,Medium,Medium,On-Time,9
7815,Pro,Churned,12,78.00,61,Medium,Low,High,Missed,4
7816,Basic,"At Risk",6,29.00,35,Medium,High,Medium,Delayed,8
7817,Basic,Active,4,13.00,39,Medium,Medium,Low,On-Time,8
7818,Basic,Active,1,28.00,1,Medium,High,Low,On-Time,10
7819,Basic,Active,2,10.00,24,High,Medium,Low,On-Time,10
7820,Basic,Churned,13,28.00,188,Low,Low,Medium,Missed,5
7821,Basic,Active,1,25.00,14,High,Medium,Low,On-Time,8
7822,Basic,Churned,13,27.00,169,Low,Low,Low,Delayed,3
7823,Basic,Active,2,16.00,12,Medium,Medium,Low,On-Time,9
7824,Basic,Churned,14,23.00,227,Low,Low,Medium,Delayed,2
7825,Basic,Active,3,26.00,18,Medium,High,Medium,On-Time,8
7826,Basic,Churned,12,26.00,118,Medium,Low,Medium,Missed,6
7827,Basic,Churned,10,17.00,93,Medium,Low,Low,Delayed,6
7828,Basic,Churned,12,21.00,253,Low,Low,Low,Missed,5
7829,Basic,Churned,9,16.00,107,Medium,Medium,High,On-Time,4
7830,Enterprise,Active,1,231.00,1,High,High,Medium,On-Time,7
7831,Enterprise,"At Risk",5,157.00,41,Medium,Medium,Medium,On-Time,10
7832,Basic,Active,4,29.00,36,Medium,Medium,Low,On-Time,10
7833,Pro,Active,2,70.00,16,High,Medium,Low,On-Time,8
7834,Pro,Active,4,44.00,8,Medium,High,Medium,Delayed,8
7835,Pro,"At Risk",5,50.00,25,Medium,Medium,High,On-Time,7
7836,Pro,Churned,11,54.00,251,Low,Low,Low,Delayed,5
7837,Basic,Active,3,21.00,24,High,High,High,On-Time,7
7838,Basic,"At Risk",8,19.00,115,Low,Medium,Low,On-Time,5
7839,Basic,Active,4,15.00,25,Medium,High,Low,Delayed,10
7840,Enterprise,Churned,13,140.00,215,Low,Low,Low,Delayed,3
7841,Basic,Churned,12,16.00,118,Low,Low,Low,Missed,5
7842,Basic,Active,4,27.00,22,High,Medium,High,On-Time,10
7843,Basic,Active,3,27.00,37,Medium,High,Low,On-Time,7
7844,Basic,Churned,9,26.00,81,Low,Medium,Low,Delayed,6
7845,Pro,Active,3,63.00,35,High,Medium,Low,On-Time,8
7846,Basic,Active,1,18.00,17,High,High,Low,On-Time,9
7847,Pro,Active,1,62.00,30,High,High,Low,On-Time,10
7848,Enterprise,Active,2,197.00,18,Medium,High,Low,On-Time,10
7849,Pro,Churned,12,40.00,119,Low,Low,Low,Missed,6
7850,Pro,"At Risk",5,67.00,38,High,Medium,Low,Delayed,10
7851,Pro,Active,3,77.00,6,High,Medium,High,On-Time,7
7852,Basic,Churned,10,24.00,116,Medium,Low,Low,Delayed,6
7853,Basic,Active,3,26.00,18,Medium,High,Medium,On-Time,7
7854,Pro,Active,3,52.00,28,High,Medium,Medium,On-Time,9
7855,Basic,"At Risk",5,19.00,9,High,Medium,High,Delayed,8
7856,Basic,Churned,9,19.00,55,Low,Low,Low,Delayed,6
7857,Basic,Active,4,15.00,44,Medium,High,Medium,On-Time,9
7858,Basic,Active,2,14.00,28,High,Medium,Low,On-Time,10
7859,Basic,Active,4,10.00,37,High,Medium,Medium,On-Time,9
7860,Pro,Churned,9,73.00,102,Low,Low,Low,On-Time,6
7861,Pro,"At Risk",8,59.00,115,Medium,Medium,Low,Delayed,7
7862,Pro,Churned,9,72.00,110,Medium,Low,Medium,On-Time,6
7863,Enterprise,Churned,12,190.00,134,Low,Low,Low,Missed,5
7864,Pro,"At Risk",8,65.00,46,Medium,Low,High,On-Time,6
7865,Pro,Active,1,78.00,3,High,Medium,Low,On-Time,7
7866,Basic,Active,2,18.00,28,High,High,Medium,On-Time,8
7867,Pro,"At Risk",5,45.00,37,Medium,Medium,Medium,On-Time,10
7868,Basic,Active,2,23.00,22,Medium,High,Low,On-Time,10
7869,Pro,Active,4,75.00,23,High,Medium,High,On-Time,10
7870,Basic,Active,1,18.00,4,Medium,High,Low,On-Time,9
7871,Pro,Active,4,58.00,15,High,Medium,High,On-Time,8
7872,Pro,Active,4,67.00,35,Medium,Medium,Low,On-Time,9
7873,Basic,Active,3,22.00,44,High,High,Medium,On-Time,8
7874,Basic,Active,1,22.00,30,High,High,Low,On-Time,9
7875,Pro,Churned,9,42.00,88,Medium,Low,Low,Delayed,4
7876,Pro,Churned,9,76.00,81,Low,Low,Low,Delayed,7
7877,Basic,Active,4,21.00,32,Medium,Medium,Low,On-Time,9
7878,Basic,Active,2,10.00,17,Medium,High,Low,On-Time,10
7879,Basic,Churned,15,27.00,168,Low,Low,Medium,Missed,1
7880,Enterprise,Churned,12,225.00,290,Low,Low,Medium,Delayed,4
7881,Basic,Active,1,29.00,12,Medium,High,Low,On-Time,7
7882,Basic,Churned,14,13.00,154,Low,Low,Low,Missed,3
7883,Pro,Active,1,48.00,13,Medium,High,Low,On-Time,7
7884,Basic,Active,4,16.00,35,Medium,High,Medium,On-Time,7
7885,Pro,Active,1,73.00,21,High,High,Low,On-Time,10
7886,Basic,Active,3,14.00,41,High,High,Medium,On-Time,8
7887,Pro,Churned,9,63.00,72,Medium,Medium,Medium,Delayed,4
7888,Enterprise,Active,2,164.00,20,High,High,Medium,On-Time,9
7889,Pro,Active,2,40.00,8,High,Medium,Medium,On-Time,9
7890,Basic,Churned,12,11.00,101,Low,Low,High,Delayed,7
7891,Pro,Active,4,69.00,3,Medium,Medium,High,On-Time,7
7892,Pro,Active,3,74.00,38,High,High,Medium,On-Time,7
7893,Pro,Active,4,73.00,41,High,Medium,Medium,On-Time,7
7894,Enterprise,Active,3,163.00,19,High,Medium,Medium,On-Time,9
7895,Enterprise,"At Risk",6,122.00,75,Medium,Medium,Low,On-Time,5
7896,Basic,"At Risk",6,29.00,43,Medium,Medium,Low,Delayed,7
7897,Pro,Active,3,58.00,29,Medium,High,Medium,On-Time,10
7898,Enterprise,Active,3,193.00,13,High,Medium,High,On-Time,8
7899,Basic,Active,4,24.00,38,Medium,Medium,Low,On-Time,8
7900,Enterprise,Active,2,193.00,24,High,Medium,Low,On-Time,10
7901,Enterprise,"At Risk",5,277.00,78,Medium,Medium,Low,On-Time,7
7902,Pro,Active,3,72.00,16,High,Medium,Medium,On-Time,7
7903,Enterprise,Active,3,133.00,33,High,Medium,Low,On-Time,10
7904,Pro,Active,3,64.00,8,Medium,Medium,Medium,On-Time,10
7905,Pro,Active,3,55.00,24,High,High,Low,Delayed,10
7906,Basic,Active,4,22.00,30,High,Medium,High,On-Time,7
7907,Pro,Active,2,75.00,35,High,High,Low,On-Time,10
7908,Pro,Churned,12,60.00,112,Low,Low,Medium,Delayed,5
7909,Basic,"At Risk",5,24.00,21,Medium,Medium,Low,Delayed,9
7910,Basic,Active,2,19.00,5,High,Medium,Medium,On-Time,10
7911,Pro,Active,4,67.00,31,Medium,Medium,Low,On-Time,7
7912,Enterprise,Churned,10,201.00,95,Medium,Low,High,On-Time,4
7913,Pro,Active,4,59.00,41,Medium,High,Medium,On-Time,7
7914,Basic,Churned,12,21.00,134,Low,Low,Low,Missed,4
7915,Pro,"At Risk",8,69.00,87,Medium,Medium,Low,Delayed,4
7916,Pro,Active,2,59.00,23,High,Medium,Low,On-Time,8
7917,Pro,Churned,13,67.00,175,Low,Low,Low,Delayed,3
7918,Basic,Churned,9,16.00,50,Low,Low,Medium,Delayed,7
7919,Pro,Active,2,49.00,8,High,High,High,On-Time,8
7920,Basic,"At Risk",5,16.00,31,Medium,Medium,Medium,On-Time,10
7921,Basic,Active,1,26.00,25,High,High,Low,On-Time,9
7922,Pro,Active,3,43.00,9,High,High,Medium,Delayed,10
7923,Pro,Churned,9,72.00,90,Medium,Low,Medium,Delayed,7
7924,Basic,"At Risk",7,16.00,44,Medium,High,High,Delayed,9
7925,Basic,Churned,11,28.00,154,Low,Low,Low,Delayed,5
7926,Pro,Churned,10,79.00,99,Low,Low,Medium,On-Time,6
7927,Pro,Active,0,79.00,3,High,High,Low,On-Time,7
7928,Basic,Churned,11,23.00,240,Low,Low,Low,Delayed,4
7929,Pro,Active,3,59.00,41,High,High,Medium,On-Time,9
7930,Basic,Active,4,18.00,37,High,High,Low,Delayed,8
7931,Basic,Active,1,18.00,23,High,High,Low,On-Time,7
7932,Basic,Active,3,22.00,17,Medium,Medium,Low,On-Time,8
7933,Pro,"At Risk",6,56.00,40,Medium,Medium,Low,Delayed,9
7934,Pro,Churned,10,75.00,64,Medium,Low,Medium,Delayed,5
7935,Pro,Active,2,77.00,19,High,Medium,Low,On-Time,8
7936,Enterprise,Churned,14,240.00,254,Low,Low,Medium,Delayed,1
7937,Pro,Active,2,63.00,14,Medium,Medium,Low,On-Time,7
7938,Pro,"At Risk",7,43.00,82,Low,Medium,Low,On-Time,6
7939,Basic,Active,4,13.00,4,High,High,High,Delayed,9
7940,Basic,"At Risk",5,22.00,32,High,High,Medium,Delayed,8
7941,Pro,Active,3,53.00,25,High,Medium,Medium,On-Time,8
7942,Basic,Churned,12,10.00,94,Low,Low,Medium,Delayed,6
7943,Pro,Active,0,43.00,4,High,High,Low,On-Time,7
7944,Basic,Active,2,26.00,27,High,High,Medium,On-Time,8
7945,Basic,Active,2,16.00,8,Medium,Medium,Low,On-Time,8
7946,Basic,Active,2,23.00,12,Medium,High,Medium,On-Time,7
7947,Basic,Churned,11,20.00,66,Low,Low,Medium,Delayed,6
7948,Basic,Active,4,21.00,20,Medium,Medium,Medium,On-Time,10
7949,Pro,Active,3,46.00,26,Medium,High,Medium,On-Time,7
7950,Basic,Active,4,28.00,29,High,High,Medium,Delayed,7
7951,Basic,Churned,12,28.00,158,Low,Low,Low,Missed,4
7952,Pro,Churned,14,74.00,191,Low,Low,Low,Missed,1
7953,Basic,"At Risk",5,13.00,17,Medium,Medium,High,On-Time,9
7954,Basic,Churned,9,11.00,74,Medium,Low,Low,Delayed,5
7955,Basic,Churned,13,16.00,190,Low,Low,Low,Delayed,3
7956,Basic,Active,3,23.00,38,High,Medium,Low,On-Time,7
7957,Pro,Active,3,56.00,35,High,Medium,Low,On-Time,10
7958,Pro,Churned,13,47.00,135,Low,Low,Medium,Missed,4
7959,Basic,Churned,12,26.00,77,Low,Medium,High,Missed,6
7960,Basic,Active,0,17.00,12,High,High,Low,On-Time,7
7961,Pro,Active,4,77.00,9,Medium,High,Medium,Delayed,10
7962,Basic,Active,2,15.00,9,Medium,Medium,Low,On-Time,9
7963,Basic,Churned,9,13.00,83,Low,Low,Medium,On-Time,6
7964,Basic,Active,2,15.00,13,High,Medium,Medium,On-Time,10
7965,Pro,Active,3,62.00,31,High,High,Medium,On-Time,9
7966,Pro,Churned,13,66.00,205,Low,Low,Low,Delayed,1
7967,Basic,Active,1,24.00,12,High,Medium,Low,On-Time,9
7968,Enterprise,Churned,11,163.00,70,Medium,Low,High,Delayed,6
7969,Basic,Active,0,24.00,4,High,High,Low,On-Time,7
7970,Enterprise,Churned,10,280.00,87,Medium,Low,Low,Missed,4
7971,Pro,Active,2,79.00,34,High,High,Low,On-Time,9
7972,Basic,Active,4,11.00,33,Medium,High,Medium,On-Time,10
7973,Enterprise,Churned,14,195.00,267,Low,Low,Medium,Delayed,3
7974,Basic,Churned,9,20.00,116,Medium,Low,Medium,On-Time,6
7975,Basic,Active,2,16.00,17,High,High,Medium,On-Time,9
7976,Basic,Active,4,14.00,32,High,Medium,Medium,On-Time,7
7977,Basic,Active,1,20.00,19,High,High,Low,On-Time,10
7978,Basic,Active,3,20.00,41,Medium,High,Low,On-Time,8
7979,Basic,Active,2,17.00,9,Medium,Medium,Low,On-Time,9
7980,Basic,Active,3,25.00,25,Medium,Medium,Low,On-Time,7
7981,Enterprise,Active,4,132.00,18,High,Medium,Low,Delayed,8
7982,Basic,Active,4,26.00,37,High,Medium,Medium,On-Time,8
7983,Enterprise,Active,4,123.00,44,High,High,High,On-Time,9
7984,Basic,Churned,13,22.00,286,Low,Low,Medium,Missed,4
7985,Basic,Churned,13,26.00,157,Low,Low,Low,Delayed,3
7986,Pro,"At Risk",8,56.00,62,Low,Medium,Medium,On-Time,6
7987,Basic,Active,2,21.00,1,Medium,High,Medium,On-Time,9
7988,Basic,Active,4,14.00,12,High,Medium,Medium,Delayed,10
7989,Pro,Active,4,64.00,29,Medium,High,High,On-Time,8
7990,Pro,Active,1,54.00,3,High,High,Medium,On-Time,9
7991,Basic,Active,4,14.00,35,Medium,High,Medium,On-Time,9
7992,Basic,Active,1,18.00,1,High,High,Medium,On-Time,10
7993,Pro,Active,3,61.00,37,High,High,Medium,On-Time,9
7994,Enterprise,Active,4,123.00,39,Medium,Medium,Low,On-Time,8
7995,Pro,Active,2,41.00,40,High,High,Low,On-Time,10
7996,Basic,Active,3,20.00,12,Medium,High,Low,Delayed,10
7997,Basic,Churned,11,17.00,73,Low,Low,Medium,Delayed,5
7998,Basic,"At Risk",8,26.00,77,Low,Low,Low,On-Time,5
7999,Basic,Active,2,18.00,30,High,Medium,Low,On-Time,8
8000,Enterprise,"At Risk",5,172.00,37,Medium,High,Low,Delayed,8
8001,Pro,Churned,9,61.00,63,Low,Low,Low,Delayed,7
8002,Pro,Active,0,41.00,2,High,High,Low,On-Time,9
8003,Basic,Churned,15,15.00,224,Low,Low,Medium,Missed,2
8004,Basic,Active,1,18.00,5,High,High,Medium,On-Time,7
8005,Pro,"At Risk",6,68.00,3,Medium,Medium,High,Delayed,9
8006,Basic,Active,3,28.00,43,High,Medium,Low,On-Time,7
8007,Basic,Active,1,14.00,2,High,Medium,Low,On-Time,10
8008,Pro,Active,3,73.00,31,High,Medium,Low,On-Time,10
8009,Pro,Churned,10,46.00,100,Low,Medium,Low,Delayed,4
8010,Pro,Active,2,57.00,0,Medium,Medium,Low,On-Time,7
8011,Basic,Active,1,10.00,19,High,High,Low,On-Time,10
8012,Basic,Active,3,16.00,4,Medium,Medium,Medium,On-Time,7
8013,Pro,Churned,10,52.00,103,Medium,Low,Low,Delayed,6
8014,Basic,Active,3,27.00,1,High,Medium,Low,Delayed,8
8015,Pro,Churned,9,57.00,58,Medium,Low,Medium,Delayed,5
8016,Pro,Active,1,41.00,6,High,High,Medium,On-Time,9
8017,Basic,Active,2,17.00,41,High,High,Low,On-Time,8
8018,Basic,"At Risk",6,17.00,30,High,Medium,High,Delayed,10
8019,Basic,Active,2,14.00,28,High,Medium,Low,On-Time,9
8020,Basic,Active,2,23.00,17,High,Medium,Low,On-Time,7
8021,Basic,Active,4,23.00,37,High,High,Low,Delayed,7
8022,Basic,Active,1,27.00,0,Medium,High,Low,On-Time,10
8023,Basic,Active,2,18.00,21,High,Medium,Low,On-Time,7
8024,Pro,"At Risk",8,54.00,54,Medium,Low,Medium,Delayed,7
8025,Pro,Active,3,72.00,9,High,Medium,High,On-Time,7
8026,Basic,Active,3,15.00,40,High,Medium,Low,On-Time,8
8027,Basic,Active,2,16.00,26,High,Medium,Low,On-Time,9
8028,Pro,Active,3,74.00,26,High,High,High,On-Time,8
8029,Basic,Active,3,26.00,2,High,Medium,Low,Delayed,8
8030,Basic,Active,0,22.00,7,High,High,Low,On-Time,8
8031,Pro,Active,3,50.00,31,High,Medium,Low,On-Time,8
8032,Basic,Active,2,28.00,19,Medium,High,Low,On-Time,7
8033,Pro,Active,3,75.00,27,High,High,Low,Delayed,10
8034,Basic,Churned,11,22.00,111,Low,Medium,Medium,Delayed,5
8035,Basic,"At Risk",8,16.00,69,Medium,Medium,Low,Delayed,4
8036,Basic,"At Risk",7,28.00,31,High,Medium,High,Delayed,8
8037,Pro,Active,4,48.00,40,Medium,Medium,Low,On-Time,10
8038,Basic,Active,3,27.00,24,High,Medium,Medium,On-Time,7
8039,Pro,Churned,14,56.00,227,Low,Low,Low,Missed,1
8040,Enterprise,Active,3,131.00,20,Medium,Medium,Low,On-Time,7
8041,Basic,"At Risk",8,20.00,66,Low,Low,Low,On-Time,5
8042,Basic,"At Risk",5,17.00,29,Medium,Medium,High,On-Time,10
8043,Basic,Active,4,25.00,38,High,Medium,Medium,On-Time,7
8044,Pro,Active,1,62.00,17,High,High,Low,On-Time,9
8045,Basic,Active,4,15.00,39,High,High,High,On-Time,10
8046,Enterprise,Active,3,221.00,22,High,Medium,Medium,On-Time,9
8047,Pro,Churned,9,58.00,97,Medium,Low,High,On-Time,7
8048,Basic,Active,2,16.00,21,High,High,Medium,On-Time,9
8049,Basic,Active,3,28.00,21,Medium,Medium,Low,On-Time,7
8050,Pro,Churned,9,58.00,53,Low,Medium,Medium,Delayed,6
8051,Basic,Active,3,14.00,20,High,High,High,On-Time,7
8052,Basic,Churned,14,18.00,229,Low,Low,Low,Missed,1
8053,Pro,Active,2,51.00,3,Medium,High,Medium,On-Time,7
8054,Basic,Active,3,17.00,34,Medium,High,Low,On-Time,8
8055,Pro,Active,3,79.00,0,Medium,High,Low,Delayed,10
8056,Basic,Active,3,16.00,39,Medium,High,Low,On-Time,10
8057,Basic,Active,0,10.00,2,High,High,Low,On-Time,10
8058,Basic,Churned,13,28.00,275,Low,Low,Medium,Missed,5
8059,Basic,Active,3,14.00,20,Medium,Medium,Low,On-Time,7
8060,Pro,Churned,9,71.00,87,Low,Medium,Low,Delayed,4
8061,Enterprise,Active,3,195.00,34,High,High,Medium,On-Time,7
8062,Pro,Churned,13,41.00,94,Low,Low,High,Delayed,6
8063,Basic,"At Risk",5,19.00,38,High,Medium,Low,Delayed,8
8064,Enterprise,Active,2,293.00,44,High,High,Low,On-Time,10
8065,Basic,Churned,11,27.00,100,Low,Low,Low,Delayed,5
8066,Pro,Active,2,57.00,30,Medium,High,Low,On-Time,8
8067,Basic,Active,4,22.00,15,Medium,Medium,Medium,On-Time,7
8068,Basic,"At Risk",6,12.00,19,High,Medium,High,Delayed,10
8069,Basic,Active,4,15.00,2,High,Medium,Medium,Delayed,7
8070,Basic,Active,1,28.00,6,Medium,High,Low,On-Time,7
8071,Basic,"At Risk",8,25.00,99,Medium,Medium,Medium,On-Time,5
8072,Pro,"At Risk",7,66.00,67,Medium,Low,Low,On-Time,6
8073,Basic,Churned,14,12.00,283,Low,Low,Low,Missed,2
8074,Pro,Active,4,68.00,41,High,Medium,Medium,On-Time,10
8075,Basic,Active,3,19.00,44,High,Medium,Low,On-Time,8
8076,Basic,Active,1,28.00,15,High,High,Low,On-Time,8
8077,Pro,"At Risk",8,42.00,97,Low,Low,Low,On-Time,7
8078,Pro,"At Risk",5,60.00,19,Medium,Medium,High,On-Time,8
8079,Basic,Active,2,17.00,30,High,Medium,Low,On-Time,7
8080,Pro,Active,1,58.00,29,High,High,Low,On-Time,8
8081,Basic,Churned,13,19.00,219,Low,Low,Low,Delayed,3
8082,Basic,Active,2,23.00,27,High,Medium,Low,On-Time,9
8083,Enterprise,Active,4,130.00,36,High,Medium,Medium,On-Time,7
8084,Enterprise,Active,3,189.00,9,Medium,High,High,On-Time,10
8085,Basic,Active,2,19.00,27,High,Medium,Low,On-Time,8
8086,Pro,Active,2,40.00,7,Medium,High,Medium,On-Time,7
8087,Basic,Active,3,16.00,37,High,Medium,Low,On-Time,8
8088,Pro,Active,2,55.00,23,Medium,High,Low,On-Time,7
8089,Basic,Active,2,15.00,32,High,High,Low,On-Time,9
8090,Enterprise,"At Risk",8,169.00,109,Low,Medium,Low,On-Time,4
8091,Basic,Churned,15,18.00,192,Low,Low,High,Delayed,2
8092,Basic,Active,4,11.00,40,High,High,Low,Delayed,10
8093,Enterprise,Active,2,208.00,9,High,Medium,Medium,On-Time,10
8094,Basic,"At Risk",5,16.00,44,High,Medium,High,On-Time,9
8095,Pro,Active,2,64.00,21,High,Medium,Low,On-Time,9
8096,Basic,Active,2,29.00,19,High,Medium,Low,On-Time,7
8097,Basic,Churned,10,11.00,92,Low,Medium,Low,Delayed,4
8098,Pro,"At Risk",7,63.00,110,Medium,Low,Low,On-Time,7
8099,Basic,Churned,10,16.00,59,Low,Low,Medium,Delayed,6
8100,Basic,"At Risk",5,12.00,24,Medium,High,Medium,Delayed,7
8101,Pro,Churned,11,71.00,79,Low,Low,Medium,Delayed,5
8102,Pro,"At Risk",5,58.00,30,Medium,Medium,Low,Delayed,10
8103,Pro,Active,1,41.00,6,High,Medium,Low,On-Time,7
8104,Basic,Active,1,18.00,7,High,High,Medium,On-Time,7
8105,Basic,Active,2,24.00,11,High,High,High,On-Time,8
8106,Basic,Active,2,17.00,13,High,Medium,Medium,On-Time,10
8107,Basic,Active,1,20.00,6,High,Medium,Low,On-Time,8
8108,Pro,"At Risk",5,58.00,35,Medium,High,Low,Delayed,9
8109,Pro,Active,2,57.00,5,High,High,High,On-Time,8
8110,Basic,Churned,11,18.00,105,Low,Low,Low,Delayed,5
8111,Enterprise,Churned,10,136.00,78,Low,Low,Low,Delayed,5
8112,Basic,Active,2,24.00,24,High,High,Medium,On-Time,7
8113,Basic,Active,3,29.00,6,Medium,High,Low,Delayed,7
8114,Basic,Active,0,20.00,1,High,High,Low,On-Time,8
8115,Basic,Active,4,28.00,38,Medium,Medium,Low,On-Time,7
8116,Enterprise,"At Risk",6,230.00,31,Medium,Medium,High,On-Time,7
8117,Basic,Churned,11,10.00,102,Low,Medium,Low,Missed,4
8118,Basic,Churned,13,10.00,91,Medium,Low,High,Missed,6
8119,Basic,Active,1,10.00,8,High,Medium,Low,On-Time,9
8120,Basic,Active,3,16.00,12,Medium,Medium,Medium,On-Time,10
8121,Enterprise,Churned,16,201.00,254,Low,Low,High,Missed,2
8122,Basic,Churned,15,20.00,293,Low,Low,Medium,Missed,2
8123,Basic,Active,2,19.00,12,High,Medium,Medium,On-Time,8
8124,Pro,Active,2,66.00,13,Medium,Medium,Low,On-Time,10
8125,Basic,Active,1,27.00,11,High,Medium,Low,On-Time,10
8126,Basic,Active,4,16.00,13,High,Medium,Medium,Delayed,9
8127,Basic,"At Risk",5,23.00,44,Medium,High,High,On-Time,7
8128,Basic,Active,3,17.00,4,Medium,Medium,Medium,On-Time,10
8129,Pro,Active,1,59.00,10,Medium,High,Low,On-Time,7
8130,Pro,"At Risk",8,49.00,56,Medium,Low,Low,Delayed,5
8131,Basic,"At Risk",7,20.00,19,Medium,Medium,High,Delayed,7
8132,Pro,Churned,9,77.00,46,Low,Low,Low,Missed,7
8133,Pro,Active,1,43.00,9,Medium,High,Low,On-Time,7
8134,Enterprise,Active,2,195.00,0,High,High,Low,Delayed,9
8135,Enterprise,Active,2,205.00,17,High,Medium,Low,On-Time,10
8136,Pro,Churned,11,72.00,119,Medium,Low,Low,Missed,6
8137,Enterprise,"At Risk",5,195.00,40,Medium,Medium,Medium,On-Time,7
8138,Enterprise,Active,1,160.00,5,High,High,Medium,On-Time,8
8139,Basic,"At Risk",5,22.00,31,Medium,Medium,Medium,On-Time,8
8140,Pro,Active,3,44.00,17,Medium,High,Medium,On-Time,7
8141,Pro,Churned,12,48.00,226,Low,Low,Medium,Delayed,5
8142,Pro,Active,3,55.00,18,High,High,Low,Delayed,9
8143,Enterprise,Active,2,169.00,19,High,High,Medium,On-Time,7
8144,Basic,"At Risk",8,28.00,65,Medium,Low,High,On-Time,7
8145,Basic,Active,0,18.00,1,High,High,Low,On-Time,10
8146,Basic,Churned,13,29.00,98,Low,Low,High,Delayed,6
8147,Basic,Churned,16,27.00,205,Low,Low,High,Missed,1
8148,Basic,Active,3,20.00,44,High,Medium,Low,On-Time,7
8149,Basic,"At Risk",5,10.00,44,Medium,High,High,On-Time,7
8150,Pro,Churned,11,60.00,68,Low,Low,Medium,Delayed,6
8151,Pro,Active,0,78.00,0,High,High,Low,On-Time,10
8152,Basic,Active,2,13.00,30,High,Medium,Low,On-Time,7
8153,Pro,Active,2,64.00,13,Medium,High,Medium,On-Time,8
8154,Basic,Active,2,11.00,13,High,Medium,Medium,On-Time,8
8155,Basic,Active,2,11.00,7,Medium,Medium,Low,On-Time,7
8156,Basic,Active,2,19.00,3,High,Medium,Medium,On-Time,9
8157,Pro,Active,4,66.00,16,Medium,Medium,Medium,On-Time,10
8158,Pro,Churned,11,76.00,136,Low,Low,Low,Delayed,5
8159,Pro,"At Risk",6,78.00,41,High,High,High,Delayed,8
8160,Enterprise,Active,4,274.00,33,High,High,High,On-Time,9
8161,Basic,Churned,10,10.00,57,Low,Low,Medium,Delayed,5
8162,Enterprise,"At Risk",8,170.00,83,Medium,Medium,Low,Delayed,5
8163,Pro,Churned,16,55.00,159,Low,Low,High,Missed,1
8164,Enterprise,Active,3,193.00,24,Medium,High,Medium,On-Time,10
8165,Basic,Active,3,12.00,38,Medium,High,Low,On-Time,7
8166,Basic,"At Risk",5,27.00,44,Medium,Medium,Medium,On-Time,7
8167,Enterprise,Active,2,182.00,28,High,Medium,Low,On-Time,10
8168,Basic,Active,4,22.00,39,Medium,Medium,Low,On-Time,8
8169,Basic,Active,3,20.00,24,Medium,Medium,Low,On-Time,7
8170,Pro,Active,2,41.00,43,High,High,Low,On-Time,7
8171,Basic,"At Risk",8,17.00,50,Low,Medium,High,On-Time,6
8172,Pro,Active,0,66.00,12,High,High,Low,On-Time,8
8173,Basic,Active,3,20.00,28,Medium,High,Medium,On-Time,10
8174,Pro,"At Risk",5,76.00,25,Medium,Medium,High,On-Time,8
8175,Pro,Active,3,68.00,3,High,High,Medium,Delayed,10
8176,Basic,Churned,10,15.00,63,Medium,Low,Medium,Delayed,6
8177,Pro,Churned,12,55.00,62,Low,Low,High,Delayed,5
8178,Basic,Active,3,12.00,35,High,High,Medium,On-Time,8
8179,Basic,Active,2,21.00,11,High,Medium,Medium,On-Time,9
8180,Pro,Active,2,67.00,44,High,High,Low,On-Time,7
8181,Enterprise,Active,2,246.00,14,High,Medium,Medium,On-Time,9
8182,Basic,Churned,11,24.00,109,Low,Low,Low,Delayed,4
8183,Basic,Churned,15,22.00,149,Low,Low,Medium,Missed,2
8184,Pro,"At Risk",8,54.00,65,Low,Medium,Low,Delayed,7
8185,Pro,"At Risk",5,62.00,3,High,Medium,High,Delayed,10
8186,Enterprise,Churned,11,190.00,69,Low,Medium,High,Delayed,4
8187,Basic,Active,3,22.00,35,High,Medium,Low,On-Time,9
8188,Pro,Active,3,78.00,44,High,High,Medium,On-Time,9
8189,Basic,Active,2,28.00,11,High,High,High,On-Time,8
8190,Enterprise,Active,3,151.00,19,High,Medium,Medium,On-Time,10
8191,Pro,Active,2,71.00,0,High,Medium,Medium,On-Time,7
8192,Basic,Churned,11,26.00,106,Medium,Low,Low,Missed,5
8193,Basic,Churned,14,29.00,260,Low,Low,Low,Missed,3
8194,Pro,Churned,12,51.00,166,Low,Low,Low,Missed,5
8195,Basic,Active,1,23.00,18,High,High,Low,On-Time,10
8196,Pro,Churned,11,66.00,60,Low,Medium,High,Delayed,4
8197,Pro,Active,1,60.00,27,High,High,Low,On-Time,7
8198,Pro,Active,3,64.00,6,High,Medium,Low,Delayed,9
8199,Basic,Churned,12,29.00,113,Medium,Low,Medium,Missed,5
8200,Basic,Churned,10,13.00,86,Low,Medium,Medium,Delayed,5
8201,Basic,"At Risk",5,18.00,34,High,Medium,Low,Delayed,7
8202,Pro,Active,2,60.00,13,High,High,High,On-Time,7
8203,Basic,Active,4,17.00,25,Medium,Medium,Medium,On-Time,9
8204,Pro,"At Risk",5,54.00,38,High,Medium,High,On-Time,7
8205,Basic,Active,3,27.00,20,High,Medium,Medium,On-Time,8
8206,Enterprise,Active,2,206.00,22,High,High,Medium,On-Time,7
8207,Basic,Active,0,25.00,12,High,High,Low,On-Time,10
8208,Basic,Churned,10,16.00,55,Low,Low,Low,Missed,5
8209,Pro,Churned,11,55.00,118,Medium,Low,Low,Missed,4
8210,Basic,Churned,10,23.00,104,Medium,Medium,Medium,Delayed,6
8211,Basic,"At Risk",7,16.00,48,Medium,Low,Low,Delayed,7
8212,Pro,Active,4,55.00,37,High,High,High,On-Time,7
8213,Basic,Active,3,21.00,32,High,High,Medium,On-Time,7
8214,Enterprise,Active,3,249.00,44,High,Medium,Low,On-Time,8
8215,Basic,Active,2,17.00,16,High,Medium,Low,On-Time,10
8216,Pro,"At Risk",6,52.00,39,High,Medium,Medium,Delayed,7
8217,Basic,Active,2,17.00,22,High,High,Medium,On-Time,7
8218,Pro,Active,1,44.00,11,High,High,Medium,On-Time,8
8219,Pro,Active,2,46.00,16,High,High,Medium,On-Time,7
8220,Basic,Churned,11,25.00,89,Low,Low,Low,Missed,5
8221,Basic,Active,3,24.00,40,High,High,Medium,On-Time,9
8222,Basic,Active,2,17.00,1,Medium,High,Medium,On-Time,7
8223,Pro,Churned,9,40.00,75,Medium,Low,Medium,Delayed,7
8224,Pro,Active,2,58.00,27,High,Medium,Low,On-Time,9
8225,Pro,Active,4,70.00,31,High,Medium,Medium,On-Time,10
8226,Pro,Active,4,75.00,26,Medium,High,High,On-Time,8
8227,Basic,Active,1,28.00,22,High,High,Low,On-Time,10
8228,Basic,"At Risk",5,14.00,42,High,High,Medium,Delayed,7
8229,Basic,Active,3,27.00,44,High,Medium,Low,On-Time,10
8230,Basic,Active,2,26.00,22,High,Medium,Low,On-Time,10
8231,Basic,"At Risk",6,18.00,39,Medium,Medium,Low,Delayed,8
8232,Basic,Active,4,28.00,16,High,Medium,High,On-Time,9
8233,Basic,Active,2,21.00,20,Medium,High,Low,On-Time,7
8234,Basic,Active,3,10.00,3,High,Medium,High,On-Time,7
8235,Basic,Churned,15,13.00,260,Low,Low,Medium,Missed,3
8236,Pro,Active,2,60.00,11,High,High,Low,Delayed,9
8237,Basic,Active,1,10.00,6,High,Medium,Low,On-Time,7
8238,Pro,Churned,10,79.00,74,Low,Low,Low,Delayed,4
8239,Basic,Active,4,12.00,27,Medium,High,High,On-Time,10
8240,Pro,Churned,11,76.00,116,Medium,Low,Low,Missed,4
8241,Basic,Active,4,17.00,41,High,Medium,Medium,On-Time,9
8242,Pro,Active,3,45.00,7,High,Medium,Low,Delayed,8
8243,Basic,Active,3,13.00,32,Medium,High,Low,On-Time,9
8244,Basic,"At Risk",5,23.00,40,Medium,Medium,Medium,On-Time,8
8245,Basic,Active,2,20.00,40,High,High,Low,On-Time,7
8246,Basic,"At Risk",7,23.00,86,Low,Low,Low,On-Time,7
8247,Pro,Active,2,71.00,15,Medium,High,Low,On-Time,9
8248,Pro,"At Risk",7,71.00,84,Low,Medium,Low,On-Time,4
8249,Basic,Churned,15,14.00,260,Low,Low,Medium,Missed,3
8250,Pro,Churned,9,72.00,85,Low,Low,Medium,On-Time,6
8251,Basic,"At Risk",8,18.00,55,Low,Low,Medium,On-Time,5
8252,Pro,"At Risk",7,56.00,64,Low,Medium,Low,On-Time,4
8253,Pro,Churned,9,51.00,75,Medium,Low,Low,Delayed,6
8254,Basic,Active,1,24.00,6,High,High,Medium,On-Time,7
8255,Basic,Active,0,15.00,8,High,High,Low,On-Time,10
8256,Basic,Active,4,20.00,38,Medium,Medium,Low,On-Time,8
8257,Pro,Active,2,47.00,25,High,Medium,Low,On-Time,8
8258,Basic,Active,3,24.00,22,Medium,Medium,Low,On-Time,10
8259,Enterprise,Active,3,267.00,4,Medium,Medium,Medium,On-Time,8
8260,Basic,Active,1,13.00,20,High,High,Low,On-Time,9
8261,Basic,Active,3,13.00,43,High,Medium,Low,On-Time,8
8262,Basic,Churned,15,13.00,246,Low,Low,Medium,Missed,3
8263,Basic,Active,3,10.00,12,High,Medium,High,On-Time,9
8264,Pro,Active,4,73.00,25,High,Medium,Low,Delayed,8
8265,Basic,Active,3,20.00,4,High,Medium,Low,Delayed,9
8266,Basic,Churned,14,15.00,211,Low,Low,Low,Missed,1
8267,Basic,"At Risk",5,24.00,41,Medium,Medium,Medium,On-Time,7
8268,Basic,Churned,9,17.00,95,Low,Low,Low,On-Time,6
8269,Basic,Active,2,23.00,25,High,Medium,Low,On-Time,9
8270,Pro,"At Risk",8,71.00,90,Low,Low,Low,On-Time,5
8271,Pro,"At Risk",5,76.00,14,Medium,Medium,Medium,Delayed,7
8272,Pro,Active,0,60.00,1,High,High,Low,On-Time,7
8273,Basic,Active,3,20.00,27,Medium,High,Medium,On-Time,8
8274,Basic,"At Risk",7,16.00,81,Medium,Medium,Low,Delayed,7
8275,Basic,Churned,15,10.00,219,Low,Low,Medium,Missed,1
8276,Pro,Active,3,65.00,6,High,Medium,High,On-Time,7
8277,Basic,Churned,12,19.00,75,Low,Low,High,Missed,7
8278,Basic,Active,2,15.00,12,Medium,Medium,Low,On-Time,7
8279,Basic,Active,1,28.00,30,High,High,Low,On-Time,7
8280,Basic,Churned,12,23.00,93,Low,Low,High,Delayed,7
8281,Pro,Active,2,73.00,36,High,High,Low,On-Time,9
8282,Basic,Churned,13,24.00,104,Low,Low,High,Delayed,5
8283,Basic,Active,3,20.00,15,High,Medium,Medium,On-Time,7
8284,Enterprise,"At Risk",6,255.00,23,High,Medium,High,Delayed,10
8285,Pro,Churned,12,59.00,111,Low,Low,Medium,Delayed,6
8286,Basic,Active,4,12.00,25,Medium,High,High,On-Time,10
8287,Basic,Active,3,23.00,43,Medium,High,Low,On-Time,7
8288,Pro,Active,3,62.00,29,Medium,Medium,Low,On-Time,7
8289,Basic,Churned,10,29.00,119,Medium,Low,Low,Delayed,5
8290,Basic,Churned,10,10.00,60,Low,Low,Low,Delayed,6
8291,Basic,Active,1,18.00,6,Medium,High,Low,On-Time,10
8292,Basic,"At Risk",5,14.00,38,High,Medium,High,On-Time,7
8293,Basic,Churned,15,23.00,207,Low,Low,Medium,Missed,3
8294,Pro,Active,4,60.00,37,High,Medium,Medium,On-Time,8
8295,Basic,Active,0,27.00,14,High,High,Low,On-Time,8
8296,Basic,Active,2,18.00,5,High,High,High,On-Time,7
8297,Pro,Active,1,61.00,10,Medium,High,Low,On-Time,10
8298,Pro,Active,4,79.00,44,High,High,Low,Delayed,7
8299,Basic,Churned,10,14.00,119,Low,Low,Medium,On-Time,6
8300,Basic,Active,3,29.00,21,High,Medium,Medium,On-Time,9
8301,Basic,Active,2,19.00,1,Medium,Medium,Low,On-Time,7
8302,Pro,Active,4,47.00,33,Medium,High,Medium,On-Time,8
8303,Basic,Active,1,23.00,27,High,High,Low,On-Time,10
8304,Basic,Churned,14,21.00,274,Low,Low,Low,Missed,1
8305,Pro,Churned,12,60.00,298,Low,Low,Medium,Delayed,4
8306,Pro,Churned,10,70.00,118,Medium,Medium,Medium,Delayed,6
8307,Basic,Churned,14,18.00,258,Low,Low,Low,Missed,3
8308,Pro,"At Risk",7,64.00,64,Low,Medium,Low,On-Time,5
8309,Basic,Active,4,15.00,16,High,Medium,Low,Delayed,10
8310,Enterprise,Active,2,155.00,16,High,High,Medium,On-Time,8
8311,Basic,Active,4,17.00,37,High,High,High,On-Time,9
8312,Basic,Active,3,14.00,29,High,Medium,Medium,On-Time,7
8313,Basic,Active,4,23.00,21,High,High,Medium,Delayed,8
8314,Pro,"At Risk",7,75.00,46,Medium,Medium,Low,Delayed,4
8315,Basic,"At Risk",5,25.00,39,Medium,High,High,On-Time,8
8316,Basic,Churned,11,15.00,215,Low,Low,Low,Delayed,4
8317,Pro,Churned,14,71.00,298,Low,Low,Low,Missed,3
8318,Basic,Active,3,11.00,15,Medium,Medium,Low,On-Time,8
8319,Enterprise,Churned,10,207.00,119,Low,Medium,Low,Delayed,6
8320,Basic,"At Risk",6,28.00,2,Medium,Medium,High,Delayed,10
8321,Pro,Active,2,48.00,17,Medium,High,Low,On-Time,10
8322,Enterprise,Active,2,252.00,1,High,Medium,Medium,On-Time,9
8323,Basic,Active,2,22.00,17,Medium,High,Low,On-Time,9
8324,Basic,Active,3,25.00,29,Medium,Medium,Low,On-Time,8
8325,Pro,Churned,10,45.00,86,Low,Medium,Medium,Delayed,4
8326,Pro,Churned,15,50.00,201,Low,Low,Medium,Missed,2
8327,Pro,Active,3,55.00,25,Medium,Medium,Low,On-Time,7
8328,Pro,Active,4,59.00,29,Medium,Medium,Medium,On-Time,8
8329,Enterprise,Churned,10,205.00,93,Low,Medium,High,On-Time,6
8330,Basic,Active,2,28.00,7,High,High,High,On-Time,7
8331,Pro,Active,3,47.00,44,High,Medium,Low,On-Time,7
8332,Pro,Churned,13,78.00,242,Low,Low,Low,Delayed,3
8333,Basic,Active,3,21.00,23,Medium,High,Medium,On-Time,10
8334,Pro,Active,4,48.00,33,Medium,High,Medium,On-Time,7
8335,Pro,Active,2,51.00,30,High,Medium,Low,On-Time,7
8336,Basic,Churned,9,29.00,102,Medium,Low,Low,Delayed,7
8337,Basic,Active,3,12.00,27,High,Medium,Medium,On-Time,10
8338,Basic,Churned,14,13.00,264,Low,Low,Low,Missed,2
8339,Basic,Active,2,17.00,26,High,Medium,Low,On-Time,10
8340,Pro,Churned,9,78.00,47,Medium,Low,Medium,Delayed,6
8341,Enterprise,Churned,11,159.00,96,Low,Low,Medium,Delayed,7
8342,Basic,Active,3,20.00,24,Medium,Medium,Low,On-Time,8
8343,Pro,Active,4,74.00,20,Medium,Medium,Medium,On-Time,8
8344,Enterprise,Active,4,178.00,36,Medium,Medium,Low,On-Time,8
8345,Pro,Churned,12,76.00,108,Low,Low,Low,Missed,5
8346,Basic,Churned,16,15.00,179,Low,Low,High,Missed,3
8347,Basic,Active,2,12.00,35,High,High,Low,On-Time,7
8348,Basic,Active,3,25.00,28,Medium,Medium,Low,On-Time,9
8349,Basic,Churned,9,26.00,111,Medium,Medium,Low,Missed,7
8350,Pro,Churned,11,72.00,115,Low,Low,Low,Delayed,4
8351,Basic,Churned,13,18.00,199,Low,Low,Low,Delayed,1
8352,Basic,Active,4,13.00,32,High,High,High,On-Time,8
8353,Basic,Active,0,27.00,3,High,High,Low,On-Time,9
8354,Basic,Churned,13,22.00,198,Low,Low,Low,Delayed,1
8355,Pro,Active,2,58.00,13,High,High,High,On-Time,7
8356,Pro,"At Risk",6,49.00,52,Low,Medium,Low,On-Time,4
8357,Pro,Churned,10,48.00,58,Low,Medium,Medium,Missed,5
8358,Basic,Active,2,17.00,16,Medium,High,Low,On-Time,8
8359,Pro,Active,3,65.00,5,High,Medium,High,On-Time,9
8360,Enterprise,Active,1,125.00,8,High,Medium,Low,On-Time,10
8361,Basic,"At Risk",7,26.00,59,Medium,Medium,Medium,Delayed,7
8362,Basic,Churned,12,26.00,102,Low,Low,Medium,Missed,7
8363,Pro,Active,2,71.00,21,High,Medium,Low,On-Time,8
8364,Pro,Active,2,45.00,6,Medium,High,Medium,On-Time,7
8365,Pro,Active,3,49.00,10,Medium,Medium,Medium,On-Time,7
8366,Enterprise,Active,3,123.00,0,Medium,High,High,On-Time,8
8367,Pro,Active,3,62.00,27,High,High,High,On-Time,8
8368,Basic,Active,3,23.00,26,Medium,Medium,Low,On-Time,10
8369,Basic,Active,4,15.00,32,High,Medium,Medium,On-Time,7
8370,Enterprise,"At Risk",5,237.00,3,High,Medium,High,Delayed,7
8371,Basic,"At Risk",8,28.00,99,Low,Medium,Low,On-Time,6
8372,Basic,Churned,12,20.00,203,Low,Low,Medium,Delayed,4
8373,Basic,Active,2,27.00,37,High,High,Low,On-Time,7
8374,Basic,Active,4,18.00,26,Medium,Medium,Medium,On-Time,8
8375,Pro,Active,4,67.00,40,High,Medium,Medium,On-Time,10
8376,Pro,Active,1,69.00,1,High,High,Medium,On-Time,8
8377,Enterprise,Active,3,230.00,11,High,Medium,High,On-Time,7
8378,Enterprise,Active,2,199.00,27,High,Medium,Low,On-Time,8
8379,Basic,Churned,14,23.00,168,Low,Low,Medium,Delayed,3
8380,Enterprise,Churned,12,178.00,129,Low,Low,Low,Missed,5
8381,Basic,Active,3,23.00,10,High,Medium,High,On-Time,9
8382,Pro,Churned,11,74.00,84,Medium,Low,High,Delayed,4
8383,Pro,Active,4,58.00,3,Medium,Medium,High,On-Time,9
8384,Basic,"At Risk",6,10.00,26,Medium,High,High,Delayed,8
8385,Pro,"At Risk",5,63.00,40,High,Medium,High,On-Time,9
8386,Enterprise,"At Risk",5,261.00,35,High,Medium,High,On-Time,7
8387,Basic,Active,2,15.00,31,High,High,Low,On-Time,9
8388,Basic,Active,2,10.00,17,High,Medium,Low,On-Time,7
8389,Pro,"At Risk",5,72.00,22,High,High,High,Delayed,8
8390,Enterprise,Active,1,284.00,13,High,High,Medium,On-Time,8
8391,Basic,Active,4,11.00,4,Medium,Medium,High,On-Time,7
8392,Basic,Active,2,19.00,4,High,Medium,Medium,On-Time,9
8393,Basic,Active,1,15.00,16,High,High,Low,On-Time,7
8394,Enterprise,Churned,11,293.00,109,Low,Medium,High,Delayed,7
8395,Basic,Active,3,20.00,18,Medium,High,Medium,On-Time,10
8396,Pro,Churned,9,69.00,55,Low,Medium,Medium,Delayed,4
8397,Basic,Active,3,29.00,43,High,High,Medium,On-Time,10
8398,Basic,"At Risk",5,17.00,3,Medium,Medium,Medium,Delayed,7
8399,Basic,Active,2,27.00,17,High,Medium,Low,On-Time,9
8400,Basic,Active,4,18.00,6,Medium,High,Medium,Delayed,7
8401,Basic,"At Risk",5,11.00,32,Medium,High,High,On-Time,7
8402,Enterprise,"At Risk",5,136.00,24,Medium,Medium,Low,Delayed,9
8403,Enterprise,Active,1,128.00,28,High,High,Low,On-Time,9
8404,Basic,Active,3,23.00,32,High,Medium,Low,On-Time,7
8405,Enterprise,Churned,12,173.00,201,Low,Low,Medium,Delayed,4
8406,Enterprise,"At Risk",5,157.00,13,Medium,High,High,Delayed,10
8407,Enterprise,Churned,14,166.00,258,Low,Low,Low,Missed,1
8408,Pro,Active,4,61.00,31,Medium,Medium,Low,On-Time,9
8409,Basic,Churned,16,17.00,229,Low,Low,High,Missed,1
8410,Basic,Active,1,25.00,2,Medium,High,Low,On-Time,10
8411,Basic,Active,0,13.00,1,High,High,Low,On-Time,7
8412,Basic,Active,0,28.00,2,High,High,Low,On-Time,8
8413,Pro,Churned,16,53.00,229,Low,Low,High,Missed,1
8414,Basic,Active,0,25.00,5,High,High,Low,On-Time,8
8415,Basic,"At Risk",7,12.00,93,Medium,Low,Low,On-Time,7
8416,Pro,Active,4,50.00,3,Medium,Medium,High,On-Time,9
8417,Basic,Active,0,13.00,4,High,High,Low,On-Time,8
8418,Basic,Churned,11,13.00,62,Low,Low,Medium,Delayed,4
8419,Basic,Active,2,10.00,22,Medium,High,Low,On-Time,10
8420,Pro,Active,2,74.00,18,High,High,Medium,On-Time,10
8421,Pro,"At Risk",7,77.00,79,Medium,Low,Low,On-Time,6
8422,Basic,Active,1,26.00,13,High,High,Medium,On-Time,9
8423,Pro,Churned,14,75.00,264,Low,Low,Low,Missed,1
8424,Basic,Active,3,21.00,40,High,High,Medium,On-Time,8
8425,Basic,Active,4,11.00,29,Medium,Medium,Medium,On-Time,7
8426,Basic,Churned,10,18.00,83,Low,Low,High,On-Time,5
8427,Pro,Active,4,48.00,34,Medium,Medium,Low,On-Time,7
8428,Pro,Active,4,77.00,15,High,High,Medium,Delayed,10
8429,Basic,Active,4,19.00,17,Medium,High,High,On-Time,9
8430,Pro,Churned,9,72.00,105,Low,Low,Low,On-Time,6
8431,Basic,"At Risk",7,18.00,49,Medium,Low,Low,Delayed,7
8432,Basic,Active,2,20.00,11,Medium,High,Medium,On-Time,7
8433,Basic,Active,3,10.00,38,High,Medium,Low,On-Time,8
8434,Basic,Active,1,26.00,6,Medium,High,Low,On-Time,10
8435,Basic,Active,1,11.00,5,High,High,Medium,On-Time,8
8436,Basic,Active,3,20.00,0,High,Medium,High,On-Time,10
8437,Basic,Active,1,27.00,25,High,High,Low,On-Time,10
8438,Basic,Active,2,15.00,25,Medium,High,Low,On-Time,7
8439,Pro,Active,0,66.00,3,High,High,Low,On-Time,8
8440,Pro,Active,4,61.00,22,Medium,High,High,On-Time,10
8441,Pro,Active,2,71.00,40,High,High,Low,On-Time,8
8442,Basic,Active,3,11.00,16,Medium,Medium,Low,On-Time,8
8443,Basic,Active,3,18.00,1,High,Medium,High,On-Time,9
8444,Basic,"At Risk",5,18.00,16,Medium,High,Medium,Delayed,7
8445,Basic,"At Risk",5,17.00,42,High,High,Medium,Delayed,7
8446,Basic,Active,4,16.00,42,Medium,Medium,Low,On-Time,8
8447,Basic,Active,2,24.00,5,Medium,Medium,Low,On-Time,7
8448,Basic,Active,3,21.00,18,High,High,High,On-Time,7
8449,Basic,Active,3,17.00,25,High,High,High,On-Time,9
8450,Pro,Active,3,75.00,25,High,Medium,Medium,On-Time,7
8451,Basic,Active,4,27.00,15,Medium,High,High,On-Time,7
8452,Pro,"At Risk",5,70.00,31,High,Medium,High,On-Time,10
8453,Basic,Active,2,28.00,11,High,Medium,Medium,On-Time,10
8454,Pro,"At Risk",5,53.00,24,Medium,Medium,High,On-Time,10
8455,Pro,Active,3,60.00,41,Medium,High,Low,On-Time,10
8456,Basic,Active,3,29.00,20,High,High,High,On-Time,7
8457,Basic,Active,3,17.00,36,High,Medium,Low,On-Time,8
8458,Basic,Active,1,19.00,7,High,Medium,Low,On-Time,10
8459,Pro,"At Risk",8,72.00,66,Medium,Low,Medium,On-Time,4
8460,Enterprise,Active,4,143.00,20,Medium,High,High,On-Time,8
8461,Basic,Active,2,26.00,41,High,High,Low,On-Time,8
8462,Pro,Active,1,60.00,4,High,High,Medium,On-Time,8
8463,Basic,Active,2,23.00,6,High,Medium,Medium,On-Time,9
8464,Pro,Active,4,54.00,43,High,High,Low,Delayed,8
8465,Basic,Churned,9,27.00,81,Medium,Low,Low,Delayed,4
8466,Basic,Active,3,18.00,40,Medium,High,Low,On-Time,7
8467,Basic,Active,3,14.00,16,Medium,Medium,Low,On-Time,9
8468,Basic,"At Risk",7,17.00,65,Medium,Low,Medium,On-Time,7
8469,Pro,Active,1,40.00,14,High,Medium,Low,On-Time,8
8470,Basic,"At Risk",5,24.00,35,Medium,Medium,Medium,On-Time,10
8471,Basic,Active,4,20.00,37,High,Medium,Medium,On-Time,7
8472,Pro,Churned,11,76.00,63,Low,Medium,High,Delayed,6
8473,Pro,Churned,15,40.00,125,Low,Low,Medium,Missed,2
8474,Basic,Churned,11,16.00,118,Low,Low,Low,Delayed,5
8475,Pro,Active,0,53.00,14,High,High,Low,On-Time,10
8476,Basic,"At Risk",6,29.00,46,Low,Low,Low,On-Time,7
8477,Pro,Active,4,77.00,43,High,High,Low,Delayed,9
8478,Basic,Churned,14,25.00,221,Low,Low,Low,Missed,1
8479,Pro,Active,3,66.00,12,Medium,Medium,Medium,On-Time,9
8480,Enterprise,Active,4,156.00,20,Medium,High,High,On-Time,7
8481,Basic,Active,1,13.00,12,High,Medium,Low,On-Time,10
8482,Enterprise,Active,2,236.00,4,Medium,Medium,Low,On-Time,10
8483,Pro,Active,3,56.00,19,High,High,High,On-Time,8
8484,Basic,Active,3,25.00,32,High,High,Medium,On-Time,7
8485,Basic,Active,3,10.00,23,Medium,Medium,Low,On-Time,8
8486,Basic,Active,2,26.00,17,Medium,High,Low,On-Time,10
8487,Basic,Active,2,21.00,12,Medium,Medium,Low,On-Time,10
8488,Enterprise,Churned,9,204.00,54,Low,Low,Low,Delayed,6
8489,Enterprise,"At Risk",5,196.00,36,High,Medium,High,On-Time,9
8490,Basic,Churned,10,19.00,111,Low,Medium,Medium,Delayed,7
8491,Basic,Churned,13,18.00,214,Low,Low,High,Delayed,5
8492,Basic,Active,2,16.00,7,Medium,High,Medium,On-Time,10
8493,Pro,Churned,11,76.00,110,Low,Low,Low,Delayed,6
8494,Enterprise,"At Risk",8,263.00,47,Low,Low,Low,Delayed,7
8495,Basic,Churned,15,14.00,169,Low,Low,High,Delayed,1
8496,Basic,Active,4,17.00,16,High,Medium,Low,Delayed,10
8497,Enterprise,Active,2,214.00,21,High,Medium,Low,On-Time,8
8498,Basic,"At Risk",8,12.00,60,Low,Low,Low,On-Time,4
8499,Basic,Active,2,26.00,10,Medium,High,Medium,On-Time,7
8500,Basic,Active,3,25.00,35,Medium,High,Low,On-Time,8
8501,Basic,Active,4,26.00,36,Medium,Medium,Low,On-Time,10
8502,Basic,Active,4,20.00,37,Medium,Medium,Low,On-Time,8
8503,Basic,Active,2,28.00,39,High,High,Low,On-Time,10
8504,Pro,Churned,11,54.00,103,Low,Low,Low,Delayed,5
8505,Enterprise,Active,2,234.00,21,High,Medium,Low,On-Time,8
8506,Basic,Churned,14,27.00,293,Low,Low,Low,Missed,3
8507,Basic,Active,3,28.00,4,Medium,Medium,Medium,On-Time,7
8508,Pro,Churned,11,53.00,78,Low,Low,High,Delayed,7
8509,Pro,"At Risk",5,77.00,25,High,Medium,Medium,Delayed,10
8510,Basic,Active,2,12.00,14,Medium,High,Medium,On-Time,7
8511,Pro,Active,2,50.00,13,High,Medium,Medium,On-Time,7
8512,Pro,Active,4,75.00,13,Medium,Medium,High,On-Time,9
8513,Basic,Active,2,13.00,9,High,High,High,On-Time,10
8514,Basic,"At Risk",5,18.00,39,Medium,Medium,Medium,On-Time,8
8515,Basic,Active,4,11.00,15,Medium,Medium,Medium,On-Time,8
8516,Pro,Churned,14,76.00,296,Low,Low,Low,Missed,1
8517,Basic,Active,2,16.00,32,High,High,Low,On-Time,10
8518,Enterprise,Active,1,141.00,10,Medium,High,Low,On-Time,8
8519,Basic,Active,3,19.00,14,Medium,Medium,Medium,On-Time,7
8520,Pro,Churned,10,47.00,100,Low,Low,Low,Delayed,7
8521,Pro,Churned,13,48.00,255,Low,Low,Medium,Missed,4
8522,Pro,Active,2,67.00,22,High,Medium,Low,On-Time,8
8523,Pro,"At Risk",8,42.00,109,Medium,Low,Low,On-Time,6
8524,Pro,Active,2,77.00,27,High,Medium,Low,On-Time,9
8525,Basic,Active,2,27.00,2,High,Medium,Medium,On-Time,7
8526,Basic,Active,2,18.00,11,High,High,Low,Delayed,9
8527,Basic,Active,0,11.00,11,High,High,Low,On-Time,8
8528,Pro,Active,1,44.00,0,High,High,Medium,On-Time,8
8529,Pro,Churned,13,44.00,62,Low,Low,High,Missed,6
8530,Basic,Active,3,14.00,31,High,High,Medium,On-Time,7
8531,Pro,"At Risk",8,65.00,58,Medium,Medium,Medium,Delayed,4
8532,Pro,Churned,11,48.00,92,Medium,Low,Medium,Missed,7
8533,Basic,Active,2,16.00,7,High,Medium,Medium,On-Time,10
8534,Pro,Active,4,75.00,7,Medium,Medium,Low,Delayed,10
8535,Basic,Active,2,18.00,28,High,Medium,Low,On-Time,9
8536,Basic,"At Risk",5,28.00,40,High,Medium,High,On-Time,8
8537,Pro,Active,4,65.00,20,Medium,High,High,On-Time,9
8538,Enterprise,Active,3,232.00,4,Medium,Medium,Medium,On-Time,8
8539,Pro,Churned,13,43.00,265,Low,Low,Medium,Missed,4
8540,Basic,Active,1,12.00,9,High,Medium,Low,On-Time,7
8541,Pro,Active,3,43.00,17,High,Medium,Medium,On-Time,10
8542,Basic,Active,3,14.00,34,High,Medium,Low,On-Time,8
8543,Pro,Active,1,48.00,21,High,High,Low,On-Time,8
8544,Basic,"At Risk",7,17.00,81,Medium,Low,Low,On-Time,4
8545,Pro,Active,4,44.00,42,High,Medium,Medium,On-Time,9
8546,Basic,Active,3,15.00,16,Medium,Medium,Low,On-Time,9
8547,Pro,Churned,10,75.00,90,Low,Low,Low,Delayed,5
8548,Pro,"At Risk",5,72.00,43,High,High,Medium,Delayed,7
8549,Basic,Churned,9,12.00,50,Low,Medium,Medium,Delayed,6
8550,Enterprise,Churned,11,126.00,119,Low,Medium,High,Delayed,7
8551,Basic,Active,3,19.00,17,Medium,Medium,Low,On-Time,10
8552,Pro,Churned,9,74.00,66,Medium,Medium,Medium,Missed,7
8553,Basic,Active,4,14.00,19,High,Medium,High,On-Time,7
8554,Pro,Active,2,57.00,1,High,High,High,On-Time,8
8555,Basic,"At Risk",7,17.00,60,Low,Low,Low,On-Time,7
8556,Basic,Active,3,22.00,27,High,High,Low,Delayed,8
8557,Pro,Churned,11,52.00,83,Low,Medium,High,Delayed,4
8558,Basic,Active,1,19.00,20,High,High,Low,On-Time,8
8559,Basic,Active,3,12.00,17,Medium,High,Medium,On-Time,7
8560,Pro,"At Risk",8,45.00,113,Medium,Medium,High,On-Time,7
8561,Pro,Active,3,42.00,1,Medium,Medium,Medium,On-Time,9
8562,Basic,Active,3,13.00,21,High,Medium,Medium,On-Time,7
8563,Basic,Churned,10,25.00,98,Low,Medium,Low,Delayed,6
8564,Basic,Active,3,27.00,42,Medium,High,Low,On-Time,7
8565,Pro,Active,2,67.00,12,Medium,High,Medium,On-Time,8
8566,Pro,"At Risk",7,51.00,34,Medium,Medium,Medium,Delayed,10
8567,Enterprise,Churned,10,159.00,86,Low,Low,Low,Delayed,6
8568,Basic,Active,2,11.00,38,High,High,Low,On-Time,7
8569,Basic,Active,0,28.00,2,High,High,Low,On-Time,7
8570,Pro,"At Risk",6,72.00,35,High,Medium,Medium,Delayed,7
8571,Basic,Active,3,15.00,37,High,High,Medium,On-Time,8
8572,Basic,Churned,9,24.00,80,Medium,Medium,Low,Missed,4
8573,Enterprise,Active,2,133.00,0,Medium,Medium,Low,On-Time,10
8574,Basic,Churned,9,11.00,95,Low,Low,Medium,On-Time,7
8575,Pro,Active,0,43.00,6,High,High,Low,On-Time,7
8576,Pro,Active,3,50.00,43,High,Medium,Low,On-Time,10
8577,Basic,"At Risk",5,24.00,27,Medium,Medium,Low,Delayed,8
8578,Pro,Active,3,68.00,4,High,Medium,High,On-Time,8
8579,Pro,Active,0,54.00,0,High,High,Low,On-Time,7
8580,Basic,Active,3,13.00,32,High,High,Medium,On-Time,8
8581,Basic,Churned,10,22.00,113,Medium,Low,Low,Delayed,4
8582,Basic,Churned,11,19.00,147,Low,Low,Low,Delayed,5
8583,Pro,Churned,12,40.00,110,Low,Low,Medium,Delayed,6
8584,Basic,Churned,9,11.00,74,Low,Medium,Low,Delayed,6
8585,Basic,"At Risk",6,10.00,31,Medium,Medium,High,On-Time,10
8586,Basic,Active,4,12.00,44,High,Medium,Medium,On-Time,9
8587,Basic,Active,2,24.00,29,High,High,Medium,On-Time,9
8588,Pro,Active,3,46.00,16,High,Medium,Medium,On-Time,9
8589,Basic,"At Risk",7,21.00,74,Medium,Low,Low,On-Time,6
8590,Pro,"At Risk",5,56.00,44,Medium,Medium,Medium,On-Time,9
8591,Pro,Active,2,73.00,23,High,Medium,Low,On-Time,10
8592,Pro,Active,2,63.00,10,Medium,Medium,Low,On-Time,9
8593,Pro,"At Risk",7,76.00,57,Low,Low,Medium,On-Time,7
8594,Pro,Churned,10,49.00,97,Low,Medium,Low,Delayed,4
8595,Basic,Active,0,11.00,5,High,High,Low,On-Time,7
8596,Basic,Active,3,24.00,22,Medium,High,Medium,On-Time,10
8597,Pro,Active,3,41.00,36,High,High,Medium,On-Time,10
8598,Basic,Active,3,16.00,0,High,Medium,High,On-Time,9
8599,Basic,Churned,11,17.00,83,Low,Low,Medium,Delayed,6
8600,Basic,Active,3,18.00,35,Medium,High,Low,On-Time,10
8601,Pro,Churned,13,70.00,175,Low,Low,Medium,Missed,4
8602,Basic,Active,3,15.00,24,High,High,High,On-Time,10
8603,Pro,Active,3,60.00,25,Medium,High,Medium,On-Time,10
8604,Pro,Active,2,60.00,6,High,Medium,Medium,On-Time,7
8605,Enterprise,Active,1,213.00,9,High,Medium,Low,On-Time,9
8606,Basic,"At Risk",5,15.00,26,Medium,Medium,High,On-Time,10
8607,Basic,Active,2,23.00,34,High,High,Low,On-Time,7
8608,Basic,Churned,11,17.00,107,Medium,Medium,Medium,Missed,6
8609,Basic,Active,3,24.00,24,Medium,Medium,Low,On-Time,10
8610,Basic,Churned,9,12.00,65,Medium,Low,Low,Delayed,6
8611,Pro,Churned,9,63.00,61,Low,Low,Low,Delayed,7
8612,Basic,Active,1,24.00,10,High,Medium,Low,On-Time,9
8613,Pro,Active,3,53.00,19,High,Medium,Medium,On-Time,7
8614,Basic,Active,3,23.00,15,High,High,High,On-Time,9
8615,Basic,Churned,14,25.00,275,Low,Low,Low,Missed,2
8616,Enterprise,Active,3,283.00,12,Medium,Medium,Medium,On-Time,7
8617,Basic,Churned,11,21.00,62,Low,Low,Medium,Delayed,6
8618,Pro,Active,1,59.00,11,High,Medium,Low,On-Time,9
8619,Basic,"At Risk",5,16.00,39,Medium,High,High,On-Time,10
8620,Basic,"At Risk",6,15.00,80,Medium,Medium,Low,On-Time,5
8621,Enterprise,Churned,14,251.00,188,Low,Low,High,Missed,4
8622,Basic,"At Risk",5,25.00,33,High,Medium,High,On-Time,8
8623,Basic,Active,2,22.00,9,Medium,Medium,Low,On-Time,9
8624,Pro,"At Risk",5,73.00,17,Medium,Medium,High,On-Time,10
8625,Basic,Churned,13,28.00,157,Low,Low,Medium,Missed,4
8626,Pro,Churned,14,53.00,154,Low,Low,Medium,Delayed,3
8627,Pro,Active,3,43.00,20,Medium,Medium,Low,On-Time,8
8628,Basic,Active,3,11.00,15,High,Medium,Medium,On-Time,8
8629,Pro,Churned,15,63.00,159,Low,Low,Medium,Missed,1
8630,Basic,Churned,9,13.00,50,Low,Medium,Medium,Delayed,5
8631,Basic,Active,3,16.00,25,Medium,High,Medium,On-Time,9
8632,Basic,"At Risk",5,24.00,7,Medium,Medium,Medium,Delayed,8
8633,Basic,Churned,12,19.00,217,Low,Low,Low,Missed,5
8634,Pro,Active,4,49.00,3,High,High,High,Delayed,9
8635,Basic,"At Risk",5,24.00,17,Medium,Medium,Low,Delayed,10
8636,Basic,Active,3,22.00,21,High,High,High,On-Time,8
8637,Pro,Churned,12,67.00,209,Low,Low,Low,Missed,5
8638,Pro,"At Risk",6,67.00,44,Medium,Medium,High,On-Time,8
8639,Enterprise,Active,3,158.00,25,High,High,High,On-Time,8
8640,Pro,Active,2,53.00,27,High,Medium,Low,On-Time,9
8641,Pro,"At Risk",7,62.00,72,Low,Medium,Medium,On-Time,7
8642,Basic,"At Risk",6,24.00,66,Medium,Medium,Low,On-Time,4
8643,Basic,Active,3,21.00,42,Medium,High,Low,On-Time,10
8644,Pro,Churned,12,68.00,145,Low,Low,Low,Missed,4
8645,Basic,Active,0,29.00,12,High,High,Low,On-Time,9
8646,Basic,Active,2,17.00,5,High,High,High,On-Time,10
8647,Pro,Active,3,57.00,20,Medium,Medium,Low,On-Time,7
8648,Basic,"At Risk",8,18.00,87,Medium,Low,Low,Delayed,7
8649,Pro,Active,1,59.00,11,High,High,Medium,On-Time,9
8650,Pro,"At Risk",5,58.00,41,Medium,High,High,On-Time,8
8651,Pro,Churned,14,43.00,150,Low,Low,Low,Missed,2
8652,Basic,Active,4,27.00,43,Medium,Medium,Low,On-Time,10
8653,Basic,Active,2,23.00,19,High,High,Medium,On-Time,10
8654,Basic,Churned,11,19.00,89,Low,Medium,High,Delayed,5
8655,Pro,Active,4,75.00,36,High,High,High,On-Time,10
8656,Enterprise,"At Risk",7,226.00,43,Medium,Medium,Medium,Delayed,7
8657,Basic,"At Risk",8,23.00,108,Medium,Low,Low,On-Time,5
8658,Pro,Active,3,48.00,28,High,Medium,Medium,On-Time,10
8659,Basic,Active,2,20.00,30,High,High,Medium,On-Time,9
8660,Basic,Active,4,24.00,2,High,Medium,Medium,Delayed,8
8661,Basic,Active,1,25.00,11,High,Medium,Low,On-Time,9
8662,Basic,Churned,14,29.00,270,Low,Low,Low,Missed,3
8663,Basic,Active,4,11.00,43,Medium,Medium,Low,On-Time,8
8664,Pro,Active,4,63.00,23,Medium,Medium,Medium,On-Time,9
8665,Pro,Churned,12,48.00,140,Low,Low,Medium,Delayed,5
8666,Pro,Active,0,63.00,6,High,High,Low,On-Time,8
8667,Basic,"At Risk",6,26.00,74,Medium,Low,Low,On-Time,7
8668,Basic,"At Risk",5,15.00,40,High,Medium,High,On-Time,7
8669,Pro,Churned,12,51.00,200,Low,Low,Low,Missed,5
8670,Basic,Active,3,25.00,28,High,Medium,Medium,On-Time,8
8671,Pro,"At Risk",5,40.00,24,Medium,Medium,Low,Delayed,9
8672,Enterprise,Active,1,153.00,10,High,High,Medium,On-Time,8
8673,Pro,Churned,10,75.00,78,Low,Low,Low,Delayed,5
8674,Basic,Active,4,28.00,39,Medium,High,Medium,On-Time,8
8675,Pro,Churned,9,66.00,48,Medium,Low,Medium,Delayed,6
8676,Basic,Active,3,28.00,18,High,High,High,On-Time,10
8677,Basic,Active,1,16.00,3,High,High,Medium,On-Time,9
8678,Basic,Active,3,11.00,28,High,Medium,Medium,On-Time,7
8679,Basic,Churned,14,20.00,266,Low,Low,Low,Missed,1
8680,Pro,"At Risk",6,57.00,11,Medium,Medium,High,Delayed,7
8681,Pro,Churned,13,65.00,195,Low,Low,Medium,Missed,5
8682,Pro,Churned,9,68.00,58,Medium,Low,Medium,Delayed,4
8683,Basic,Churned,12,23.00,298,Low,Low,Low,Missed,4
8684,Enterprise,Churned,10,169.00,117,Medium,Low,Low,Delayed,6
8685,Pro,Active,1,43.00,15,High,High,Low,On-Time,10
8686,Basic,"At Risk",6,14.00,48,Medium,Low,Low,On-Time,6
8687,Pro,Active,3,50.00,14,High,High,Medium,Delayed,9
8688,Basic,Active,1,23.00,4,High,Medium,Low,On-Time,7
8689,Pro,Churned,10,45.00,92,Medium,Low,Low,Delayed,6
8690,Enterprise,Active,0,203.00,14,High,High,Low,On-Time,8
8691,Pro,Churned,13,55.00,209,Low,Low,Low,Delayed,1
8692,Basic,Active,3,16.00,8,Medium,High,Low,Delayed,7
8693,Enterprise,"At Risk",5,238.00,36,High,Medium,High,On-Time,8
8694,Pro,Churned,14,79.00,213,Low,Low,High,Missed,4
8695,Basic,Active,1,10.00,25,High,High,Low,On-Time,8
8696,Basic,Churned,14,22.00,175,Low,Low,Medium,Delayed,2
8697,Enterprise,Active,2,271.00,9,High,Medium,Medium,On-Time,8
8698,Basic,Active,1,15.00,18,High,High,Low,On-Time,7
8699,Pro,Churned,13,45.00,127,Low,Low,Medium,Missed,4
8700,Enterprise,Active,2,224.00,20,High,High,Medium,On-Time,9
8701,Basic,Active,3,13.00,4,High,High,Medium,Delayed,10
8702,Enterprise,Active,4,167.00,29,Medium,Medium,Medium,On-Time,10
8703,Basic,"At Risk",8,15.00,57,Medium,Medium,Medium,Missed,7
8704,Basic,"At Risk",5,21.00,4,Medium,Medium,Medium,Delayed,8
8705,Basic,Active,3,27.00,8,Medium,Medium,Medium,On-Time,9
8706,Pro,"At Risk",5,60.00,40,Medium,Medium,Medium,On-Time,7
8707,Pro,Active,2,57.00,22,High,Medium,Low,On-Time,7
8708,Pro,Churned,11,53.00,98,Medium,Low,Low,Missed,6
8709,Pro,Active,3,43.00,9,Medium,Medium,Medium,On-Time,8
8710,Pro,Active,1,79.00,4,Medium,High,Low,On-Time,7
8711,Basic,"At Risk",7,18.00,94,Low,Medium,Low,On-Time,7
8712,Basic,Active,3,23.00,0,High,Medium,Low,Delayed,10
8713,Pro,"At Risk",7,72.00,76,Low,Low,Low,On-Time,7
8714,Pro,Active,2,54.00,35,High,High,Low,On-Time,10
8715,Basic,Churned,10,14.00,97,Medium,Low,Low,Delayed,6
8716,Enterprise,Active,3,126.00,17,Medium,High,Medium,On-Time,8
8717,Enterprise,Active,3,162.00,10,Medium,High,High,On-Time,10
8718,Basic,Active,4,15.00,28,High,Medium,High,On-Time,10
8719,Basic,Active,3,20.00,23,High,Medium,Medium,On-Time,7
8720,Pro,Churned,12,68.00,104,Low,Medium,Medium,Missed,5
8721,Pro,"At Risk",6,77.00,43,High,Medium,Medium,Delayed,8
8722,Basic,Active,3,11.00,35,High,Medium,Low,On-Time,8
8723,Basic,Churned,11,29.00,135,Low,Low,Low,Delayed,4
8724,Pro,Active,2,75.00,3,Medium,Medium,Low,On-Time,10
8725,Basic,Active,1,27.00,2,High,High,Medium,On-Time,9
8726,Pro,Active,3,46.00,14,Medium,High,Low,Delayed,8
8727,Pro,Churned,10,73.00,69,Low,Low,Low,Delayed,4
8728,Basic,Active,3,24.00,26,Medium,High,Medium,On-Time,10
8729,Basic,"At Risk",8,20.00,52,Low,Medium,Low,Missed,7
8730,Basic,Churned,12,24.00,256,Low,Low,Low,Missed,5
8731,Pro,Active,4,70.00,41,Medium,High,Medium,On-Time,8
8732,Basic,"At Risk",6,23.00,33,Medium,Medium,Low,Delayed,9
8733,Basic,Active,2,27.00,10,Medium,Medium,Low,On-Time,8
8734,Basic,Churned,14,12.00,283,Low,Low,Low,Missed,3
8735,Pro,Active,1,45.00,14,High,High,Medium,On-Time,7
8736,Pro,Active,3,69.00,33,High,Medium,Low,On-Time,7
8737,Basic,Active,3,21.00,7,Medium,High,High,On-Time,7
8738,Basic,Active,4,20.00,42,Medium,Medium,Low,On-Time,8
8739,Pro,Active,1,66.00,14,Medium,High,Low,On-Time,10
8740,Basic,Churned,13,25.00,195,Low,Low,Low,Delayed,1
8741,Basic,Active,1,11.00,9,High,High,Medium,On-Time,9
8742,Enterprise,"At Risk",5,254.00,37,Medium,High,High,On-Time,8
8743,Pro,Churned,11,52.00,257,Low,Low,Low,Delayed,4
8744,Basic,Churned,12,27.00,272,Low,Low,Low,Missed,4
8745,Pro,Active,1,65.00,16,High,High,Low,On-Time,9
8746,Basic,Active,3,29.00,2,High,Medium,High,On-Time,7
8747,Basic,Active,3,18.00,19,Medium,Medium,Low,On-Time,10
8748,Basic,Active,3,16.00,28,High,Medium,Medium,On-Time,10
8749,Pro,Active,2,62.00,23,Medium,High,Low,On-Time,7
8750,Pro,Churned,15,61.00,200,Low,Low,Medium,Missed,2
8751,Pro,Active,4,54.00,43,High,High,High,On-Time,8
8752,Enterprise,Churned,15,289.00,147,Low,Low,Medium,Missed,3
8753,Basic,Active,3,13.00,8,High,Medium,High,On-Time,9
8754,Enterprise,Churned,10,207.00,108,Medium,Low,Medium,Delayed,7
8755,Pro,"At Risk",5,69.00,19,High,High,High,Delayed,7
8756,Basic,Active,4,14.00,33,High,Medium,Medium,On-Time,10
8757,Basic,Churned,11,15.00,78,Low,Low,Medium,Delayed,6
8758,Basic,Active,2,29.00,22,High,High,Medium,On-Time,7
8759,Basic,Active,3,12.00,34,Medium,High,Low,On-Time,7
8760,Pro,Churned,12,40.00,224,Low,Low,Low,Missed,4
8761,Basic,Churned,14,11.00,263,Low,Low,Low,Missed,3
8762,Pro,"At Risk",7,70.00,119,Medium,Low,Low,On-Time,7
8763,Basic,Active,2,21.00,11,High,High,High,On-Time,8
8764,Pro,Churned,9,54.00,83,Low,Medium,Low,Delayed,5
8765,Basic,Active,0,12.00,5,High,High,Low,On-Time,9
8766,Pro,Active,1,78.00,14,High,Medium,Low,On-Time,8
8767,Pro,"At Risk",5,51.00,14,Medium,Medium,Medium,Delayed,8
8768,Basic,Churned,12,20.00,99,Low,Medium,Medium,Missed,5
8769,Basic,Active,2,28.00,3,High,Medium,Medium,On-Time,7
8770,Basic,Active,4,14.00,38,High,Medium,Medium,On-Time,10
8771,Pro,"At Risk",5,48.00,54,Medium,Low,Low,On-Time,7
8772,Basic,Churned,15,18.00,262,Low,Low,High,Delayed,1
8773,Pro,Active,1,73.00,26,High,High,Low,On-Time,7
8774,Enterprise,Active,1,280.00,29,High,High,Low,On-Time,8
8775,Basic,Active,2,28.00,0,High,Medium,Medium,On-Time,10
8776,Basic,Churned,10,18.00,91,Medium,Low,Low,Delayed,5
8777,Basic,Active,1,22.00,0,High,High,Medium,On-Time,8
8778,Basic,"At Risk",8,15.00,61,Medium,Low,Low,Delayed,7
8779,Enterprise,Active,4,290.00,40,High,High,Low,Delayed,7
8780,Pro,Churned,9,73.00,113,Medium,Medium,Low,Delayed,4
8781,Pro,Churned,13,48.00,225,Low,Low,Medium,Missed,4
8782,Basic,Active,3,26.00,41,High,Medium,Low,On-Time,8
8783,Pro,Churned,10,79.00,75,Low,Medium,Medium,Delayed,6
8784,Basic,Churned,15,29.00,230,Low,Low,Medium,Missed,1
8785,Basic,Churned,14,16.00,209,Low,Low,Medium,Delayed,2
8786,Basic,Active,3,29.00,28,Medium,Medium,Low,On-Time,7
8787,Basic,Churned,9,25.00,87,Medium,Low,Low,Delayed,4
8788,Pro,Churned,11,59.00,119,Low,Low,High,On-Time,5
8789,Basic,"At Risk",8,28.00,87,Medium,Medium,Low,Delayed,5
8790,Pro,Churned,10,52.00,50,Low,Low,High,Delayed,7
8791,Pro,Active,1,56.00,11,Medium,High,Low,On-Time,8
8792,Basic,Active,1,23.00,14,Medium,High,Low,On-Time,9
8793,Pro,Active,2,44.00,18,Medium,High,Low,On-Time,10
8794,Basic,"At Risk",8,10.00,102,Medium,Low,Low,On-Time,5
8795,Pro,Churned,11,55.00,99,Low,Medium,Medium,Delayed,6
8796,Enterprise,Churned,11,139.00,81,Low,Low,Medium,Delayed,6
8797,Basic,Active,2,28.00,33,High,High,Low,On-Time,8
8798,Pro,"At Risk",6,53.00,35,Medium,Medium,High,On-Time,8
8799,Enterprise,Active,3,143.00,26,High,Medium,Medium,On-Time,7
8800,Basic,Active,4,27.00,37,Medium,Medium,Low,On-Time,8
8801,Basic,Active,3,18.00,22,Medium,Medium,Low,On-Time,10
8802,Basic,Active,2,18.00,30,High,Medium,Low,On-Time,8
8803,Pro,Active,4,46.00,4,Medium,High,Medium,Delayed,8
8804,Basic,Active,1,14.00,14,High,High,Medium,On-Time,8
8805,Basic,Active,3,25.00,29,Medium,Medium,Low,On-Time,8
8806,Basic,Active,4,11.00,37,High,Medium,Medium,On-Time,9
8807,Basic,"At Risk",6,12.00,33,Medium,Medium,High,On-Time,9
8808,Basic,Active,2,27.00,3,High,Medium,Medium,On-Time,9
8809,Basic,Active,4,14.00,7,Medium,High,Medium,Delayed,9
8810,Basic,Active,2,12.00,44,High,High,Low,On-Time,10
8811,Enterprise,Churned,12,261.00,194,Low,Low,Low,Missed,5
8812,Enterprise,Churned,13,237.00,96,Low,Low,High,Delayed,4
8813,Basic,Active,2,18.00,27,High,High,Medium,On-Time,9
8814,Pro,Active,3,65.00,25,High,Medium,Medium,On-Time,9
8815,Pro,Active,2,79.00,23,High,Medium,Low,On-Time,10
8816,Basic,"At Risk",5,14.00,17,High,Medium,Medium,Delayed,8
8817,Pro,Churned,14,51.00,196,Low,Low,Medium,Delayed,2
8818,Basic,Churned,14,24.00,283,Low,Low,Medium,Delayed,1
8819,Pro,Churned,12,60.00,268,Low,Low,Medium,Delayed,5
8820,Basic,Churned,9,14.00,115,Medium,Low,High,On-Time,7
8821,Basic,"At Risk",6,18.00,44,Medium,Medium,Low,Delayed,7
8822,Basic,Churned,12,10.00,227,Low,Low,Low,Missed,4
8823,Basic,"At Risk",8,28.00,55,Low,Low,High,On-Time,7
8824,Pro,Active,2,42.00,16,High,Medium,Low,On-Time,9
8825,Enterprise,"At Risk",6,298.00,33,High,High,High,Delayed,9
8826,Pro,"At Risk",7,41.00,93,Medium,Medium,Low,On-Time,5
8827,Basic,Active,1,29.00,13,High,High,Medium,On-Time,8
8828,Pro,"At Risk",5,70.00,35,Medium,High,High,On-Time,9
8829,Basic,Active,4,24.00,41,High,Medium,Medium,On-Time,7
8830,Pro,Active,4,51.00,0,Medium,High,Medium,Delayed,10
8831,Basic,Active,1,28.00,10,High,Medium,Low,On-Time,9
8832,Pro,Active,3,59.00,33,High,Medium,Low,On-Time,10
8833,Pro,"At Risk",8,77.00,56,Low,Low,High,On-Time,7
8834,Basic,Active,4,25.00,4,High,Medium,Medium,Delayed,9
8835,Basic,"At Risk",5,10.00,31,High,Medium,Low,Delayed,7
8836,Pro,Churned,15,69.00,224,Low,Low,Medium,Missed,3
8837,Pro,Active,1,44.00,1,High,Medium,Low,On-Time,7
8838,Pro,Churned,9,69.00,78,Low,Low,Medium,On-Time,4
8839,Pro,Churned,12,61.00,214,Low,Low,Low,Missed,4
8840,Basic,Active,2,10.00,7,Medium,Medium,Low,On-Time,7
8841,Pro,Active,2,75.00,29,High,Medium,Low,On-Time,10
8842,Enterprise,Churned,12,295.00,108,Low,Low,Medium,Delayed,6
8843,Pro,Active,3,41.00,14,Medium,Medium,Medium,On-Time,8
8844,Basic,Active,4,20.00,20,Medium,Medium,Medium,On-Time,8
8845,Pro,Active,1,55.00,15,High,High,Low,On-Time,10
8846,Basic,Active,1,28.00,8,High,Medium,Low,On-Time,8
8847,Basic,Active,3,22.00,22,Medium,Medium,Low,On-Time,8
8848,Basic,Churned,9,17.00,50,Low,Medium,High,Delayed,7
8849,Basic,Active,2,16.00,7,High,High,High,On-Time,7
8850,Pro,Churned,10,59.00,105,Medium,Low,Medium,Delayed,7
8851,Pro,Active,1,49.00,21,High,High,Low,On-Time,9
8852,Basic,Churned,11,10.00,117,Low,Low,Medium,Delayed,7
8853,Basic,Active,4,19.00,16,Medium,High,Low,Delayed,10
8854,Pro,Active,3,75.00,28,Medium,High,Medium,On-Time,8
8855,Enterprise,Active,3,169.00,18,High,Medium,Medium,On-Time,8
8856,Basic,Active,2,18.00,12,High,High,Low,Delayed,9
8857,Pro,Active,3,64.00,39,High,High,Medium,On-Time,10
8858,Pro,Active,3,69.00,17,Medium,Medium,Low,On-Time,7
8859,Basic,Active,2,13.00,20,High,Medium,Low,On-Time,7
8860,Basic,Churned,9,20.00,57,Low,Low,Low,Delayed,5
8861,Pro,Churned,12,54.00,92,Low,Low,Medium,Missed,7
8862,Enterprise,Active,3,268.00,42,High,Medium,Low,On-Time,7
8863,Pro,Active,4,48.00,2,Medium,Medium,Low,Delayed,7
8864,Pro,"At Risk",5,77.00,31,High,Medium,High,On-Time,7
8865,Basic,Active,4,16.00,42,High,High,High,On-Time,7
8866,Pro,Active,1,75.00,14,High,High,Medium,On-Time,7
8867,Enterprise,"At Risk",6,179.00,41,Medium,High,Medium,Delayed,10
8868,Basic,"At Risk",5,20.00,4,High,Medium,High,Delayed,10
8869,Basic,Churned,13,16.00,91,Low,Low,Medium,Missed,4
8870,Enterprise,Active,3,287.00,32,Medium,High,Low,On-Time,7
8871,Basic,Active,4,15.00,8,Medium,Medium,Low,Delayed,10
8872,Basic,Churned,11,27.00,107,Medium,Low,Medium,Delayed,5
8873,Pro,Churned,10,60.00,52,Low,Low,Medium,Delayed,4
8874,Basic,Active,4,23.00,13,Medium,Medium,High,On-Time,7
8875,Basic,Active,3,17.00,19,High,Medium,Medium,On-Time,9
8876,Pro,Churned,10,63.00,88,Medium,Low,Medium,Delayed,4
8877,Pro,Churned,9,68.00,83,Low,Medium,Low,Delayed,6
8878,Basic,Active,3,22.00,33,High,High,Medium,On-Time,7
8879,Pro,Churned,14,66.00,230,Low,Low,Low,Missed,3
8880,Pro,Churned,9,52.00,82,Medium,Low,Low,Delayed,4
8881,Pro,Active,3,40.00,16,Medium,High,Medium,On-Time,8
8882,Basic,Churned,13,23.00,134,Low,Low,Low,Delayed,2
8883,Pro,Churned,10,40.00,59,Low,Low,Medium,Delayed,6
8884,Enterprise,Churned,12,152.00,118,Low,Low,Medium,Delayed,5
8885,Enterprise,Active,0,221.00,0,High,High,Low,On-Time,8
8886,Pro,Churned,9,60.00,107,Medium,Medium,Low,Delayed,6
8887,Basic,"At Risk",5,20.00,53,Low,Medium,Low,On-Time,7
8888,Basic,Active,2,29.00,18,Medium,High,Low,On-Time,10
8889,Basic,Churned,9,18.00,56,Low,Low,Low,Delayed,4
8890,Basic,Active,4,28.00,35,Medium,Medium,Low,On-Time,8
8891,Basic,"At Risk",5,18.00,22,Medium,Medium,High,On-Time,10
8892,Basic,"At Risk",7,29.00,39,Medium,Medium,Medium,Delayed,8
8893,Basic,Active,1,17.00,26,High,High,Low,On-Time,10
8894,Basic,Churned,11,24.00,47,Low,Low,High,Delayed,6
8895,Basic,Active,2,24.00,7,High,Medium,Medium,On-Time,10
8896,Enterprise,Active,3,247.00,13,High,Medium,Low,Delayed,10
8897,Basic,Active,1,12.00,0,High,High,Medium,On-Time,8
8898,Pro,Active,2,58.00,17,High,Medium,Low,On-Time,9
8899,Enterprise,Active,4,258.00,44,Medium,High,Medium,On-Time,7
8900,Pro,Churned,11,59.00,76,Low,Low,Medium,Delayed,6
8901,Pro,Active,2,44.00,12,Medium,Medium,Low,On-Time,9
8902,Enterprise,Active,4,151.00,31,High,High,High,On-Time,7
8903,Pro,Churned,14,51.00,277,Low,Low,Low,Missed,1
8904,Pro,Active,3,46.00,27,High,Medium,Medium,On-Time,9
8905,Enterprise,Active,3,270.00,29,High,High,High,On-Time,7
8906,Basic,Active,2,14.00,3,Medium,Medium,Low,On-Time,7
8907,Basic,Active,3,12.00,4,High,High,Medium,Delayed,8
8908,Pro,"At Risk",6,74.00,26,Medium,High,High,Delayed,8
8909,Pro,Active,2,54.00,0,High,High,High,On-Time,8
8910,Pro,Churned,9,52.00,73,Low,Low,Medium,On-Time,6
8911,Pro,"At Risk",8,40.00,48,Low,Medium,Low,Delayed,5
8912,Enterprise,Active,0,199.00,11,High,High,Low,On-Time,10
8913,Basic,Active,2,22.00,29,High,Medium,Low,On-Time,10
8914,Basic,Churned,15,25.00,167,Low,Low,Medium,Missed,3
8915,Enterprise,Churned,10,286.00,72,Low,Low,Low,Delayed,5
8916,Basic,Churned,13,24.00,106,Low,Low,High,Missed,7
8917,Pro,Churned,11,74.00,109,Low,Low,Low,Delayed,5
8918,Pro,Active,2,57.00,33,High,High,Low,On-Time,9
8919,Basic,Churned,9,28.00,94,Medium,Low,Low,Delayed,7
8920,Enterprise,Active,4,170.00,36,Medium,Medium,Low,On-Time,8
8921,Pro,Churned,13,54.00,148,Low,Low,Low,Delayed,2
8922,Pro,Active,1,68.00,18,High,High,Low,On-Time,9
8923,Basic,Active,3,21.00,25,Medium,Medium,Low,On-Time,7
8924,Basic,Active,2,13.00,18,High,Medium,Low,On-Time,8
8925,Basic,Active,4,22.00,39,High,Medium,Medium,On-Time,8
8926,Basic,Active,1,16.00,6,High,Medium,Low,On-Time,10
8927,Pro,Active,1,74.00,14,High,High,Medium,On-Time,9
8928,Pro,"At Risk",8,49.00,63,Low,Low,Low,On-Time,5
8929,Basic,Active,2,24.00,9,Medium,Medium,Low,On-Time,9
8930,Basic,Active,2,25.00,30,High,High,Medium,On-Time,10
8931,Basic,Active,2,24.00,23,Medium,High,Low,On-Time,10
8932,Basic,Active,2,22.00,16,Medium,High,Low,On-Time,8
8933,Basic,Active,1,17.00,14,High,High,Medium,On-Time,8
8934,Basic,Active,2,10.00,42,High,High,Low,On-Time,9
8935,Basic,"At Risk",5,20.00,51,Medium,Low,Low,On-Time,7
8936,Basic,"At Risk",6,16.00,37,Medium,Medium,Low,Delayed,8
8937,Pro,Active,1,57.00,13,Medium,High,Low,On-Time,7
8938,Pro,Churned,13,48.00,167,Low,Low,Low,Delayed,2
8939,Pro,Active,3,49.00,7,High,Medium,Low,Delayed,10
8940,Basic,Churned,10,24.00,104,Medium,Low,Low,Delayed,5
8941,Enterprise,Active,0,228.00,14,High,High,Low,On-Time,10
8942,Pro,Active,1,65.00,4,High,Medium,Low,On-Time,7
8943,Basic,Active,4,11.00,31,High,Medium,Medium,On-Time,8
8944,Basic,Active,4,28.00,14,Medium,Medium,High,On-Time,8
8945,Basic,Churned,14,15.00,260,Low,Low,Low,Missed,2
8946,Basic,Churned,10,13.00,103,Low,Medium,Low,Delayed,4
8947,Pro,Active,4,72.00,26,Medium,Medium,Medium,On-Time,10
8948,Basic,Active,2,25.00,16,High,High,Medium,On-Time,7
8949,Pro,"At Risk",6,50.00,27,Medium,Medium,Medium,Delayed,10
8950,Basic,Active,1,22.00,21,High,High,Low,On-Time,8
8951,Basic,"At Risk",5,21.00,38,Medium,Medium,Medium,On-Time,7
8952,Enterprise,Churned,9,260.00,109,Low,Low,Low,On-Time,4
8953,Basic,Active,0,20.00,4,High,High,Low,On-Time,8
8954,Basic,Churned,9,10.00,103,Low,Medium,Medium,On-Time,6
8955,Basic,Active,0,25.00,3,High,High,Low,On-Time,7
8956,Basic,Active,3,22.00,43,Medium,High,Low,On-Time,8
8957,Basic,Churned,10,29.00,55,Low,Low,High,Delayed,7
8958,Enterprise,Active,2,197.00,5,High,Medium,Medium,On-Time,8
8959,Pro,Active,2,62.00,14,High,Medium,Medium,On-Time,8
8960,Basic,Churned,10,20.00,99,Medium,Low,Low,Delayed,6
8961,Basic,Active,0,18.00,3,High,High,Low,On-Time,7
8962,Pro,Active,2,75.00,9,Medium,Medium,Low,On-Time,9
8963,Pro,Active,4,52.00,3,Medium,High,Medium,Delayed,7
8964,Pro,Active,2,77.00,44,High,High,Low,On-Time,7
8965,Basic,Active,2,26.00,42,High,High,Low,On-Time,10
8966,Basic,Active,2,20.00,2,High,Medium,Medium,On-Time,9
8967,Basic,"At Risk",5,17.00,33,Medium,Medium,Medium,On-Time,9
8968,Pro,"At Risk",8,58.00,38,Medium,Medium,High,Delayed,10
8969,Basic,Active,2,12.00,1,High,High,Low,Delayed,10
8970,Pro,"At Risk",6,69.00,33,Medium,Medium,Low,Delayed,8
8971,Pro,Churned,15,41.00,249,Low,Low,High,Delayed,3
8972,Basic,Active,2,24.00,23,High,High,Medium,On-Time,7
8973,Basic,Active,2,16.00,39,High,High,Low,On-Time,8
8974,Basic,Active,4,19.00,31,Medium,High,Medium,On-Time,10
8975,Basic,Churned,11,26.00,130,Low,Low,Low,Delayed,5
8976,Basic,Active,4,29.00,41,Medium,Medium,Low,On-Time,7
8977,Basic,Active,3,16.00,27,Medium,Medium,Low,On-Time,7
8978,Pro,Active,1,70.00,1,High,Medium,Low,On-Time,10
8979,Basic,Active,3,19.00,39,Medium,High,Low,On-Time,8
8980,Pro,Active,4,48.00,39,Medium,Medium,Low,On-Time,8
8981,Basic,Active,3,21.00,31,Medium,High,Low,On-Time,7
8982,Pro,"At Risk",8,59.00,81,Low,Low,Low,On-Time,6
8983,Pro,Active,4,47.00,3,High,Medium,Medium,Delayed,8
8984,Basic,Active,0,12.00,13,High,High,Low,On-Time,7
8985,Basic,"At Risk",5,16.00,6,High,Medium,High,Delayed,10
8986,Pro,Churned,14,70.00,182,Low,Low,Medium,Delayed,2
8987,Basic,Churned,14,10.00,255,Low,Low,Medium,Delayed,1
8988,Basic,Active,4,26.00,15,Medium,High,Low,Delayed,7
8989,Enterprise,Active,2,137.00,37,High,High,Low,On-Time,7
8990,Basic,Churned,13,12.00,239,Low,Low,Low,Delayed,2
8991,Pro,Active,2,69.00,34,High,High,Low,On-Time,7
8992,Basic,Churned,14,24.00,170,Low,Low,Low,Missed,2
8993,Basic,Churned,10,19.00,99,Medium,Low,Low,Delayed,5
8994,Pro,Churned,9,49.00,119,Medium,Low,Medium,On-Time,5
8995,Basic,"At Risk",7,17.00,99,Medium,Medium,Low,On-Time,5
8996,Pro,Active,4,48.00,12,High,Medium,Medium,Delayed,8
8997,Basic,Active,3,16.00,42,Medium,High,Low,On-Time,7
8998,Basic,"At Risk",7,13.00,97,Medium,Medium,Medium,On-Time,7
8999,Basic,Active,2,12.00,16,Medium,High,Low,On-Time,7
9000,Basic,Active,3,15.00,40,High,Medium,Low,On-Time,10
9001,Basic,Active,2,21.00,5,Medium,Medium,Low,On-Time,7
9002,Pro,"At Risk",5,45.00,43,Medium,Medium,Medium,On-Time,9
9003,Basic,"At Risk",6,19.00,57,Low,Low,Low,On-Time,7
9004,Pro,Active,1,54.00,2,Medium,High,Low,On-Time,10
9005,Pro,"At Risk",8,48.00,76,Low,Low,Low,On-Time,4
9006,Basic,Active,3,25.00,26,High,Medium,Medium,On-Time,7
9007,Basic,Active,3,22.00,42,Medium,High,Low,On-Time,10
9008,Basic,Active,3,25.00,17,Medium,High,Medium,On-Time,10
9009,Pro,Active,2,79.00,34,High,High,Low,On-Time,7
9010,Basic,Active,2,15.00,22,Medium,High,Low,On-Time,8
9011,Basic,Active,2,20.00,6,Medium,High,Medium,On-Time,8
9012,Enterprise,Active,2,268.00,43,High,High,Low,On-Time,10
9013,Enterprise,Active,2,123.00,30,High,High,Medium,On-Time,7
9014,Basic,Active,2,11.00,9,Medium,Medium,Low,On-Time,8
9015,Pro,"At Risk",6,68.00,57,Medium,Low,Low,On-Time,4
9016,Basic,Churned,11,29.00,70,Low,Low,Medium,Delayed,4
9017,Enterprise,"At Risk",5,178.00,41,Medium,High,High,On-Time,10
9018,Basic,Active,1,23.00,24,High,High,Low,On-Time,10
9019,Pro,Churned,13,41.00,138,Low,Low,Medium,Missed,5
9020,Pro,Active,2,76.00,7,High,Medium,Medium,On-Time,10
9021,Basic,Active,2,11.00,24,High,High,Medium,On-Time,8
9022,Basic,Active,3,23.00,2,Medium,High,High,On-Time,8
9023,Pro,Active,4,77.00,21,Medium,Medium,Medium,On-Time,9
9024,Basic,Active,3,24.00,14,Medium,Medium,Medium,On-Time,9
9025,Enterprise,Active,2,251.00,19,Medium,High,Low,On-Time,7
9026,Basic,Active,4,21.00,39,High,High,Low,Delayed,10
9027,Basic,Active,2,24.00,21,High,High,Medium,On-Time,9
9028,Basic,Active,3,17.00,7,Medium,Medium,Medium,On-Time,10
9029,Basic,Active,3,10.00,26,High,Medium,Medium,On-Time,8
9030,Pro,Churned,9,52.00,67,Medium,Low,Low,Delayed,5
9031,Enterprise,Churned,15,127.00,180,Low,Low,Medium,Missed,3
9032,Basic,"At Risk",7,27.00,78,Medium,Low,Low,On-Time,5
9033,Pro,Active,3,48.00,21,High,High,High,On-Time,7
9034,Basic,Churned,9,22.00,81,Medium,Low,Low,Delayed,4
9035,Basic,Churned,9,14.00,88,Medium,Low,Low,Delayed,6
9036,Basic,"At Risk",8,21.00,54,Low,Low,Low,Delayed,7
9037,Pro,Active,4,75.00,35,Medium,Medium,Low,On-Time,7
9038,Pro,Churned,15,68.00,254,Low,Low,High,Delayed,1
9039,Pro,Churned,14,62.00,228,Low,Low,Medium,Delayed,2
9040,Basic,Active,3,17.00,19,Medium,High,Medium,On-Time,10
9041,Basic,Active,2,13.00,31,High,High,Low,On-Time,7
9042,Basic,Active,4,28.00,33,Medium,Medium,Low,On-Time,9
9043,Basic,"At Risk",5,17.00,24,High,Medium,Medium,Delayed,9
9044,Pro,"At Risk",8,52.00,70,Low,Low,Medium,On-Time,7
9045,Pro,"At Risk",5,65.00,42,High,Medium,High,On-Time,7
9046,Pro,Active,4,49.00,11,High,Medium,Medium,Delayed,9
9047,Basic,Active,3,25.00,30,High,High,Low,Delayed,7
9048,Enterprise,Churned,16,239.00,200,Low,Low,High,Missed,2
9049,Basic,Churned,9,24.00,51,Low,Low,High,On-Time,5
9050,Pro,Churned,14,57.00,296,Low,Low,High,Missed,4
9051,Basic,Active,2,15.00,0,High,Medium,Medium,On-Time,10
9052,Basic,"At Risk",8,24.00,72,Low,Low,Low,On-Time,4
9053,Pro,Churned,9,62.00,82,Low,Medium,Low,Delayed,6
9054,Basic,Active,3,21.00,21,Medium,High,Medium,On-Time,10
9055,Basic,Active,0,23.00,7,High,High,Low,On-Time,10
9056,Basic,Active,2,27.00,2,High,High,High,On-Time,10
9057,Basic,Churned,11,13.00,102,Low,Medium,Low,Missed,5
9058,Enterprise,Churned,9,151.00,87,Low,Low,Low,Delayed,7
9059,Basic,Active,0,15.00,4,High,High,Low,On-Time,8
9060,Basic,Active,3,14.00,2,High,Medium,Low,Delayed,10
9061,Pro,Active,1,56.00,12,High,High,Medium,On-Time,9
9062,Pro,Active,3,56.00,29,High,Medium,Medium,On-Time,7
9063,Basic,"At Risk",5,20.00,40,High,Medium,Low,Delayed,7
9064,Basic,Churned,11,17.00,116,Medium,Medium,Medium,Missed,5
9065,Basic,Churned,12,25.00,223,Low,Low,Low,Missed,5
9066,Enterprise,Churned,9,154.00,97,Low,Low,Low,On-Time,4
9067,Basic,Active,4,10.00,31,High,Medium,Medium,On-Time,7
9068,Basic,Active,4,27.00,6,Medium,High,Medium,Delayed,8
9069,Basic,Churned,13,28.00,210,Low,Low,High,Delayed,5
9070,Pro,Active,0,62.00,12,High,High,Low,On-Time,8
9071,Basic,"At Risk",8,22.00,68,Low,Low,Low,On-Time,4
9072,Basic,Active,2,29.00,0,High,High,High,On-Time,8
9073,Pro,Active,2,66.00,15,High,Medium,Low,On-Time,8
9074,Enterprise,"At Risk",8,193.00,99,Medium,Medium,Low,Delayed,7
9075,Enterprise,"At Risk",5,121.00,32,Medium,High,High,On-Time,9
9076,Basic,Active,2,12.00,5,High,Medium,Medium,On-Time,7
9077,Basic,Active,3,19.00,39,High,Medium,Low,On-Time,8
9078,Basic,Churned,9,15.00,51,Low,Low,Medium,Delayed,7
9079,Basic,Active,3,12.00,9,Medium,Medium,Medium,On-Time,8
9080,Basic,"At Risk",6,26.00,39,Medium,Medium,High,On-Time,10
9081,Enterprise,Active,2,148.00,23,High,Medium,Low,On-Time,8
9082,Pro,Churned,10,67.00,78,Low,Medium,Medium,Delayed,6
9083,Basic,"At Risk",6,17.00,22,Medium,High,High,Delayed,8
9084,Basic,Active,4,11.00,24,High,Medium,Low,Delayed,9
9085,Basic,Active,4,16.00,5,Medium,Medium,Low,Delayed,9
9086,Basic,Active,3,13.00,42,Medium,High,Low,On-Time,8
9087,Basic,"At Risk",5,29.00,44,Medium,Medium,Medium,On-Time,7
9088,Pro,Active,4,79.00,38,High,Medium,Medium,On-Time,8
9089,Basic,Active,0,22.00,2,High,High,Low,On-Time,7
9090,Basic,Active,3,29.00,28,Medium,Medium,Low,On-Time,10
9091,Basic,Active,2,25.00,14,Medium,High,Medium,On-Time,10
9092,Enterprise,Churned,13,154.00,152,Low,Low,Low,Delayed,1
9093,Pro,Churned,12,40.00,167,Low,Low,Low,Missed,5
9094,Basic,Active,4,15.00,36,Medium,High,Medium,On-Time,9
9095,Pro,Churned,9,62.00,63,Low,Medium,Low,Delayed,6
9096,Basic,Active,3,10.00,13,Medium,Medium,Medium,On-Time,7
9097,Basic,Churned,13,19.00,299,Low,Low,Low,Delayed,2
9098,Basic,Active,2,28.00,19,High,Medium,Low,On-Time,7
9099,Basic,Active,3,16.00,41,High,Medium,Low,On-Time,9
9100,Basic,"At Risk",6,17.00,39,High,Medium,Medium,Delayed,9
9101,Basic,Active,3,21.00,18,High,High,High,On-Time,8
9102,Pro,Active,1,56.00,11,High,High,Medium,On-Time,8
9103,Basic,Active,1,25.00,25,High,High,Low,On-Time,10
9104,Enterprise,Active,4,203.00,33,Medium,High,Medium,On-Time,9
9105,Pro,Churned,13,60.00,292,Low,Low,Medium,Missed,4
9106,Pro,Active,4,41.00,33,High,High,High,On-Time,10
9107,Pro,Active,3,75.00,24,Medium,Medium,Low,On-Time,8
9108,Basic,"At Risk",8,28.00,94,Low,Medium,Low,On-Time,4
9109,Basic,Active,3,19.00,42,High,Medium,Low,On-Time,8
9110,Basic,Active,1,14.00,6,Medium,High,Low,On-Time,8
9111,Basic,Churned,15,11.00,203,Low,Low,Medium,Missed,2
9112,Enterprise,Active,3,172.00,33,Medium,High,Low,On-Time,9
9113,Basic,Active,3,29.00,7,High,Medium,Low,Delayed,7
9114,Basic,Active,2,17.00,28,Medium,High,Low,On-Time,8
9115,Basic,Active,2,19.00,17,High,Medium,Low,On-Time,10
9116,Basic,Active,3,16.00,40,Medium,High,Low,On-Time,10
9117,Pro,Active,0,49.00,10,High,High,Low,On-Time,10
9118,Basic,Active,3,16.00,23,High,Medium,Medium,On-Time,10
9119,Basic,"At Risk",6,13.00,43,Medium,Medium,High,On-Time,8
9120,Pro,Active,4,71.00,43,Medium,Medium,Low,On-Time,10
9121,Basic,"At Risk",5,26.00,19,Medium,Medium,High,On-Time,10
9122,Pro,"At Risk",6,40.00,114,Medium,Medium,Low,On-Time,7
9123,Pro,Active,4,63.00,30,High,High,Medium,Delayed,9
9124,Enterprise,Churned,13,171.00,274,Low,Low,Medium,Missed,4
9125,Basic,Active,1,19.00,17,High,High,Low,On-Time,7
9126,Basic,Churned,15,26.00,223,Low,Low,Medium,Missed,1
9127,Basic,Churned,10,11.00,105,Low,Low,High,On-Time,7
9128,Basic,"At Risk",6,14.00,20,High,Medium,High,Delayed,7
9129,Basic,Active,3,25.00,32,High,High,Medium,On-Time,10
9130,Pro,"At Risk",5,43.00,20,High,Medium,Medium,Delayed,8
9131,Pro,Active,3,42.00,29,Medium,Medium,Low,On-Time,7
9132,Pro,"At Risk",8,41.00,57,Low,Low,Low,Delayed,7
9133,Basic,Active,1,10.00,12,Medium,High,Low,On-Time,8
9134,Pro,Active,2,43.00,5,High,Medium,Medium,On-Time,10
9135,Basic,Active,2,24.00,7,High,High,Low,Delayed,8
9136,Pro,Active,4,49.00,42,Medium,High,Medium,On-Time,8
9137,Pro,"At Risk",6,68.00,101,Medium,Medium,Low,On-Time,7
9138,Pro,Churned,14,72.00,251,Low,Low,Medium,Delayed,1
9139,Pro,Active,2,69.00,3,High,Medium,Medium,On-Time,8
9140,Basic,Churned,15,27.00,246,Low,Low,Medium,Missed,1
9141,Basic,Active,3,23.00,40,High,High,Medium,On-Time,9
9142,Pro,Active,2,68.00,7,High,Medium,Medium,On-Time,8
9143,Basic,Active,1,27.00,5,High,High,Medium,On-Time,7
9144,Pro,Active,3,52.00,5,High,Medium,Low,Delayed,10
9145,Enterprise,"At Risk",5,291.00,38,Medium,Medium,Medium,On-Time,10
9146,Basic,"At Risk",8,29.00,64,Low,Low,Low,On-Time,5
9147,Basic,"At Risk",5,24.00,32,High,High,Medium,Delayed,9
9148,Basic,Active,4,28.00,21,High,Medium,Low,Delayed,7
9149,Pro,Active,4,42.00,13,Medium,Medium,High,On-Time,7
9150,Pro,Active,4,49.00,38,Medium,High,Medium,On-Time,8
9151,Basic,Churned,11,12.00,66,Low,Low,Low,Missed,6
9152,Pro,Churned,14,41.00,193,Low,Low,Low,Missed,1
9153,Basic,Active,2,25.00,10,High,Medium,Medium,On-Time,10
9154,Basic,Active,1,29.00,22,High,High,Low,On-Time,10
9155,Pro,Active,3,77.00,32,High,High,Medium,On-Time,7
9156,Basic,Active,3,26.00,23,Medium,Medium,Low,On-Time,9
9157,Basic,Churned,10,27.00,70,Low,Low,Medium,Delayed,7
9158,Pro,Active,1,79.00,0,High,Medium,Low,On-Time,8
9159,Pro,Active,2,66.00,31,High,High,Low,On-Time,10
9160,Enterprise,Active,1,206.00,6,High,High,Medium,On-Time,8
9161,Enterprise,"At Risk",8,226.00,54,Medium,Low,Low,Delayed,6
9162,Basic,"At Risk",5,29.00,38,Medium,High,High,On-Time,7
9163,Pro,Active,1,65.00,24,High,High,Low,On-Time,9
9164,Pro,Active,2,61.00,7,Medium,Medium,Low,On-Time,7
9165,Enterprise,Active,2,193.00,14,High,Medium,Medium,On-Time,9
9166,Basic,"At Risk",5,28.00,37,High,Medium,High,On-Time,7
9167,Basic,"At Risk",5,10.00,38,Medium,High,High,On-Time,7
9168,Basic,Active,2,29.00,16,High,Medium,Low,On-Time,10
9169,Basic,Churned,12,21.00,139,Low,Low,Low,Missed,5
9170,Basic,"At Risk",8,17.00,54,Low,Medium,High,On-Time,6
9171,Pro,Active,2,54.00,5,Medium,Medium,Low,On-Time,9
9172,Pro,"At Risk",5,70.00,32,High,High,Medium,Delayed,7
9173,Pro,Active,3,67.00,43,High,Medium,Low,On-Time,8
9174,Enterprise,Active,1,221.00,15,High,High,Low,On-Time,8
9175,Pro,Churned,11,78.00,103,Low,Medium,High,Delayed,7
9176,Basic,"At Risk",6,10.00,34,High,Medium,Medium,Delayed,8
9177,Basic,Active,4,21.00,39,High,Medium,Medium,On-Time,10
9178,Basic,Active,1,29.00,11,High,Medium,Low,On-Time,9
9179,Basic,Active,1,21.00,21,High,High,Low,On-Time,10
9180,Pro,Active,1,50.00,19,High,High,Low,On-Time,7
9181,Basic,"At Risk",6,18.00,18,Medium,High,High,Delayed,9
9182,Basic,Active,2,10.00,6,High,Medium,Medium,On-Time,8
9183,Pro,Active,3,57.00,21,Medium,Medium,Low,On-Time,10
9184,Basic,Active,3,27.00,39,Medium,High,Low,On-Time,10
9185,Basic,Active,4,17.00,20,Medium,Medium,Medium,On-Time,7
9186,Pro,"At Risk",5,64.00,33,Medium,High,Low,Delayed,10
9187,Basic,Active,2,19.00,29,High,Medium,Low,On-Time,7
9188,Basic,Churned,13,10.00,150,Low,Low,Medium,Missed,4
9189,Basic,Active,2,27.00,30,High,Medium,Low,On-Time,9
9190,Basic,Active,4,21.00,28,High,Medium,Low,Delayed,9
9191,Basic,Churned,10,26.00,80,Low,Low,High,On-Time,6
9192,Basic,Churned,14,13.00,126,Low,Low,Medium,Delayed,2
9193,Basic,Active,4,15.00,43,Medium,High,Medium,On-Time,9
9194,Pro,Active,2,46.00,22,High,High,Medium,On-Time,9
9195,Basic,Churned,9,19.00,110,Medium,Medium,Low,Delayed,6
9196,Basic,Active,3,19.00,0,Medium,Medium,Medium,On-Time,10
9197,Enterprise,"At Risk",6,291.00,32,Medium,Medium,Low,Delayed,8
9198,Basic,Active,3,23.00,5,Medium,High,High,On-Time,8
9199,Pro,Active,4,41.00,40,Medium,Medium,Low,On-Time,7
9200,Basic,"At Risk",5,28.00,26,High,High,High,Delayed,10
9201,Pro,Active,4,50.00,32,Medium,High,Medium,On-Time,10
9202,Basic,Active,1,16.00,21,High,High,Low,On-Time,8
9203,Pro,Churned,13,41.00,150,Low,Low,Low,Delayed,3
9204,Enterprise,Churned,11,170.00,71,Low,Low,Low,Missed,4
9205,Basic,"At Risk",7,28.00,103,Medium,Medium,Low,On-Time,4
9206,Basic,Churned,9,12.00,59,Medium,Low,Medium,Missed,7
9207,Pro,Churned,13,79.00,258,Low,Low,Medium,Missed,4
9208,Basic,Active,3,21.00,20,High,Medium,Medium,On-Time,9
9209,Basic,Active,4,13.00,44,Medium,Medium,Low,On-Time,7
9210,Basic,"At Risk",6,15.00,40,Medium,Medium,Low,Delayed,9
9211,Basic,"At Risk",5,17.00,37,Medium,Medium,Medium,On-Time,10
9212,Pro,Active,3,55.00,39,High,High,Medium,On-Time,7
9213,Basic,Churned,12,19.00,97,Low,Low,Low,Missed,6
9214,Pro,Active,1,64.00,14,High,Medium,Low,On-Time,9
9215,Basic,"At Risk",7,20.00,79,Medium,Low,Low,On-Time,6
9216,Basic,Active,1,12.00,3,Medium,High,Low,On-Time,7
9217,Basic,Active,4,16.00,28,Medium,Medium,Medium,On-Time,10
9218,Basic,"At Risk",7,18.00,68,Medium,Medium,Low,Delayed,7
9219,Basic,Active,4,18.00,22,High,Medium,High,On-Time,9
9220,Enterprise,Churned,10,295.00,81,Low,Low,Low,Delayed,5
9221,Enterprise,Active,2,245.00,27,Medium,High,Low,On-Time,10
9222,Pro,Active,2,69.00,20,Medium,High,Low,On-Time,10
9223,Enterprise,Active,3,297.00,38,Medium,High,Low,On-Time,8
9224,Basic,Active,3,16.00,41,High,High,Medium,On-Time,9
9225,Pro,Active,3,56.00,14,High,Medium,High,On-Time,8
9226,Basic,Active,3,16.00,28,Medium,Medium,Low,On-Time,8
9227,Pro,Active,4,60.00,26,Medium,High,Low,Delayed,7
9228,Basic,Active,4,13.00,29,Medium,High,High,On-Time,10
9229,Pro,Active,2,49.00,34,High,High,Low,On-Time,9
9230,Basic,Active,2,22.00,27,High,High,Medium,On-Time,7
9231,Basic,"At Risk",5,11.00,39,Medium,Medium,Medium,On-Time,9
9232,Basic,Active,1,11.00,8,Medium,High,Low,On-Time,10
9233,Basic,Churned,10,16.00,119,Low,Low,Low,Delayed,7
9234,Basic,Active,2,23.00,2,High,Medium,Medium,On-Time,8
9235,Pro,Active,2,71.00,29,High,High,Medium,On-Time,10
9236,Pro,Churned,9,59.00,82,Low,Low,Low,Delayed,7
9237,Pro,"At Risk",7,76.00,81,Low,Low,Low,On-Time,7
9238,Enterprise,Churned,9,247.00,55,Low,Medium,Medium,Delayed,6
9239,Basic,"At Risk",6,27.00,35,High,Medium,Medium,Delayed,8
9240,Pro,Active,4,74.00,39,Medium,High,Medium,On-Time,10
9241,Pro,"At Risk",8,61.00,55,Low,Medium,Low,Delayed,5
9242,Pro,"At Risk",5,47.00,43,High,Medium,High,On-Time,8
9243,Basic,Active,1,22.00,11,High,Medium,Low,On-Time,10
9244,Pro,Churned,10,50.00,92,Medium,Low,Low,Delayed,6
9245,Pro,Churned,11,40.00,102,Low,Low,Low,Delayed,5
9246,Pro,Active,4,71.00,32,High,Medium,Medium,On-Time,8
9247,Pro,Churned,10,65.00,72,Low,Low,Low,Delayed,6
9248,Basic,Churned,14,11.00,267,Low,Low,High,Missed,5
9249,Basic,Active,2,10.00,18,High,High,Medium,On-Time,9
9250,Pro,Active,2,73.00,14,High,Medium,Medium,On-Time,7
9251,Pro,Active,3,76.00,38,High,High,Medium,On-Time,10
9252,Basic,Active,0,19.00,7,High,High,Low,On-Time,9
9253,Basic,Churned,14,19.00,293,Low,Low,Medium,Delayed,1
9254,Pro,"At Risk",5,77.00,22,Medium,Medium,High,On-Time,10
9255,Pro,Active,0,42.00,7,High,High,Low,On-Time,7
9256,Basic,Churned,12,13.00,255,Low,Low,Medium,Delayed,5
9257,Basic,Active,3,27.00,4,Medium,Medium,Medium,On-Time,9
9258,Enterprise,Active,2,287.00,4,High,Medium,Medium,On-Time,9
9259,Enterprise,Active,4,298.00,38,Medium,Medium,Low,On-Time,9
9260,Basic,Active,4,17.00,21,Medium,High,Low,Delayed,9
9261,Enterprise,Active,1,163.00,29,High,High,Low,On-Time,9
9262,Pro,Active,1,78.00,23,High,High,Low,On-Time,7
9263,Basic,Churned,12,10.00,109,Low,Medium,High,Delayed,6
9264,Basic,Active,2,24.00,20,High,Medium,Low,On-Time,10
9265,Basic,Churned,13,24.00,264,Low,Low,Medium,Missed,4
9266,Pro,Churned,12,65.00,150,Low,Low,Low,Missed,4
9267,Pro,Active,2,66.00,21,High,Medium,Low,On-Time,8
9268,Pro,Churned,9,78.00,61,Low,Medium,Low,Delayed,5
9269,Basic,Churned,15,21.00,123,Low,Low,Medium,Missed,2
9270,Pro,Active,3,49.00,30,High,Medium,Medium,On-Time,10
9271,Basic,Active,1,25.00,8,Medium,High,Low,On-Time,8
9272,Basic,Active,4,26.00,0,Medium,High,Medium,Delayed,9
9273,Basic,Active,4,21.00,5,Medium,Medium,High,On-Time,7
9274,Pro,Active,3,70.00,11,High,Medium,Low,Delayed,8
9275,Pro,Active,4,64.00,3,Medium,Medium,High,On-Time,10
9276,Pro,Churned,14,52.00,228,Low,Low,Low,Missed,2
9277,Pro,Active,4,75.00,44,High,High,High,On-Time,8
9278,Pro,"At Risk",5,69.00,40,High,Medium,High,On-Time,9
9279,Basic,Active,2,11.00,41,High,High,Low,On-Time,8
9280,Basic,Churned,10,19.00,101,Medium,Low,Medium,Delayed,7
9281,Pro,Active,4,72.00,17,Medium,Medium,Medium,On-Time,10
9282,Pro,Churned,10,45.00,49,Low,Low,Low,Missed,6
9283,Basic,Churned,15,26.00,168,Low,Low,High,Delayed,2
9284,Pro,Churned,15,68.00,137,Low,Low,Medium,Missed,1
9285,Enterprise,Active,3,190.00,23,Medium,Medium,Low,On-Time,9
9286,Basic,Churned,10,20.00,113,Low,Medium,Low,Delayed,4
9287,Pro,Active,3,49.00,33,High,High,Medium,On-Time,7
9288,Enterprise,Churned,9,295.00,76,Medium,Medium,Low,Missed,6
9289,Basic,Active,2,20.00,25,Medium,High,Low,On-Time,9
9290,Basic,Active,4,16.00,43,High,High,High,On-Time,8
9291,Pro,Active,1,58.00,5,High,High,Medium,On-Time,7
9292,Enterprise,Active,3,135.00,43,High,High,Medium,On-Time,10
9293,Pro,Active,3,77.00,38,High,Medium,Low,On-Time,9
9294,Pro,Active,0,62.00,14,High,High,Low,On-Time,10
9295,Enterprise,Active,3,174.00,33,High,Medium,Low,On-Time,7
9296,Pro,Active,2,68.00,20,High,High,Medium,On-Time,9
9297,Basic,Active,1,29.00,2,High,Medium,Low,On-Time,8
9298,Basic,Active,4,15.00,36,Medium,Medium,Low,On-Time,8
9299,Pro,Churned,12,73.00,71,Low,Medium,High,Missed,4
9300,Pro,Active,2,69.00,6,High,Medium,Medium,On-Time,9
9301,Pro,Active,1,55.00,3,High,High,Medium,On-Time,7
9302,Pro,Active,1,43.00,23,High,High,Low,On-Time,9
9303,Basic,Active,1,18.00,12,High,Medium,Low,On-Time,7
9304,Pro,Active,1,77.00,28,High,High,Low,On-Time,10
9305,Basic,Churned,16,21.00,276,Low,Low,High,Missed,3
9306,Basic,Active,1,28.00,0,Medium,High,Low,On-Time,10
9307,Basic,Active,4,28.00,37,Medium,High,Medium,On-Time,10
9308,Basic,Churned,9,13.00,51,Low,Low,Low,Delayed,5
9309,Basic,Active,4,28.00,6,High,Medium,Medium,Delayed,8
9310,Enterprise,Churned,14,206.00,195,Low,Low,Low,Missed,2
9311,Enterprise,Churned,14,281.00,161,Low,Low,Low,Missed,2
9312,Basic,Active,2,20.00,40,High,High,Low,On-Time,9
9313,Basic,Active,4,21.00,33,Medium,Medium,Low,On-Time,8
9314,Pro,Active,3,47.00,20,High,Medium,Medium,On-Time,7
9315,Enterprise,Churned,11,198.00,71,Low,Low,Medium,Delayed,6
9316,Pro,Active,0,42.00,6,High,High,Low,On-Time,10
9317,Pro,Churned,9,50.00,89,Low,Medium,Medium,Delayed,7
9318,Basic,Active,3,29.00,37,Medium,High,Low,On-Time,8
9319,Pro,Active,0,62.00,8,High,High,Low,On-Time,9
9320,Pro,Active,2,54.00,38,High,High,Low,On-Time,8
9321,Pro,Active,3,73.00,16,High,Medium,Medium,On-Time,7
9322,Enterprise,Active,1,239.00,2,Medium,High,Low,On-Time,10
9323,Pro,Active,1,73.00,19,High,High,Low,On-Time,10
9324,Basic,Active,4,11.00,20,High,Medium,High,On-Time,10
9325,Basic,Active,2,12.00,19,Medium,High,Low,On-Time,7
9326,Pro,Active,3,65.00,15,High,High,Low,Delayed,10
9327,Pro,"At Risk",5,66.00,33,Medium,Medium,Medium,On-Time,7
9328,Basic,Active,0,27.00,5,High,High,Low,On-Time,10
9329,Pro,Active,1,71.00,5,High,Medium,Low,On-Time,10
9330,Enterprise,Active,3,194.00,12,High,Medium,High,On-Time,7
9331,Pro,Active,2,63.00,6,High,High,High,On-Time,8
9332,Basic,Active,0,19.00,0,High,High,Low,On-Time,9
9333,Pro,Churned,12,57.00,186,Low,Low,Low,Missed,5
9334,Pro,Churned,15,77.00,216,Low,Low,Medium,Missed,3
9335,Basic,Active,0,11.00,6,High,High,Low,On-Time,9
9336,Basic,Active,2,28.00,15,High,Medium,Low,On-Time,9
9337,Pro,Active,2,62.00,27,Medium,High,Low,On-Time,9
9338,Pro,"At Risk",5,73.00,15,Medium,Medium,Low,Delayed,8
9339,Basic,Active,4,25.00,34,High,High,High,On-Time,8
9340,Basic,Active,3,29.00,31,Medium,High,Low,On-Time,7
9341,Basic,Active,3,11.00,36,Medium,High,Low,On-Time,7
9342,Basic,Active,2,22.00,25,High,High,Medium,On-Time,9
9343,Enterprise,Active,0,134.00,3,High,High,Low,On-Time,9
9344,Enterprise,Churned,11,225.00,108,Low,Medium,Medium,Delayed,6
9345,Pro,"At Risk",7,55.00,56,Medium,Medium,Low,Delayed,6
9346,Basic,Active,2,11.00,30,High,High,Medium,On-Time,8
9347,Pro,Active,4,56.00,40,High,Medium,Medium,On-Time,7
9348,Pro,Active,3,61.00,37,High,Medium,Low,On-Time,8
9349,Enterprise,Active,2,132.00,20,Medium,High,Low,On-Time,10
9350,Basic,Active,1,15.00,14,High,High,Medium,On-Time,10
9351,Pro,Active,1,50.00,23,High,High,Low,On-Time,8
9352,Enterprise,Active,1,283.00,4,High,Medium,Low,On-Time,10
9353,Enterprise,Churned,12,158.00,86,Low,Low,High,Delayed,4
9354,Basic,"At Risk",5,24.00,36,Medium,High,High,On-Time,9
9355,Basic,Active,1,24.00,18,High,High,Low,On-Time,9
9356,Basic,Active,4,26.00,42,High,Medium,Medium,On-Time,9
9357,Basic,Active,4,29.00,43,High,High,Low,Delayed,8
9358,Basic,Active,3,16.00,30,Medium,Medium,Low,On-Time,9
9359,Enterprise,Active,2,124.00,39,High,High,Low,On-Time,7
9360,Enterprise,Active,3,220.00,38,High,High,Medium,On-Time,7
9361,Basic,Churned,14,21.00,156,Low,Low,Low,Missed,3
9362,Basic,Active,2,27.00,24,High,High,Medium,On-Time,7
9363,Pro,"At Risk",5,48.00,42,Medium,High,Low,Delayed,9
9364,Pro,Active,4,47.00,33,High,Medium,Medium,On-Time,10
9365,Pro,Active,3,60.00,33,High,High,Medium,On-Time,8
9366,Basic,Active,4,25.00,34,High,Medium,Medium,On-Time,10
9367,Basic,Active,2,13.00,30,Medium,High,Low,On-Time,8
9368,Pro,"At Risk",7,55.00,30,Medium,Medium,High,Delayed,10
9369,Pro,Active,1,71.00,9,High,Medium,Low,On-Time,10
9370,Pro,Active,2,71.00,12,Medium,High,Medium,On-Time,10
9371,Basic,Active,2,23.00,2,High,Medium,Medium,On-Time,10
9372,Basic,Active,2,25.00,14,Medium,Medium,Low,On-Time,9
9373,Pro,Active,0,71.00,14,High,High,Low,On-Time,9
9374,Basic,Active,2,24.00,11,High,High,Low,Delayed,8
9375,Basic,Active,1,17.00,20,High,High,Low,On-Time,7
9376,Pro,Churned,13,40.00,119,Medium,Low,High,Missed,6
9377,Pro,Active,3,75.00,30,Medium,High,Medium,On-Time,10
9378,Basic,Active,3,22.00,17,Medium,Medium,Low,On-Time,8
9379,Pro,Active,3,46.00,15,High,Medium,Medium,On-Time,7
9380,Basic,"At Risk",5,11.00,42,High,Medium,High,On-Time,7
9381,Enterprise,"At Risk",7,277.00,58,Medium,Medium,High,On-Time,6
9382,Enterprise,"At Risk",6,275.00,32,Medium,Medium,Low,Delayed,7
9383,Basic,Active,2,13.00,20,High,High,Medium,On-Time,8
9384,Pro,"At Risk",5,61.00,33,High,Medium,High,On-Time,7
9385,Pro,"At Risk",8,49.00,100,Medium,Low,Low,On-Time,6
9386,Pro,Active,2,62.00,5,High,High,High,On-Time,7
9387,Basic,Churned,13,22.00,100,Low,Low,High,Delayed,5
9388,Enterprise,Active,4,193.00,24,Medium,Medium,Medium,On-Time,8
9389,Pro,"At Risk",8,49.00,84,Low,Medium,Medium,On-Time,5
9390,Basic,Active,3,19.00,7,Medium,High,Low,Delayed,7
9391,Pro,"At Risk",5,67.00,38,Medium,High,High,On-Time,8
9392,Basic,"At Risk",8,23.00,46,Low,Low,Medium,On-Time,5
9393,Basic,Active,2,17.00,17,High,High,Medium,On-Time,8
9394,Basic,Active,1,23.00,2,High,High,Medium,On-Time,7
9395,Enterprise,Active,4,163.00,3,Medium,Medium,High,On-Time,8
9396,Basic,Active,2,26.00,10,High,Medium,Medium,On-Time,9
9397,Basic,Active,0,16.00,9,High,High,Low,On-Time,7
9398,Basic,Active,2,25.00,6,High,Medium,Medium,On-Time,9
9399,Basic,Active,4,18.00,40,Medium,High,Medium,On-Time,10
9400,Pro,Active,2,79.00,26,High,High,Medium,On-Time,7
9401,Pro,Churned,10,67.00,71,Low,Medium,High,Delayed,7
9402,Basic,Churned,12,12.00,105,Low,Medium,High,Delayed,4
9403,Enterprise,Churned,15,155.00,265,Low,Low,Medium,Missed,1
9404,Enterprise,Active,4,155.00,39,Medium,Medium,Low,On-Time,9
9405,Pro,"At Risk",8,75.00,49,Medium,Low,Low,Delayed,4
9406,Pro,"At Risk",8,42.00,68,Medium,Low,Medium,On-Time,6
9407,Basic,"At Risk",6,23.00,52,Medium,Low,Low,On-Time,4
9408,Basic,Active,3,27.00,9,Medium,Medium,Medium,On-Time,9
9409,Basic,Churned,12,19.00,117,Low,Low,Medium,Delayed,5
9410,Pro,Active,1,65.00,22,High,High,Low,On-Time,10
9411,Pro,Churned,11,53.00,112,Low,Low,Low,Missed,7
9412,Basic,Active,2,25.00,1,High,High,High,On-Time,10
9413,Basic,Active,4,14.00,28,High,High,Medium,Delayed,8
9414,Pro,Active,2,58.00,7,Medium,Medium,Low,On-Time,10
9415,Basic,Active,4,15.00,36,Medium,High,Medium,On-Time,8
9416,Pro,"At Risk",5,59.00,35,Medium,Medium,Medium,On-Time,7
9417,Basic,Active,2,20.00,25,High,Medium,Low,On-Time,9
9418,Basic,Churned,11,23.00,112,Medium,Low,Medium,Delayed,6
9419,Basic,Active,1,21.00,8,High,Medium,Low,On-Time,10
9420,Basic,Active,4,18.00,30,Medium,Medium,Medium,On-Time,8
9421,Basic,Churned,16,21.00,165,Low,Low,High,Missed,2
9422,Pro,Active,4,49.00,31,Medium,Medium,Low,On-Time,9
9423,Basic,Active,4,13.00,29,High,Medium,High,On-Time,8
9424,Pro,Churned,15,57.00,251,Low,Low,High,Delayed,3
9425,Pro,Churned,10,40.00,50,Low,Low,Low,Missed,5
9426,Basic,"At Risk",8,13.00,79,Medium,Medium,Low,Delayed,6
9427,Basic,Churned,10,25.00,86,Low,Medium,Medium,Delayed,5
9428,Basic,Active,4,10.00,40,Medium,Medium,Low,On-Time,10
9429,Pro,"At Risk",7,43.00,53,Low,Low,Low,On-Time,4
9430,Basic,"At Risk",8,13.00,118,Medium,Low,Low,On-Time,6
9431,Pro,Active,0,40.00,0,High,High,Low,On-Time,9
9432,Basic,Active,2,11.00,22,High,Medium,Low,On-Time,10
9433,Basic,Active,3,25.00,14,Medium,Medium,Medium,On-Time,10
9434,Basic,Active,4,17.00,44,High,Medium,Medium,On-Time,7
9435,Basic,Active,3,11.00,44,High,Medium,Low,On-Time,10
9436,Pro,Churned,10,54.00,87,Medium,Low,Medium,Delayed,5
9437,Basic,Active,4,10.00,22,High,Medium,High,On-Time,10
9438,Pro,Active,4,72.00,13,Medium,Medium,High,On-Time,9
9439,Pro,Active,3,79.00,39,High,High,Medium,On-Time,10
9440,Basic,"At Risk",8,27.00,102,Low,Medium,Low,On-Time,5
9441,Pro,Churned,10,46.00,117,Low,Medium,Low,Missed,7
9442,Pro,Active,4,43.00,16,Medium,High,High,On-Time,8
9443,Pro,Active,4,44.00,13,Medium,Medium,High,On-Time,9
9444,Pro,Active,3,49.00,5,Medium,Medium,Medium,On-Time,7
9445,Basic,Active,4,17.00,3,High,Medium,Medium,Delayed,9
9446,Basic,"At Risk",8,24.00,110,Low,Medium,Medium,On-Time,7
9447,Basic,Churned,11,24.00,115,Low,Low,Low,Missed,7
9448,Pro,"At Risk",8,73.00,115,Low,Low,Low,On-Time,7
9449,Pro,Active,2,64.00,15,Medium,High,Low,On-Time,9
9450,Pro,"At Risk",7,58.00,37,Medium,Medium,Medium,Delayed,9
9451,Basic,Churned,9,20.00,78,Medium,Medium,Medium,Delayed,6
9452,Basic,Active,2,22.00,32,High,High,Low,On-Time,8
9453,Basic,Active,3,11.00,27,Medium,Medium,Low,On-Time,9
9454,Enterprise,Active,4,256.00,6,High,High,High,Delayed,8
9455,Basic,Active,3,13.00,20,Medium,Medium,Low,On-Time,7
9456,Pro,Active,3,55.00,3,High,Medium,High,On-Time,9
9457,Basic,Active,3,12.00,27,High,Medium,Medium,On-Time,7
9458,Basic,Active,3,11.00,33,Medium,High,Low,On-Time,10
9459,Basic,Churned,9,24.00,75,Medium,Low,Low,Delayed,4
9460,Pro,Active,2,67.00,7,Medium,High,Medium,On-Time,8
9461,Basic,Churned,15,20.00,277,Low,Low,Medium,Missed,3
9462,Pro,Active,1,55.00,10,High,Medium,Low,On-Time,10
9463,Pro,Active,3,56.00,32,High,Medium,Low,On-Time,10
9464,Pro,Active,3,75.00,6,High,Medium,Low,Delayed,10
9465,Basic,Active,1,25.00,6,High,High,Medium,On-Time,8
9466,Enterprise,Active,2,285.00,28,Medium,High,Low,On-Time,7
9467,Pro,"At Risk",8,69.00,81,Low,Low,Medium,On-Time,7
9468,Pro,"At Risk",7,69.00,35,High,Medium,High,Delayed,7
9469,Basic,Churned,9,13.00,76,Low,Low,Low,Delayed,7
9470,Basic,Active,0,25.00,4,High,High,Low,On-Time,7
9471,Pro,Churned,11,67.00,100,Low,Low,Low,Missed,7
9472,Basic,Active,2,14.00,43,High,High,Low,On-Time,8
9473,Enterprise,Active,2,251.00,22,Medium,High,Low,On-Time,9
9474,Enterprise,"At Risk",8,185.00,72,Low,Medium,Low,Delayed,7
9475,Basic,Churned,9,10.00,49,Medium,Low,Medium,Delayed,5
9476,Pro,Churned,11,75.00,118,Low,Low,Low,Delayed,5
9477,Basic,Active,1,28.00,30,High,High,Low,On-Time,7
9478,Basic,Churned,15,25.00,193,Low,Low,High,Delayed,3
9479,Pro,Churned,9,41.00,100,Medium,Low,Medium,On-Time,6
9480,Pro,"At Risk",5,53.00,30,High,High,High,Delayed,10
9481,Basic,Churned,11,27.00,111,Low,Low,Low,Delayed,4
9482,Pro,Active,1,66.00,22,High,High,Low,On-Time,8
9483,Enterprise,Active,3,166.00,15,High,Medium,Medium,On-Time,8
9484,Basic,Churned,10,29.00,119,Medium,Low,Low,Delayed,6
9485,Basic,Churned,9,19.00,56,Low,Low,High,On-Time,5
9486,Pro,Active,4,77.00,42,Medium,High,Medium,On-Time,9
9487,Basic,"At Risk",5,15.00,23,Medium,High,Medium,Delayed,9
9488,Basic,Active,3,23.00,41,Medium,High,Low,On-Time,10
9489,Basic,Active,2,29.00,24,High,High,Medium,On-Time,7
9490,Pro,Active,2,73.00,1,Medium,High,Medium,On-Time,8
9491,Basic,Churned,11,27.00,66,Low,Low,Low,Missed,6
9492,Basic,Churned,10,18.00,115,Medium,Low,Medium,Delayed,7
9493,Pro,Active,3,74.00,7,Medium,Medium,Medium,On-Time,10
9494,Enterprise,Active,3,214.00,28,High,High,High,On-Time,8
9495,Pro,"At Risk",5,72.00,4,Medium,High,High,Delayed,10
9496,Basic,Churned,11,14.00,159,Low,Low,Low,Delayed,5
9497,Enterprise,Active,4,274.00,5,Medium,Medium,High,On-Time,9
9498,Basic,Active,3,15.00,24,High,High,High,On-Time,7
9499,Pro,Active,2,56.00,34,High,High,Low,On-Time,7
9500,Pro,Active,2,42.00,16,High,High,Medium,On-Time,7
9501,Pro,Churned,9,61.00,47,Low,Medium,Low,Missed,4
9502,Pro,Churned,9,55.00,111,Low,Low,Low,On-Time,4
9503,Pro,Churned,10,67.00,77,Low,Medium,Medium,Missed,7
9504,Basic,"At Risk",5,19.00,28,Medium,Medium,Low,Delayed,10
9505,Basic,Churned,13,23.00,247,Low,Low,Medium,Missed,5
9506,Enterprise,Churned,9,170.00,90,Medium,Low,Low,Missed,7
9507,Pro,Active,4,42.00,27,Medium,Medium,Medium,On-Time,9
9508,Basic,Active,2,20.00,6,High,High,Low,Delayed,7
9509,Basic,Churned,11,18.00,114,Medium,Low,Medium,Delayed,6
9510,Pro,Churned,11,45.00,70,Medium,Low,Medium,Missed,6
9511,Basic,Active,4,23.00,16,Medium,High,High,On-Time,7
9512,Basic,"At Risk",5,18.00,43,High,Medium,High,On-Time,10
9513,Basic,Active,2,28.00,26,High,Medium,Low,On-Time,7
9514,Pro,"At Risk",5,51.00,39,Medium,Medium,Medium,On-Time,7
9515,Basic,Active,4,18.00,32,Medium,Medium,Low,On-Time,10
9516,Enterprise,Churned,9,283.00,113,Medium,Medium,Medium,Delayed,7
9517,Basic,Churned,11,26.00,116,Low,Low,Low,Delayed,4
9518,Pro,Active,1,63.00,30,High,High,Low,On-Time,9
9519,Basic,Active,3,11.00,29,Medium,High,Medium,On-Time,8
9520,Pro,Active,2,69.00,19,Medium,High,Low,On-Time,7
9521,Basic,Active,1,29.00,16,High,High,Low,On-Time,10
9522,Basic,Churned,9,13.00,61,Medium,Medium,High,Delayed,7
9523,Basic,Active,2,10.00,24,High,Medium,Low,On-Time,10
9524,Pro,Churned,15,65.00,184,Low,Low,Medium,Missed,2
9525,Basic,Active,3,14.00,19,Medium,High,Medium,On-Time,7
9526,Enterprise,Churned,12,175.00,118,Low,Low,High,Delayed,7
9527,Basic,Churned,12,29.00,63,Low,Low,Medium,Missed,5
9528,Pro,Active,0,68.00,12,High,High,Low,On-Time,7
9529,Basic,Active,3,21.00,30,High,High,High,On-Time,9
9530,Pro,Churned,9,72.00,77,Low,Low,Medium,On-Time,4
9531,Basic,Churned,10,15.00,102,Low,Medium,Low,Missed,7
9532,Basic,Active,3,26.00,33,High,Medium,Low,On-Time,10
9533,Pro,Active,3,58.00,40,High,Medium,Low,On-Time,8
9534,Basic,Churned,12,21.00,209,Low,Low,Low,Missed,5
9535,Basic,"At Risk",5,21.00,34,Medium,Medium,Medium,On-Time,7
9536,Basic,Active,3,21.00,38,High,Medium,Low,On-Time,7
9537,Basic,Active,4,25.00,11,Medium,Medium,Low,Delayed,10
9538,Basic,"At Risk",8,10.00,46,Medium,Low,Low,Delayed,4
9539,Enterprise,Active,3,209.00,37,High,Medium,Low,On-Time,7
9540,Basic,Active,3,26.00,16,High,High,Low,Delayed,9
9541,Pro,"At Risk",5,64.00,42,Medium,High,High,On-Time,8
9542,Basic,Churned,12,15.00,164,Low,Low,Low,Missed,5
9543,Pro,Active,4,74.00,28,High,Medium,High,On-Time,9
9544,Basic,Active,4,18.00,12,Medium,Medium,High,On-Time,7
9545,Pro,Active,3,77.00,37,High,High,Medium,On-Time,7
9546,Basic,Active,1,24.00,22,High,High,Low,On-Time,10
9547,Pro,Active,2,75.00,13,High,High,Low,Delayed,10
9548,Basic,Churned,14,18.00,213,Low,Low,Low,Missed,3
9549,Pro,Churned,9,53.00,71,Low,Low,Medium,On-Time,6
9550,Basic,Active,3,18.00,40,High,Medium,Low,On-Time,7
9551,Basic,Active,2,22.00,12,Medium,Medium,Low,On-Time,8
9552,Pro,Churned,12,47.00,253,Low,Low,Low,Missed,4
9553,Basic,Churned,10,12.00,94,Low,Medium,Low,Delayed,4
9554,Basic,Active,1,23.00,6,High,Medium,Low,On-Time,8
9555,Enterprise,Active,4,169.00,17,Medium,High,Low,Delayed,7
9556,Basic,Active,1,26.00,13,Medium,High,Low,On-Time,8
9557,Pro,Churned,11,50.00,72,Low,Low,Medium,Delayed,4
9558,Basic,"At Risk",7,20.00,56,Low,Medium,Low,Delayed,7
9559,Basic,"At Risk",5,13.00,32,High,High,Medium,Delayed,7
9560,Pro,"At Risk",5,76.00,33,Medium,Medium,Medium,On-Time,9
9561,Pro,Churned,11,58.00,67,Low,Low,Medium,Delayed,4
9562,Basic,Active,2,17.00,10,Medium,Medium,Low,On-Time,7
9563,Pro,Active,4,60.00,41,High,High,High,On-Time,10
9564,Basic,Active,2,10.00,21,High,Medium,Low,On-Time,8
9565,Basic,Active,2,21.00,9,High,Medium,Medium,On-Time,7
9566,Basic,Active,2,18.00,2,Medium,Medium,Low,On-Time,7
9567,Enterprise,Active,4,146.00,22,Medium,High,High,On-Time,7
9568,Basic,Active,4,24.00,31,Medium,Medium,Low,On-Time,7
9569,Pro,Active,4,66.00,29,High,Medium,Low,Delayed,8
9570,Pro,Active,4,60.00,24,High,Medium,Low,Delayed,7
9571,Basic,Churned,13,18.00,238,Low,Low,Medium,Missed,5
9572,Enterprise,Active,1,171.00,13,High,Medium,Low,On-Time,7
9573,Basic,"At Risk",5,12.00,28,High,Medium,Medium,Delayed,10
9574,Pro,Active,4,47.00,15,High,Medium,High,On-Time,8
9575,Basic,Active,2,19.00,8,Medium,Medium,Low,On-Time,10
9576,Enterprise,Active,2,151.00,21,High,Medium,Low,On-Time,9
9577,Pro,Active,3,46.00,18,High,Medium,Medium,On-Time,9
9578,Basic,Active,3,20.00,37,High,Medium,Low,On-Time,9
9579,Basic,"At Risk",6,13.00,32,Medium,Medium,High,On-Time,7
9580,Basic,Active,4,14.00,42,High,Medium,Medium,On-Time,9
9581,Basic,Churned,12,18.00,222,Low,Low,Low,Missed,4
9582,Basic,"At Risk",5,20.00,36,High,Medium,Low,Delayed,7
9583,Pro,Active,3,51.00,37,High,High,Medium,On-Time,7
9584,Pro,Active,3,72.00,16,High,High,High,On-Time,8
9585,Pro,Active,2,76.00,21,High,Medium,Low,On-Time,8
9586,Enterprise,"At Risk",8,155.00,51,Low,Medium,Low,Delayed,6
9587,Basic,Active,2,11.00,7,High,High,High,On-Time,9
9588,Pro,Active,3,66.00,37,High,High,Medium,On-Time,9
9589,Basic,Active,0,26.00,3,High,High,Low,On-Time,8
9590,Enterprise,"At Risk",8,281.00,67,Low,Low,Low,On-Time,5
9591,Basic,Active,2,29.00,10,High,High,High,On-Time,8
9592,Enterprise,Active,4,157.00,35,High,Medium,Medium,On-Time,8
9593,Basic,Active,2,12.00,18,High,Medium,Low,On-Time,8
9594,Pro,Active,2,43.00,19,High,Medium,Low,On-Time,9
9595,Basic,Churned,10,22.00,82,Low,Medium,Medium,Delayed,6
9596,Basic,Churned,13,25.00,213,Low,Low,Low,Delayed,3
9597,Pro,Active,2,77.00,1,High,Medium,Medium,On-Time,10
9598,Pro,Active,2,46.00,9,High,Medium,Medium,On-Time,7
9599,Enterprise,Active,2,180.00,5,Medium,High,Medium,On-Time,10
9600,Pro,Active,3,75.00,40,High,Medium,Low,On-Time,9
9601,Pro,Active,1,63.00,8,High,High,Medium,On-Time,10
9602,Pro,Active,1,58.00,13,High,High,Medium,On-Time,10
9603,Basic,Active,2,24.00,10,Medium,Medium,Low,On-Time,8
9604,Pro,Active,1,58.00,9,High,Medium,Low,On-Time,9
9605,Pro,Active,0,62.00,13,High,High,Low,On-Time,10
9606,Pro,Active,3,54.00,42,High,Medium,Low,On-Time,10
9607,Basic,Active,2,23.00,16,High,High,Medium,On-Time,10
9608,Basic,Active,3,26.00,41,High,High,Medium,On-Time,7
9609,Basic,"At Risk",7,12.00,39,Medium,High,High,Delayed,8
9610,Basic,Churned,9,18.00,98,Medium,Low,Medium,On-Time,6
9611,Basic,Active,3,12.00,7,Medium,Medium,Medium,On-Time,9
9612,Pro,Churned,13,50.00,191,Low,Low,Low,Delayed,1
9613,Pro,Churned,10,68.00,69,Low,Low,Low,Delayed,5
9614,Basic,Churned,9,21.00,76,Medium,Low,Low,Delayed,5
9615,Enterprise,Active,3,237.00,35,High,Medium,Low,On-Time,7
9616,Basic,Active,2,13.00,3,Medium,High,Medium,On-Time,8
9617,Basic,Active,4,10.00,38,Medium,High,Medium,On-Time,10
9618,Pro,Active,1,72.00,27,High,High,Low,On-Time,9
9619,Pro,Churned,11,62.00,92,Low,Low,Low,Delayed,4
9620,Pro,Active,2,65.00,6,Medium,Medium,Low,On-Time,7
9621,Pro,"At Risk",5,45.00,33,High,Medium,Low,Delayed,8
9622,Pro,Active,3,44.00,37,Medium,High,Low,On-Time,7
9623,Basic,Churned,11,29.00,102,Low,Low,Low,Delayed,6
9624,Basic,Churned,12,26.00,115,Medium,Low,Medium,Missed,6
9625,Basic,Active,3,17.00,41,High,High,Medium,On-Time,8
9626,Basic,"At Risk",5,29.00,23,Medium,Medium,Low,Delayed,9
9627,Basic,"At Risk",5,13.00,0,Medium,High,High,Delayed,7
9628,Pro,Churned,11,74.00,256,Low,Low,Low,Delayed,5
9629,Pro,Active,4,48.00,12,Medium,Medium,High,On-Time,9
9630,Pro,Churned,11,50.00,119,Medium,Low,Medium,Delayed,4
9631,Basic,Active,3,20.00,31,Medium,High,Low,On-Time,10
9632,Basic,Active,3,17.00,31,High,Medium,Low,On-Time,10
9633,Pro,Churned,10,75.00,47,Low,Medium,High,Delayed,4
9634,Pro,Active,2,40.00,21,Medium,High,Low,On-Time,7
9635,Pro,Active,3,69.00,25,Medium,High,Medium,On-Time,10
9636,Basic,Active,2,16.00,12,Medium,High,Medium,On-Time,7
9637,Basic,"At Risk",5,19.00,25,Medium,Medium,High,On-Time,7
9638,Basic,Active,3,16.00,34,Medium,High,Low,On-Time,10
9639,Basic,Active,4,16.00,39,High,High,High,On-Time,10
9640,Basic,Active,3,27.00,15,High,High,High,On-Time,10
9641,Basic,Active,3,13.00,36,High,Medium,Low,On-Time,10
9642,Pro,Active,2,68.00,12,Medium,High,Medium,On-Time,9
9643,Enterprise,Churned,11,238.00,100,Low,Low,Low,Missed,7
9644,Basic,Active,3,15.00,19,Medium,Medium,Low,On-Time,7
9645,Basic,"At Risk",6,15.00,43,High,Medium,Medium,Delayed,8
9646,Basic,Active,1,11.00,12,High,High,Medium,On-Time,7
9647,Basic,Active,3,28.00,18,High,Medium,Medium,On-Time,8
9648,Basic,Active,4,15.00,42,Medium,High,Medium,On-Time,9
9649,Basic,"At Risk",5,24.00,41,Medium,Medium,Medium,On-Time,8
9650,Basic,Active,4,21.00,42,Medium,Medium,Low,On-Time,10
9651,Basic,Active,2,26.00,13,Medium,High,Medium,On-Time,7
9652,Basic,Churned,9,27.00,82,Low,Low,Medium,On-Time,6
9653,Pro,Active,3,58.00,21,Medium,Medium,Low,On-Time,8
9654,Enterprise,"At Risk",8,288.00,54,Medium,Low,Low,Delayed,6
9655,Basic,Churned,12,19.00,235,Low,Low,Low,Missed,4
9656,Basic,Active,4,23.00,4,High,High,High,Delayed,8
9657,Pro,Churned,11,60.00,91,Medium,Low,Low,Missed,6
9658,Basic,"At Risk",6,25.00,40,Medium,Medium,Low,Delayed,7
9659,Pro,"At Risk",5,76.00,35,Medium,Medium,Medium,On-Time,10
9660,Basic,Active,3,25.00,21,High,High,High,On-Time,10
9661,Enterprise,Active,1,235.00,9,High,Medium,Low,On-Time,8
9662,Basic,Churned,9,16.00,51,Medium,Low,Low,Missed,5
9663,Pro,Churned,14,55.00,251,Low,Low,Low,Missed,3
9664,Basic,Active,2,21.00,4,Medium,Medium,Low,On-Time,7
9665,Basic,Active,3,25.00,20,Medium,Medium,Low,On-Time,8
9666,Pro,Active,0,52.00,5,High,High,Low,On-Time,7
9667,Basic,"At Risk",5,17.00,28,Medium,Medium,Low,Delayed,10
9668,Basic,"At Risk",7,22.00,42,High,Medium,High,Delayed,8
9669,Basic,Active,4,12.00,40,Medium,High,Medium,On-Time,7
9670,Basic,Churned,13,15.00,206,Low,Low,Medium,Missed,5
9671,Basic,Active,1,10.00,6,High,Medium,Low,On-Time,8
9672,Basic,Active,4,17.00,15,Medium,Medium,Medium,On-Time,8
9673,Enterprise,Churned,11,221.00,96,Low,Low,Low,Delayed,6
9674,Basic,Churned,9,16.00,70,Low,Medium,Low,Delayed,5
9675,Basic,Active,1,20.00,14,High,High,Medium,On-Time,9
9676,Basic,Active,4,10.00,43,Medium,High,Medium,On-Time,8
9677,Basic,Active,2,25.00,11,High,High,High,On-Time,7
9678,Pro,Active,1,56.00,0,High,High,Medium,On-Time,9
9679,Basic,Churned,12,24.00,232,Low,Low,Medium,Delayed,4
9680,Basic,Churned,9,20.00,100,Low,Low,Low,On-Time,5
9681,Basic,Active,3,13.00,12,High,High,Medium,Delayed,8
9682,Pro,Active,3,71.00,21,High,High,High,On-Time,8
9683,Pro,Churned,15,49.00,238,Low,Low,Medium,Missed,2
9684,Pro,Active,3,76.00,38,High,High,Medium,On-Time,10
9685,Basic,"At Risk",6,16.00,19,High,Medium,High,Delayed,7
9686,Pro,"At Risk",7,50.00,74,Medium,Low,Low,On-Time,5
9687,Basic,Active,3,22.00,33,High,High,Medium,On-Time,8
9688,Basic,Active,4,11.00,25,High,Medium,Low,Delayed,10
9689,Basic,Active,3,26.00,36,High,Medium,Low,On-Time,7
9690,Pro,"At Risk",5,41.00,40,Medium,Medium,Medium,On-Time,10
9691,Basic,Active,0,22.00,1,High,High,Low,On-Time,8
9692,Pro,Churned,14,68.00,271,Low,Low,High,Missed,5
9693,Pro,Active,3,40.00,42,High,Medium,Low,On-Time,10
9694,Pro,Churned,10,78.00,81,Low,Low,Low,Delayed,5
9695,Pro,Active,2,44.00,37,High,High,Low,On-Time,9
9696,Pro,Active,3,56.00,17,High,High,High,On-Time,8
9697,Enterprise,Churned,9,283.00,88,Medium,Low,Low,Delayed,4
9698,Pro,Churned,15,69.00,199,Low,Low,Medium,Missed,1
9699,Basic,"At Risk",5,17.00,43,High,Medium,High,On-Time,10
9700,Basic,Active,1,21.00,7,High,Medium,Low,On-Time,7
9701,Pro,Active,3,74.00,10,Medium,High,Low,Delayed,8
9702,Pro,"At Risk",6,59.00,56,Low,Medium,Low,On-Time,5
9703,Basic,Churned,9,26.00,57,Low,Low,Low,Delayed,6
9704,Pro,"At Risk",6,79.00,118,Medium,Medium,Low,On-Time,7
9705,Pro,Active,0,45.00,14,High,High,Low,On-Time,7
9706,Enterprise,Churned,11,282.00,95,Low,Low,High,On-Time,4
9707,Basic,Active,1,27.00,0,High,High,Medium,On-Time,7
9708,Basic,"At Risk",5,15.00,18,High,Medium,Medium,Delayed,9
9709,Enterprise,"At Risk",5,132.00,30,Medium,Medium,High,On-Time,8
9710,Basic,"At Risk",8,23.00,69,Low,Low,Low,On-Time,4
9711,Basic,Active,3,21.00,44,High,High,Medium,On-Time,7
9712,Pro,Churned,9,48.00,94,Low,Low,Low,On-Time,6
9713,Basic,Active,3,21.00,23,Medium,Medium,Low,On-Time,9
9714,Enterprise,Churned,14,165.00,278,Low,Low,Low,Missed,1
9715,Pro,Churned,11,56.00,253,Low,Low,Low,Delayed,5
9716,Basic,Active,1,18.00,4,High,High,Medium,On-Time,8
9717,Basic,Active,2,16.00,41,High,High,Low,On-Time,10
9718,Basic,Active,2,24.00,8,Medium,High,Medium,On-Time,8
9719,Pro,Active,2,67.00,22,Medium,High,Low,On-Time,10
9720,Basic,"At Risk",8,17.00,81,Medium,Low,Low,Delayed,7
9721,Basic,Active,1,17.00,3,High,Medium,Low,On-Time,7
9722,Pro,Churned,15,63.00,126,Low,Low,Medium,Missed,3
9723,Enterprise,Active,3,218.00,44,High,Medium,Low,On-Time,10
9724,Pro,Active,3,70.00,35,High,High,Medium,On-Time,10
9725,Enterprise,Active,4,257.00,36,Medium,Medium,Low,On-Time,10
9726,Basic,"At Risk",6,21.00,59,Low,Medium,Low,On-Time,4
9727,Basic,"At Risk",5,26.00,31,Medium,High,Low,Delayed,10
9728,Enterprise,"At Risk",5,218.00,31,Medium,Medium,Medium,On-Time,10
9729,Basic,"At Risk",5,12.00,42,High,Medium,Low,Delayed,7
9730,Pro,Active,1,64.00,0,Medium,High,Low,On-Time,8
9731,Basic,Active,2,14.00,27,Medium,High,Low,On-Time,7
9732,Basic,Churned,13,19.00,159,Low,Low,Medium,Missed,5
9733,Basic,Active,4,25.00,36,High,High,High,On-Time,9
9734,Basic,Active,0,20.00,7,High,High,Low,On-Time,7
9735,Pro,Active,2,44.00,21,Medium,High,Low,On-Time,7
9736,Basic,Active,1,24.00,1,Medium,High,Low,On-Time,10
9737,Enterprise,Churned,15,296.00,208,Low,Low,High,Delayed,2
9738,Pro,"At Risk",6,69.00,38,Medium,Medium,Low,Delayed,7
9739,Pro,Active,3,66.00,0,High,Medium,High,On-Time,8
9740,Basic,Active,2,27.00,44,High,High,Low,On-Time,8
9741,Pro,Active,4,66.00,34,High,High,High,On-Time,8
9742,Enterprise,Active,4,217.00,14,Medium,Medium,High,On-Time,8
9743,Enterprise,Active,1,190.00,9,Medium,High,Low,On-Time,9
9744,Pro,Churned,15,40.00,129,Low,Low,Medium,Missed,2
9745,Basic,Churned,12,20.00,114,Medium,Low,Medium,Missed,6
9746,Enterprise,Churned,12,143.00,280,Low,Low,Low,Missed,5
9747,Pro,Active,3,66.00,31,High,Medium,Low,On-Time,8
9748,Pro,Active,4,43.00,38,High,High,High,On-Time,9
9749,Basic,Churned,9,27.00,80,Low,Medium,High,On-Time,6
9750,Basic,"At Risk",8,28.00,38,Medium,Medium,High,Delayed,9
9751,Basic,"At Risk",5,24.00,31,Medium,High,High,On-Time,7
9752,Pro,Active,3,69.00,30,High,Medium,Medium,On-Time,7
9753,Pro,Active,3,71.00,33,High,Medium,Low,On-Time,8
9754,Basic,Churned,11,24.00,92,Medium,Low,Medium,Missed,7
9755,Pro,Active,1,60.00,24,High,High,Low,On-Time,9
9756,Pro,Churned,13,44.00,252,Low,Low,Low,Delayed,3
9757,Basic,Churned,11,29.00,70,Low,Low,Medium,Delayed,6
9758,Basic,Active,4,27.00,37,High,Medium,Medium,On-Time,7
9759,Basic,Active,2,15.00,14,Medium,High,Medium,On-Time,8
9760,Pro,Active,4,64.00,36,Medium,Medium,Low,On-Time,9
9761,Basic,Churned,12,12.00,92,Medium,Low,High,Delayed,4
9762,Pro,Churned,11,58.00,116,Low,Low,Low,Delayed,4
9763,Basic,"At Risk",5,11.00,35,Medium,Medium,Medium,On-Time,10
9764,Basic,Active,2,18.00,28,High,Medium,Low,On-Time,8
9765,Basic,Active,3,20.00,21,High,Medium,Medium,On-Time,9
9766,Basic,Active,2,22.00,44,High,High,Low,On-Time,9
9767,Basic,Churned,9,21.00,82,Medium,Low,Low,Delayed,6
9768,Pro,Active,3,44.00,26,High,High,High,On-Time,8
9769,Pro,Active,4,41.00,13,Medium,Medium,High,On-Time,8
9770,Pro,"At Risk",5,68.00,41,Medium,Medium,Medium,On-Time,9
9771,Pro,Churned,11,79.00,217,Low,Low,Low,Delayed,4
9772,Basic,Churned,11,21.00,84,Low,Low,Medium,Delayed,6
9773,Basic,Active,4,26.00,32,High,High,Low,Delayed,10
9774,Enterprise,"At Risk",5,135.00,39,High,High,Medium,Delayed,8
9775,Basic,Active,3,27.00,35,Medium,High,Low,On-Time,9
9776,Basic,Active,1,19.00,7,High,Medium,Low,On-Time,9
9777,Enterprise,Active,4,207.00,35,High,Medium,Medium,On-Time,9
9778,Basic,Active,4,19.00,34,Medium,Medium,Low,On-Time,8
9779,Enterprise,Churned,13,197.00,261,Low,Low,Medium,Missed,4
9780,Pro,Active,3,50.00,32,High,Medium,Low,On-Time,9
9781,Enterprise,Active,3,190.00,28,Medium,High,Medium,On-Time,7
9782,Pro,"At Risk",5,79.00,41,Medium,High,Low,Delayed,10
9783,Basic,Churned,13,21.00,110,Low,Low,Medium,Missed,5
9784,Pro,Active,4,71.00,33,Medium,Medium,Low,On-Time,8
9785,Basic,Active,3,21.00,42,High,Medium,Low,On-Time,9
9786,Basic,Active,3,23.00,23,Medium,Medium,Low,On-Time,7
9787,Basic,Churned,9,25.00,46,Medium,Low,Medium,Missed,7
9788,Basic,Churned,11,11.00,77,Low,Low,Low,Missed,5
9789,Basic,Churned,12,18.00,238,Low,Low,Low,Missed,5
9790,Basic,Churned,11,23.00,92,Low,Low,Low,Delayed,6
9791,Enterprise,Active,2,287.00,16,Medium,High,Low,On-Time,10
9792,Basic,Active,0,18.00,9,High,High,Low,On-Time,9
9793,Enterprise,Active,3,204.00,19,Medium,Medium,Low,On-Time,7
9794,Basic,Active,1,26.00,30,High,High,Low,On-Time,7
9795,Pro,Active,3,40.00,6,High,High,Medium,Delayed,7
9796,Basic,Active,0,25.00,7,High,High,Low,On-Time,8
9797,Pro,Active,2,43.00,12,High,High,Low,Delayed,8
9798,Pro,Active,3,49.00,23,Medium,High,Medium,On-Time,8
9799,Basic,Churned,13,23.00,232,Low,Low,Medium,Missed,5
9800,Basic,Active,3,28.00,8,Medium,High,Low,Delayed,8
9801,Pro,"At Risk",7,65.00,77,Medium,Medium,Medium,On-Time,4
9802,Basic,Active,1,19.00,6,High,Medium,Low,On-Time,7
9803,Basic,Churned,14,25.00,256,Low,Low,Medium,Delayed,3
9804,Basic,Active,3,15.00,22,Medium,Medium,Low,On-Time,9
9805,Basic,"At Risk",5,12.00,32,Medium,High,High,On-Time,9
9806,Basic,Active,4,10.00,1,Medium,High,Medium,Delayed,9
9807,Pro,Churned,11,65.00,180,Low,Low,Low,Delayed,5
9808,Enterprise,Churned,12,277.00,215,Low,Low,Low,Missed,4
9809,Basic,Active,2,26.00,13,High,Medium,Medium,On-Time,9
9810,Basic,Active,1,29.00,21,High,High,Low,On-Time,9
9811,Basic,Churned,13,21.00,196,Low,Low,Low,Delayed,3
9812,Basic,"At Risk",7,13.00,65,Medium,Medium,Low,Delayed,7
9813,Pro,Active,0,62.00,13,High,High,Low,On-Time,8
9814,Basic,"At Risk",6,27.00,66,Low,Medium,Low,On-Time,7
9815,Basic,Active,2,18.00,8,Medium,High,Medium,On-Time,10
9816,Basic,Active,3,10.00,14,Medium,Medium,Medium,On-Time,8
9817,Pro,"At Risk",6,72.00,33,High,Medium,Medium,Delayed,8
9818,Enterprise,Active,0,160.00,13,High,High,Low,On-Time,8
9819,Basic,Active,4,27.00,31,High,Medium,Medium,On-Time,8
9820,Pro,Active,4,73.00,17,High,Medium,High,On-Time,10
9821,Basic,Active,3,24.00,16,Medium,Medium,Low,On-Time,7
9822,Basic,Active,4,22.00,44,High,Medium,Medium,On-Time,9
9823,Pro,Active,2,45.00,0,High,Medium,Medium,On-Time,9
9824,Basic,Churned,12,26.00,96,Low,Medium,Medium,Missed,6
9825,Basic,Churned,13,14.00,234,Low,Low,Low,Delayed,2
9826,Pro,Active,3,67.00,14,High,Medium,Low,Delayed,9
9827,Basic,Churned,9,17.00,75,Low,Medium,Low,Missed,7
9828,Enterprise,Churned,14,156.00,274,Low,Low,Low,Missed,3
9829,Basic,"At Risk",6,27.00,25,High,Medium,High,Delayed,8
9830,Basic,"At Risk",5,17.00,44,High,Medium,Low,Delayed,9
9831,Basic,"At Risk",5,13.00,38,Medium,Medium,Medium,On-Time,7
9832,Pro,Active,4,67.00,37,High,Medium,Medium,On-Time,10
9833,Pro,Active,2,77.00,30,High,Medium,Low,On-Time,8
9834,Pro,Active,4,45.00,15,Medium,High,High,On-Time,7
9835,Pro,Active,3,46.00,8,Medium,Medium,Medium,On-Time,9
9836,Basic,Active,4,24.00,44,Medium,Medium,Low,On-Time,7
9837,Basic,Active,2,20.00,1,Medium,Medium,Low,On-Time,7
9838,Pro,"At Risk",5,65.00,28,Medium,Medium,Low,Delayed,10
9839,Basic,Churned,14,20.00,225,Low,Low,Low,Missed,3
9840,Pro,"At Risk",6,78.00,39,Medium,Medium,Low,Delayed,8
9841,Basic,Active,3,18.00,33,High,High,Medium,On-Time,7
9842,Basic,Active,1,14.00,7,High,Medium,Low,On-Time,9
9843,Basic,Churned,10,23.00,113,Low,Low,Medium,On-Time,4
9844,Enterprise,Active,1,285.00,26,High,High,Low,On-Time,9
9845,Pro,Active,0,62.00,6,High,High,Low,On-Time,8
9846,Pro,Active,4,66.00,33,High,High,Low,Delayed,8
9847,Pro,Active,4,53.00,36,High,High,High,On-Time,8
9848,Basic,Active,2,14.00,12,Medium,Medium,Low,On-Time,8
9849,Basic,Churned,12,16.00,111,Low,Low,Medium,Delayed,6
9850,Basic,"At Risk",7,22.00,58,Medium,Low,Low,Delayed,7
9851,Basic,Active,4,18.00,20,Medium,High,Low,Delayed,7
9852,Pro,Churned,12,76.00,119,Low,Low,Medium,Delayed,6
9853,Pro,Churned,14,55.00,97,Low,Low,High,Missed,6
9854,Pro,Active,3,47.00,8,Medium,Medium,Medium,On-Time,10
9855,Basic,Active,2,21.00,0,Medium,High,Medium,On-Time,10
9856,Basic,Active,1,29.00,13,High,Medium,Low,On-Time,10
9857,Pro,Active,2,57.00,36,High,High,Low,On-Time,10
9858,Basic,Active,0,10.00,3,High,High,Low,On-Time,9
9859,Basic,"At Risk",7,25.00,50,Medium,Medium,Low,Delayed,6
9860,Pro,Active,0,76.00,2,High,High,Low,On-Time,10
9861,Basic,Active,3,25.00,28,Medium,Medium,Low,On-Time,9
9862,Enterprise,Active,3,214.00,39,High,Medium,Low,On-Time,10
9863,Basic,Active,1,25.00,10,High,High,Medium,On-Time,8
9864,Basic,Active,2,20.00,18,High,Medium,Low,On-Time,9
9865,Pro,Churned,10,50.00,105,Low,Medium,Low,Delayed,4
9866,Basic,Active,2,25.00,9,High,Medium,Medium,On-Time,9
9867,Pro,Active,4,69.00,31,High,High,High,On-Time,8
9868,Pro,Active,2,71.00,20,High,High,Medium,On-Time,10
9869,Enterprise,Active,3,245.00,19,High,High,Low,Delayed,7
9870,Pro,Active,2,41.00,23,Medium,High,Low,On-Time,7
9871,Enterprise,Active,1,215.00,10,High,Medium,Low,On-Time,7
9872,Pro,Active,2,75.00,15,High,Medium,Low,On-Time,9
9873,Basic,Active,2,11.00,6,High,High,Low,Delayed,8
9874,Basic,"At Risk",7,25.00,69,Medium,Medium,Low,Delayed,7
9875,Pro,Active,4,49.00,34,Medium,Medium,Low,On-Time,9
9876,Basic,Active,3,25.00,23,Medium,Medium,Low,On-Time,8
9877,Basic,Churned,13,19.00,270,Low,Low,Low,Delayed,3
9878,Pro,Active,3,61.00,38,High,High,Medium,On-Time,7
9879,Pro,Active,3,71.00,32,Medium,High,Low,On-Time,9
9880,Enterprise,Active,3,192.00,22,Medium,Medium,Low,On-Time,9
9881,Basic,Churned,15,28.00,297,Low,Low,Medium,Missed,1
9882,Basic,Churned,15,27.00,251,Low,Low,Medium,Missed,1
9883,Pro,"At Risk",8,79.00,61,Low,Low,Low,On-Time,6
9884,Basic,Active,2,18.00,32,High,High,Low,On-Time,8
9885,Basic,Active,4,24.00,40,High,Medium,Medium,On-Time,7
9886,Basic,Churned,10,29.00,81,Medium,Low,Medium,Delayed,5
9887,Basic,"At Risk",8,21.00,88,Low,Low,Low,On-Time,4
9888,Pro,Churned,13,66.00,250,Low,Low,Low,Delayed,3
9889,Pro,Active,3,75.00,39,High,High,Medium,On-Time,10
9890,Basic,Churned,14,14.00,133,Low,Low,Low,Missed,2
9891,Pro,Churned,13,62.00,167,Low,Low,Low,Delayed,2
9892,Pro,Churned,12,53.00,99,Low,Low,Medium,Delayed,4
9893,Enterprise,Active,1,148.00,16,High,High,Low,On-Time,10
9894,Basic,Churned,12,24.00,99,Low,Low,Low,Missed,4
9895,Basic,Churned,15,25.00,201,Low,Low,Medium,Missed,3
9896,Enterprise,Active,1,273.00,0,High,High,Medium,On-Time,7
9897,Basic,Active,1,10.00,1,Medium,High,Low,On-Time,7
9898,Pro,Churned,16,58.00,222,Low,Low,High,Missed,3
9899,Basic,Active,2,13.00,0,Medium,Medium,Low,On-Time,9
9900,Basic,Active,3,11.00,28,Medium,High,Medium,On-Time,7
9901,Pro,Churned,14,44.00,256,Low,Low,Medium,Delayed,2
9902,Pro,Churned,9,43.00,82,Medium,Medium,Medium,Missed,7
9903,Pro,Active,2,69.00,16,Medium,High,Low,On-Time,9
9904,Basic,"At Risk",7,14.00,53,Low,Low,Low,On-Time,4
9905,Basic,Active,3,12.00,17,High,Medium,Medium,On-Time,8
9906,Basic,Active,4,27.00,24,Medium,Medium,Medium,On-Time,10
9907,Pro,"At Risk",8,46.00,93,Low,Low,Low,On-Time,7
9908,Basic,Active,3,28.00,20,High,Medium,Medium,On-Time,10
9909,Pro,Active,3,60.00,36,High,High,Medium,On-Time,8
9910,Basic,Churned,12,20.00,196,Low,Low,Low,Missed,4
9911,Pro,Churned,11,57.00,89,Low,Low,High,Delayed,7
9912,Basic,Active,3,25.00,25,Medium,Medium,Low,On-Time,9
9913,Basic,Active,3,10.00,18,Medium,Medium,Low,On-Time,9
9914,Pro,Active,3,61.00,44,Medium,High,Low,On-Time,10
9915,Pro,"At Risk",7,51.00,39,Medium,High,High,Delayed,8
9916,Pro,Active,4,60.00,25,Medium,High,Low,Delayed,7
9917,Pro,Churned,11,61.00,83,Low,Low,Medium,Delayed,5
9918,Basic,Active,2,13.00,10,High,Medium,Medium,On-Time,10
9919,Basic,Active,2,27.00,11,High,High,Low,Delayed,8
9920,Pro,Active,3,64.00,37,Medium,High,Low,On-Time,8
9921,Pro,Active,2,42.00,16,Medium,High,Low,On-Time,10
9922,Enterprise,Active,2,222.00,35,High,High,Low,On-Time,10
9923,Basic,"At Risk",6,27.00,34,Medium,High,Medium,Delayed,7
9924,Pro,Active,3,65.00,9,High,Medium,High,On-Time,7
9925,Basic,Churned,12,14.00,86,Medium,Low,High,Missed,6
9926,Basic,Churned,9,24.00,70,Low,Low,Low,Delayed,7
9927,Basic,Active,3,12.00,26,Medium,High,Medium,On-Time,9
9928,Pro,Active,4,53.00,31,Medium,High,Medium,On-Time,7
9929,Basic,Active,1,21.00,4,High,High,Medium,On-Time,7
9930,Basic,Churned,14,22.00,189,Low,Low,Low,Missed,2
9931,Basic,Active,2,11.00,9,Medium,Medium,Low,On-Time,10
9932,Basic,"At Risk",5,16.00,2,High,Medium,High,Delayed,9
9933,Basic,Active,3,26.00,21,Medium,High,Medium,On-Time,10
9934,Pro,Active,2,58.00,19,High,High,Medium,On-Time,9
9935,Pro,"At Risk",6,74.00,21,Medium,Medium,Medium,Delayed,10
9936,Pro,Active,3,70.00,4,Medium,High,Low,Delayed,9
9937,Pro,Churned,10,50.00,64,Low,Medium,Medium,Delayed,5
9938,Basic,"At Risk",6,16.00,32,Medium,Medium,Low,Delayed,7
9939,Basic,Churned,9,12.00,104,Low,Medium,Low,Delayed,7
9940,Basic,Active,4,21.00,38,Medium,Medium,Low,On-Time,8
9941,Pro,"At Risk",8,61.00,70,Medium,Low,Low,Delayed,7
9942,Pro,Active,3,56.00,30,Medium,High,Medium,On-Time,9
9943,Basic,Active,1,18.00,0,High,High,Medium,On-Time,10
9944,Basic,Active,2,11.00,23,High,High,Medium,On-Time,9
9945,Pro,Churned,12,44.00,122,Low,Low,Low,Missed,5
9946,Pro,"At Risk",6,51.00,44,Medium,Medium,High,On-Time,7
9947,Pro,Active,4,59.00,44,High,Medium,Medium,On-Time,8
9948,Basic,"At Risk",5,28.00,42,High,Medium,Low,Delayed,9
9949,Enterprise,Churned,10,237.00,95,Medium,Low,Low,Delayed,6
9950,Pro,"At Risk",7,45.00,43,Medium,Medium,Medium,Delayed,10
9951,Basic,Churned,9,14.00,93,Medium,Medium,Low,Delayed,6
9952,Basic,Active,1,13.00,9,High,Medium,Low,On-Time,9
9953,Pro,Active,1,49.00,0,High,High,Medium,On-Time,8
9954,Pro,Active,3,56.00,39,Medium,High,Low,On-Time,7
9955,Basic,Active,1,17.00,0,High,High,Medium,On-Time,10
9956,Enterprise,Active,2,249.00,13,Medium,High,Medium,On-Time,8
9957,Pro,Churned,12,54.00,160,Low,Low,Low,Missed,5
9958,Basic,Active,3,10.00,15,High,High,Low,Delayed,7
9959,Pro,"At Risk",6,41.00,38,Medium,Medium,High,On-Time,8
9960,Basic,Active,2,13.00,44,High,High,Low,On-Time,7
9961,Basic,Churned,11,22.00,73,Low,Medium,Medium,Missed,4
9962,Pro,Churned,16,56.00,199,Low,Low,High,Missed,3
9963,Basic,Active,1,29.00,12,Medium,High,Low,On-Time,10
9964,Pro,Churned,13,60.00,292,Low,Low,Medium,Missed,4
9965,Basic,Churned,15,12.00,180,Low,Low,Medium,Missed,2
9966,Basic,Active,1,14.00,23,High,High,Low,On-Time,8
9967,Basic,Churned,9,10.00,48,Medium,Low,Medium,Delayed,5
9968,Basic,Active,2,26.00,23,Medium,High,Low,On-Time,10
9969,Basic,Active,1,13.00,28,High,High,Low,On-Time,10
9970,Pro,Churned,14,72.00,260,Low,Low,Medium,Delayed,2
9971,Basic,"At Risk",5,27.00,36,Medium,Medium,Medium,On-Time,8
9972,Pro,Active,2,53.00,23,High,Medium,Low,On-Time,10
9973,Basic,Churned,15,28.00,204,Low,Low,High,Delayed,3
9974,Basic,Churned,16,23.00,237,Low,Low,High,Missed,2
9975,Basic,Churned,11,21.00,126,Low,Low,Low,Delayed,4
9976,Basic,Active,4,14.00,30,Medium,High,High,On-Time,8
9977,Basic,Active,4,12.00,15,High,Medium,Low,Delayed,7
9978,Pro,Active,2,52.00,7,High,Medium,Medium,On-Time,9
9979,Basic,Active,4,17.00,17,Medium,Medium,Medium,On-Time,9
9980,Pro,Active,2,50.00,30,High,Medium,Low,On-Time,8
9981,Pro,Churned,11,43.00,105,Low,Low,Medium,Delayed,7
9982,Basic,Churned,9,20.00,111,Low,Low,Low,On-Time,4
9983,Pro,Active,2,77.00,9,High,Medium,Medium,On-Time,10
9984,Basic,Active,2,24.00,29,High,Medium,Low,On-Time,8
9985,Pro,Churned,10,78.00,112,Medium,Low,Medium,Delayed,7
9986,Basic,"At Risk",7,17.00,38,Medium,Medium,Medium,Delayed,10
9987,Basic,"At Risk",5,28.00,44,Medium,Medium,Medium,On-Time,7
9988,Basic,Churned,12,10.00,107,Low,Low,Medium,Delayed,5
9989,Basic,"At Risk",5,19.00,44,High,Medium,Low,Delayed,9
9990,Basic,Churned,13,15.00,162,Low,Low,Low,Delayed,2
9991,Pro,Active,1,44.00,12,High,Medium,Low,On-Time,8
9992,Pro,Churned,10,74.00,69,Medium,Low,High,Delayed,7
9993,Pro,Active,3,64.00,31,High,Medium,Low,On-Time,10
9994,Enterprise,Churned,11,277.00,114,Low,Low,Low,Delayed,6
9995,Enterprise,Churned,13,288.00,101,Low,Low,Medium,Missed,4
9996,Pro,Active,2,68.00,26,High,High,Medium,On-Time,9
9997,Basic,"At Risk",5,22.00,42,Medium,Medium,Medium,On-Time,10
9998,Basic,Active,3,14.00,29,High,Medium,Medium,On-Time,10
9999,Pro,Churned,14,60.00,197,Low,Low,High,Missed,4
10000,Basic,Active,1,26.00,2,High,Medium,Low,On-Time,10
