customer_id,signup_date,last_login_date,days_since_last_login,engagement_bucket,usage_bucket,support_bucket,payment_history,customer_satisfaction_score,monthly_revenue,plan_type,subscription_status
1,2024-02-15,2025-12-18,44,Medium,Medium,Low,On-Time,10,16,Basic,Active
2,2025-11-07,2025-11-08,84,Low,Medium,Medium,Delayed,5,72,Pro,Active
3,2025-03-12,2026-01-19,12,Medium,Medium,High,On-Time,7,62,Pro,Active
4,2024-10-17,2025-12-09,53,Low,Medium,High,Delayed,4,70,Pro,Active
5,2023-06-20,2025-11-05,87,Medium,Low,Low,Delayed,6,10,Basic,Active
6,2023-06-20,2026-01-07,24,Medium,Medium,Medium,On-Time,9,29,Basic,Active
7,2023-03-05,2026-01-01,30,Medium,High,Medium,Delayed,10,234,Enterprise,Active
8,2025-08-06,2025-11-12,80,Low,Low,Medium,Delayed,5,149,Enterprise,Active
9,2024-10-20,2026-01-05,26,High,High,Medium,Delayed,9,19,Basic,Active
10,2025-02-14,2026-01-23,8,Medium,Medium,Low,On-Time,10,171,Enterprise,Active
11,2023-01-23,2026-01-18,13,Medium,High,Medium,On-Time,10,23,Basic,Active
12,2025-11-28,2025-11-03,89,Low,Low,Medium,Delayed,4,18,Basic,Active
13,2025-06-30,2026-01-15,16,High,Medium,Low,On-Time,10,59,Pro,Active
14,2023-08-21,2026-01-27,4,High,High,Low,On-Time,10,29,Basic,Active
15,2023-07-19,2026-01-28,3,High,Medium,Medium,On-Time,10,51,Pro,Active
16,2023-07-20,2025-09-06,147,Low,Low,Low,Missed,1,20,Basic,Cancelled
17,2023-11-30,2025-09-23,130,Low,Low,Medium,Missed,5,24,Basic,Cancelled
18,2024-07-28,2025-12-26,36,Medium,Medium,Low,Delayed,7,79,Pro,Active
19,2024-04-17,2025-08-18,166,Low,Low,Low,Delayed,5,70,Pro,Cancelled
20,2023-11-15,2026-01-18,13,Medium,Medium,High,On-Time,10,23,Basic,Active
21,2024-10-31,2026-01-11,20,Medium,Medium,Medium,On-Time,9,29,Basic,Active
22,2023-06-02,2026-01-07,24,High,High,Low,On-Time,7,41,Pro,Active
23,2023-11-16,2025-12-04,58,Low,Low,Medium,On-Time,7,64,Pro,Active
24,2024-02-06,2025-06-24,221,Low,Low,Medium,Missed,5,25,Basic,Cancelled
25,2024-05-14,2025-11-28,64,Medium,Low,Low,Missed,6,76,Pro,Active
26,2025-05-09,2026-01-24,7,High,Medium,High,On-Time,9,78,Pro,Active
27,2023-08-07,2026-01-24,7,High,High,Low,On-Time,10,24,Basic,Active
28,2024-07-17,2025-12-10,52,Low,Medium,High,Missed,7,20,Basic,Active
29,2024-10-10,2025-11-27,65,Medium,Low,Low,Delayed,7,10,Basic,Active
30,2023-02-20,2026-01-06,25,High,High,Medium,On-Time,10,17,Basic,Active
31,2024-10-27,2026-01-06,25,High,Medium,Medium,On-Time,10,15,Basic,Active
32,2023-07-06,2026-01-06,25,High,Medium,High,Delayed,9,55,Pro,Active
33,2023-03-13,2026-01-17,14,Medium,High,Low,On-Time,7,27,Basic,Active
34,2025-11-05,2025-12-20,42,Medium,High,Low,On-Time,10,55,Pro,Active
35,2025-11-23,2025-12-22,40,High,High,Medium,On-Time,10,10,Basic,Active
36,2025-06-04,2025-12-30,32,High,High,Low,On-Time,7,26,Basic,Active
37,2023-11-30,2025-09-10,143,Low,Low,High,Missed,5,13,Basic,Active
38,2023-04-17,2026-01-27,4,Medium,High,Low,On-Time,7,46,Pro,Active
39,2025-01-19,2026-01-18,13,Medium,Medium,Medium,On-Time,10,66,Pro,Active
40,2024-04-26,2026-01-15,16,Medium,High,Medium,On-Time,7,17,Basic,Active
41,2023-05-14,2026-01-10,21,Medium,High,Low,On-Time,7,23,Basic,Active
42,2024-06-26,2026-01-01,30,High,High,Medium,On-Time,9,29,Basic,Active
43,2023-02-07,2025-12-25,37,High,High,Medium,On-Time,9,59,Pro,Active
44,2025-09-22,2026-01-31,0,High,Medium,Low,On-Time,10,19,Basic,Active
45,2023-10-11,2025-12-25,37,High,Medium,Low,Delayed,7,45,Pro,Active
46,2024-12-26,2026-01-02,29,High,Medium,Low,On-Time,7,47,Pro,Active
47,2023-12-08,2025-10-19,104,Low,Low,Medium,On-Time,6,12,Basic,Active
48,2024-07-23,2026-01-10,21,High,High,Low,On-Time,10,15,Basic,Active
49,2024-08-21,2026-01-22,9,High,Medium,Low,On-Time,10,76,Pro,Active
50,2023-07-22,2025-10-11,112,Low,Low,High,On-Time,5,42,Pro,Active
51,2025-11-27,2026-01-05,26,High,High,Low,Delayed,8,12,Basic,Active
52,2025-04-28,2025-08-18,166,Low,Low,High,Missed,5,29,Basic,Cancelled
53,2025-10-25,2026-01-09,22,High,Medium,High,On-Time,7,18,Basic,Active
54,2025-09-06,2026-01-12,19,High,High,Medium,On-Time,7,27,Basic,Active
55,2024-10-16,2026-01-19,12,High,High,Low,On-Time,10,23,Basic,Active
56,2025-10-06,2025-11-30,62,Low,Medium,High,Delayed,4,28,Basic,Active
57,2023-04-07,2026-01-31,0,Medium,Medium,Low,On-Time,10,11,Basic,Active
58,2023-08-03,2026-01-02,29,Medium,High,Low,On-Time,10,59,Pro,Active
59,2023-02-19,2025-12-29,33,High,High,High,On-Time,8,51,Pro,Active
60,2023-12-23,2026-01-14,17,Medium,High,Low,On-Time,9,61,Pro,Active
61,2024-03-01,2025-10-13,110,Low,Low,Medium,On-Time,7,60,Pro,Active
62,2023-10-25,2025-12-26,36,Medium,Medium,Low,On-Time,10,72,Pro,Active
63,2025-06-26,2026-01-15,16,Medium,High,Low,On-Time,9,125,Enterprise,Active
64,2024-01-26,2026-01-17,14,High,Medium,Medium,On-Time,8,23,Basic,Active
65,2023-11-04,2025-12-18,44,High,High,High,Delayed,8,71,Pro,Active
66,2024-08-17,2026-01-22,9,High,Medium,Low,On-Time,10,26,Basic,Active
67,2023-06-04,2026-01-25,6,Medium,Medium,Low,Delayed,10,150,Enterprise,Active
68,2025-05-28,2026-01-10,21,High,Medium,Low,On-Time,9,68,Pro,Active
69,2023-03-23,2026-01-18,13,High,Medium,Low,On-Time,9,13,Basic,Active
70,2025-12-16,2025-11-18,74,Low,Low,Low,Delayed,7,79,Pro,Active
71,2025-04-25,2025-11-30,62,Low,Medium,Low,Missed,4,28,Basic,Active
72,2023-08-06,2026-01-23,8,High,High,Medium,On-Time,8,58,Pro,Active
73,2023-01-07,2025-10-08,115,Low,Low,Low,Delayed,4,17,Basic,Active
74,2025-06-11,2026-01-31,0,High,Medium,Medium,On-Time,9,21,Basic,Active
75,2025-02-13,2026-01-27,4,Medium,High,Low,On-Time,10,22,Basic,Active
76,2025-03-09,2025-12-27,35,High,High,High,Delayed,9,22,Basic,Active
77,2025-04-24,2025-12-27,35,Medium,High,Low,On-Time,10,77,Pro,Active
78,2023-03-23,2026-01-31,0,High,High,Low,On-Time,10,24,Basic,Active
79,2024-01-28,2026-01-17,14,High,Medium,Medium,On-Time,9,21,Basic,Active
80,2023-05-07,2025-12-29,33,Medium,Medium,Low,On-Time,10,17,Basic,Active
81,2025-08-03,2026-01-05,26,High,Medium,Medium,On-Time,10,13,Basic,Active
82,2024-11-13,2025-12-31,31,High,Medium,Low,On-Time,10,254,Enterprise,Active
83,2023-12-29,2025-12-28,34,High,High,Medium,On-Time,7,187,Enterprise,Active
84,2023-03-11,2026-01-16,15,High,High,Low,On-Time,7,66,Pro,Active
85,2023-12-07,2025-07-12,203,Low,Low,Medium,Delayed,2,53,Pro,Cancelled
86,2023-12-23,2025-06-26,219,Low,Low,Low,Missed,4,28,Basic,Cancelled
87,2025-03-09,2026-01-06,25,High,Medium,Low,On-Time,9,21,Basic,Active
88,2024-11-29,2025-12-08,54,Medium,Low,Medium,On-Time,4,23,Basic,Active
89,2025-08-29,2026-01-25,6,High,High,Low,On-Time,10,14,Basic,Active
90,2024-06-01,2026-01-24,7,Medium,High,Medium,On-Time,10,19,Basic,Active
91,2023-05-11,2025-12-20,42,Medium,Medium,Medium,On-Time,7,15,Basic,Active
92,2025-02-20,2026-01-31,0,High,Medium,Medium,On-Time,9,25,Basic,Active
93,2025-04-13,2026-01-03,28,High,Medium,Low,On-Time,8,64,Pro,Active
94,2024-09-06,2026-01-04,27,Medium,High,Low,On-Time,8,23,Basic,Active
95,2025-04-24,2025-11-01,91,Medium,Low,Medium,Delayed,7,19,Basic,Active
96,2024-06-24,2025-10-22,101,Medium,Low,High,On-Time,4,27,Basic,Active
97,2024-07-26,2025-11-04,88,Medium,Low,Medium,Delayed,4,25,Basic,Active
98,2024-04-13,2026-01-17,14,Medium,High,Medium,Delayed,7,11,Basic,Active
99,2023-01-28,2026-01-14,17,Medium,Medium,Medium,On-Time,9,70,Pro,Active
100,2023-04-29,2026-01-20,11,High,High,Medium,Delayed,9,19,Basic,Active
101,2023-02-04,2026-01-31,0,High,Medium,High,On-Time,10,14,Basic,Active
102,2024-11-27,2026-01-15,16,High,High,Low,On-Time,8,12,Basic,Active
103,2023-12-11,2025-10-24,99,Low,Low,Low,Delayed,6,67,Pro,Active
104,2024-07-10,2026-01-10,21,Medium,Medium,High,On-Time,9,14,Basic,Active
105,2025-09-20,2025-10-30,93,Low,Medium,Low,Missed,5,72,Pro,Active
106,2023-09-30,2026-01-15,16,High,Medium,Medium,On-Time,10,20,Basic,Active
107,2024-03-25,2026-01-04,27,Medium,High,Medium,On-Time,8,27,Basic,Active
108,2025-04-07,2025-12-29,33,High,Medium,Medium,On-Time,8,182,Enterprise,Active
109,2023-09-08,2025-12-26,36,High,High,Medium,Delayed,9,28,Basic,Active
110,2023-03-26,2025-12-30,32,Medium,Medium,Low,On-Time,7,42,Pro,Active
111,2023-11-14,2026-01-04,27,High,High,Medium,Delayed,9,64,Pro,Active
112,2023-06-26,2026-01-23,8,High,Medium,Medium,On-Time,10,26,Basic,Active
113,2025-10-15,2025-12-22,40,High,Medium,High,On-Time,10,17,Basic,Active
114,2025-06-03,2025-12-25,37,Medium,High,Low,On-Time,8,14,Basic,Active
115,2024-11-24,2025-11-30,62,Low,Medium,Low,Missed,6,242,Enterprise,Active
116,2025-08-12,2026-01-27,4,High,Medium,Low,Delayed,8,71,Pro,Active
117,2025-05-30,2025-10-21,102,Low,Low,Medium,Delayed,5,172,Enterprise,Active
118,2023-07-24,2025-11-01,91,Low,Low,Low,On-Time,6,25,Basic,Active
119,2025-09-04,2025-10-12,111,Medium,Medium,Low,Delayed,4,65,Pro,Active
120,2024-08-13,2026-01-21,10,High,High,Low,On-Time,8,10,Basic,Active
121,2025-06-03,2026-01-23,8,High,Medium,Medium,On-Time,7,22,Basic,Active
122,2025-09-08,2026-01-22,9,Medium,High,Low,On-Time,7,221,Enterprise,Active
123,2023-12-15,2025-12-25,37,Medium,High,Low,On-Time,7,12,Basic,Active
124,2023-05-01,2025-10-04,119,Medium,Low,Medium,Delayed,7,27,Basic,Active
125,2023-09-07,2025-12-24,38,Medium,Medium,Low,Delayed,9,23,Basic,Active
126,2024-04-12,2025-12-29,33,High,High,Low,Delayed,8,19,Basic,Active
127,2025-06-14,2026-01-11,20,Medium,Medium,Medium,On-Time,8,12,Basic,Active
128,2025-07-31,2026-01-10,21,High,Medium,Medium,On-Time,10,12,Basic,Active
129,2023-01-08,2025-12-25,37,Medium,Medium,Medium,On-Time,8,22,Basic,Active
130,2024-07-13,2025-12-07,55,Medium,Medium,Low,On-Time,6,18,Basic,Active
131,2024-04-02,2025-06-11,234,Low,Low,Low,Delayed,4,13,Basic,Active
132,2023-09-01,2026-01-08,23,Medium,High,Medium,On-Time,10,19,Basic,Active
133,2023-05-12,2025-12-28,34,Medium,High,Low,On-Time,9,19,Basic,Active
134,2024-01-05,2026-01-10,21,High,Medium,Medium,On-Time,9,25,Basic,Active
135,2025-10-29,2025-12-26,36,Medium,High,High,On-Time,7,29,Basic,Active
136,2023-12-20,2025-12-20,42,Medium,Medium,Low,On-Time,7,22,Basic,Active
137,2024-07-22,2026-01-24,7,Medium,High,Low,On-Time,10,143,Enterprise,Active
138,2025-02-08,2025-12-07,55,Low,Low,Medium,On-Time,4,10,Basic,Active
139,2024-02-03,2026-01-01,30,High,Medium,Low,On-Time,9,18,Basic,Active
140,2025-11-30,2026-01-26,5,High,High,High,On-Time,9,51,Pro,Active
141,2025-11-19,2025-12-21,41,High,High,Low,Delayed,8,253,Enterprise,Active
142,2023-10-03,2026-01-06,25,Medium,High,Low,On-Time,8,24,Basic,Active
143,2024-06-28,2025-12-09,53,Medium,Medium,High,Delayed,4,18,Basic,Active
144,2023-11-26,2026-01-18,13,Medium,Medium,Low,On-Time,7,27,Basic,Active
145,2023-11-08,2025-10-29,94,Low,Low,High,On-Time,7,29,Basic,Active
146,2023-02-10,2026-01-11,20,High,Medium,Low,On-Time,8,41,Pro,Active
147,2024-10-29,2026-01-05,26,High,High,High,Delayed,10,10,Basic,Active
148,2024-07-04,2025-12-19,43,Medium,High,Low,Delayed,8,73,Pro,Active
149,2023-02-26,2026-01-14,17,Medium,High,Low,On-Time,7,66,Pro,Active
150,2023-11-02,2026-01-31,0,High,Medium,Low,On-Time,10,19,Basic,Active
151,2025-09-21,2025-12-19,43,High,Medium,Low,On-Time,8,17,Basic,Active
152,2023-09-20,2025-12-24,38,Medium,Medium,Low,On-Time,8,61,Pro,Active
153,2023-06-08,2026-01-10,21,Medium,Medium,Low,On-Time,10,16,Basic,Active
154,2024-06-19,2025-10-27,96,Medium,Medium,Medium,Missed,6,18,Basic,Active
155,2025-12-15,2026-01-15,16,High,Medium,Medium,On-Time,7,72,Pro,Active
156,2023-09-23,2025-12-10,52,Medium,Low,Medium,Missed,5,264,Enterprise,Active
157,2025-01-05,2026-01-17,14,Medium,Medium,Medium,On-Time,10,72,Pro,Active
158,2025-04-13,2026-01-14,17,High,Medium,Low,On-Time,7,15,Basic,Active
159,2023-09-18,2026-01-17,14,Medium,Medium,Low,On-Time,8,18,Basic,Active
160,2025-03-08,2025-12-21,41,High,High,Low,On-Time,7,69,Pro,Active
161,2024-02-07,2026-01-11,20,Medium,Medium,Low,On-Time,7,200,Enterprise,Active
162,2024-11-23,2025-12-18,44,Medium,High,Medium,Delayed,7,19,Basic,Active
163,2024-11-24,2026-01-12,19,Medium,Medium,Medium,On-Time,8,17,Basic,Active
164,2024-08-09,2026-01-12,19,High,High,Medium,Delayed,7,10,Basic,Active
165,2023-04-09,2025-04-13,293,Low,Low,High,Missed,1,72,Pro,Cancelled
166,2025-07-03,2025-12-31,31,High,Medium,Medium,On-Time,8,196,Enterprise,Active
167,2023-12-18,2025-11-01,91,Low,Low,High,Delayed,4,23,Basic,Active
168,2023-07-24,2026-01-17,14,High,High,Low,On-Time,8,23,Basic,Active
169,2023-02-14,2025-12-27,35,High,Medium,High,On-Time,10,18,Basic,Active
170,2024-10-09,2025-12-18,44,High,Medium,Low,On-Time,9,69,Pro,Active
171,2025-01-11,2025-12-31,31,High,High,Low,On-Time,9,16,Basic,Active
172,2023-01-19,2026-01-10,21,Medium,Medium,Medium,On-Time,8,28,Basic,Active
173,2024-07-14,2026-01-24,7,High,Medium,Low,On-Time,10,23,Basic,Active
174,2023-09-06,2025-12-24,38,Medium,High,Low,On-Time,10,28,Basic,Active
175,2024-12-07,2025-07-19,196,Low,Low,Low,Missed,1,26,Basic,Cancelled
176,2023-07-10,2026-01-13,18,Medium,Medium,Medium,Delayed,8,22,Basic,Active
177,2025-01-26,2026-01-31,0,High,High,High,On-Time,7,11,Basic,Active
178,2024-02-28,2025-12-22,40,High,High,Low,On-Time,9,68,Pro,Active
179,2025-10-22,2025-04-09,297,Low,Low,High,Missed,5,62,Pro,Cancelled
180,2023-05-31,2026-01-24,7,High,High,Medium,Delayed,10,18,Basic,Active
181,2024-01-09,2026-01-25,6,High,High,Low,On-Time,9,25,Basic,Active
182,2023-05-05,2026-01-18,13,Medium,High,Medium,On-Time,9,12,Basic,Active
183,2025-10-09,2026-01-22,9,Medium,High,High,On-Time,8,19,Basic,Active
184,2025-08-18,2026-01-28,3,Medium,Medium,Medium,On-Time,7,19,Basic,Active
185,2023-10-10,2026-01-05,26,High,High,Low,Delayed,8,18,Basic,Active
186,2024-12-23,2025-12-28,34,High,Medium,Low,On-Time,10,27,Basic,Active
187,2025-06-13,2026-01-18,13,High,Medium,Medium,On-Time,10,225,Enterprise,Active
188,2024-08-30,2025-10-14,109,Low,Low,Medium,On-Time,6,15,Basic,Active
189,2024-08-02,2025-10-22,101,Medium,Low,Low,Missed,5,78,Pro,Active
190,2023-09-22,2026-01-15,16,Medium,High,Low,On-Time,10,41,Pro,Active
191,2023-04-12,2025-12-28,34,Medium,High,Medium,On-Time,8,48,Pro,Active
192,2025-09-09,2025-11-09,83,Medium,Low,Low,Delayed,5,15,Basic,Active
193,2025-09-12,2026-01-05,26,High,Medium,Medium,On-Time,8,15,Basic,Active
194,2024-11-24,2025-12-31,31,Medium,High,Medium,On-Time,8,28,Basic,Active
195,2024-01-07,2025-11-19,73,Low,Low,Low,Delayed,5,50,Pro,Active
196,2024-01-18,2026-01-14,17,Medium,Medium,Low,On-Time,7,78,Pro,Active
197,2025-03-05,2026-01-17,14,High,High,High,On-Time,8,18,Basic,Active
198,2025-09-09,2025-10-12,111,Medium,Medium,Medium,Delayed,7,51,Pro,Active
199,2025-08-29,2025-12-31,31,High,High,Medium,On-Time,9,17,Basic,Active
200,2025-05-03,2026-01-17,14,Medium,High,Medium,On-Time,9,11,Basic,Active
201,2024-12-04,2026-01-17,14,High,Medium,Low,On-Time,8,29,Basic,Active
202,2023-04-03,2026-01-29,2,Medium,Medium,Medium,On-Time,8,19,Basic,Active
203,2023-06-26,2025-11-12,80,Medium,Medium,Medium,On-Time,7,13,Basic,Active
204,2025-09-10,2025-10-27,96,Medium,Medium,Low,Delayed,6,20,Basic,Active
205,2024-10-26,2025-05-28,248,Low,Low,Low,Missed,3,22,Basic,Cancelled
206,2023-01-11,2026-01-06,25,High,Medium,Low,On-Time,8,13,Basic,Active
207,2023-04-22,2026-01-27,4,High,Medium,Low,On-Time,7,11,Basic,Active
208,2024-12-27,2026-01-09,22,High,High,High,Delayed,9,51,Pro,Active
209,2023-01-06,2026-01-12,19,High,High,Low,On-Time,7,18,Basic,Active
210,2023-06-26,2026-01-09,22,Medium,Medium,Low,On-Time,8,24,Basic,Active
211,2024-08-23,2026-01-11,20,High,Medium,Medium,Delayed,10,55,Pro,Active
212,2025-01-27,2025-10-24,99,Medium,Low,Medium,On-Time,4,45,Pro,Active
213,2024-12-14,2026-01-08,23,High,Medium,Medium,Delayed,7,60,Pro,Active
214,2023-09-03,2025-09-06,147,Low,Low,Medium,Delayed,5,61,Pro,Active
215,2025-02-18,2026-01-01,30,High,Medium,Low,On-Time,10,243,Enterprise,Active
216,2023-09-17,2025-10-28,95,Medium,Medium,High,Delayed,5,17,Basic,Active
217,2023-12-23,2025-12-27,35,Medium,Medium,Low,On-Time,7,12,Basic,Active
218,2025-03-28,2026-01-22,9,Medium,High,Low,On-Time,7,11,Basic,Active
219,2024-12-12,2026-01-05,26,Medium,Medium,Low,On-Time,9,28,Basic,Active
220,2025-07-18,2026-01-25,6,Medium,High,Medium,Delayed,7,15,Basic,Active
221,2024-12-21,2025-12-22,40,Medium,High,Low,On-Time,10,12,Basic,Active
222,2024-09-14,2025-10-18,105,Low,Low,Low,Missed,6,61,Pro,Active
223,2023-04-13,2025-12-29,33,Medium,Medium,Low,On-Time,7,12,Basic,Active
224,2024-02-07,2025-06-20,225,Low,Low,Low,Delayed,4,70,Pro,Cancelled
225,2023-10-18,2025-11-22,70,Medium,Low,Low,On-Time,5,12,Basic,Active
226,2023-09-25,2025-12-03,59,Medium,Medium,Low,On-Time,5,15,Basic,Active
227,2025-12-01,2025-12-28,34,High,High,Low,On-Time,8,54,Pro,Active
228,2024-03-06,2026-01-06,25,High,High,Low,On-Time,7,24,Basic,Active
229,2025-09-03,2025-12-24,38,High,Medium,Low,On-Time,9,19,Basic,Active
230,2024-11-22,2025-09-14,139,Low,Low,Medium,Delayed,5,13,Basic,Cancelled
231,2025-05-20,2026-01-09,22,Medium,Medium,Low,On-Time,8,43,Pro,Active
232,2024-07-04,2026-01-05,26,High,Medium,Low,On-Time,10,24,Basic,Active
233,2024-09-23,2026-01-05,26,High,High,Medium,Delayed,7,64,Pro,Active
234,2024-06-23,2025-10-21,102,Low,Low,High,Delayed,5,43,Pro,Active
235,2023-08-02,2025-11-03,89,Low,Low,Medium,Missed,5,16,Basic,Active
236,2025-03-02,2026-01-11,20,High,High,Low,On-Time,8,23,Basic,Active
237,2023-11-04,2025-12-26,36,Medium,High,Medium,On-Time,10,21,Basic,Active
238,2023-01-27,2026-01-29,2,High,Medium,Low,On-Time,9,26,Basic,Active
239,2024-12-07,2026-01-13,18,High,High,Low,On-Time,8,49,Pro,Active
240,2023-07-13,2025-12-22,40,High,Medium,Low,On-Time,10,16,Basic,Active
241,2025-10-26,2025-12-11,51,Medium,Medium,High,On-Time,7,24,Basic,Active
242,2025-11-10,2025-12-30,32,High,High,Medium,On-Time,7,43,Pro,Active
243,2025-09-28,2026-01-16,15,Medium,Medium,Low,On-Time,7,13,Basic,Active
244,2024-02-10,2025-12-19,43,Medium,High,High,Delayed,9,225,Enterprise,Active
245,2023-01-17,2026-01-28,3,Medium,Medium,Low,On-Time,10,19,Basic,Active
246,2025-10-13,2025-11-26,66,Low,Medium,Low,Missed,5,59,Pro,Active
247,2024-04-13,2026-01-19,12,High,Medium,Medium,Delayed,8,21,Basic,Active
248,2025-11-24,2025-12-11,51,Medium,Low,Medium,On-Time,4,74,Pro,Active
249,2025-11-21,2025-12-19,43,High,High,Low,On-Time,7,14,Basic,Active
250,2025-07-23,2025-07-20,195,Low,Low,Low,Missed,2,50,Pro,Cancelled
251,2023-11-19,2026-01-09,22,Medium,High,Low,Delayed,9,69,Pro,Active
252,2024-02-26,2026-01-17,14,High,High,Medium,On-Time,9,13,Basic,Active
253,2025-07-20,2025-12-29,33,High,High,Low,On-Time,7,15,Basic,Active
254,2023-12-14,2025-12-31,31,High,Medium,Medium,Delayed,9,75,Pro,Active
255,2023-07-05,2025-12-30,32,Medium,High,Low,On-Time,8,11,Basic,Active
256,2024-09-01,2025-10-01,122,Low,Low,Low,Delayed,3,20,Basic,Active
257,2025-10-22,2026-01-29,2,Medium,High,Low,On-Time,8,22,Basic,Active
258,2025-02-01,2025-12-30,32,Medium,Medium,High,Delayed,7,74,Pro,Active
259,2024-09-16,2025-12-26,36,Medium,High,Medium,On-Time,7,11,Basic,Active
260,2023-04-17,2026-01-13,18,High,High,Medium,On-Time,9,77,Pro,Active
261,2024-11-04,2026-01-25,6,High,High,Medium,On-Time,10,22,Basic,Active
262,2025-12-20,2025-12-26,36,High,High,High,On-Time,10,10,Basic,Active
263,2023-06-03,2026-01-05,26,Medium,Medium,Low,On-Time,8,12,Basic,Active
264,2024-07-21,2026-01-05,26,Medium,Medium,Medium,On-Time,7,28,Basic,Active
265,2025-08-18,2025-10-14,109,Medium,Medium,Medium,On-Time,6,22,Basic,Active
266,2025-03-22,2026-01-16,15,High,Medium,Medium,On-Time,8,10,Basic,Active
267,2025-02-02,2025-12-19,43,High,Medium,High,On-Time,7,50,Pro,Active
268,2025-02-08,2025-08-24,160,Low,Low,Medium,Missed,5,23,Basic,Cancelled
269,2024-01-29,2025-12-19,43,High,High,Medium,Delayed,8,25,Basic,Active
270,2023-11-18,2025-10-11,112,Low,Low,Low,Delayed,5,26,Basic,Active
271,2025-06-05,2026-01-26,5,Medium,Medium,Low,On-Time,9,16,Basic,Active
272,2025-06-06,2026-01-06,25,High,Medium,Low,On-Time,7,18,Basic,Active
273,2025-08-07,2025-12-18,44,High,Medium,High,Delayed,9,28,Basic,Active
274,2025-09-26,2025-12-24,38,Medium,High,Low,On-Time,8,184,Enterprise,Active
275,2024-07-13,2025-12-18,44,High,High,Medium,Delayed,8,15,Basic,Active
276,2024-07-03,2026-01-29,2,High,Medium,Low,On-Time,8,40,Pro,Active
277,2025-05-24,2025-10-24,99,Low,Medium,Medium,Delayed,7,73,Pro,Active
278,2024-12-12,2025-10-17,106,Medium,Low,Low,On-Time,6,12,Basic,Active
279,2025-02-07,2026-01-30,1,Medium,High,Medium,Delayed,7,76,Pro,Active
280,2025-05-21,2025-10-07,116,Medium,Low,Medium,Missed,7,20,Basic,Active
281,2025-09-01,2025-12-25,37,High,High,Low,On-Time,10,12,Basic,Active
282,2024-01-06,2026-01-15,16,High,Medium,Medium,On-Time,8,49,Pro,Active
283,2024-02-16,2025-11-19,73,Low,Medium,Low,On-Time,6,53,Pro,Active
284,2023-04-13,2025-11-04,88,Medium,Low,Medium,Missed,5,15,Basic,Active
285,2024-09-25,2025-12-23,39,High,High,Low,On-Time,9,23,Basic,Active
286,2023-02-09,2026-01-04,27,Medium,Medium,Medium,On-Time,10,62,Pro,Active
287,2024-05-24,2026-01-03,28,High,High,Low,On-Time,7,25,Basic,Active
288,2024-08-17,2025-12-26,36,High,High,Low,Delayed,8,45,Pro,Active
289,2023-11-10,2025-12-23,39,High,High,Low,On-Time,10,16,Basic,Active
290,2024-10-08,2025-10-15,108,Medium,Low,Medium,Delayed,4,28,Basic,Active
291,2023-02-03,2026-01-06,25,High,High,Medium,On-Time,10,20,Basic,Active
292,2023-02-10,2026-01-14,17,High,Medium,Low,Delayed,10,28,Basic,Active
293,2025-06-19,2025-10-16,107,Medium,Medium,High,Delayed,6,63,Pro,Active
294,2024-01-30,2025-12-26,36,Medium,High,Low,On-Time,10,52,Pro,Active
295,2023-05-20,2025-12-23,39,Medium,High,Low,On-Time,9,10,Basic,Active
296,2024-07-25,2026-01-10,21,Medium,High,Low,Delayed,7,75,Pro,Active
297,2025-04-23,2026-01-14,17,High,High,Low,On-Time,9,52,Pro,Active
298,2023-08-25,2025-06-23,222,Low,Low,Low,Delayed,1,11,Basic,Cancelled
299,2024-11-13,2025-12-26,36,High,High,Low,On-Time,9,71,Pro,Active
300,2023-04-04,2025-06-27,218,Low,Low,Low,Delayed,3,57,Pro,Cancelled
301,2023-02-26,2025-12-29,33,High,High,High,On-Time,7,15,Basic,Active
302,2024-08-04,2026-01-23,8,High,Medium,Low,On-Time,10,16,Basic,Active
303,2024-08-14,2026-01-09,22,Medium,Medium,Low,On-Time,10,17,Basic,Active
304,2024-11-28,2025-12-20,42,High,Medium,Low,Delayed,7,68,Pro,Active
305,2025-03-06,2025-11-10,82,Low,Low,Low,Missed,6,21,Basic,Active
306,2025-12-04,2025-12-25,37,High,Medium,Low,On-Time,10,27,Basic,Active
307,2024-07-19,2026-01-01,30,Medium,Medium,Medium,On-Time,10,70,Pro,Active
308,2023-12-20,2025-04-27,279,Low,Low,Medium,Missed,2,71,Pro,Cancelled
309,2025-05-20,2026-01-22,9,Medium,High,Low,On-Time,10,292,Enterprise,Active
310,2023-10-24,2025-12-15,47,Low,Low,Low,Delayed,6,60,Pro,Active
311,2024-04-25,2025-12-19,43,High,Medium,Medium,Delayed,10,42,Pro,Active
312,2023-03-27,2025-05-26,250,Low,Low,Medium,Missed,4,28,Basic,Cancelled
313,2023-01-28,2026-01-31,0,Medium,Medium,Low,On-Time,9,21,Basic,Active
314,2025-11-20,2025-12-24,38,High,High,Low,On-Time,8,25,Basic,Active
315,2025-07-04,2025-07-16,199,Low,Low,Medium,Missed,4,25,Basic,Cancelled
316,2025-02-01,2026-01-24,7,Medium,High,Medium,On-Time,9,54,Pro,Active
317,2024-03-23,2026-01-19,12,High,Medium,High,On-Time,7,52,Pro,Active
318,2023-07-09,2026-01-08,23,High,Medium,Low,On-Time,10,23,Basic,Active
319,2023-06-21,2025-12-31,31,High,Medium,Medium,On-Time,9,23,Basic,Active
320,2023-10-02,2025-06-29,216,Low,Low,Low,Missed,3,15,Basic,Cancelled
321,2024-08-24,2025-05-24,252,Low,Low,Medium,Missed,2,18,Basic,Cancelled
322,2025-02-21,2025-12-28,34,High,High,Low,On-Time,9,154,Enterprise,Active
323,2024-12-23,2025-11-22,70,Medium,Low,Low,Delayed,4,21,Basic,Active
324,2023-11-03,2026-01-29,2,High,Medium,Medium,On-Time,10,40,Pro,Active
325,2025-11-11,2026-01-06,25,Medium,Medium,Medium,On-Time,10,10,Basic,Active
326,2025-03-18,2026-01-26,5,High,High,Low,Delayed,9,71,Pro,Active
327,2024-08-30,2025-12-25,37,Medium,Medium,Medium,Delayed,8,17,Basic,Active
328,2024-10-31,2025-12-18,44,Medium,Medium,Low,On-Time,10,21,Basic,Active
329,2024-04-04,2025-12-26,36,High,High,Medium,On-Time,7,214,Enterprise,Active
330,2023-09-29,2026-01-13,18,High,High,Low,On-Time,8,17,Basic,Active
331,2024-01-25,2026-01-29,2,High,Medium,Medium,On-Time,10,54,Pro,Active
332,2025-04-09,2025-10-04,119,Medium,Low,Medium,Delayed,7,283,Enterprise,Active
333,2023-01-16,2025-12-21,41,High,High,Low,On-Time,9,10,Basic,Active
334,2023-05-08,2026-01-11,20,High,High,Low,On-Time,7,11,Basic,Active
335,2023-02-20,2026-01-22,9,High,High,Low,On-Time,10,75,Pro,Active
336,2023-02-14,2025-10-24,99,Medium,Low,Low,Delayed,6,226,Enterprise,Active
337,2025-07-25,2025-12-14,48,Low,Medium,Low,Missed,6,10,Basic,Active
338,2025-02-09,2025-12-29,33,High,High,High,On-Time,9,59,Pro,Active
339,2024-06-03,2025-12-20,42,High,High,High,On-Time,8,13,Basic,Active
340,2023-04-18,2025-12-29,33,High,Medium,Medium,On-Time,9,61,Pro,Active
341,2024-06-22,2026-01-14,17,High,Medium,Low,On-Time,8,60,Pro,Active
342,2024-06-02,2026-01-25,6,Medium,Medium,High,On-Time,10,11,Basic,Active
343,2023-07-09,2025-12-22,40,Medium,High,Medium,On-Time,10,27,Basic,Active
344,2024-04-20,2025-10-09,114,Medium,Medium,Low,Delayed,6,11,Basic,Active
345,2024-03-12,2026-01-13,18,Medium,Medium,Low,On-Time,10,63,Pro,Active
346,2024-11-05,2025-11-16,76,Low,Low,Medium,Delayed,5,69,Pro,Active
347,2024-11-26,2026-01-08,23,High,High,Low,On-Time,10,77,Pro,Active
348,2023-02-19,2025-11-27,65,Low,Low,Low,On-Time,6,73,Pro,Active
349,2024-02-15,2025-12-29,33,High,High,Low,Delayed,8,17,Basic,Active
350,2024-11-16,2025-11-23,69,Medium,Low,Low,On-Time,5,23,Basic,Active
351,2024-07-04,2026-01-24,7,High,High,Low,Delayed,8,239,Enterprise,Active
352,2025-07-26,2026-01-05,26,High,Medium,Low,On-Time,10,25,Basic,Active
353,2024-12-22,2025-12-21,41,Medium,High,High,On-Time,10,12,Basic,Active
354,2023-06-28,2026-01-23,8,High,Medium,Medium,On-Time,10,17,Basic,Active
355,2023-03-19,2025-12-30,32,High,Medium,Low,On-Time,9,47,Pro,Active
356,2024-12-04,2025-12-31,31,Medium,Medium,Low,On-Time,9,46,Pro,Active
357,2023-01-30,2026-01-24,7,High,Medium,Medium,On-Time,9,11,Basic,Active
358,2024-10-03,2025-12-20,42,High,Medium,Low,On-Time,8,14,Basic,Active
359,2025-10-26,2025-09-30,123,Low,Low,Low,Delayed,2,53,Pro,Cancelled
360,2024-09-22,2026-01-08,23,High,Medium,Medium,On-Time,8,41,Pro,Active
361,2024-03-01,2026-01-27,4,High,Medium,Low,On-Time,10,62,Pro,Active
362,2024-12-05,2026-01-02,29,Medium,Medium,Low,Delayed,7,42,Pro,Active
363,2024-05-16,2026-01-29,2,High,High,High,On-Time,9,27,Basic,Active
364,2024-08-20,2025-06-03,242,Low,Low,Low,Missed,3,57,Pro,Cancelled
365,2025-10-27,2025-12-22,40,High,High,Medium,Delayed,10,214,Enterprise,Active
366,2024-02-27,2026-01-29,2,Medium,High,Low,On-Time,7,23,Basic,Active
367,2025-11-18,2026-01-03,28,Medium,High,High,Delayed,7,12,Basic,Active
368,2025-09-18,2026-01-30,1,High,High,Medium,On-Time,8,21,Basic,Active
369,2023-08-03,2026-01-09,22,Medium,High,High,On-Time,9,10,Basic,Active
370,2023-03-17,2025-12-02,60,Medium,Low,Medium,Missed,6,20,Basic,Active
371,2023-04-21,2026-01-04,27,High,Medium,Low,On-Time,8,22,Basic,Active
372,2023-01-20,2026-01-25,6,High,Medium,High,On-Time,9,78,Pro,Active
373,2023-04-14,2025-12-20,42,High,High,Medium,On-Time,8,10,Basic,Active
374,2025-01-17,2025-12-20,42,High,High,Medium,On-Time,8,234,Enterprise,Active
375,2023-03-19,2025-12-19,43,High,Medium,Low,On-Time,7,69,Pro,Active
376,2023-12-16,2026-01-14,17,High,Medium,Low,On-Time,10,18,Basic,Active
377,2025-07-14,2025-12-31,31,High,Medium,Medium,On-Time,10,10,Basic,Active
378,2023-01-26,2025-12-29,33,Medium,High,Low,On-Time,8,53,Pro,Active
379,2025-06-10,2025-12-05,57,Low,Low,High,Missed,6,16,Basic,Active
380,2023-11-05,2026-01-21,10,High,Medium,Low,On-Time,10,12,Basic,Active
381,2023-05-10,2025-09-02,151,Low,Low,Medium,Delayed,5,40,Pro,Cancelled
382,2025-02-01,2026-01-22,9,High,High,Medium,On-Time,7,29,Basic,Active
383,2024-11-19,2025-12-05,57,Medium,Low,Low,Delayed,6,10,Basic,Active
384,2025-08-18,2025-04-23,283,Low,Low,Low,Missed,4,16,Basic,Cancelled
385,2025-03-15,2025-06-10,235,Low,Low,Low,Delayed,3,56,Pro,Cancelled
386,2025-05-29,2025-05-05,271,Low,Low,Medium,Missed,4,48,Pro,Cancelled
387,2023-11-05,2025-12-31,31,High,Medium,Low,On-Time,8,64,Pro,Active
388,2023-07-14,2026-01-13,18,Medium,High,High,On-Time,9,27,Basic,Active
389,2025-04-01,2025-12-29,33,High,High,Medium,On-Time,7,42,Pro,Active
390,2025-06-02,2026-01-29,2,Medium,Medium,Medium,On-Time,8,67,Pro,Active
391,2025-12-20,2026-01-29,2,High,High,High,On-Time,9,256,Enterprise,Active
392,2024-03-27,2026-01-27,4,High,Medium,Low,On-Time,10,10,Basic,Active
393,2024-02-12,2025-11-21,71,Medium,Low,Medium,Missed,6,27,Basic,Active
394,2025-04-30,2026-01-02,29,Medium,Medium,Medium,On-Time,7,26,Basic,Active
395,2024-01-09,2025-12-14,48,Low,Low,Low,On-Time,5,40,Pro,Active
396,2025-10-16,2025-07-16,199,Low,Low,High,Delayed,2,26,Basic,Cancelled
397,2025-07-28,2025-12-26,36,High,High,Medium,Delayed,7,11,Basic,Active
398,2024-04-14,2025-12-19,43,Medium,High,High,On-Time,7,14,Basic,Active
399,2025-04-02,2025-12-05,57,Low,Medium,High,Missed,7,21,Basic,Active
400,2025-04-06,2025-12-25,37,High,Medium,Low,On-Time,10,28,Basic,Active
401,2023-04-23,2025-11-06,86,Medium,Low,Medium,On-Time,4,18,Basic,Active
402,2025-09-15,2026-01-13,18,High,High,Medium,On-Time,10,11,Basic,Active
403,2024-07-07,2025-11-29,63,Medium,Low,High,Missed,6,26,Basic,Active
404,2025-06-23,2025-11-20,72,Low,Low,Low,On-Time,7,13,Basic,Active
405,2023-12-17,2026-01-10,21,High,High,Low,On-Time,8,20,Basic,Active
406,2025-09-07,2025-12-30,32,High,High,Low,On-Time,8,22,Basic,Active
407,2024-03-02,2026-01-25,6,Medium,Medium,Low,On-Time,10,59,Pro,Active
408,2023-01-12,2026-01-22,9,High,Medium,Low,On-Time,7,18,Basic,Active
409,2025-09-18,2026-01-28,3,High,Medium,Low,Delayed,10,56,Pro,Active
410,2023-04-10,2026-01-02,29,High,Medium,Low,On-Time,7,25,Basic,Active
411,2023-12-16,2026-01-20,11,High,High,Low,On-Time,9,63,Pro,Active
412,2025-11-06,2026-01-04,27,High,Medium,Low,On-Time,9,129,Enterprise,Active
413,2025-11-06,2026-01-21,10,Medium,Medium,Low,On-Time,9,43,Pro,Active
414,2024-09-19,2025-12-28,34,High,High,Low,On-Time,10,66,Pro,Active
415,2024-11-22,2025-12-23,39,High,High,Low,On-Time,7,64,Pro,Active
416,2024-05-06,2026-01-15,16,High,High,Medium,On-Time,8,79,Pro,Active
417,2023-11-18,2026-01-28,3,Medium,Medium,Low,On-Time,7,24,Basic,Active
418,2023-12-26,2025-12-24,38,High,High,Low,On-Time,7,22,Basic,Active
419,2025-01-06,2026-01-03,28,Medium,High,Low,On-Time,10,24,Basic,Active
420,2025-04-03,2026-01-11,20,Medium,Medium,High,On-Time,7,239,Enterprise,Active
421,2025-05-16,2026-01-02,29,Medium,High,Medium,On-Time,7,52,Pro,Active
422,2025-05-14,2026-01-07,24,Medium,Medium,High,On-Time,9,27,Basic,Active
423,2023-04-10,2026-01-03,28,High,High,Low,On-Time,8,11,Basic,Active
424,2024-06-25,2026-01-05,26,High,High,Low,On-Time,9,11,Basic,Active
425,2023-03-05,2026-01-07,24,High,High,High,Delayed,8,79,Pro,Active
426,2024-08-24,2025-12-07,55,Medium,Medium,Low,Delayed,4,11,Basic,Active
427,2024-04-28,2025-11-30,62,Medium,Low,Low,Delayed,7,18,Basic,Active
428,2025-08-30,2025-12-28,34,High,High,Medium,On-Time,9,16,Basic,Active
429,2024-01-20,2025-11-10,82,Medium,Medium,Low,Delayed,7,14,Basic,Active
430,2023-05-09,2026-01-02,29,High,Medium,Medium,On-Time,10,44,Pro,Active
431,2023-06-06,2026-01-18,13,High,High,Low,On-Time,10,59,Pro,Active
432,2025-04-13,2025-12-27,35,High,Medium,Low,On-Time,10,73,Pro,Active
433,2024-11-07,2026-01-30,1,High,Medium,Low,On-Time,7,13,Basic,Active
434,2023-04-21,2025-12-31,31,Medium,High,Low,On-Time,8,45,Pro,Active
435,2023-04-03,2025-06-25,220,Low,Low,High,Missed,5,133,Enterprise,Cancelled
436,2025-02-06,2025-12-28,34,High,Medium,Medium,On-Time,9,53,Pro,Active
437,2023-03-21,2025-07-28,187,Low,Low,Low,Delayed,3,18,Basic,Cancelled
438,2025-06-18,2025-12-22,40,Medium,Medium,Medium,On-Time,7,21,Basic,Active
439,2025-02-12,2026-01-26,5,High,High,Medium,On-Time,10,23,Basic,Active
440,2023-03-31,2026-01-18,13,High,High,Medium,On-Time,7,28,Basic,Active
441,2023-04-03,2026-01-24,7,High,High,Low,Delayed,7,25,Basic,Active
442,2025-12-16,2025-12-21,41,Medium,Medium,High,Delayed,8,27,Basic,Active
443,2024-02-14,2025-11-19,73,Low,Low,High,Delayed,5,182,Enterprise,Active
444,2024-02-10,2026-01-23,8,High,High,Low,On-Time,8,73,Pro,Active
445,2025-06-09,2026-01-11,20,High,Medium,High,Delayed,9,10,Basic,Active
446,2025-11-03,2026-01-09,22,Medium,Medium,Medium,On-Time,9,77,Pro,Active
447,2025-12-15,2025-11-09,83,Low,Low,High,Missed,5,14,Basic,Active
448,2025-04-04,2025-11-18,74,Low,Low,Low,Delayed,7,138,Enterprise,Active
449,2024-02-17,2026-01-12,19,High,High,Medium,On-Time,7,10,Basic,Active
450,2023-04-02,2025-12-20,42,High,Medium,Low,Delayed,7,27,Basic,Active
451,2025-04-30,2026-01-07,24,High,High,Medium,On-Time,8,13,Basic,Active
452,2024-09-03,2026-01-27,4,High,High,Medium,On-Time,7,20,Basic,Active
453,2024-04-09,2025-12-21,41,Medium,Medium,Low,On-Time,10,157,Enterprise,Active
454,2025-09-19,2026-01-25,6,High,High,Medium,On-Time,8,70,Pro,Active
455,2023-05-02,2026-01-02,29,Medium,High,Medium,On-Time,9,66,Pro,Active
456,2024-06-23,2025-10-19,104,Medium,Low,Medium,On-Time,6,26,Basic,Active
457,2023-01-13,2025-07-29,186,Low,Low,High,Delayed,4,61,Pro,Cancelled
458,2024-05-28,2026-01-27,4,High,Medium,Medium,On-Time,8,23,Basic,Active
459,2023-03-03,2026-01-26,5,High,High,Low,On-Time,9,22,Basic,Active
460,2023-05-11,2026-01-21,10,Medium,Medium,High,On-Time,10,46,Pro,Active
461,2023-05-09,2025-12-18,44,Medium,High,Medium,On-Time,7,10,Basic,Active
462,2024-12-11,2025-12-24,38,Medium,High,Low,On-Time,10,26,Basic,Active
463,2025-03-27,2025-12-23,39,High,High,Low,On-Time,9,21,Basic,Active
464,2024-09-30,2025-12-22,40,Medium,Medium,High,On-Time,9,17,Basic,Active
465,2025-11-19,2025-12-26,36,Medium,High,Medium,On-Time,10,26,Basic,Active
466,2024-02-15,2026-01-10,21,High,Medium,Low,On-Time,10,69,Pro,Active
467,2023-11-09,2025-12-27,35,High,High,Low,On-Time,8,48,Pro,Active
468,2025-08-09,2026-01-15,16,Medium,Medium,Low,On-Time,10,25,Basic,Active
469,2023-09-02,2025-10-31,92,Medium,Low,High,Delayed,4,27,Basic,Active
470,2025-11-20,2025-12-14,48,Medium,Low,Low,Delayed,4,13,Basic,Active
471,2023-01-14,2026-01-30,1,High,High,Low,On-Time,9,133,Enterprise,Active
472,2025-11-28,2026-01-20,11,Medium,High,Medium,On-Time,8,63,Pro,Active
473,2023-02-17,2025-12-20,42,High,High,Low,On-Time,10,71,Pro,Active
474,2025-09-02,2025-07-08,207,Low,Low,Low,Missed,3,21,Basic,Cancelled
475,2024-07-31,2025-06-28,217,Low,Low,Medium,Missed,3,28,Basic,Cancelled
476,2025-12-23,2026-01-09,22,High,High,High,On-Time,7,15,Basic,Active
477,2023-03-22,2025-12-16,46,Medium,Low,Low,Delayed,6,10,Basic,Active
478,2024-08-29,2025-10-19,104,Medium,Low,High,On-Time,4,18,Basic,Active
479,2025-11-27,2025-12-22,40,High,Medium,Low,On-Time,7,27,Basic,Active
480,2024-07-26,2026-01-12,19,High,High,Low,On-Time,10,20,Basic,Active
481,2024-11-20,2025-11-09,83,Low,Low,Low,Missed,6,10,Basic,Active
482,2025-01-31,2026-01-19,12,Medium,Medium,Low,On-Time,10,11,Basic,Active
483,2024-05-12,2025-12-25,37,High,Medium,Low,On-Time,7,48,Pro,Active
484,2024-11-18,2025-12-24,38,High,Medium,Low,On-Time,9,23,Basic,Active
485,2024-10-01,2026-01-24,7,High,High,Low,On-Time,10,29,Basic,Active
486,2025-09-13,2026-01-17,14,High,Medium,Medium,On-Time,8,14,Basic,Active
487,2023-02-19,2026-01-30,1,High,Medium,Medium,On-Time,9,210,Enterprise,Active
488,2023-11-04,2026-01-28,3,Medium,Medium,Medium,On-Time,10,60,Pro,Active
489,2025-11-06,2025-12-22,40,Medium,High,Low,On-Time,7,46,Pro,Active
490,2025-09-01,2025-08-15,169,Low,Low,Low,Missed,2,47,Pro,Cancelled
491,2024-05-13,2026-01-24,7,High,Medium,Low,On-Time,10,29,Basic,Active
492,2024-11-10,2026-01-24,7,Medium,High,Low,On-Time,9,23,Basic,Active
493,2023-10-31,2026-01-22,9,High,High,Medium,Delayed,10,184,Enterprise,Active
494,2023-07-25,2026-01-11,20,Medium,High,Medium,On-Time,9,27,Basic,Active
495,2024-05-22,2026-01-05,26,Medium,Medium,High,On-Time,10,45,Pro,Active
496,2024-01-22,2025-12-24,38,Medium,Medium,Low,On-Time,7,122,Enterprise,Active
497,2024-10-01,2025-07-14,201,Low,Low,Low,Missed,2,58,Pro,Cancelled
498,2023-03-27,2026-01-20,11,Medium,Medium,Low,On-Time,8,10,Basic,Active
499,2025-12-02,2025-11-08,84,Low,Medium,Low,On-Time,5,43,Pro,Active
500,2025-12-15,2026-01-06,25,High,High,Medium,On-Time,8,27,Basic,Active
501,2025-02-03,2026-01-20,11,High,High,Low,On-Time,9,288,Enterprise,Active
502,2024-08-10,2026-01-23,8,Medium,High,Medium,On-Time,7,12,Basic,Active
503,2023-12-05,2025-11-25,67,Low,Medium,Low,Missed,5,79,Pro,Active
504,2025-06-10,2026-01-26,5,Medium,High,High,Delayed,8,23,Basic,Active
505,2025-01-19,2025-12-26,36,High,High,Low,On-Time,10,16,Basic,Active
506,2023-06-28,2026-01-12,19,High,Medium,Low,On-Time,8,42,Pro,Active
507,2025-09-24,2026-01-05,26,High,High,Low,On-Time,7,29,Basic,Active
508,2025-06-19,2025-12-25,37,Medium,Medium,Low,On-Time,7,62,Pro,Active
509,2025-11-06,2025-12-04,58,Low,Low,Medium,Delayed,6,25,Basic,Active
510,2025-03-05,2026-01-12,19,High,High,Medium,Delayed,7,53,Pro,Active
511,2024-11-02,2026-01-18,13,Medium,Medium,Medium,On-Time,7,48,Pro,Active
512,2024-04-02,2026-01-17,14,Medium,High,Low,On-Time,9,29,Basic,Active
513,2025-10-18,2026-01-30,1,High,Medium,High,Delayed,7,183,Enterprise,Active
514,2025-08-06,2026-01-18,13,High,High,Low,Delayed,10,13,Basic,Active
515,2023-02-19,2026-01-28,3,Medium,High,Low,On-Time,8,25,Basic,Active
516,2023-01-29,2026-01-12,19,High,High,High,On-Time,9,58,Pro,Active
517,2024-02-17,2026-01-22,9,Medium,High,High,On-Time,10,26,Basic,Active
518,2025-06-06,2026-01-24,7,Medium,High,Medium,On-Time,7,50,Pro,Active
519,2025-12-17,2025-12-20,42,High,High,Low,On-Time,8,261,Enterprise,Active
520,2023-06-14,2026-01-14,17,Medium,High,Low,On-Time,10,26,Basic,Active
521,2024-10-12,2025-05-13,263,Low,Low,Medium,Delayed,1,56,Pro,Cancelled
522,2024-02-22,2025-12-25,37,Medium,High,Medium,On-Time,7,41,Pro,Active
523,2025-11-28,2026-01-05,26,High,Medium,Low,On-Time,8,122,Enterprise,Active
524,2025-07-11,2026-01-19,12,High,High,Medium,On-Time,8,20,Basic,Active
525,2025-07-06,2025-11-05,87,Low,Low,Low,Missed,4,24,Basic,Active
526,2024-05-28,2025-12-28,34,Medium,High,Medium,On-Time,10,73,Pro,Active
527,2024-03-30,2026-01-19,12,High,Medium,Medium,On-Time,10,52,Pro,Active
528,2023-10-27,2026-01-09,22,Medium,High,High,Delayed,10,62,Pro,Active
529,2023-03-03,2026-01-26,5,High,High,Medium,On-Time,10,27,Basic,Active
530,2025-08-04,2026-01-16,15,High,High,Low,On-Time,10,21,Basic,Active
531,2025-06-09,2026-01-14,17,Medium,High,Low,On-Time,10,10,Basic,Active
532,2025-12-30,2025-12-11,51,Medium,Medium,Medium,Delayed,7,68,Pro,Active
533,2025-12-27,2026-01-24,7,Medium,High,Low,On-Time,7,67,Pro,Active
534,2024-08-31,2026-01-12,19,Medium,High,High,On-Time,8,75,Pro,Active
535,2025-04-22,2026-01-05,26,Medium,Medium,Low,On-Time,7,27,Basic,Active
536,2025-10-31,2026-01-25,6,High,High,High,On-Time,10,40,Pro,Active
537,2025-07-19,2026-01-24,7,High,Medium,Low,On-Time,10,25,Basic,Active
538,2023-09-28,2026-01-21,10,Medium,Medium,Low,On-Time,7,29,Basic,Active
539,2024-05-08,2026-01-18,13,High,High,Low,On-Time,8,49,Pro,Active
540,2023-05-22,2025-12-02,60,Low,Low,Medium,On-Time,5,26,Basic,Active
541,2025-11-10,2025-11-30,62,Medium,Medium,Medium,Delayed,5,58,Pro,Active
542,2024-10-25,2025-12-22,40,High,Medium,Low,On-Time,9,274,Enterprise,Active
543,2023-09-08,2025-12-12,50,Low,Medium,Low,Delayed,7,49,Pro,Active
544,2025-01-05,2025-12-20,42,Medium,High,Low,Delayed,9,75,Pro,Active
545,2024-11-07,2026-01-26,5,Medium,High,Low,Delayed,8,60,Pro,Active
546,2024-01-28,2026-01-14,17,High,Medium,High,On-Time,7,11,Basic,Active
547,2023-05-05,2025-12-20,42,Medium,Medium,Medium,On-Time,8,49,Pro,Active
548,2025-01-05,2025-12-27,35,Medium,Medium,Low,On-Time,8,17,Basic,Active
549,2024-07-23,2026-01-03,28,High,High,Low,Delayed,7,20,Basic,Active
550,2025-04-25,2026-01-02,29,High,Medium,Low,On-Time,9,13,Basic,Active
551,2024-07-23,2026-01-01,30,High,High,Medium,On-Time,10,20,Basic,Active
552,2025-07-22,2026-01-07,24,High,High,Medium,On-Time,10,73,Pro,Active
553,2024-08-27,2025-12-22,40,Medium,Medium,Medium,On-Time,10,13,Basic,Active
554,2024-09-06,2026-01-13,18,High,Medium,Medium,On-Time,10,15,Basic,Active
555,2025-08-17,2026-01-01,30,Medium,Medium,Low,On-Time,7,24,Basic,Active
556,2024-03-17,2025-12-30,32,High,High,High,On-Time,7,25,Basic,Active
557,2023-05-27,2026-01-19,12,High,High,Low,On-Time,8,269,Enterprise,Active
558,2023-02-01,2025-10-06,117,Low,Low,Medium,On-Time,5,22,Basic,Active
559,2025-04-06,2025-11-01,91,Low,Medium,Low,On-Time,6,19,Basic,Active
560,2024-11-10,2025-11-02,90,Low,Medium,Low,Delayed,4,23,Basic,Active
561,2025-02-09,2025-06-10,235,Low,Low,Low,Missed,3,11,Basic,Cancelled
562,2023-08-22,2026-01-11,20,High,Medium,Low,On-Time,10,50,Pro,Active
563,2023-05-30,2025-11-13,79,Low,Low,Low,On-Time,4,24,Basic,Active
564,2023-01-16,2025-10-17,106,Medium,Low,Low,On-Time,7,43,Pro,Active
565,2024-01-19,2025-11-12,80,Low,Medium,Medium,Missed,5,23,Basic,Active
566,2024-10-07,2026-01-18,13,Medium,High,Medium,On-Time,10,21,Basic,Active
567,2024-03-05,2025-05-22,254,Low,Low,Low,Missed,1,124,Enterprise,Cancelled
568,2024-04-24,2025-05-25,251,Low,Low,Low,Delayed,4,70,Pro,Cancelled
569,2025-09-17,2026-01-14,17,High,High,Medium,On-Time,7,64,Pro,Active
570,2024-01-17,2026-01-02,29,Medium,High,Medium,On-Time,8,130,Enterprise,Active
571,2024-07-16,2026-01-12,19,Medium,Medium,Medium,On-Time,10,79,Pro,Active
572,2025-05-08,2026-01-24,7,High,Medium,High,On-Time,9,51,Pro,Active
573,2024-03-10,2026-01-06,25,High,Medium,Low,On-Time,9,65,Pro,Active
574,2024-11-12,2026-01-17,14,High,High,Low,On-Time,9,64,Pro,Active
575,2025-08-02,2025-12-31,31,High,High,Medium,On-Time,10,70,Pro,Active
576,2025-11-05,2025-07-01,214,Low,Low,Medium,Delayed,4,10,Basic,Cancelled
577,2023-06-11,2026-01-16,15,Medium,High,Medium,Delayed,10,15,Basic,Active
578,2025-10-11,2025-07-28,187,Low,Low,Medium,Missed,3,15,Basic,Active
579,2024-06-22,2025-12-07,55,Medium,Low,Medium,Missed,7,47,Pro,Active
580,2023-10-10,2026-01-14,17,Medium,Medium,Low,On-Time,10,13,Basic,Active
581,2024-05-17,2026-01-14,17,High,High,Low,On-Time,7,18,Basic,Active
582,2025-12-09,2026-01-06,25,Medium,High,Low,On-Time,7,23,Basic,Active
583,2024-06-23,2026-01-30,1,High,High,Low,On-Time,8,75,Pro,Active
584,2023-12-26,2026-01-04,27,High,High,Low,On-Time,8,11,Basic,Active
585,2024-11-24,2025-10-30,93,Medium,Low,Medium,On-Time,5,16,Basic,Active
586,2023-09-20,2025-10-24,99,Low,Low,Low,On-Time,6,51,Pro,Active
587,2023-03-25,2025-09-26,127,Low,Low,Low,Missed,5,20,Basic,Cancelled
588,2023-05-22,2026-01-27,4,High,Medium,Low,On-Time,8,26,Basic,Active
589,2023-05-21,2025-12-27,35,High,High,Medium,On-Time,8,67,Pro,Active
590,2023-06-16,2025-12-26,36,High,Medium,Medium,Delayed,8,29,Basic,Active
591,2023-06-02,2025-10-22,101,Medium,Low,Medium,On-Time,7,11,Basic,Active
592,2024-12-02,2026-01-14,17,Medium,High,Low,On-Time,9,73,Pro,Active
593,2023-07-19,2026-01-14,17,High,High,Medium,On-Time,8,28,Basic,Active
594,2024-01-14,2025-12-18,44,Medium,High,Medium,On-Time,7,15,Basic,Active
595,2025-09-08,2025-10-31,92,Medium,Low,Medium,Delayed,7,23,Basic,Active
596,2024-06-02,2025-11-02,90,Low,Low,Low,On-Time,6,20,Basic,Active
597,2024-12-31,2026-01-15,16,Medium,High,Low,On-Time,9,23,Basic,Active
598,2023-07-08,2026-01-01,30,Medium,Medium,High,On-Time,7,204,Enterprise,Active
599,2023-07-30,2025-12-21,41,Medium,High,Medium,On-Time,9,16,Basic,Active
600,2023-02-14,2025-12-18,44,High,Medium,High,On-Time,7,199,Enterprise,Active
601,2023-07-04,2026-01-12,19,High,High,Low,Delayed,10,13,Basic,Active
602,2023-11-02,2025-12-23,39,High,Medium,Low,On-Time,9,13,Basic,Active
603,2023-07-13,2026-01-09,22,High,High,Low,On-Time,9,41,Pro,Active
604,2023-04-08,2026-01-19,12,High,High,Low,On-Time,9,23,Basic,Active
605,2023-05-13,2026-01-17,14,Medium,Medium,Medium,On-Time,8,13,Basic,Active
606,2024-05-19,2025-12-20,42,Medium,Medium,Medium,On-Time,7,14,Basic,Active
607,2023-08-14,2025-12-29,33,High,Medium,Low,On-Time,7,18,Basic,Active
608,2024-02-03,2025-12-23,39,Medium,High,Low,On-Time,7,75,Pro,Active
609,2024-07-05,2026-01-31,0,Medium,Medium,Low,On-Time,8,259,Enterprise,Active
610,2025-01-25,2026-01-17,14,High,High,High,On-Time,9,19,Basic,Active
611,2023-02-13,2025-11-26,66,Medium,Medium,Low,Delayed,4,27,Basic,Active
612,2025-05-25,2025-11-13,79,Low,Low,Low,On-Time,7,185,Enterprise,Active
613,2024-11-18,2025-08-20,164,Low,Low,Low,Delayed,4,17,Basic,Cancelled
614,2023-03-31,2025-12-22,40,High,High,Medium,On-Time,10,14,Basic,Active
615,2025-08-14,2026-01-17,14,High,Medium,High,On-Time,8,131,Enterprise,Active
616,2025-10-05,2026-01-10,21,High,High,Low,On-Time,8,54,Pro,Active
617,2023-03-08,2025-12-24,38,Medium,High,Low,On-Time,7,21,Basic,Active
618,2023-10-31,2026-01-19,12,High,High,Low,On-Time,8,24,Basic,Active
619,2025-06-01,2025-11-20,72,Medium,Medium,Low,Delayed,6,27,Basic,Active
620,2025-03-30,2025-12-29,33,High,Medium,Low,On-Time,7,17,Basic,Active
621,2023-07-22,2025-11-20,72,Medium,Low,Low,Delayed,7,29,Basic,Active
622,2023-08-18,2026-01-19,12,High,High,High,On-Time,8,15,Basic,Active
623,2024-02-10,2026-01-16,15,High,Medium,Medium,On-Time,7,28,Basic,Active
624,2024-06-14,2026-01-11,20,Medium,Medium,Medium,On-Time,8,29,Basic,Active
625,2024-11-07,2026-01-17,14,High,Medium,Medium,On-Time,10,232,Enterprise,Active
626,2024-02-08,2026-01-15,16,High,High,Low,On-Time,8,67,Pro,Active
627,2024-05-21,2025-11-10,82,Low,Low,Low,Delayed,4,248,Enterprise,Active
628,2025-03-29,2025-05-28,248,Low,Low,Medium,Missed,2,43,Pro,Cancelled
629,2023-02-10,2026-01-07,24,Medium,Medium,Medium,On-Time,9,13,Basic,Active
630,2023-10-04,2025-10-05,118,Medium,Medium,Medium,On-Time,7,45,Pro,Active
631,2025-02-20,2026-01-18,13,High,High,Medium,On-Time,7,16,Basic,Active
632,2025-09-07,2026-01-19,12,Medium,Medium,High,Delayed,9,20,Basic,Active
633,2024-07-14,2025-12-23,39,Medium,Medium,Medium,On-Time,9,22,Basic,Active
634,2024-08-05,2025-12-25,37,High,High,Low,On-Time,8,45,Pro,Active
635,2023-04-28,2025-11-23,69,Low,Medium,Low,Missed,6,22,Basic,Active
636,2024-05-04,2025-10-31,92,Low,Medium,Low,On-Time,4,56,Pro,Active
637,2024-08-06,2025-12-27,35,High,Medium,Medium,On-Time,10,20,Basic,Active
638,2023-09-23,2025-11-18,74,Medium,Medium,Low,Delayed,6,24,Basic,Active
639,2023-10-22,2025-12-18,44,High,Medium,Low,On-Time,9,57,Pro,Active
640,2024-02-18,2026-01-09,22,Medium,High,High,On-Time,9,72,Pro,Active
641,2023-01-22,2025-11-18,74,Medium,Low,Low,Missed,5,49,Pro,Active
642,2023-12-19,2025-11-03,89,Medium,Low,Low,On-Time,5,20,Basic,Active
643,2023-08-20,2025-04-20,286,Low,Low,Low,Delayed,3,27,Basic,Active
644,2023-12-25,2025-10-18,105,Medium,Low,High,On-Time,7,28,Basic,Active
645,2023-05-12,2026-01-25,6,Medium,Medium,Medium,On-Time,7,62,Pro,Active
646,2025-09-02,2026-01-13,18,High,High,Medium,On-Time,7,10,Basic,Active
647,2024-10-11,2025-12-19,43,High,Medium,Medium,On-Time,10,278,Enterprise,Active
648,2025-01-13,2026-01-12,19,High,High,High,On-Time,9,19,Basic,Active
649,2025-05-14,2025-11-25,67,Medium,Low,Low,Delayed,7,76,Pro,Active
650,2024-06-29,2025-12-14,48,Low,Low,Low,On-Time,6,57,Pro,Active
651,2023-04-06,2026-01-06,25,High,High,Low,On-Time,10,27,Basic,Active
652,2024-08-11,2025-12-29,33,Medium,Medium,Low,Delayed,9,13,Basic,Active
653,2024-10-04,2025-12-11,51,Low,Low,Low,Delayed,7,13,Basic,Active
654,2025-03-27,2025-11-09,83,Low,Medium,High,On-Time,7,42,Pro,Active
655,2024-04-17,2025-12-31,31,Medium,High,Low,On-Time,7,27,Basic,Active
656,2023-05-20,2025-09-10,143,Low,Low,Medium,Delayed,1,13,Basic,Cancelled
657,2023-11-07,2026-01-05,26,High,Medium,Medium,On-Time,8,50,Pro,Active
658,2024-02-02,2026-01-05,26,High,Medium,Low,On-Time,9,42,Pro,Active
659,2024-12-08,2026-01-30,1,High,Medium,High,Delayed,8,29,Basic,Active
660,2024-09-17,2025-12-22,40,Medium,High,Medium,On-Time,8,28,Basic,Active
661,2024-01-25,2026-01-02,29,High,Medium,Medium,On-Time,10,21,Basic,Active
662,2025-12-16,2026-01-02,29,High,High,Low,On-Time,7,279,Enterprise,Active
663,2024-10-25,2026-01-21,10,Medium,High,Medium,On-Time,10,27,Basic,Active
664,2023-09-17,2025-06-04,241,Low,Low,Low,Missed,2,43,Pro,Cancelled
665,2023-04-22,2025-06-09,236,Low,Low,Low,Missed,3,16,Basic,Cancelled
666,2023-06-17,2025-12-22,40,High,Medium,Low,On-Time,7,18,Basic,Active
667,2023-09-27,2026-01-26,5,High,High,Low,Delayed,9,26,Basic,Active
668,2023-06-25,2025-10-10,113,Medium,Low,Medium,Delayed,7,54,Pro,Active
669,2023-07-24,2025-10-12,111,Low,Medium,Medium,Missed,5,186,Enterprise,Active
670,2023-11-09,2025-10-22,101,Medium,Medium,Low,On-Time,4,23,Basic,Active
671,2023-07-09,2025-06-08,237,Low,Low,Medium,Missed,1,10,Basic,Cancelled
672,2025-09-08,2026-01-25,6,High,Medium,Low,On-Time,7,20,Basic,Active
673,2023-03-29,2026-01-21,10,Medium,Medium,Low,On-Time,9,14,Basic,Active
674,2024-07-28,2025-10-07,116,Medium,Low,Low,Delayed,4,27,Basic,Active
675,2024-03-25,2025-07-18,197,Low,Low,Medium,Delayed,5,77,Pro,Cancelled
676,2025-12-11,2025-12-19,43,Medium,Medium,Medium,On-Time,10,50,Pro,Active
677,2023-05-03,2025-12-19,43,Medium,Medium,Low,On-Time,9,29,Basic,Active
678,2024-03-11,2026-01-11,20,Medium,Medium,Low,On-Time,7,25,Basic,Active
679,2025-11-27,2026-01-23,8,High,Medium,Low,On-Time,9,15,Basic,Active
680,2025-08-05,2026-01-07,24,High,Medium,Medium,On-Time,9,68,Pro,Active
681,2025-06-13,2025-12-14,48,Low,Low,High,Missed,4,65,Pro,Active
682,2023-10-10,2025-12-18,44,High,Medium,Medium,On-Time,8,44,Pro,Active
683,2023-07-07,2026-01-17,14,High,Medium,Low,On-Time,8,43,Pro,Active
684,2025-01-02,2026-01-21,10,High,High,Medium,On-Time,7,24,Basic,Active
685,2025-10-14,2026-01-15,16,Medium,Medium,High,On-Time,10,29,Basic,Active
686,2024-09-01,2026-01-09,22,Medium,Medium,High,On-Time,8,22,Basic,Active
687,2024-09-17,2025-12-16,46,Low,Low,High,On-Time,7,54,Pro,Active
688,2023-11-03,2026-01-01,30,Medium,High,Medium,On-Time,9,26,Basic,Active
689,2025-04-22,2026-01-04,27,High,Medium,Low,On-Time,8,23,Basic,Active
690,2023-07-24,2026-01-09,22,High,High,High,On-Time,9,43,Pro,Active
691,2023-12-21,2025-04-23,283,Low,Low,High,Delayed,5,19,Basic,Cancelled
692,2024-04-10,2026-01-08,23,Medium,Medium,Low,On-Time,8,28,Basic,Active
693,2024-07-09,2025-10-04,119,Low,Low,Medium,On-Time,4,79,Pro,Active
694,2023-09-23,2026-01-27,4,High,Medium,High,Delayed,10,40,Pro,Active
695,2023-05-06,2025-11-14,78,Medium,Low,High,Delayed,5,236,Enterprise,Active
696,2024-10-30,2025-12-24,38,High,Medium,Medium,On-Time,8,50,Pro,Active
697,2023-11-13,2025-05-30,246,Low,Low,Medium,Missed,4,16,Basic,Cancelled
698,2024-09-28,2026-01-20,11,Medium,High,Medium,Delayed,7,44,Pro,Active
699,2023-06-19,2025-06-18,227,Low,Low,Medium,Delayed,2,51,Pro,Cancelled
700,2024-06-10,2025-12-26,36,High,Medium,Low,On-Time,10,40,Pro,Active
701,2024-08-06,2025-11-04,88,Medium,Low,Low,On-Time,4,70,Pro,Active
702,2023-02-26,2025-12-03,59,Low,Medium,Medium,On-Time,5,16,Basic,Active
703,2024-01-04,2025-12-15,47,Medium,Low,Low,Missed,6,22,Basic,Active
704,2023-05-28,2025-12-30,32,Medium,Medium,Medium,On-Time,10,17,Basic,Active
705,2023-03-11,2025-08-01,183,Low,Low,Low,Delayed,4,24,Basic,Cancelled
706,2025-12-20,2025-09-12,141,Low,Low,Medium,Delayed,1,27,Basic,Cancelled
707,2023-12-19,2025-12-07,55,Low,Medium,Medium,Delayed,7,47,Pro,Active
708,2025-06-05,2026-01-14,17,Medium,Medium,Medium,On-Time,7,21,Basic,Active
709,2023-10-06,2025-12-21,41,High,High,Medium,On-Time,7,53,Pro,Active
710,2025-01-16,2025-11-18,74,Low,Low,Medium,On-Time,4,28,Basic,Active
711,2025-04-12,2026-01-30,1,Medium,Medium,Low,On-Time,10,12,Basic,Active
712,2024-10-14,2025-12-13,49,Medium,Low,Low,Delayed,6,29,Basic,Active
713,2024-05-31,2026-01-28,3,High,Medium,Low,On-Time,10,75,Pro,Active
714,2024-03-26,2026-01-12,19,High,Medium,Medium,On-Time,8,18,Basic,Active
715,2024-01-18,2026-01-19,12,High,High,Medium,On-Time,10,60,Pro,Active
716,2025-10-14,2026-01-22,9,Medium,Medium,Low,On-Time,7,28,Basic,Active
717,2025-06-28,2026-01-01,30,High,Medium,Medium,On-Time,7,46,Pro,Active
718,2025-11-22,2026-01-20,11,High,High,Low,On-Time,8,20,Basic,Active
719,2023-05-17,2026-01-06,25,High,High,Low,On-Time,7,29,Basic,Active
720,2025-03-11,2026-01-31,0,Medium,High,Low,On-Time,9,16,Basic,Active
721,2025-10-24,2026-01-29,2,High,High,Low,On-Time,7,10,Basic,Active
722,2023-07-18,2026-01-25,6,High,Medium,Low,On-Time,9,25,Basic,Active
723,2023-03-14,2025-11-06,86,Low,Low,High,Missed,7,54,Pro,Active
724,2025-03-22,2026-01-02,29,High,Medium,Medium,On-Time,9,40,Pro,Active
725,2024-09-21,2026-01-27,4,High,High,Medium,On-Time,7,52,Pro,Active
726,2025-07-10,2026-01-11,20,Medium,High,Medium,On-Time,8,40,Pro,Active
727,2023-06-03,2026-01-29,2,High,High,Low,On-Time,9,25,Basic,Active
728,2025-05-20,2025-12-02,60,Medium,Medium,High,Delayed,4,15,Basic,Active
729,2023-08-09,2026-01-02,29,Medium,High,High,On-Time,7,12,Basic,Active
730,2023-06-29,2026-01-23,8,Medium,High,Medium,On-Time,10,26,Basic,Active
731,2023-06-29,2026-01-10,21,Medium,Medium,Low,On-Time,9,210,Enterprise,Active
732,2025-06-10,2026-01-05,26,Medium,Medium,High,On-Time,9,29,Basic,Active
733,2024-12-29,2025-11-16,76,Medium,Low,Low,On-Time,4,53,Pro,Active
734,2024-07-26,2026-01-11,20,Medium,Medium,Medium,On-Time,7,64,Pro,Active
735,2024-01-28,2025-10-10,113,Medium,Low,Low,Missed,7,15,Basic,Active
736,2025-08-18,2026-01-29,2,High,High,Low,On-Time,7,67,Pro,Active
737,2024-03-05,2025-08-24,160,Low,Low,High,Missed,1,10,Basic,Cancelled
738,2025-06-13,2025-11-09,83,Medium,Medium,High,On-Time,4,29,Basic,Active
739,2024-04-25,2026-01-05,26,High,High,High,On-Time,9,53,Pro,Active
740,2024-02-17,2026-01-11,20,High,High,Low,On-Time,7,17,Basic,Active
741,2024-05-21,2026-01-19,12,Medium,Medium,Low,On-Time,10,79,Pro,Active
742,2023-11-27,2026-01-22,9,High,High,High,On-Time,8,215,Enterprise,Active
743,2025-03-29,2026-01-02,29,High,High,Low,On-Time,8,27,Basic,Active
744,2024-07-04,2026-01-05,26,Medium,High,Medium,On-Time,7,25,Basic,Active
745,2023-09-12,2026-01-01,30,High,High,Low,Delayed,9,17,Basic,Active
746,2025-09-12,2026-01-26,5,High,High,Low,On-Time,10,57,Pro,Active
747,2024-02-25,2025-11-27,65,Low,Medium,High,Delayed,5,74,Pro,Active
748,2024-08-18,2026-01-17,14,High,High,Low,Delayed,7,20,Basic,Active
749,2025-09-19,2025-07-15,200,Low,Low,Medium,Missed,2,20,Basic,Cancelled
750,2024-11-14,2026-01-03,28,High,High,Low,On-Time,8,23,Basic,Active
751,2023-05-09,2026-01-28,3,High,High,Low,On-Time,9,17,Basic,Active
752,2025-10-26,2026-01-02,29,High,High,Low,On-Time,8,22,Basic,Active
753,2024-11-18,2025-12-29,33,Medium,High,Medium,On-Time,7,23,Basic,Active
754,2024-01-02,2025-12-19,43,High,Medium,High,On-Time,10,10,Basic,Active
755,2023-06-02,2025-12-21,41,Medium,Medium,Medium,On-Time,7,44,Pro,Active
756,2025-05-19,2025-12-24,38,High,High,Medium,On-Time,7,17,Basic,Active
757,2024-11-09,2026-01-11,20,Medium,Medium,Medium,On-Time,10,14,Basic,Active
758,2024-08-07,2025-11-03,89,Low,Medium,Medium,On-Time,4,23,Basic,Active
759,2025-09-05,2026-01-07,24,High,High,Low,On-Time,8,23,Basic,Active
760,2025-05-13,2025-12-29,33,High,High,Medium,On-Time,8,15,Basic,Active
761,2023-06-16,2026-01-22,9,Medium,High,High,On-Time,10,192,Enterprise,Active
762,2023-12-08,2026-01-26,5,High,High,Medium,On-Time,10,15,Basic,Active
763,2023-09-30,2026-01-05,26,High,Medium,Low,On-Time,7,21,Basic,Active
764,2025-03-25,2025-12-20,42,Medium,Medium,Medium,On-Time,10,16,Basic,Active
765,2023-02-06,2026-01-12,19,Medium,High,Low,On-Time,10,28,Basic,Active
766,2024-09-16,2026-01-11,20,High,High,Medium,On-Time,8,13,Basic,Active
767,2025-04-14,2026-01-25,6,High,High,Medium,On-Time,7,76,Pro,Active
768,2025-08-18,2026-01-24,7,Medium,Medium,Medium,Delayed,7,22,Basic,Active
769,2024-01-10,2025-10-23,100,Medium,Low,Low,On-Time,5,25,Basic,Active
770,2025-06-18,2026-01-31,0,High,High,High,On-Time,10,71,Pro,Active
771,2023-05-02,2025-12-27,35,Medium,Medium,Medium,On-Time,9,19,Basic,Active
772,2025-07-15,2026-01-09,22,Medium,Medium,Medium,On-Time,9,12,Basic,Active
773,2023-05-20,2025-05-25,251,Low,Low,Medium,Delayed,2,41,Pro,Cancelled
774,2024-03-11,2025-11-01,91,Low,Low,Low,Missed,5,28,Basic,Active
775,2025-05-23,2026-01-09,22,Medium,Medium,Low,On-Time,7,217,Enterprise,Active
776,2023-06-14,2026-01-15,16,Medium,Medium,Low,On-Time,9,27,Basic,Active
777,2023-09-09,2026-01-30,1,High,Medium,Medium,On-Time,9,21,Basic,Active
778,2025-03-01,2025-12-27,35,Medium,Medium,Low,On-Time,8,10,Basic,Active
779,2025-02-27,2025-10-29,94,Low,Low,Medium,On-Time,4,60,Pro,Active
780,2024-12-03,2025-12-28,34,Medium,Medium,Medium,On-Time,9,62,Pro,Active
781,2025-01-29,2026-01-14,17,High,High,Low,On-Time,9,247,Enterprise,Active
782,2024-08-17,2026-01-30,1,Medium,Medium,Low,Delayed,9,17,Basic,Active
783,2023-10-03,2025-08-06,178,Low,Low,Low,Missed,2,79,Pro,Cancelled
784,2024-01-14,2026-01-05,26,High,High,High,On-Time,7,23,Basic,Active
785,2023-07-18,2025-12-30,32,High,Medium,Low,On-Time,10,61,Pro,Active
786,2025-09-21,2025-12-24,38,High,Medium,Low,On-Time,7,27,Basic,Active
787,2024-09-30,2026-01-29,2,High,High,Medium,On-Time,9,43,Pro,Active
788,2024-03-14,2025-12-18,44,High,Medium,Medium,On-Time,7,46,Pro,Active
789,2024-05-20,2025-10-08,115,Low,Low,Low,Missed,7,78,Pro,Active
790,2025-11-03,2025-12-31,31,High,High,Low,Delayed,7,16,Basic,Active
791,2023-06-17,2026-01-21,10,High,Medium,Low,On-Time,10,22,Basic,Active
792,2024-10-03,2025-05-16,260,Low,Low,Low,Missed,2,22,Basic,Cancelled
793,2024-07-07,2025-12-13,49,Medium,Low,Low,On-Time,5,57,Pro,Active
794,2024-10-31,2025-12-23,39,Medium,Medium,Low,On-Time,7,175,Enterprise,Active
795,2023-01-20,2025-12-25,37,Medium,Medium,Low,On-Time,7,20,Basic,Active
796,2025-08-12,2025-07-22,193,Low,Low,Low,Missed,1,20,Basic,Active
797,2025-10-17,2026-01-28,3,High,High,Medium,On-Time,10,10,Basic,Active
798,2024-09-10,2026-01-15,16,High,Medium,Medium,On-Time,8,19,Basic,Active
799,2025-02-01,2026-01-21,10,High,Medium,High,On-Time,10,64,Pro,Active
800,2025-10-07,2025-10-05,118,Low,Low,High,Delayed,7,27,Basic,Active
801,2025-02-13,2025-12-04,58,Low,Medium,High,Missed,6,286,Enterprise,Active
802,2023-06-17,2025-07-17,198,Low,Low,Low,Missed,4,73,Pro,Cancelled
803,2024-09-23,2025-05-27,249,Low,Low,Low,Delayed,2,17,Basic,Cancelled
804,2024-10-26,2025-12-22,40,Medium,High,Medium,On-Time,10,28,Basic,Active
805,2024-04-09,2025-10-23,100,Medium,Low,High,Missed,4,70,Pro,Active
806,2025-03-17,2025-10-17,106,Low,Low,Medium,Delayed,6,64,Pro,Active
807,2025-10-20,2026-01-30,1,Medium,High,Low,Delayed,10,16,Basic,Active
808,2025-10-10,2026-01-18,13,High,Medium,Medium,On-Time,8,13,Basic,Active
809,2024-05-08,2025-11-04,88,Medium,Low,Low,Missed,5,13,Basic,Active
810,2023-05-04,2025-12-27,35,High,High,Medium,On-Time,8,15,Basic,Active
811,2025-12-14,2025-10-18,105,Low,Medium,Medium,On-Time,4,43,Pro,Active
812,2025-07-07,2025-11-27,65,Medium,Low,Medium,Missed,4,16,Basic,Active
813,2023-05-17,2026-01-18,13,Medium,Medium,Low,On-Time,10,42,Pro,Active
814,2025-10-05,2026-01-24,7,Medium,Medium,Medium,Delayed,9,25,Basic,Active
815,2025-08-10,2026-01-01,30,High,Medium,Medium,On-Time,8,14,Basic,Active
816,2024-07-22,2026-01-15,16,Medium,Medium,Medium,On-Time,10,29,Basic,Active
817,2024-10-09,2026-01-13,18,High,Medium,Medium,On-Time,10,28,Basic,Active
818,2024-03-12,2026-01-29,2,Medium,High,Medium,On-Time,9,42,Pro,Active
819,2023-03-01,2025-12-23,39,High,Medium,Medium,On-Time,8,28,Basic,Active
820,2024-01-03,2025-12-29,33,High,High,High,On-Time,9,19,Basic,Active
821,2025-05-29,2026-01-15,16,High,High,Low,On-Time,9,15,Basic,Active
822,2023-01-06,2025-12-10,52,Low,Low,Low,Delayed,6,26,Basic,Active
823,2024-01-01,2025-12-09,53,Low,Low,Medium,Delayed,5,20,Basic,Active
824,2024-03-11,2025-10-16,107,Low,Medium,Low,Missed,7,77,Pro,Active
825,2024-08-11,2026-01-17,14,Medium,High,Low,On-Time,8,27,Basic,Active
826,2025-10-04,2025-09-03,150,Low,Low,Low,Missed,4,71,Pro,Cancelled
827,2024-01-15,2025-07-11,204,Low,Low,Medium,Delayed,5,62,Pro,Cancelled
828,2024-01-15,2025-05-06,270,Low,Low,Low,Delayed,3,51,Pro,Cancelled
829,2025-03-18,2026-01-28,3,High,Medium,Low,On-Time,7,26,Basic,Active
830,2024-05-10,2026-01-17,14,Medium,Medium,Low,On-Time,7,75,Pro,Active
831,2023-09-03,2025-12-31,31,High,High,Medium,Delayed,7,66,Pro,Active
832,2024-05-10,2025-12-26,36,Medium,High,Low,On-Time,9,63,Pro,Active
833,2023-06-04,2025-11-06,86,Medium,Medium,High,On-Time,5,59,Pro,Active
834,2023-07-13,2025-12-30,32,High,High,Medium,Delayed,9,16,Basic,Active
835,2024-06-29,2025-10-24,99,Medium,Medium,Low,On-Time,4,52,Pro,Active
836,2024-04-03,2025-12-19,43,Medium,High,Medium,On-Time,8,23,Basic,Active
837,2025-09-28,2026-01-05,26,Medium,High,Low,On-Time,7,220,Enterprise,Active
838,2024-02-01,2026-01-16,15,Medium,High,Medium,On-Time,9,46,Pro,Active
839,2024-09-27,2026-01-27,4,High,High,Low,On-Time,7,54,Pro,Active
840,2024-11-23,2026-01-31,0,High,High,Low,On-Time,10,15,Basic,Active
841,2023-01-15,2026-01-23,8,High,High,Medium,On-Time,8,11,Basic,Active
842,2024-12-27,2026-01-15,16,High,Medium,Low,Delayed,7,18,Basic,Active
843,2023-07-14,2025-12-18,44,High,Medium,Medium,On-Time,8,265,Enterprise,Active
844,2025-11-18,2026-01-22,9,High,Medium,Medium,On-Time,7,199,Enterprise,Active
845,2023-06-12,2025-12-18,44,High,High,Medium,On-Time,10,10,Basic,Active
846,2024-03-30,2025-10-27,96,Low,Low,Low,On-Time,7,20,Basic,Active
847,2023-04-04,2026-01-06,25,High,High,High,Delayed,10,13,Basic,Active
848,2025-12-27,2026-01-11,20,Medium,High,Low,On-Time,10,22,Basic,Active
849,2024-07-03,2025-12-23,39,Medium,High,Medium,On-Time,10,46,Pro,Active
850,2024-10-13,2025-12-25,37,Medium,High,Medium,On-Time,8,25,Basic,Active
851,2023-03-15,2025-12-03,59,Medium,Medium,Low,Delayed,4,52,Pro,Active
852,2025-04-01,2025-12-19,43,High,Medium,Medium,On-Time,8,17,Basic,Active
853,2023-08-18,2025-11-02,90,Medium,Medium,Medium,On-Time,5,15,Basic,Active
854,2025-09-10,2025-12-19,43,High,High,High,On-Time,9,20,Basic,Active
855,2023-08-13,2026-01-21,10,High,Medium,Low,On-Time,10,53,Pro,Active
856,2023-07-28,2026-01-05,26,High,High,Low,On-Time,7,40,Pro,Active
857,2023-02-10,2025-12-26,36,High,Medium,Low,On-Time,10,28,Basic,Active
858,2024-05-31,2025-10-05,118,Low,Low,Medium,Missed,4,49,Pro,Active
859,2024-09-10,2026-01-20,11,High,High,Medium,On-Time,7,17,Basic,Active
860,2023-03-13,2025-12-25,37,Medium,Medium,Low,Delayed,7,264,Enterprise,Active
861,2025-04-29,2025-10-07,116,Low,Low,Low,On-Time,5,20,Basic,Active
862,2024-05-11,2026-01-30,1,High,High,Low,On-Time,9,72,Pro,Active
863,2024-07-28,2025-12-31,31,Medium,High,Medium,On-Time,9,23,Basic,Active
864,2024-04-27,2026-01-14,17,Medium,High,High,On-Time,8,27,Basic,Active
865,2024-03-14,2026-01-08,23,High,High,Low,On-Time,9,24,Basic,Active
866,2024-09-04,2025-09-11,142,Low,Low,Medium,Missed,1,23,Basic,Cancelled
867,2023-06-19,2025-12-13,49,Low,Low,Medium,On-Time,5,29,Basic,Active
868,2023-07-19,2025-12-23,39,High,Medium,Low,On-Time,10,52,Pro,Active
869,2025-08-01,2026-01-25,6,High,Medium,Medium,On-Time,10,26,Basic,Active
870,2025-11-01,2025-11-29,63,Medium,Low,Medium,Missed,7,75,Pro,Active
871,2024-02-13,2026-01-04,27,High,High,Low,On-Time,9,77,Pro,Active
872,2023-10-24,2026-01-23,8,High,High,High,On-Time,8,44,Pro,Active
873,2024-12-06,2026-01-19,12,Medium,High,Medium,On-Time,7,22,Basic,Active
874,2024-03-23,2025-12-27,35,Medium,Medium,Low,On-Time,10,54,Pro,Active
875,2023-01-28,2025-12-20,42,Medium,Medium,High,On-Time,9,70,Pro,Active
876,2023-06-20,2025-11-11,81,Low,Low,Low,On-Time,7,22,Basic,Active
877,2025-02-22,2026-01-25,6,High,High,Medium,On-Time,9,18,Basic,Active
878,2024-12-22,2026-01-11,20,High,Medium,Medium,On-Time,10,27,Basic,Active
879,2023-01-30,2025-11-09,83,Medium,Medium,Medium,On-Time,7,17,Basic,Active
880,2023-09-01,2025-11-20,72,Low,Low,Medium,Delayed,6,41,Pro,Active
881,2023-09-11,2025-12-04,58,Low,Medium,Low,On-Time,5,29,Basic,Active
882,2025-01-05,2026-01-10,21,High,High,Low,Delayed,9,17,Basic,Active
883,2023-01-22,2025-12-29,33,High,High,Medium,Delayed,9,14,Basic,Active
884,2023-04-24,2025-12-28,34,High,Medium,Medium,Delayed,7,226,Enterprise,Active
885,2025-05-25,2025-12-27,35,High,Medium,High,Delayed,10,23,Basic,Active
886,2023-07-15,2025-12-25,37,High,High,Medium,On-Time,9,44,Pro,Active
887,2024-12-15,2026-01-27,4,High,Medium,Low,Delayed,7,23,Basic,Active
888,2023-09-18,2026-01-04,27,Medium,Medium,Low,On-Time,8,60,Pro,Active
889,2023-04-19,2025-12-02,60,Low,Low,Medium,Missed,4,64,Pro,Active
890,2023-09-24,2026-01-03,28,Medium,High,High,Delayed,7,162,Enterprise,Active
891,2025-03-01,2025-11-11,81,Medium,Low,Medium,Delayed,7,51,Pro,Active
892,2025-07-25,2025-12-15,47,Medium,Low,Low,Delayed,4,14,Basic,Active
893,2025-06-28,2025-12-29,33,High,High,High,On-Time,9,160,Enterprise,Active
894,2024-03-10,2025-12-31,31,High,Medium,Low,On-Time,7,16,Basic,Active
895,2025-01-01,2026-01-17,14,High,High,Low,On-Time,10,16,Basic,Active
896,2023-08-13,2025-12-29,33,High,High,Medium,On-Time,7,69,Pro,Active
897,2023-11-17,2026-01-11,20,Medium,Medium,Low,On-Time,10,59,Pro,Active
898,2025-09-08,2026-01-17,14,High,Medium,Medium,On-Time,10,52,Pro,Active
899,2023-01-15,2025-07-26,189,Low,Low,Low,Missed,1,22,Basic,Cancelled
900,2023-04-04,2025-12-18,44,High,Medium,Low,On-Time,10,20,Basic,Active
901,2023-08-16,2026-01-27,4,High,High,Low,On-Time,9,56,Pro,Active
902,2023-01-30,2025-07-06,209,Low,Low,Medium,Missed,4,14,Basic,Cancelled
903,2023-07-18,2025-12-11,51,Medium,Low,Low,Missed,6,14,Basic,Active
904,2024-09-30,2025-05-19,257,Low,Low,Low,Missed,3,27,Basic,Active
905,2024-04-06,2026-01-07,24,High,High,Low,On-Time,8,20,Basic,Active
906,2025-09-04,2025-10-13,110,Low,Low,Low,On-Time,5,60,Pro,Active
907,2025-06-14,2026-01-18,13,High,High,Medium,Delayed,9,262,Enterprise,Active
908,2024-01-10,2026-01-26,5,Medium,High,Low,Delayed,7,76,Pro,Active
909,2023-10-12,2026-01-24,7,Medium,High,Low,On-Time,9,27,Basic,Active
910,2024-02-20,2025-12-20,42,Medium,Medium,Medium,On-Time,8,60,Pro,Active
911,2024-10-08,2025-09-09,144,Low,Low,Low,Missed,3,74,Pro,Cancelled
912,2023-10-21,2026-01-31,0,High,Medium,High,On-Time,9,17,Basic,Active
913,2024-11-14,2025-12-22,40,Medium,High,Medium,Delayed,9,45,Pro,Active
914,2024-03-24,2026-01-06,25,High,Medium,Low,On-Time,7,12,Basic,Active
915,2024-08-27,2025-11-08,84,Low,Low,Low,Missed,4,68,Pro,Active
916,2024-04-22,2026-01-09,22,Medium,High,High,On-Time,8,17,Basic,Active
917,2023-11-19,2025-06-04,241,Low,Low,Medium,Missed,5,42,Pro,Cancelled
918,2025-11-04,2025-12-24,38,High,High,Medium,Delayed,7,12,Basic,Active
919,2025-04-16,2026-01-09,22,High,High,Medium,On-Time,10,11,Basic,Active
920,2023-06-03,2025-12-24,38,High,Medium,Low,On-Time,10,15,Basic,Active
921,2025-08-08,2026-01-19,12,Medium,Medium,Low,On-Time,8,18,Basic,Active
922,2024-06-17,2026-01-04,27,High,Medium,Low,Delayed,8,53,Pro,Active
923,2025-09-06,2026-01-09,22,High,Medium,Medium,On-Time,9,54,Pro,Active
924,2025-05-25,2026-01-19,12,High,High,High,On-Time,8,64,Pro,Active
925,2024-04-10,2025-12-19,43,High,Medium,Low,On-Time,10,18,Basic,Active
926,2023-01-25,2026-01-02,29,Medium,High,Medium,On-Time,9,61,Pro,Active
927,2023-10-22,2026-01-23,8,Medium,High,High,On-Time,10,15,Basic,Active
928,2024-08-16,2026-01-07,24,High,High,Low,On-Time,7,14,Basic,Active
929,2024-11-24,2026-01-22,9,High,Medium,Low,On-Time,9,27,Basic,Active
930,2023-10-10,2025-12-19,43,High,Medium,Low,On-Time,10,10,Basic,Active
931,2023-06-02,2026-01-13,18,Medium,Medium,Low,On-Time,10,58,Pro,Active
932,2025-07-03,2026-01-23,8,Medium,High,Medium,On-Time,8,25,Basic,Active
933,2025-12-13,2025-06-04,241,Low,Low,Low,Missed,2,51,Pro,Cancelled
934,2024-07-29,2025-12-05,57,Medium,Low,Low,Delayed,4,19,Basic,Active
935,2023-07-07,2025-12-07,55,Low,Low,Medium,On-Time,7,52,Pro,Active
936,2023-10-26,2026-01-05,26,High,Medium,Medium,On-Time,8,17,Basic,Active
937,2023-01-21,2025-11-09,83,Low,Low,High,On-Time,6,40,Pro,Active
938,2025-09-28,2025-12-20,42,Medium,High,High,On-Time,10,29,Basic,Active
939,2023-05-09,2025-04-07,299,Low,Low,High,Delayed,1,13,Basic,Cancelled
940,2024-09-23,2025-11-27,65,Low,Low,Low,Missed,5,15,Basic,Active
941,2023-10-28,2025-10-15,108,Low,Medium,Low,Delayed,6,40,Pro,Active
942,2024-08-29,2026-01-29,2,High,Medium,Low,On-Time,10,68,Pro,Active
943,2024-12-14,2026-01-27,4,High,High,Low,On-Time,8,62,Pro,Active
944,2025-06-27,2025-07-29,186,Low,Low,Low,Delayed,2,23,Basic,Cancelled
945,2023-08-15,2025-10-06,117,Low,Low,Medium,Delayed,6,26,Basic,Active
946,2023-01-13,2025-05-05,271,Low,Low,Medium,Missed,1,28,Basic,Cancelled
947,2023-05-30,2026-01-09,22,High,Medium,Low,On-Time,8,23,Basic,Active
948,2025-09-12,2025-10-19,104,Medium,Low,Medium,Missed,5,15,Basic,Active
949,2025-08-14,2025-07-08,207,Low,Low,Low,Missed,2,21,Basic,Cancelled
950,2024-10-16,2025-12-22,40,High,Medium,Low,On-Time,8,46,Pro,Active
951,2024-10-19,2026-01-18,13,Medium,Medium,Low,On-Time,7,18,Basic,Active
952,2024-12-29,2025-12-03,59,Low,Low,High,Missed,6,23,Basic,Active
953,2023-07-12,2025-04-29,277,Low,Low,High,Delayed,1,57,Pro,Cancelled
954,2025-09-28,2025-12-28,34,Medium,High,Low,On-Time,9,56,Pro,Active
955,2024-04-03,2026-01-15,16,High,Medium,High,Delayed,10,56,Pro,Active
956,2024-02-24,2025-12-18,44,High,High,Low,On-Time,7,43,Pro,Active
957,2024-07-22,2025-08-03,181,Low,Low,Medium,Missed,1,22,Basic,Active
958,2023-02-21,2026-01-01,30,High,High,Medium,Delayed,8,53,Pro,Active
959,2023-07-02,2025-12-21,41,Medium,Medium,Medium,On-Time,10,17,Basic,Active
960,2025-03-19,2026-01-12,19,Medium,High,Low,On-Time,9,54,Pro,Active
961,2023-04-01,2025-12-30,32,Medium,High,Low,On-Time,8,24,Basic,Active
962,2024-10-22,2025-12-10,52,Medium,Low,Low,Missed,5,14,Basic,Active
963,2023-09-26,2025-10-16,107,Medium,Low,Medium,On-Time,6,11,Basic,Active
964,2024-03-02,2025-11-13,79,Low,Low,Medium,On-Time,7,17,Basic,Active
965,2023-11-13,2025-12-19,43,High,High,Medium,On-Time,10,28,Basic,Active
966,2024-01-25,2026-01-25,6,Medium,High,Low,Delayed,7,41,Pro,Active
967,2025-02-26,2025-10-24,99,Low,Low,High,On-Time,6,18,Basic,Active
968,2023-11-22,2026-01-12,19,Medium,High,High,Delayed,9,48,Pro,Active
969,2024-09-12,2025-12-29,33,High,Medium,Low,On-Time,9,63,Pro,Active
970,2024-06-05,2025-11-22,70,Low,Low,Low,Delayed,5,26,Basic,Active
971,2024-12-27,2026-01-03,28,Medium,High,Medium,On-Time,9,185,Enterprise,Active
972,2025-10-22,2026-01-25,6,Medium,Medium,Low,On-Time,10,20,Basic,Active
973,2025-03-13,2025-12-25,37,High,Medium,Low,On-Time,7,20,Basic,Active
974,2023-08-24,2026-01-07,24,High,High,Low,On-Time,8,262,Enterprise,Active
975,2023-02-04,2026-01-18,13,Medium,Medium,Medium,On-Time,9,24,Basic,Active
976,2023-10-15,2026-01-23,8,Medium,Medium,Low,On-Time,7,14,Basic,Active
977,2024-10-13,2025-06-22,223,Low,Low,Low,Missed,3,25,Basic,Active
978,2023-02-26,2025-12-30,32,Medium,Medium,Medium,On-Time,7,44,Pro,Active
979,2024-06-27,2026-01-18,13,High,Medium,High,On-Time,9,70,Pro,Active
980,2024-10-15,2025-10-27,96,Low,Low,Medium,Delayed,7,297,Enterprise,Active
981,2024-01-01,2026-01-21,10,High,High,Low,On-Time,10,20,Basic,Active
982,2025-04-24,2025-06-30,215,Low,Low,Low,Missed,4,277,Enterprise,Active
983,2023-04-27,2026-01-17,14,High,Medium,Low,On-Time,8,28,Basic,Active
984,2023-03-24,2026-01-04,27,Medium,High,Medium,On-Time,7,63,Pro,Active
985,2025-03-08,2026-01-12,19,Medium,Medium,Low,On-Time,10,18,Basic,Active
986,2024-06-26,2026-01-16,15,High,Medium,Medium,On-Time,8,21,Basic,Active
987,2025-01-23,2025-12-19,43,Medium,Medium,Medium,On-Time,10,46,Pro,Active
988,2024-04-21,2025-12-23,39,High,Medium,Low,On-Time,7,60,Pro,Active
989,2023-09-27,2025-11-06,86,Medium,Low,Medium,Delayed,7,53,Pro,Active
990,2025-06-15,2025-05-30,246,Low,Low,Medium,Delayed,1,41,Pro,Cancelled
991,2025-05-25,2026-01-22,9,High,Medium,Medium,On-Time,7,16,Basic,Active
992,2025-01-30,2025-12-24,38,Medium,High,High,On-Time,8,48,Pro,Active
993,2023-10-25,2025-12-30,32,Medium,High,Low,On-Time,8,14,Basic,Active
994,2024-10-08,2026-01-21,10,High,Medium,Low,On-Time,10,17,Basic,Active
995,2024-01-31,2025-11-24,68,Medium,Low,Low,On-Time,6,152,Enterprise,Active
996,2023-04-11,2025-12-27,35,Medium,High,Low,On-Time,8,10,Basic,Active
997,2025-10-01,2025-10-13,110,Low,Medium,Low,Delayed,4,56,Pro,Active
998,2023-05-30,2026-01-12,19,High,High,High,On-Time,8,10,Basic,Active
999,2025-11-06,2026-01-27,4,Medium,High,Low,On-Time,7,27,Basic,Active
1000,2024-05-03,2026-01-04,27,High,Medium,Low,On-Time,10,29,Basic,Active
1001,2023-07-22,2026-01-05,26,High,Medium,Medium,On-Time,10,11,Basic,Active
1002,2024-08-16,2026-01-06,25,High,Medium,Medium,On-Time,7,23,Basic,Active
1003,2025-08-13,2026-01-17,14,Medium,Medium,Medium,On-Time,8,24,Basic,Active
1004,2025-03-12,2025-12-08,54,Low,Low,Low,Missed,5,10,Basic,Active
1005,2025-06-02,2025-10-12,111,Low,Low,Low,Missed,5,46,Pro,Active
1006,2024-12-22,2025-12-31,31,High,Medium,Low,On-Time,10,15,Basic,Active
1007,2025-01-28,2026-01-04,27,High,High,High,On-Time,9,41,Pro,Active
1008,2025-07-18,2025-12-23,39,Medium,Medium,High,On-Time,9,18,Basic,Active
1009,2023-10-01,2025-09-16,137,Low,Low,Low,Missed,5,11,Basic,Active
1010,2024-06-19,2026-01-13,18,High,High,Medium,On-Time,9,13,Basic,Active
1011,2023-08-31,2026-01-26,5,High,High,Medium,On-Time,10,264,Enterprise,Active
1012,2025-12-17,2025-12-25,37,Medium,Medium,Low,Delayed,9,13,Basic,Active
1013,2025-10-30,2026-01-28,3,High,Medium,Medium,On-Time,7,19,Basic,Active
1014,2023-02-13,2026-01-12,19,High,Medium,Low,On-Time,7,223,Enterprise,Active
1015,2025-02-11,2025-12-26,36,Medium,Medium,Low,On-Time,9,18,Basic,Active
1016,2025-10-10,2026-01-05,26,Medium,High,High,On-Time,8,78,Pro,Active
1017,2023-07-17,2026-01-25,6,High,High,Medium,Delayed,9,12,Basic,Active
1018,2024-09-13,2025-10-15,108,Low,Medium,Medium,Missed,7,45,Pro,Active
1019,2025-09-29,2025-10-29,94,Medium,Medium,Medium,Delayed,5,19,Basic,Active
1020,2023-02-07,2026-01-16,15,Medium,High,Low,On-Time,9,29,Basic,Active
1021,2025-02-02,2025-12-25,37,High,High,Low,On-Time,9,44,Pro,Active
1022,2023-11-22,2026-01-29,2,Medium,Medium,High,On-Time,10,20,Basic,Active
1023,2025-10-09,2025-12-24,38,High,Medium,Low,On-Time,7,139,Enterprise,Active
1024,2025-11-29,2026-01-07,24,High,High,Low,On-Time,9,40,Pro,Active
1025,2025-10-30,2026-01-05,26,Medium,High,Low,Delayed,10,19,Basic,Active
1026,2024-06-03,2026-01-14,17,High,Medium,Low,On-Time,8,22,Basic,Active
1027,2025-08-01,2026-01-13,18,High,High,Low,On-Time,10,43,Pro,Active
1028,2025-07-13,2025-12-21,41,High,Medium,Medium,On-Time,9,11,Basic,Active
1029,2023-12-16,2025-12-28,34,Medium,Medium,Low,On-Time,9,10,Basic,Active
1030,2025-06-26,2025-12-25,37,High,Medium,Medium,On-Time,9,13,Basic,Active
1031,2023-02-10,2025-11-21,71,Low,Low,Low,Delayed,5,77,Pro,Active
1032,2024-10-14,2025-10-06,117,Medium,Low,Low,On-Time,7,29,Basic,Active
1033,2023-09-09,2025-05-17,259,Low,Low,Low,Missed,4,11,Basic,Active
1034,2023-05-13,2026-01-17,14,Medium,Medium,Medium,On-Time,7,22,Basic,Active
1035,2023-03-26,2025-12-20,42,High,High,Medium,On-Time,9,10,Basic,Active
1036,2025-02-01,2025-11-16,76,Medium,Low,Medium,Missed,7,13,Basic,Active
1037,2024-01-08,2026-01-24,7,Medium,Medium,Medium,On-Time,7,226,Enterprise,Active
1038,2025-03-04,2025-12-23,39,High,Medium,Low,On-Time,8,70,Pro,Active
1039,2023-03-13,2026-01-15,16,Medium,Medium,Medium,On-Time,9,267,Enterprise,Active
1040,2023-12-12,2026-01-24,7,High,Medium,Medium,On-Time,7,19,Basic,Active
1041,2024-08-13,2026-01-10,21,High,High,Low,On-Time,10,21,Basic,Active
1042,2025-05-15,2026-01-23,8,Medium,Medium,Medium,Delayed,7,12,Basic,Active
1043,2023-12-16,2026-01-24,7,High,High,Low,On-Time,7,67,Pro,Active
1044,2024-11-16,2026-01-28,3,Medium,High,Low,On-Time,9,158,Enterprise,Active
1045,2025-08-28,2026-01-07,24,Medium,High,Low,Delayed,9,54,Pro,Active
1046,2024-11-05,2025-11-17,75,Medium,Medium,Low,Delayed,6,64,Pro,Active
1047,2023-09-13,2025-12-19,43,Medium,High,Medium,On-Time,10,74,Pro,Active
1048,2023-01-27,2025-05-15,261,Low,Low,Low,Delayed,5,56,Pro,Cancelled
1049,2025-08-10,2026-01-29,2,High,Medium,Low,On-Time,7,13,Basic,Active
1050,2023-01-24,2026-01-07,24,High,High,High,On-Time,8,69,Pro,Active
1051,2025-08-15,2026-01-17,14,High,Medium,High,On-Time,8,69,Pro,Active
1052,2024-08-02,2026-01-22,9,High,Medium,High,On-Time,8,21,Basic,Active
1053,2025-10-25,2025-12-21,41,High,Medium,Low,On-Time,7,26,Basic,Active
1054,2025-05-24,2025-10-20,103,Medium,Low,Medium,Delayed,6,27,Basic,Active
1055,2025-12-28,2025-12-19,43,High,High,Low,Delayed,8,49,Pro,Active
1056,2024-01-20,2025-12-31,31,High,High,Low,On-Time,10,239,Enterprise,Active
1057,2025-04-20,2025-12-27,35,Medium,Medium,Medium,On-Time,10,24,Basic,Active
1058,2024-03-16,2025-12-21,41,High,Medium,Medium,On-Time,9,46,Pro,Active
1059,2024-06-09,2025-12-30,32,High,Medium,Medium,On-Time,8,66,Pro,Active
1060,2024-11-18,2025-12-30,32,High,High,Medium,On-Time,10,18,Basic,Active
1061,2025-08-14,2026-01-09,22,High,Medium,Medium,On-Time,7,23,Basic,Active
1062,2025-12-13,2026-01-03,28,Medium,High,Medium,On-Time,9,16,Basic,Active
1063,2025-04-21,2026-01-07,24,Medium,High,High,Delayed,7,26,Basic,Active
1064,2024-04-02,2026-01-21,10,High,High,Medium,Delayed,8,28,Basic,Active
1065,2024-04-06,2026-01-04,27,Medium,High,Low,On-Time,8,21,Basic,Active
1066,2025-03-18,2026-01-17,14,High,Medium,Low,On-Time,10,16,Basic,Active
1067,2023-09-19,2026-01-09,22,Medium,High,Low,Delayed,8,64,Pro,Active
1068,2023-05-01,2026-01-13,18,High,High,Low,On-Time,8,18,Basic,Active
1069,2024-01-24,2026-01-11,20,High,High,Medium,On-Time,9,43,Pro,Active
1070,2023-11-11,2025-04-11,295,Low,Low,Low,Delayed,4,23,Basic,Cancelled
1071,2023-11-21,2025-12-28,34,High,High,Medium,Delayed,10,20,Basic,Active
1072,2023-09-13,2026-01-22,9,High,Medium,Medium,On-Time,9,12,Basic,Active
1073,2023-02-16,2026-01-09,22,Medium,Medium,Low,On-Time,10,27,Basic,Active
1074,2023-01-20,2025-10-26,97,Low,Low,Low,Missed,5,14,Basic,Active
1075,2025-12-17,2026-01-11,20,High,High,Low,On-Time,7,56,Pro,Active
1076,2024-04-13,2026-01-05,26,Medium,Medium,Low,On-Time,9,67,Pro,Active
1077,2024-02-25,2025-10-29,94,Low,Low,Low,Delayed,4,62,Pro,Active
1078,2025-01-14,2025-12-18,44,Medium,Medium,Medium,On-Time,7,77,Pro,Active
1079,2023-08-27,2025-06-18,227,Low,Low,Medium,Delayed,1,28,Basic,Cancelled
1080,2025-11-06,2025-08-06,178,Low,Low,Low,Delayed,2,11,Basic,Cancelled
1081,2025-05-11,2025-12-24,38,High,Medium,Low,On-Time,7,25,Basic,Active
1082,2023-04-08,2026-01-27,4,High,High,Medium,On-Time,10,24,Basic,Active
1083,2024-04-02,2026-01-18,13,Medium,High,Medium,On-Time,10,26,Basic,Active
1084,2025-08-20,2025-09-11,142,Low,Low,Medium,Delayed,4,23,Basic,Active
1085,2025-10-31,2026-01-11,20,Medium,High,Low,On-Time,8,50,Pro,Active
1086,2024-05-26,2026-01-11,20,High,Medium,High,Delayed,8,25,Basic,Active
1087,2024-11-02,2026-01-13,18,High,High,Medium,On-Time,7,10,Basic,Active
1088,2023-07-02,2025-12-21,41,High,High,Low,On-Time,9,13,Basic,Active
1089,2025-12-21,2025-10-21,102,Low,Low,Low,Missed,5,74,Pro,Active
1090,2023-09-11,2026-01-10,21,High,Medium,Low,On-Time,7,12,Basic,Active
1091,2025-10-29,2025-12-19,43,High,High,Low,On-Time,10,53,Pro,Active
1092,2024-12-12,2025-11-24,68,Medium,Medium,Medium,Delayed,7,53,Pro,Active
1093,2024-10-27,2026-01-29,2,Medium,Medium,Low,On-Time,10,45,Pro,Active
1094,2024-07-15,2025-11-17,75,Low,Medium,High,On-Time,4,58,Pro,Active
1095,2023-09-10,2026-01-17,14,High,Medium,Low,On-Time,7,48,Pro,Active
1096,2023-07-13,2026-01-13,18,High,Medium,High,On-Time,8,14,Basic,Active
1097,2023-08-30,2026-01-27,4,Medium,High,Medium,On-Time,7,208,Enterprise,Active
1098,2023-07-24,2026-01-18,13,High,High,Low,On-Time,9,16,Basic,Active
1099,2025-05-03,2025-12-02,60,Low,Low,Low,Delayed,4,69,Pro,Active
1100,2024-01-19,2025-10-25,98,Low,Medium,Medium,Missed,6,52,Pro,Active
1101,2023-03-05,2025-05-19,257,Low,Low,Low,Missed,5,187,Enterprise,Cancelled
1102,2025-11-27,2025-12-30,32,High,Medium,Low,On-Time,9,19,Basic,Active
1103,2025-08-25,2026-01-21,10,High,High,High,On-Time,10,248,Enterprise,Active
1104,2025-10-12,2026-01-15,16,Medium,High,High,On-Time,8,47,Pro,Active
1105,2025-12-25,2026-01-28,3,High,High,Medium,On-Time,10,22,Basic,Active
1106,2023-07-10,2025-12-09,53,Medium,Low,Medium,Delayed,4,19,Basic,Active
1107,2024-03-09,2025-12-20,42,Medium,Medium,Low,On-Time,7,14,Basic,Active
1108,2025-04-10,2026-01-09,22,High,Medium,Low,On-Time,9,60,Pro,Active
1109,2025-02-01,2025-10-21,102,Medium,Medium,Medium,Delayed,5,55,Pro,Active
1110,2023-06-18,2025-10-19,104,Low,Low,Low,Delayed,7,60,Pro,Active
1111,2025-06-12,2026-01-26,5,Medium,Medium,Low,On-Time,8,73,Pro,Active
1112,2023-09-03,2026-01-26,5,High,High,Medium,On-Time,10,10,Basic,Active
1113,2023-09-03,2026-01-13,18,Medium,Medium,Low,On-Time,10,14,Basic,Active
1114,2024-08-10,2026-01-19,12,Medium,Medium,Medium,On-Time,7,29,Basic,Active
1115,2024-10-11,2026-01-13,18,Medium,High,Low,Delayed,7,73,Pro,Active
1116,2024-09-27,2026-01-18,13,Medium,Medium,Low,On-Time,7,27,Basic,Active
1117,2023-04-11,2025-10-08,115,Low,Low,Medium,Missed,5,74,Pro,Active
1118,2025-08-18,2025-12-29,33,High,Medium,Medium,Delayed,9,61,Pro,Active
1119,2023-10-18,2026-01-13,18,High,Medium,Low,On-Time,9,17,Basic,Active
1120,2023-05-22,2026-01-14,17,Medium,High,High,On-Time,10,49,Pro,Active
1121,2025-08-31,2025-11-09,83,Low,Low,Low,Missed,7,54,Pro,Active
1122,2025-11-12,2025-12-23,39,High,Medium,Low,Delayed,10,210,Enterprise,Active
1123,2025-08-02,2025-12-31,31,High,Medium,Medium,On-Time,9,17,Basic,Active
1124,2025-06-05,2026-01-04,27,High,Medium,Low,On-Time,7,149,Enterprise,Active
1125,2024-12-18,2025-12-08,54,Low,Low,Medium,On-Time,7,73,Pro,Active
1126,2024-08-26,2025-12-07,55,Medium,Low,Medium,Delayed,6,18,Basic,Active
1127,2023-04-06,2025-08-29,155,Low,Low,Medium,Missed,4,20,Basic,Cancelled
1128,2024-03-23,2026-01-17,14,High,Medium,High,On-Time,10,27,Basic,Active
1129,2024-02-13,2025-10-13,110,Medium,Low,High,Delayed,4,29,Basic,Active
1130,2023-10-12,2026-01-23,8,High,Medium,High,On-Time,10,18,Basic,Active
1131,2025-03-03,2025-11-10,82,Low,Low,Medium,Delayed,4,51,Pro,Active
1132,2024-06-26,2026-01-11,20,High,High,Low,On-Time,10,15,Basic,Active
1133,2023-03-30,2025-12-22,40,Medium,Medium,Low,On-Time,8,12,Basic,Active
1134,2023-08-30,2026-01-10,21,High,Medium,Low,On-Time,10,17,Basic,Active
1135,2025-01-18,2026-01-31,0,High,High,Low,On-Time,8,48,Pro,Active
1136,2023-03-25,2026-01-06,25,Medium,High,Medium,On-Time,8,24,Basic,Active
1137,2025-07-21,2025-12-18,44,Medium,Medium,Medium,On-Time,8,61,Pro,Active
1138,2024-06-26,2025-12-24,38,Medium,Medium,Low,Delayed,9,18,Basic,Active
1139,2024-06-10,2025-12-31,31,High,High,High,On-Time,7,257,Enterprise,Active
1140,2024-10-10,2026-01-17,14,High,High,Medium,On-Time,10,177,Enterprise,Active
1141,2025-06-22,2026-01-24,7,Medium,Medium,Low,On-Time,9,142,Enterprise,Active
1142,2024-01-16,2026-01-18,13,High,Medium,Low,Delayed,7,21,Basic,Active
1143,2025-01-12,2025-11-09,83,Low,Medium,Low,Delayed,4,23,Basic,Active
1144,2024-09-11,2026-01-06,25,Medium,High,Low,On-Time,10,68,Pro,Active
1145,2023-10-20,2026-01-06,25,High,High,High,On-Time,9,73,Pro,Active
1146,2025-08-20,2025-12-01,61,Low,Medium,Medium,Missed,6,60,Pro,Active
1147,2025-05-23,2026-01-06,25,High,Medium,Low,On-Time,10,27,Basic,Active
1148,2024-12-22,2026-01-01,30,Medium,High,Low,On-Time,7,55,Pro,Active
1149,2025-07-20,2025-12-29,33,Medium,Medium,Medium,On-Time,7,67,Pro,Active
1150,2025-08-07,2025-06-16,229,Low,Low,High,Delayed,1,14,Basic,Cancelled
1151,2025-02-14,2026-01-24,7,Medium,High,Low,Delayed,10,21,Basic,Active
1152,2025-07-05,2026-01-08,23,High,Medium,Medium,On-Time,8,146,Enterprise,Active
1153,2025-02-02,2026-01-10,21,Medium,High,High,On-Time,7,15,Basic,Active
1154,2025-01-14,2026-01-06,25,High,High,Medium,On-Time,7,22,Basic,Active
1155,2024-11-08,2026-01-12,19,Medium,High,High,On-Time,7,67,Pro,Active
1156,2025-04-04,2026-01-20,11,High,High,Low,Delayed,8,64,Pro,Active
1157,2023-06-23,2025-12-01,61,Medium,Low,Medium,Delayed,7,20,Basic,Active
1158,2025-08-22,2025-12-22,40,High,High,Low,On-Time,8,165,Enterprise,Active
1159,2025-08-12,2025-12-20,42,Medium,High,Medium,On-Time,10,19,Basic,Active
1160,2023-02-02,2026-01-03,28,High,Medium,Low,On-Time,10,50,Pro,Active
1161,2025-06-23,2025-11-11,81,Low,Low,Medium,Delayed,4,64,Pro,Active
1162,2023-05-22,2026-01-28,3,Medium,High,Low,On-Time,7,49,Pro,Active
1163,2024-01-02,2026-01-31,0,High,Medium,Medium,On-Time,10,61,Pro,Active
1164,2025-03-25,2026-01-15,16,High,Medium,Medium,On-Time,8,24,Basic,Active
1165,2023-06-26,2026-01-07,24,High,Medium,High,On-Time,10,171,Enterprise,Active
1166,2025-06-14,2026-01-11,20,High,Medium,Medium,On-Time,10,15,Basic,Active
1167,2025-06-30,2025-12-28,34,High,High,Medium,On-Time,10,20,Basic,Active
1168,2024-07-09,2026-01-12,19,High,Medium,Medium,On-Time,9,64,Pro,Active
1169,2023-01-07,2025-12-01,61,Low,Medium,Low,Delayed,4,28,Basic,Active
1170,2023-11-11,2025-10-15,108,Low,Low,Medium,Missed,7,76,Pro,Active
1171,2024-11-06,2026-01-15,16,High,High,Medium,On-Time,7,73,Pro,Active
1172,2025-12-10,2025-04-26,280,Low,Low,Low,Missed,1,16,Basic,Cancelled
1173,2024-11-22,2026-01-06,25,Medium,Medium,High,On-Time,8,28,Basic,Active
1174,2023-10-12,2026-01-08,23,High,Medium,Low,Delayed,10,275,Enterprise,Active
1175,2024-11-25,2025-11-24,68,Medium,Low,Low,Delayed,4,16,Basic,Active
1176,2024-08-14,2026-01-12,19,Medium,Medium,Low,On-Time,7,79,Pro,Active
1177,2025-05-03,2026-01-02,29,High,Medium,Low,On-Time,9,26,Basic,Active
1178,2023-04-28,2026-01-24,7,High,High,Low,On-Time,8,56,Pro,Active
1179,2025-04-13,2026-01-11,20,High,Medium,Low,On-Time,8,65,Pro,Active
1180,2024-08-15,2025-11-05,87,Low,Low,Low,On-Time,6,49,Pro,Active
1181,2025-11-20,2025-12-22,40,Medium,High,Medium,On-Time,8,28,Basic,Active
1182,2024-01-10,2026-01-30,1,Medium,Medium,Low,Delayed,9,66,Pro,Active
1183,2024-11-23,2025-12-31,31,High,Medium,Medium,Delayed,8,15,Basic,Active
1184,2025-10-17,2026-01-25,6,High,Medium,Low,On-Time,10,13,Basic,Active
1185,2023-04-23,2026-01-31,0,High,Medium,High,On-Time,9,22,Basic,Active
1186,2025-10-23,2026-01-22,9,Medium,High,High,On-Time,9,73,Pro,Active
1187,2025-01-23,2025-12-25,37,High,High,Low,Delayed,8,25,Basic,Active
1188,2023-03-16,2026-01-25,6,High,Medium,Medium,On-Time,10,22,Basic,Active
1189,2023-11-26,2025-10-08,115,Low,Low,Medium,Delayed,6,19,Basic,Active
1190,2025-02-14,2026-01-19,12,High,Medium,Low,On-Time,8,25,Basic,Active
1191,2023-03-15,2026-01-24,7,High,High,Low,On-Time,10,79,Pro,Active
1192,2024-09-29,2025-11-29,63,Medium,Medium,Medium,Missed,5,66,Pro,Active
1193,2024-01-14,2026-01-13,18,High,Medium,Low,On-Time,9,199,Enterprise,Active
1194,2024-11-10,2026-01-05,26,High,High,High,On-Time,9,25,Basic,Active
1195,2023-02-20,2026-01-03,28,High,Medium,High,On-Time,10,17,Basic,Active
1196,2025-08-12,2025-12-26,36,High,Medium,Low,On-Time,9,41,Pro,Active
1197,2025-12-01,2025-10-09,114,Low,Low,Medium,Missed,5,62,Pro,Active
1198,2025-11-26,2025-10-09,114,Low,Low,Medium,Missed,4,24,Basic,Active
1199,2025-03-31,2025-12-18,44,High,Medium,High,On-Time,8,61,Pro,Active
1200,2023-05-23,2025-10-05,118,Low,Low,Medium,Missed,4,16,Basic,Active
1201,2025-04-10,2025-12-27,35,High,Medium,Medium,On-Time,9,21,Basic,Active
1202,2023-01-27,2026-01-12,19,Medium,High,Medium,On-Time,8,17,Basic,Active
1203,2023-01-25,2025-12-25,37,Medium,Medium,Low,On-Time,9,44,Pro,Active
1204,2023-12-21,2025-11-10,82,Medium,Low,High,Delayed,5,17,Basic,Active
1205,2024-06-19,2025-12-30,32,Medium,Medium,Low,On-Time,7,63,Pro,Active
1206,2025-04-23,2026-01-31,0,Medium,High,Low,On-Time,8,22,Basic,Active
1207,2025-01-18,2025-11-05,87,Low,Low,Low,Delayed,4,10,Basic,Active
1208,2024-05-03,2026-01-28,3,High,Medium,Low,On-Time,7,14,Basic,Active
1209,2023-10-27,2026-01-29,2,High,Medium,Medium,On-Time,9,14,Basic,Active
1210,2025-12-27,2025-04-25,281,Low,Low,Low,Missed,2,67,Pro,Cancelled
1211,2024-04-11,2026-01-19,12,High,Medium,Low,On-Time,10,29,Basic,Active
1212,2024-05-09,2025-12-29,33,High,High,Low,On-Time,7,62,Pro,Active
1213,2023-06-29,2025-05-12,264,Low,Low,Low,Delayed,5,185,Enterprise,Cancelled
1214,2025-05-20,2025-12-29,33,Medium,High,Low,On-Time,10,12,Basic,Active
1215,2025-01-29,2026-01-07,24,High,High,High,On-Time,7,50,Pro,Active
1216,2023-08-30,2026-01-22,9,Medium,High,Medium,On-Time,7,53,Pro,Active
1217,2023-04-01,2025-12-23,39,High,Medium,Low,On-Time,7,14,Basic,Active
1218,2025-01-15,2025-12-27,35,Medium,Medium,Low,Delayed,10,59,Pro,Active
1219,2024-12-17,2025-07-07,208,Low,Low,High,Missed,4,10,Basic,Cancelled
1220,2023-10-27,2025-12-18,44,High,High,Low,On-Time,8,24,Basic,Active
1221,2025-11-07,2025-05-27,249,Low,Low,Low,Delayed,2,16,Basic,Cancelled
1222,2023-06-15,2025-07-20,195,Low,Low,High,Delayed,5,71,Pro,Cancelled
1223,2024-04-18,2026-01-14,17,Medium,High,Low,On-Time,8,11,Basic,Active
1224,2025-10-30,2026-01-16,15,High,Medium,Medium,On-Time,10,60,Pro,Active
1225,2024-04-04,2026-01-20,11,High,High,Low,On-Time,7,27,Basic,Active
1226,2024-11-30,2025-12-28,34,High,Medium,High,On-Time,7,12,Basic,Active
1227,2024-03-11,2026-01-14,17,High,High,Low,On-Time,9,67,Pro,Active
1228,2023-10-28,2026-01-06,25,High,Medium,High,On-Time,8,20,Basic,Active
1229,2025-12-13,2026-01-14,17,High,High,Medium,On-Time,9,25,Basic,Active
1230,2024-03-24,2026-01-03,28,High,Medium,Low,On-Time,10,20,Basic,Active
1231,2025-09-06,2026-01-29,2,Medium,Medium,Medium,On-Time,8,197,Enterprise,Active
1232,2023-09-09,2025-12-30,32,Medium,High,High,On-Time,9,23,Basic,Active
1233,2023-08-22,2026-01-22,9,High,High,Low,On-Time,9,67,Pro,Active
1234,2023-02-04,2025-06-01,244,Low,Low,High,Missed,2,13,Basic,Active
1235,2024-12-14,2025-11-21,71,Low,Low,Low,Delayed,6,15,Basic,Active
1236,2024-02-08,2025-12-20,42,Medium,High,Low,On-Time,10,29,Basic,Active
1237,2025-08-04,2026-01-26,5,Medium,High,Low,On-Time,8,153,Enterprise,Active
1238,2024-06-02,2025-12-18,44,High,High,High,On-Time,9,11,Basic,Active
1239,2025-11-26,2025-12-23,39,Medium,High,High,On-Time,9,72,Pro,Active
1240,2023-07-23,2025-05-08,268,Low,Low,High,Missed,1,29,Basic,Cancelled
1241,2025-08-09,2026-01-28,3,Medium,High,Low,On-Time,10,20,Basic,Active
1242,2025-04-30,2025-05-12,264,Low,Low,High,Delayed,3,213,Enterprise,Active
1243,2025-04-24,2025-12-01,61,Low,Low,Low,Delayed,4,59,Pro,Active
1244,2025-07-14,2025-10-27,96,Low,Low,Low,Missed,5,18,Basic,Active
1245,2025-04-13,2026-01-15,16,Medium,High,Low,On-Time,10,52,Pro,Active
1246,2024-11-16,2025-12-22,40,High,Medium,High,On-Time,7,26,Basic,Active
1247,2023-05-24,2025-05-26,250,Low,Low,Medium,Delayed,2,50,Pro,Active
1248,2023-02-05,2026-01-20,11,High,High,Low,On-Time,7,19,Basic,Active
1249,2025-10-05,2025-11-11,81,Medium,Low,Medium,Delayed,7,64,Pro,Active
1250,2024-11-06,2026-01-29,2,Medium,Medium,Low,On-Time,9,144,Enterprise,Active
1251,2025-05-22,2025-12-30,32,Medium,Medium,Low,On-Time,8,61,Pro,Active
1252,2024-06-11,2025-12-27,35,High,Medium,Low,On-Time,7,22,Basic,Active
1253,2023-05-09,2025-07-22,193,Low,Low,Low,Missed,2,71,Pro,Cancelled
1254,2023-05-18,2025-11-14,78,Medium,Low,Low,Delayed,4,16,Basic,Active
1255,2025-01-20,2026-01-16,15,High,Medium,Medium,On-Time,9,20,Basic,Active
1256,2024-04-16,2026-01-07,24,Medium,Medium,Low,On-Time,9,67,Pro,Active
1257,2023-08-08,2025-12-29,33,High,High,Medium,On-Time,8,51,Pro,Active
1258,2024-06-22,2026-01-14,17,Medium,Medium,Medium,On-Time,8,26,Basic,Active
1259,2023-03-12,2025-12-22,40,Medium,Medium,Medium,Delayed,9,193,Enterprise,Active
1260,2024-09-29,2026-01-07,24,High,High,Low,On-Time,8,53,Pro,Active
1261,2023-10-22,2026-01-17,14,High,High,Low,On-Time,8,58,Pro,Active
1262,2025-05-23,2025-12-21,41,Medium,Medium,Low,On-Time,9,27,Basic,Active
1263,2023-12-06,2026-01-23,8,High,Medium,Low,On-Time,8,29,Basic,Active
1264,2024-05-13,2025-12-28,34,High,High,Medium,On-Time,8,15,Basic,Active
1265,2023-01-13,2026-01-31,0,Medium,Medium,Medium,Delayed,9,192,Enterprise,Active
1266,2023-03-21,2026-01-01,30,High,High,Low,On-Time,10,56,Pro,Active
1267,2024-03-05,2025-12-21,41,High,Medium,Medium,Delayed,7,67,Pro,Active
1268,2024-06-09,2025-12-29,33,High,High,Low,On-Time,10,26,Basic,Active
1269,2024-10-19,2026-01-13,18,Medium,High,Low,On-Time,10,27,Basic,Active
1270,2023-11-16,2026-01-11,20,High,Medium,Medium,On-Time,10,26,Basic,Active
1271,2025-01-31,2026-01-25,6,High,Medium,Medium,On-Time,8,12,Basic,Active
1272,2025-07-30,2026-01-06,25,Medium,High,Low,On-Time,10,153,Enterprise,Active
1273,2025-05-03,2025-07-18,197,Low,Low,Medium,Delayed,1,56,Pro,Cancelled
1274,2023-02-13,2025-11-13,79,Medium,Low,Medium,Delayed,4,63,Pro,Active
1275,2024-06-10,2026-01-15,16,Medium,Medium,Low,On-Time,8,27,Basic,Active
1276,2023-04-25,2025-12-26,36,Medium,High,High,On-Time,10,15,Basic,Active
1277,2023-09-23,2025-12-22,40,High,High,Low,On-Time,9,16,Basic,Active
1278,2025-12-16,2025-05-11,265,Low,Low,Low,Missed,1,25,Basic,Cancelled
1279,2023-06-06,2025-11-01,91,Low,Medium,Medium,Missed,5,269,Enterprise,Active
1280,2024-06-30,2025-11-19,73,Medium,Medium,High,Delayed,7,25,Basic,Active
1281,2024-11-07,2025-08-17,167,Low,Low,Low,Missed,5,10,Basic,Cancelled
1282,2025-02-08,2026-01-14,17,High,High,Medium,Delayed,10,27,Basic,Active
1283,2024-09-04,2025-10-13,110,Medium,Medium,Low,Delayed,6,208,Enterprise,Active
1284,2023-01-11,2025-12-19,43,High,High,Low,On-Time,10,11,Basic,Active
1285,2023-12-24,2026-01-23,8,High,Medium,Low,On-Time,9,28,Basic,Active
1286,2024-07-20,2025-11-04,88,Low,Low,Medium,On-Time,7,77,Pro,Active
1287,2023-04-07,2025-06-05,240,Low,Low,Low,Missed,2,29,Basic,Cancelled
1288,2024-01-19,2025-07-21,194,Low,Low,Low,Delayed,5,29,Basic,Cancelled
1289,2023-02-06,2025-12-18,44,Medium,Medium,Low,On-Time,10,47,Pro,Active
1290,2023-03-28,2025-12-21,41,Medium,High,Low,On-Time,9,16,Basic,Active
1291,2024-03-10,2025-12-09,53,Low,Medium,Low,Missed,7,71,Pro,Active
1292,2023-05-26,2026-01-31,0,Medium,Medium,Low,On-Time,10,10,Basic,Active
1293,2024-09-13,2025-12-23,39,High,Medium,High,On-Time,9,63,Pro,Active
1294,2025-01-24,2026-01-17,14,Medium,High,Medium,On-Time,7,13,Basic,Active
1295,2025-05-26,2026-01-22,9,High,Medium,Low,On-Time,7,15,Basic,Active
1296,2023-08-08,2026-01-29,2,High,High,Low,On-Time,9,20,Basic,Active
1297,2023-07-03,2026-01-19,12,High,Medium,Low,On-Time,8,17,Basic,Active
1298,2023-04-25,2026-01-16,15,Medium,High,Low,On-Time,8,45,Pro,Active
1299,2024-11-27,2026-01-25,6,High,Medium,High,On-Time,10,29,Basic,Active
1300,2025-02-12,2025-12-21,41,Medium,Medium,Medium,On-Time,8,50,Pro,Active
1301,2023-02-04,2025-12-22,40,High,High,Low,On-Time,9,237,Enterprise,Active
1302,2025-10-22,2025-10-15,108,Medium,Medium,Medium,Delayed,7,58,Pro,Active
1303,2023-02-26,2025-10-22,101,Low,Low,Medium,Delayed,6,53,Pro,Active
1304,2024-08-15,2025-11-02,90,Low,Low,Low,On-Time,6,20,Basic,Active
1305,2025-02-15,2026-01-18,13,Medium,High,Low,Delayed,7,49,Pro,Active
1306,2025-08-11,2026-01-30,1,Medium,High,Low,On-Time,8,24,Basic,Active
1307,2025-02-20,2026-01-08,23,Medium,High,Low,On-Time,10,16,Basic,Active
1308,2025-05-27,2025-12-18,44,High,High,Low,On-Time,9,41,Pro,Active
1309,2024-01-07,2025-12-27,35,Medium,Medium,Medium,On-Time,8,14,Basic,Active
1310,2025-06-11,2026-01-15,16,High,High,Medium,Delayed,9,22,Basic,Active
1311,2023-03-29,2026-01-05,26,High,High,Low,On-Time,9,47,Pro,Active
1312,2025-09-06,2026-01-29,2,High,Medium,Low,On-Time,7,45,Pro,Active
1313,2024-08-22,2026-01-03,28,High,High,Low,On-Time,7,22,Basic,Active
1314,2025-06-13,2025-12-09,53,Low,Medium,Medium,Delayed,6,65,Pro,Active
1315,2024-05-10,2025-12-22,40,High,Medium,Medium,On-Time,9,77,Pro,Active
1316,2024-12-05,2025-12-10,52,Low,Low,Medium,Delayed,5,21,Basic,Active
1317,2024-07-30,2026-01-14,17,Medium,Medium,Medium,On-Time,8,67,Pro,Active
1318,2025-03-12,2025-11-01,91,Medium,Low,Low,Delayed,5,73,Pro,Active
1319,2023-03-31,2025-12-27,35,High,Medium,High,On-Time,7,22,Basic,Active
1320,2023-03-08,2025-10-29,94,Low,Low,Low,On-Time,4,22,Basic,Active
1321,2023-09-28,2025-10-24,99,Low,Low,Low,On-Time,6,69,Pro,Active
1322,2023-06-24,2025-12-28,34,Medium,Medium,Low,On-Time,7,27,Basic,Active
1323,2025-08-12,2025-09-03,150,Low,Low,Low,Missed,2,12,Basic,Cancelled
1324,2023-08-29,2026-01-05,26,High,High,Low,On-Time,7,46,Pro,Active
1325,2025-12-04,2026-01-19,12,Medium,Medium,Medium,On-Time,8,26,Basic,Active
1326,2024-01-04,2026-01-10,21,High,Medium,Medium,On-Time,7,77,Pro,Active
1327,2023-07-19,2025-09-24,129,Low,Low,Low,Missed,2,29,Basic,Cancelled
1328,2025-05-14,2025-12-23,39,High,High,Low,On-Time,10,77,Pro,Active
1329,2024-12-22,2026-01-25,6,High,Medium,Medium,On-Time,10,66,Pro,Active
1330,2024-06-29,2025-04-09,297,Low,Low,Low,Missed,5,272,Enterprise,Cancelled
1331,2024-08-31,2025-11-22,70,Medium,Low,Medium,On-Time,4,42,Pro,Active
1332,2025-02-26,2026-01-12,19,Medium,Medium,Low,Delayed,10,22,Basic,Active
1333,2023-09-08,2025-07-11,204,Low,Low,High,Missed,4,26,Basic,Active
1334,2025-12-26,2026-01-16,15,High,Medium,Low,On-Time,7,19,Basic,Active
1335,2025-12-03,2026-01-14,17,Medium,Medium,Low,On-Time,10,299,Enterprise,Active
1336,2024-12-13,2025-08-13,171,Low,Low,Medium,Missed,5,143,Enterprise,Cancelled
1337,2023-08-07,2026-01-28,3,High,High,Medium,On-Time,8,25,Basic,Active
1338,2025-01-14,2026-01-30,1,High,High,Low,On-Time,9,14,Basic,Active
1339,2023-03-21,2026-01-18,13,Medium,Medium,Medium,On-Time,8,46,Pro,Active
1340,2023-02-03,2025-04-15,291,Low,Low,Low,Missed,1,28,Basic,Cancelled
1341,2023-10-10,2026-01-08,23,High,Medium,Low,On-Time,10,59,Pro,Active
1342,2024-05-21,2026-01-02,29,High,Medium,Medium,On-Time,9,15,Basic,Active
1343,2025-08-08,2026-01-19,12,High,High,Low,On-Time,10,22,Basic,Active
1344,2025-03-07,2025-08-13,171,Low,Low,High,Delayed,3,23,Basic,Cancelled
1345,2025-03-24,2025-11-11,81,Medium,Medium,Low,Missed,7,23,Basic,Active
1346,2024-04-10,2025-12-26,36,High,Medium,Medium,Delayed,9,19,Basic,Active
1347,2024-01-14,2025-06-27,218,Low,Low,Low,Delayed,4,19,Basic,Cancelled
1348,2024-02-11,2025-12-19,43,Medium,High,Low,On-Time,8,17,Basic,Active
1349,2025-12-17,2026-01-03,28,Medium,Medium,Medium,On-Time,10,44,Pro,Active
1350,2023-02-13,2026-01-18,13,Medium,Medium,Low,Delayed,9,13,Basic,Active
1351,2025-08-07,2025-12-21,41,High,Medium,Medium,On-Time,10,190,Enterprise,Active
1352,2024-09-25,2025-12-29,33,High,High,Low,On-Time,7,28,Basic,Active
1353,2024-04-25,2025-12-25,37,Medium,Medium,Low,On-Time,8,26,Basic,Active
1354,2025-03-05,2025-11-12,80,Low,Low,Low,Missed,4,19,Basic,Active
1355,2024-06-16,2025-11-05,87,Low,Low,Medium,Delayed,6,62,Pro,Active
1356,2025-08-14,2025-12-25,37,Medium,Medium,Medium,On-Time,10,27,Basic,Active
1357,2025-09-13,2025-12-07,55,Low,Medium,Low,Delayed,5,20,Basic,Active
1358,2024-04-06,2025-09-03,150,Low,Low,Medium,Missed,1,62,Pro,Active
1359,2023-10-31,2026-01-07,24,High,Medium,Medium,On-Time,10,47,Pro,Active
1360,2024-10-10,2026-01-09,22,High,Medium,Medium,On-Time,7,144,Enterprise,Active
1361,2025-09-26,2026-01-16,15,High,Medium,Low,On-Time,7,14,Basic,Active
1362,2023-08-19,2025-05-28,248,Low,Low,Medium,Missed,4,54,Pro,Cancelled
1363,2024-11-13,2025-11-02,90,Low,Low,Low,On-Time,5,25,Basic,Active
1364,2024-11-22,2025-12-29,33,Medium,Medium,Low,On-Time,7,64,Pro,Active
1365,2025-03-13,2026-01-03,28,Medium,Medium,Medium,On-Time,8,75,Pro,Active
1366,2023-05-25,2026-01-17,14,Medium,High,Medium,Delayed,9,42,Pro,Active
1367,2025-02-22,2025-12-03,59,Medium,Low,Medium,On-Time,4,19,Basic,Active
1368,2025-09-22,2025-12-25,37,Medium,Medium,Low,On-Time,8,27,Basic,Active
1369,2023-07-16,2026-01-24,7,Medium,Medium,Medium,On-Time,10,63,Pro,Active
1370,2023-09-18,2025-09-26,127,Low,Low,Low,Missed,1,75,Pro,Cancelled
1371,2025-11-29,2025-11-13,79,Low,Low,Medium,Missed,6,53,Pro,Active
1372,2023-07-18,2026-01-08,23,High,High,Low,On-Time,10,16,Basic,Active
1373,2025-07-24,2025-12-22,40,High,High,Low,On-Time,8,24,Basic,Active
1374,2024-06-23,2025-04-21,285,Low,Low,High,Missed,3,22,Basic,Active
1375,2023-09-28,2026-01-13,18,Medium,Medium,Low,Delayed,10,21,Basic,Active
1376,2025-08-11,2025-12-26,36,Medium,Medium,Medium,Delayed,9,148,Enterprise,Active
1377,2024-05-02,2026-01-23,8,Medium,High,Low,On-Time,8,22,Basic,Active
1378,2024-07-17,2025-12-23,39,High,High,Medium,Delayed,8,23,Basic,Active
1379,2024-01-29,2025-12-18,44,High,Medium,Low,On-Time,10,29,Basic,Active
1380,2024-10-11,2026-01-13,18,Medium,Medium,Medium,On-Time,10,14,Basic,Active
1381,2023-06-29,2025-12-30,32,Medium,High,Low,On-Time,7,75,Pro,Active
1382,2024-03-04,2026-01-13,18,High,High,High,On-Time,7,45,Pro,Active
1383,2025-11-27,2025-09-30,123,Low,Low,Low,Missed,5,66,Pro,Cancelled
1384,2023-10-10,2026-01-05,26,Medium,Medium,Low,On-Time,7,125,Enterprise,Active
1385,2024-12-20,2025-08-09,175,Low,Low,Medium,Delayed,5,16,Basic,Cancelled
1386,2023-12-23,2026-01-22,9,High,Medium,Low,On-Time,10,72,Pro,Active
1387,2025-04-26,2025-10-27,96,Medium,Low,High,Delayed,4,65,Pro,Active
1388,2023-05-24,2026-01-16,15,High,Medium,Low,Delayed,7,18,Basic,Active
1389,2025-11-27,2026-01-26,5,Medium,High,Low,On-Time,10,11,Basic,Active
1390,2024-05-11,2025-12-28,34,High,Medium,Low,Delayed,10,73,Pro,Active
1391,2023-09-16,2026-01-12,19,Medium,Medium,High,Delayed,9,242,Enterprise,Active
1392,2023-03-22,2026-01-13,18,High,High,Medium,On-Time,7,48,Pro,Active
1393,2023-07-05,2025-11-26,66,Low,Low,Medium,Delayed,4,17,Basic,Active
1394,2024-07-23,2025-06-11,234,Low,Low,Medium,Missed,2,15,Basic,Cancelled
1395,2024-01-05,2025-12-19,43,Medium,Medium,High,On-Time,10,27,Basic,Active
1396,2025-06-26,2026-01-17,14,Medium,High,Medium,On-Time,9,25,Basic,Active
1397,2024-04-16,2026-01-11,20,Medium,High,High,On-Time,9,13,Basic,Active
1398,2023-09-30,2026-01-22,9,Medium,High,Low,On-Time,7,17,Basic,Active
1399,2024-11-06,2026-01-17,14,High,Medium,Low,On-Time,10,47,Pro,Active
1400,2025-02-12,2026-01-16,15,High,High,Low,On-Time,9,21,Basic,Active
1401,2023-07-02,2025-11-30,62,Low,Low,High,On-Time,5,13,Basic,Active
1402,2023-07-03,2025-12-27,35,Medium,High,Medium,On-Time,8,255,Enterprise,Active
1403,2023-02-10,2025-07-11,204,Low,Low,Medium,Delayed,2,10,Basic,Cancelled
1404,2025-03-17,2025-07-18,197,Low,Low,Low,Missed,2,27,Basic,Cancelled
1405,2024-12-27,2025-12-22,40,Medium,Medium,Low,Delayed,8,12,Basic,Active
1406,2024-06-03,2026-01-29,2,High,Medium,Medium,On-Time,8,15,Basic,Active
1407,2025-07-13,2026-01-06,25,Medium,High,Low,On-Time,9,77,Pro,Active
1408,2025-06-01,2025-12-09,53,Low,Low,Medium,Delayed,4,28,Basic,Active
1409,2024-10-02,2026-01-20,11,High,High,Medium,On-Time,9,161,Enterprise,Active
1410,2025-08-08,2026-01-02,29,High,Medium,Low,On-Time,7,42,Pro,Active
1411,2023-08-14,2025-12-22,40,Medium,Medium,High,On-Time,10,51,Pro,Active
1412,2023-05-03,2025-12-24,38,High,Medium,Low,On-Time,8,254,Enterprise,Active
1413,2023-10-23,2026-01-18,13,High,Medium,High,On-Time,9,51,Pro,Active
1414,2023-03-04,2026-01-02,29,Medium,High,Medium,On-Time,10,26,Basic,Active
1415,2024-08-04,2026-01-29,2,Medium,Medium,Low,On-Time,7,14,Basic,Active
1416,2025-10-22,2026-01-23,8,High,Medium,Medium,Delayed,7,20,Basic,Active
1417,2023-02-13,2025-10-17,106,Low,Low,Medium,Missed,6,12,Basic,Active
1418,2023-05-14,2025-12-20,42,High,Medium,Medium,On-Time,10,18,Basic,Active
1419,2024-05-10,2026-01-24,7,Medium,High,Medium,On-Time,8,16,Basic,Active
1420,2025-10-19,2025-12-18,44,Medium,Medium,Medium,On-Time,9,62,Pro,Active
1421,2023-12-13,2026-01-17,14,Medium,Medium,High,On-Time,8,25,Basic,Active
1422,2024-07-09,2026-01-13,18,Medium,Medium,Low,On-Time,7,51,Pro,Active
1423,2023-02-15,2026-01-13,18,High,High,Low,On-Time,7,69,Pro,Active
1424,2023-06-12,2025-12-29,33,High,High,Low,On-Time,10,24,Basic,Active
1425,2025-12-16,2025-10-19,104,Medium,Low,High,Delayed,5,49,Pro,Active
1426,2025-11-22,2026-01-31,0,High,Medium,Medium,On-Time,7,16,Basic,Active
1427,2023-01-06,2026-01-04,27,Medium,High,Low,On-Time,9,69,Pro,Active
1428,2025-11-08,2026-01-30,1,High,Medium,Low,On-Time,9,44,Pro,Active
1429,2024-11-30,2025-12-27,35,High,High,Low,On-Time,8,26,Basic,Active
1430,2025-08-08,2026-01-25,6,High,High,Medium,On-Time,9,29,Basic,Active
1431,2024-05-12,2025-12-05,57,Low,Medium,Medium,Missed,6,25,Basic,Active
1432,2024-07-18,2025-12-23,39,High,Medium,High,Delayed,8,13,Basic,Active
1433,2024-06-19,2025-11-07,85,Medium,Low,Medium,On-Time,5,52,Pro,Active
1434,2024-12-31,2026-01-15,16,High,High,Low,On-Time,10,19,Basic,Active
1435,2023-06-02,2026-01-22,9,Medium,High,Medium,On-Time,8,162,Enterprise,Active
1436,2023-02-02,2026-01-26,5,High,High,Medium,Delayed,9,10,Basic,Active
1437,2023-12-04,2025-12-03,59,Medium,Medium,Medium,Delayed,4,43,Pro,Active
1438,2025-02-10,2025-12-20,42,High,High,Low,On-Time,7,74,Pro,Active
1439,2023-08-10,2025-12-10,52,Medium,Low,Low,On-Time,7,60,Pro,Active
1440,2025-01-07,2026-01-25,6,High,High,Low,On-Time,7,11,Basic,Active
1441,2025-11-28,2025-04-27,279,Low,Low,High,Missed,4,22,Basic,Active
1442,2023-04-13,2026-01-06,25,High,High,Low,Delayed,10,53,Pro,Active
1443,2025-01-06,2025-10-11,112,Low,Low,Medium,Delayed,5,15,Basic,Active
1444,2024-04-30,2025-12-25,37,Medium,Medium,Low,On-Time,7,27,Basic,Active
1445,2025-08-08,2025-12-25,37,High,High,Low,On-Time,7,28,Basic,Active
1446,2023-07-13,2026-01-15,16,High,High,High,Delayed,7,14,Basic,Active
1447,2025-01-28,2025-08-14,170,Low,Low,Low,Missed,3,67,Pro,Cancelled
1448,2025-07-06,2025-12-31,31,High,High,Low,On-Time,8,22,Basic,Active
1449,2025-10-31,2026-01-03,28,Medium,High,Low,On-Time,8,75,Pro,Active
1450,2025-01-18,2025-11-22,70,Low,Medium,Medium,Missed,4,18,Basic,Active
1451,2024-06-28,2025-11-10,82,Medium,Medium,Medium,Delayed,4,15,Basic,Active
1452,2024-11-07,2026-01-30,1,High,High,Low,On-Time,8,60,Pro,Active
1453,2025-08-09,2026-01-16,15,High,High,Medium,On-Time,8,220,Enterprise,Active
1454,2024-09-16,2026-01-17,14,High,Medium,High,On-Time,9,17,Basic,Active
1455,2023-02-03,2026-01-27,4,High,Medium,Low,Delayed,10,73,Pro,Active
1456,2025-10-16,2025-12-12,50,Low,Medium,Medium,Delayed,4,43,Pro,Active
1457,2025-01-25,2025-10-06,117,Low,Low,Medium,Delayed,7,146,Enterprise,Active
1458,2025-01-10,2026-01-13,18,Medium,Medium,Low,On-Time,10,23,Basic,Active
1459,2023-08-25,2026-01-18,13,High,Medium,Medium,On-Time,7,70,Pro,Active
1460,2024-12-22,2025-11-17,75,Low,Low,Low,Delayed,4,16,Basic,Active
1461,2024-03-07,2025-06-02,243,Low,Low,Medium,Missed,5,27,Basic,Cancelled
1462,2024-12-14,2026-01-14,17,Medium,Medium,Low,On-Time,9,66,Pro,Active
1463,2023-04-27,2026-01-25,6,Medium,High,Medium,On-Time,9,60,Pro,Active
1464,2024-12-21,2025-06-18,227,Low,Low,Low,Delayed,5,23,Basic,Cancelled
1465,2025-12-30,2025-12-18,44,Medium,Medium,High,Delayed,9,60,Pro,Active
1466,2023-02-22,2025-12-23,39,Medium,Medium,Low,On-Time,10,20,Basic,Active
1467,2025-12-06,2026-01-19,12,Medium,Medium,Medium,On-Time,9,48,Pro,Active
1468,2024-03-21,2026-01-01,30,High,High,High,On-Time,8,10,Basic,Active
1469,2025-08-11,2026-01-22,9,High,High,Low,On-Time,9,15,Basic,Active
1470,2025-05-06,2026-01-29,2,High,Medium,High,On-Time,9,10,Basic,Active
1471,2024-09-12,2025-12-01,61,Medium,Low,Medium,Delayed,6,15,Basic,Active
1472,2025-03-19,2025-12-31,31,High,Medium,Low,On-Time,8,56,Pro,Active
1473,2025-08-19,2025-08-13,171,Low,Low,Low,Delayed,4,27,Basic,Cancelled
1474,2024-03-18,2025-11-22,70,Low,Low,Medium,Delayed,4,20,Basic,Active
1475,2023-12-25,2025-09-05,148,Low,Low,Low,Missed,2,27,Basic,Cancelled
1476,2025-01-01,2026-01-05,26,High,Medium,Low,On-Time,10,23,Basic,Active
1477,2025-06-03,2026-01-15,16,High,High,High,Delayed,10,76,Pro,Active
1478,2025-04-14,2025-12-29,33,High,Medium,High,Delayed,9,15,Basic,Active
1479,2025-05-23,2025-12-21,41,Medium,Medium,Low,On-Time,8,21,Basic,Active
1480,2024-04-21,2025-07-23,192,Low,Low,Low,Missed,1,56,Pro,Active
1481,2025-06-14,2026-01-17,14,High,High,High,On-Time,8,190,Enterprise,Active
1482,2023-05-12,2026-01-22,9,High,High,Medium,On-Time,10,183,Enterprise,Active
1483,2024-08-19,2025-10-14,109,Low,Low,Medium,Delayed,7,22,Basic,Active
1484,2023-01-07,2026-01-26,5,High,High,Low,On-Time,10,56,Pro,Active
1485,2023-12-22,2025-06-04,241,Low,Low,Medium,Missed,3,21,Basic,Cancelled
1486,2024-02-06,2026-01-17,14,Medium,Medium,Medium,On-Time,9,24,Basic,Active
1487,2024-03-09,2025-12-31,31,High,High,Low,On-Time,7,26,Basic,Active
1488,2025-01-31,2026-01-14,17,Medium,Medium,Medium,Delayed,8,22,Basic,Active
1489,2024-03-01,2026-01-13,18,High,High,Low,On-Time,7,158,Enterprise,Active
1490,2024-05-06,2026-01-27,4,Medium,Medium,Medium,Delayed,10,57,Pro,Active
1491,2023-09-18,2026-01-20,11,High,Medium,Low,On-Time,8,13,Basic,Active
1492,2024-02-13,2026-01-30,1,Medium,Medium,Low,On-Time,10,19,Basic,Active
1493,2023-09-06,2025-12-27,35,High,Medium,Medium,On-Time,7,19,Basic,Active
1494,2023-03-22,2026-01-11,20,Medium,Medium,Low,On-Time,9,24,Basic,Active
1495,2024-10-22,2025-12-29,33,High,High,Low,On-Time,10,144,Enterprise,Active
1496,2025-01-01,2026-01-06,25,High,Medium,Low,On-Time,9,26,Basic,Active
1497,2024-11-09,2025-10-07,116,Low,Low,Medium,Delayed,5,24,Basic,Active
1498,2024-05-22,2026-01-14,17,Medium,High,Low,On-Time,7,75,Pro,Active
1499,2024-02-20,2026-01-13,18,High,High,Low,On-Time,7,25,Basic,Active
1500,2025-08-03,2026-01-06,25,Medium,Medium,High,Delayed,7,14,Basic,Active
1501,2024-07-22,2026-01-30,1,High,High,Low,On-Time,10,19,Basic,Active
1502,2024-06-08,2026-01-23,8,High,High,Low,On-Time,10,28,Basic,Active
1503,2023-01-29,2025-10-06,117,Medium,Medium,Low,Delayed,4,27,Basic,Active
1504,2024-01-09,2025-11-01,91,Medium,Low,High,Delayed,4,17,Basic,Active
1505,2024-02-21,2025-12-03,59,Medium,Medium,Low,On-Time,7,28,Basic,Active
1506,2024-03-12,2025-04-10,296,Low,Low,Low,Delayed,4,59,Pro,Cancelled
1507,2024-09-27,2025-12-27,35,Medium,Medium,Medium,On-Time,7,62,Pro,Active
1508,2024-08-07,2025-09-25,128,Low,Low,Medium,Delayed,1,16,Basic,Cancelled
1509,2024-10-27,2025-08-09,175,Low,Low,High,Missed,4,18,Basic,Cancelled
1510,2025-04-17,2026-01-08,23,High,High,Medium,On-Time,7,65,Pro,Active
1511,2025-06-09,2025-12-20,42,High,Medium,Low,On-Time,8,73,Pro,Active
1512,2025-02-25,2025-12-18,44,Medium,High,Medium,On-Time,8,22,Basic,Active
1513,2025-11-12,2025-12-19,43,High,Medium,Low,On-Time,7,63,Pro,Active
1514,2023-01-20,2026-01-15,16,High,Medium,Medium,On-Time,10,71,Pro,Active
1515,2023-08-03,2026-01-26,5,Medium,High,Medium,On-Time,8,22,Basic,Active
1516,2023-01-09,2025-12-22,40,Medium,High,Medium,On-Time,7,52,Pro,Active
1517,2024-12-09,2026-01-14,17,High,High,Low,On-Time,8,19,Basic,Active
1518,2025-09-10,2026-01-22,9,Medium,Medium,Low,On-Time,9,273,Enterprise,Active
1519,2023-09-24,2025-12-29,33,High,Medium,Low,On-Time,8,46,Pro,Active
1520,2025-10-12,2026-01-26,5,Medium,High,High,On-Time,7,23,Basic,Active
1521,2023-03-07,2025-12-27,35,Medium,High,Low,On-Time,7,13,Basic,Active
1522,2025-10-20,2026-01-14,17,Medium,Medium,Medium,On-Time,7,21,Basic,Active
1523,2024-01-21,2025-10-05,118,Low,Low,Low,On-Time,6,64,Pro,Active
1524,2023-04-22,2025-12-31,31,High,Medium,Low,On-Time,10,16,Basic,Active
1525,2024-06-16,2025-05-18,258,Low,Low,Low,Delayed,4,18,Basic,Cancelled
1526,2023-10-09,2025-10-10,113,Low,Low,Medium,Delayed,7,78,Pro,Active
1527,2023-11-08,2025-05-29,247,Low,Low,Medium,Missed,3,74,Pro,Cancelled
1528,2023-12-03,2026-01-29,2,High,High,Medium,On-Time,8,79,Pro,Active
1529,2025-05-29,2026-01-30,1,Medium,High,Medium,On-Time,8,48,Pro,Active
1530,2024-08-13,2026-01-26,5,High,High,Low,On-Time,9,48,Pro,Active
1531,2023-12-07,2025-11-03,89,Low,Low,Medium,Delayed,4,21,Basic,Active
1532,2024-10-30,2026-01-30,1,High,High,Medium,On-Time,8,13,Basic,Active
1533,2025-02-23,2026-01-29,2,High,High,Medium,Delayed,8,67,Pro,Active
1534,2023-10-26,2025-10-30,93,Medium,Low,Medium,Missed,6,76,Pro,Active
1535,2024-03-28,2025-12-24,38,High,Medium,Low,On-Time,8,12,Basic,Active
1536,2023-05-14,2025-08-28,156,Low,Low,High,Missed,4,267,Enterprise,Active
1537,2023-07-18,2026-01-20,11,High,Medium,High,On-Time,10,26,Basic,Active
1538,2025-01-15,2025-11-04,88,Low,Low,Medium,Delayed,6,56,Pro,Active
1539,2023-07-18,2025-12-20,42,High,Medium,Low,On-Time,7,78,Pro,Active
1540,2024-07-29,2025-06-18,227,Low,Low,Medium,Delayed,3,51,Pro,Cancelled
1541,2025-02-15,2026-01-24,7,Medium,Medium,Low,On-Time,7,20,Basic,Active
1542,2023-04-28,2025-12-11,51,Low,Medium,Low,On-Time,4,13,Basic,Active
1543,2024-09-13,2026-01-11,20,High,High,High,On-Time,8,23,Basic,Active
1544,2023-10-08,2025-12-11,51,Low,Low,Medium,Missed,7,11,Basic,Active
1545,2025-11-20,2025-11-05,87,Medium,Medium,Medium,On-Time,5,24,Basic,Active
1546,2024-06-13,2026-01-23,8,High,Medium,High,On-Time,10,77,Pro,Active
1547,2025-06-01,2025-12-18,44,Medium,High,High,On-Time,7,194,Enterprise,Active
1548,2024-08-25,2025-12-30,32,High,High,Medium,On-Time,8,50,Pro,Active
1549,2023-02-17,2025-06-19,226,Low,Low,Low,Delayed,5,22,Basic,Cancelled
1550,2024-11-24,2025-10-08,115,Low,Low,Low,Missed,6,29,Basic,Active
1551,2025-11-07,2026-01-04,27,High,Medium,High,On-Time,7,48,Pro,Active
1552,2024-10-20,2026-01-02,29,Medium,Medium,High,On-Time,9,48,Pro,Active
1553,2025-06-16,2026-01-02,29,Medium,High,Low,On-Time,7,68,Pro,Active
1554,2025-08-26,2026-01-18,13,Medium,Medium,Low,On-Time,10,27,Basic,Active
1555,2023-09-07,2026-01-08,23,Medium,High,Medium,On-Time,9,26,Basic,Active
1556,2023-08-21,2025-12-25,37,Medium,Medium,Low,On-Time,9,10,Basic,Active
1557,2024-10-31,2025-12-27,35,High,High,Low,Delayed,8,25,Basic,Active
1558,2024-03-26,2026-01-17,14,Medium,Medium,High,On-Time,7,29,Basic,Active
1559,2025-07-08,2026-01-27,4,High,High,Low,On-Time,10,148,Enterprise,Active
1560,2025-09-12,2026-01-25,6,Medium,High,Medium,On-Time,9,26,Basic,Active
1561,2024-01-22,2026-01-08,23,High,Medium,Low,Delayed,7,71,Pro,Active
1562,2023-09-17,2025-11-02,90,Medium,Medium,Medium,Missed,7,24,Basic,Active
1563,2025-05-04,2025-10-08,115,Medium,Low,Medium,Delayed,7,203,Enterprise,Active
1564,2023-10-28,2025-08-16,168,Low,Low,Low,Missed,1,141,Enterprise,Cancelled
1565,2025-06-19,2026-01-12,19,High,Medium,Low,On-Time,8,11,Basic,Active
1566,2024-04-08,2026-01-03,28,High,High,Low,On-Time,8,74,Pro,Active
1567,2024-12-31,2025-12-31,31,Medium,Medium,Medium,On-Time,10,79,Pro,Active
1568,2023-04-15,2025-12-24,38,High,Medium,Medium,Delayed,10,12,Basic,Active
1569,2024-11-14,2026-01-28,3,High,High,Low,Delayed,10,11,Basic,Active
1570,2024-05-09,2026-01-15,16,Medium,Medium,Low,On-Time,8,12,Basic,Active
1571,2024-10-04,2026-01-27,4,High,High,Low,On-Time,9,20,Basic,Active
1572,2023-07-03,2026-01-11,20,Medium,Medium,Low,On-Time,7,14,Basic,Active
1573,2025-03-17,2026-01-13,18,Medium,High,Medium,On-Time,8,26,Basic,Active
1574,2025-08-02,2026-01-19,12,High,Medium,Medium,On-Time,8,18,Basic,Active
1575,2023-08-26,2025-12-28,34,High,High,Low,On-Time,8,67,Pro,Active
1576,2023-04-15,2025-10-15,108,Low,Medium,Medium,Delayed,4,12,Basic,Active
1577,2023-01-26,2025-07-13,202,Low,Low,Low,Delayed,3,202,Enterprise,Cancelled
1578,2024-12-03,2026-01-02,29,Medium,High,Medium,On-Time,10,17,Basic,Active
1579,2024-10-26,2026-01-10,21,Medium,Medium,Medium,Delayed,9,47,Pro,Active
1580,2024-08-21,2026-01-03,28,High,Medium,Medium,On-Time,7,22,Basic,Active
1581,2023-09-11,2026-01-06,25,High,Medium,Medium,On-Time,7,12,Basic,Active
1582,2024-03-04,2026-01-31,0,Medium,Medium,Medium,Delayed,8,15,Basic,Active
1583,2024-10-12,2025-12-21,41,Medium,High,Medium,On-Time,7,78,Pro,Active
1584,2024-06-27,2025-12-20,42,High,High,Medium,On-Time,9,24,Basic,Active
1585,2025-12-17,2026-01-31,0,High,Medium,Low,On-Time,8,52,Pro,Active
1586,2023-05-30,2025-12-29,33,High,High,Low,Delayed,7,59,Pro,Active
1587,2025-01-31,2025-11-02,90,Low,Low,Low,On-Time,6,26,Basic,Active
1588,2024-03-18,2025-12-23,39,High,Medium,Low,Delayed,9,237,Enterprise,Active
1589,2024-04-13,2025-11-27,65,Medium,Low,Medium,On-Time,4,20,Basic,Active
1590,2025-02-24,2026-01-08,23,High,Medium,High,On-Time,8,16,Basic,Active
1591,2025-01-28,2025-08-27,157,Low,Low,Medium,Missed,4,20,Basic,Cancelled
1592,2025-12-21,2026-01-17,14,High,Medium,High,On-Time,10,20,Basic,Active
1593,2023-05-21,2026-01-20,11,Medium,Medium,Low,On-Time,7,16,Basic,Active
1594,2023-04-25,2026-01-08,23,Medium,Medium,Medium,On-Time,9,29,Basic,Active
1595,2025-03-04,2025-10-23,100,Low,Low,Low,Delayed,5,29,Basic,Active
1596,2024-09-25,2025-11-20,72,Medium,Low,High,Missed,7,143,Enterprise,Active
1597,2023-10-28,2026-01-30,1,High,High,Medium,On-Time,8,51,Pro,Active
1598,2023-03-28,2025-10-28,95,Low,Medium,High,Missed,4,14,Basic,Active
1599,2023-04-04,2025-12-02,60,Low,Medium,Medium,On-Time,7,14,Basic,Active
1600,2025-09-06,2025-11-30,62,Low,Low,Low,Delayed,7,50,Pro,Active
1601,2023-07-30,2026-01-30,1,High,Medium,Low,On-Time,8,59,Pro,Active
1602,2023-12-21,2026-01-30,1,Medium,Medium,High,On-Time,9,10,Basic,Active
1603,2023-09-06,2026-01-20,11,High,High,Medium,On-Time,9,78,Pro,Active
1604,2024-01-24,2026-01-02,29,High,High,High,On-Time,10,14,Basic,Active
1605,2023-03-18,2025-06-18,227,Low,Low,Low,Missed,4,16,Basic,Cancelled
1606,2024-07-22,2026-01-04,27,Medium,Medium,Low,On-Time,10,70,Pro,Active
1607,2023-03-16,2026-01-02,29,Medium,High,Low,On-Time,8,76,Pro,Active
1608,2025-05-26,2025-10-18,105,Low,Medium,Medium,Delayed,4,46,Pro,Active
1609,2023-09-13,2025-12-23,39,Medium,High,Low,On-Time,9,28,Basic,Active
1610,2024-08-14,2026-01-15,16,High,High,Medium,On-Time,9,25,Basic,Active
1611,2025-08-21,2026-01-01,30,High,High,Low,Delayed,10,51,Pro,Active
1612,2024-12-13,2025-07-07,208,Low,Low,Medium,Missed,3,155,Enterprise,Cancelled
1613,2024-08-06,2026-01-21,10,Medium,High,Medium,On-Time,7,25,Basic,Active
1614,2023-12-22,2025-12-21,41,Medium,High,Low,On-Time,7,27,Basic,Active
1615,2023-12-31,2026-01-29,2,High,Medium,Low,Delayed,9,41,Pro,Active
1616,2025-01-03,2025-12-03,59,Low,Low,Medium,On-Time,7,25,Basic,Active
1617,2025-12-24,2026-01-22,9,Medium,High,High,On-Time,10,20,Basic,Active
1618,2024-12-25,2025-12-30,32,Medium,High,Low,On-Time,9,20,Basic,Active
1619,2024-09-02,2025-10-29,94,Low,Medium,Medium,Delayed,7,61,Pro,Active
1620,2025-03-11,2026-01-07,24,Medium,High,High,On-Time,7,26,Basic,Active
1621,2024-05-24,2026-01-08,23,Medium,High,Medium,Delayed,8,19,Basic,Active
1622,2023-03-07,2025-10-08,115,Medium,Low,High,On-Time,6,11,Basic,Active
1623,2024-09-07,2026-01-17,14,Medium,High,High,On-Time,9,19,Basic,Active
1624,2025-11-14,2025-07-15,200,Low,Low,High,Missed,4,73,Pro,Cancelled
1625,2023-07-11,2026-01-13,18,High,High,Medium,On-Time,9,20,Basic,Active
1626,2025-01-25,2025-12-21,41,High,High,Medium,On-Time,10,11,Basic,Active
1627,2023-08-09,2025-12-10,52,Low,Medium,Low,Delayed,5,27,Basic,Active
1628,2024-08-09,2026-01-03,28,High,High,Low,On-Time,8,200,Enterprise,Active
1629,2023-04-16,2025-09-17,136,Low,Low,Low,Delayed,2,18,Basic,Cancelled
1630,2024-05-08,2026-01-06,25,Medium,High,Low,On-Time,9,44,Pro,Active
1631,2025-04-07,2026-01-27,4,High,Medium,Low,On-Time,9,21,Basic,Active
1632,2024-01-16,2026-01-16,15,High,Medium,Low,On-Time,8,15,Basic,Active
1633,2024-12-29,2025-11-05,87,Low,Low,Low,On-Time,6,11,Basic,Active
1634,2025-05-21,2025-05-11,265,Low,Low,Low,Missed,5,13,Basic,Active
1635,2025-10-12,2025-10-24,99,Low,Low,Low,Delayed,4,79,Pro,Active
1636,2023-09-14,2026-01-25,6,High,Medium,Low,On-Time,9,29,Basic,Active
1637,2024-03-13,2025-11-13,79,Low,Low,Medium,Delayed,6,67,Pro,Active
1638,2023-06-16,2026-01-26,5,High,High,Medium,On-Time,8,187,Enterprise,Active
1639,2025-12-22,2025-08-14,170,Low,Low,High,Delayed,2,51,Pro,Cancelled
1640,2025-10-12,2025-05-24,252,Low,Low,Medium,Missed,4,124,Enterprise,Cancelled
1641,2024-08-14,2025-12-25,37,High,High,Low,On-Time,9,28,Basic,Active
1642,2025-07-11,2026-01-30,1,High,High,Medium,On-Time,8,10,Basic,Active
1643,2024-07-24,2026-01-10,21,High,Medium,Medium,Delayed,7,15,Basic,Active
1644,2024-11-13,2026-01-15,16,High,High,Medium,Delayed,9,55,Pro,Active
1645,2023-04-08,2025-12-29,33,Medium,High,Medium,On-Time,9,74,Pro,Active
1646,2025-04-07,2025-12-22,40,Medium,Medium,Low,Delayed,8,21,Basic,Active
1647,2023-05-20,2025-12-22,40,High,High,Medium,On-Time,9,20,Basic,Active
1648,2025-06-23,2025-10-19,104,Low,Low,Low,Missed,5,26,Basic,Active
1649,2025-05-06,2025-04-12,294,Low,Low,Medium,Missed,4,68,Pro,Cancelled
1650,2025-02-15,2026-01-16,15,High,High,Low,On-Time,7,17,Basic,Active
1651,2023-02-09,2026-01-25,6,High,High,Low,On-Time,7,292,Enterprise,Active
1652,2023-11-28,2026-01-25,6,High,Medium,Medium,On-Time,8,15,Basic,Active
1653,2023-10-16,2026-01-15,16,High,Medium,High,On-Time,9,12,Basic,Active
1654,2024-01-30,2026-01-01,30,High,Medium,Low,On-Time,7,13,Basic,Active
1655,2023-04-06,2025-12-25,37,High,Medium,Medium,On-Time,10,15,Basic,Active
1656,2025-10-22,2025-12-16,46,Low,Low,Low,Missed,4,58,Pro,Active
1657,2024-08-29,2025-12-22,40,High,High,Low,Delayed,8,48,Pro,Active
1658,2023-12-01,2025-09-04,149,Low,Low,Low,Missed,3,15,Basic,Cancelled
1659,2024-03-10,2026-01-27,4,High,Medium,Medium,Delayed,8,15,Basic,Active
1660,2024-05-04,2025-12-18,44,High,Medium,Medium,On-Time,10,11,Basic,Active
1661,2024-10-19,2026-01-29,2,Medium,High,Medium,On-Time,10,24,Basic,Active
1662,2024-07-18,2026-01-12,19,High,High,Low,On-Time,9,56,Pro,Active
1663,2025-10-03,2025-10-17,106,Low,Low,Low,On-Time,5,50,Pro,Active
1664,2024-06-28,2025-05-22,254,Low,Low,Low,Missed,1,26,Basic,Active
1665,2025-12-22,2025-12-29,33,Medium,High,Medium,On-Time,9,78,Pro,Active
1666,2025-07-21,2026-01-12,19,Medium,High,Low,On-Time,8,20,Basic,Active
1667,2023-08-17,2026-01-05,26,High,Medium,Low,On-Time,8,15,Basic,Active
1668,2025-10-16,2026-01-20,11,High,Medium,Medium,On-Time,9,29,Basic,Active
1669,2023-05-08,2025-11-13,79,Low,Medium,High,On-Time,4,23,Basic,Active
1670,2025-06-14,2026-01-28,3,Medium,Medium,Low,On-Time,7,58,Pro,Active
1671,2024-02-21,2025-12-26,36,Medium,High,Medium,Delayed,10,12,Basic,Active
1672,2025-08-19,2026-01-30,1,Medium,High,Low,On-Time,8,79,Pro,Active
1673,2025-08-08,2026-01-15,16,High,High,Low,On-Time,9,29,Basic,Active
1674,2025-06-01,2026-01-07,24,High,Medium,Medium,Delayed,8,45,Pro,Active
1675,2025-05-15,2026-01-16,15,High,High,Medium,On-Time,10,238,Enterprise,Active
1676,2023-11-30,2025-12-03,59,Medium,Medium,Low,Delayed,6,79,Pro,Active
1677,2023-03-30,2026-01-25,6,High,Medium,High,Delayed,7,78,Pro,Active
1678,2024-03-17,2026-01-07,24,Medium,Medium,Medium,On-Time,10,28,Basic,Active
1679,2023-07-10,2025-08-09,175,Low,Low,Medium,Missed,5,53,Pro,Active
1680,2025-01-30,2026-01-23,8,High,Medium,Low,On-Time,7,43,Pro,Active
1681,2024-01-14,2025-07-02,213,Low,Low,Low,Missed,3,60,Pro,Active
1682,2025-12-04,2025-12-18,44,Medium,High,Low,On-Time,8,19,Basic,Active
1683,2024-12-02,2026-01-20,11,Medium,High,Low,On-Time,9,29,Basic,Active
1684,2025-06-19,2026-01-19,12,High,High,Low,On-Time,10,11,Basic,Active
1685,2023-05-26,2026-01-26,5,High,Medium,Medium,On-Time,8,13,Basic,Active
1686,2025-08-01,2025-10-10,113,Low,Low,Low,On-Time,4,26,Basic,Active
1687,2025-10-07,2025-10-10,113,Low,Medium,Low,Delayed,5,198,Enterprise,Active
1688,2024-06-17,2026-01-19,12,High,High,Medium,On-Time,8,45,Pro,Active
1689,2024-10-25,2025-12-25,37,High,High,Medium,Delayed,10,73,Pro,Active
1690,2025-04-17,2025-12-31,31,High,Medium,Medium,On-Time,10,55,Pro,Active
1691,2023-07-11,2025-12-21,41,Medium,High,High,On-Time,10,79,Pro,Active
1692,2024-07-04,2025-12-24,38,Medium,Medium,High,On-Time,9,49,Pro,Active
1693,2024-03-12,2025-10-15,108,Low,Low,High,On-Time,6,74,Pro,Active
1694,2023-06-10,2025-12-23,39,High,High,Medium,On-Time,9,58,Pro,Active
1695,2024-02-07,2025-12-23,39,High,High,Medium,On-Time,9,60,Pro,Active
1696,2023-03-16,2025-12-26,36,High,Medium,Low,On-Time,7,26,Basic,Active
1697,2023-01-29,2025-12-31,31,Medium,High,Medium,On-Time,9,13,Basic,Active
1698,2023-05-29,2025-10-23,100,Low,Medium,Medium,Delayed,6,12,Basic,Active
1699,2025-11-20,2026-01-12,19,High,High,Low,On-Time,8,15,Basic,Active
1700,2024-08-24,2025-12-29,33,High,Medium,Low,On-Time,9,67,Pro,Active
1701,2025-11-23,2025-12-29,33,Medium,Medium,Medium,Delayed,7,13,Basic,Active
1702,2024-04-18,2026-01-27,4,High,High,High,On-Time,8,18,Basic,Active
1703,2023-12-08,2025-12-21,41,Medium,High,Low,On-Time,7,66,Pro,Active
1704,2024-07-08,2025-12-28,34,High,Medium,Low,On-Time,8,29,Basic,Active
1705,2024-04-26,2025-04-08,298,Low,Low,Medium,Delayed,1,281,Enterprise,Cancelled
1706,2023-04-26,2026-01-28,3,Medium,Medium,Low,On-Time,8,71,Pro,Active
1707,2024-12-02,2026-01-05,26,Medium,Medium,Medium,On-Time,8,68,Pro,Active
1708,2023-08-25,2025-12-25,37,Medium,High,Medium,On-Time,9,76,Pro,Active
1709,2024-11-09,2025-12-19,43,High,Medium,Low,On-Time,10,41,Pro,Active
1710,2024-12-12,2026-01-24,7,High,High,Medium,On-Time,7,59,Pro,Active
1711,2023-06-16,2026-01-18,13,Medium,Medium,Low,Delayed,9,63,Pro,Active
1712,2023-03-09,2025-12-21,41,High,Medium,Medium,On-Time,8,22,Basic,Active
1713,2025-05-04,2026-01-23,8,Medium,High,Low,On-Time,9,45,Pro,Active
1714,2024-05-18,2025-12-18,44,Medium,High,Low,Delayed,9,42,Pro,Active
1715,2023-03-05,2026-01-16,15,Medium,High,Low,Delayed,7,29,Basic,Active
1716,2025-12-25,2026-01-06,25,Medium,High,Medium,On-Time,9,19,Basic,Active
1717,2023-03-05,2025-10-13,110,Low,Low,Medium,Delayed,6,25,Basic,Active
1718,2025-01-31,2025-12-26,36,Medium,High,Medium,On-Time,10,12,Basic,Active
1719,2025-12-13,2025-04-15,291,Low,Low,Medium,Delayed,2,13,Basic,Active
1720,2023-09-19,2025-12-30,32,High,High,Medium,On-Time,8,57,Pro,Active
1721,2023-06-05,2026-01-26,5,High,High,Low,Delayed,9,27,Basic,Active
1722,2023-05-13,2026-01-27,4,Medium,Medium,Medium,On-Time,9,68,Pro,Active
1723,2023-11-29,2025-12-31,31,High,High,Low,On-Time,8,61,Pro,Active
1724,2023-04-21,2026-01-16,15,High,High,High,On-Time,9,75,Pro,Active
1725,2025-01-27,2025-10-25,98,Medium,Low,Medium,On-Time,6,22,Basic,Active
1726,2023-03-10,2025-11-14,78,Low,Medium,High,On-Time,5,270,Enterprise,Active
1727,2024-07-11,2025-12-30,32,High,High,Medium,On-Time,9,40,Pro,Active
1728,2025-12-27,2026-01-16,15,High,High,Low,On-Time,10,22,Basic,Active
1729,2025-06-10,2026-01-18,13,High,High,Low,Delayed,10,16,Basic,Active
1730,2024-11-04,2026-01-11,20,High,Medium,Medium,On-Time,9,237,Enterprise,Active
1731,2023-12-02,2026-01-13,18,High,Medium,Low,On-Time,8,195,Enterprise,Active
1732,2024-11-14,2025-12-18,44,Medium,Medium,Low,On-Time,8,45,Pro,Active
1733,2024-07-31,2025-12-26,36,Medium,High,Low,On-Time,10,66,Pro,Active
1734,2024-04-11,2025-11-25,67,Medium,Medium,Low,Delayed,6,20,Basic,Active
1735,2023-05-24,2026-01-13,18,Medium,High,Low,On-Time,8,29,Basic,Active
1736,2025-08-28,2025-12-29,33,High,Medium,Medium,On-Time,8,22,Basic,Active
1737,2024-05-07,2026-01-28,3,High,High,Low,On-Time,9,13,Basic,Active
1738,2023-08-02,2026-01-04,27,High,Medium,Low,On-Time,7,53,Pro,Active
1739,2024-02-07,2025-12-27,35,High,Medium,Medium,On-Time,10,15,Basic,Active
1740,2024-03-29,2026-01-22,9,High,High,Low,On-Time,8,12,Basic,Active
1741,2025-06-25,2026-01-19,12,Medium,High,Medium,On-Time,9,17,Basic,Active
1742,2025-03-14,2025-12-03,59,Medium,Medium,Medium,Delayed,5,70,Pro,Active
1743,2025-04-22,2026-01-10,21,High,Medium,Low,On-Time,10,24,Basic,Active
1744,2023-01-13,2026-01-16,15,High,Medium,Low,On-Time,7,64,Pro,Active
1745,2024-03-31,2025-11-28,64,Low,Low,Medium,Delayed,5,15,Basic,Active
1746,2024-06-11,2026-01-28,3,Medium,High,Low,On-Time,10,169,Enterprise,Active
1747,2023-01-22,2026-01-19,12,Medium,High,High,On-Time,10,24,Basic,Active
1748,2023-10-12,2026-01-14,17,High,Medium,High,On-Time,10,22,Basic,Active
1749,2025-04-12,2026-01-23,8,High,High,Medium,On-Time,8,16,Basic,Active
1750,2023-05-31,2025-12-25,37,Medium,Medium,Low,On-Time,10,59,Pro,Active
1751,2024-08-09,2025-11-20,72,Low,Medium,Low,Delayed,5,17,Basic,Active
1752,2023-08-24,2025-12-19,43,High,Medium,Low,Delayed,9,15,Basic,Active
1753,2023-01-14,2026-01-23,8,High,Medium,Low,On-Time,10,13,Basic,Active
1754,2023-09-22,2026-01-09,22,High,Medium,High,On-Time,9,10,Basic,Active
1755,2025-12-04,2025-05-28,248,Low,Low,Low,Missed,3,26,Basic,Cancelled
1756,2025-05-27,2025-06-29,216,Low,Low,Low,Missed,5,25,Basic,Cancelled
1757,2025-11-16,2026-01-27,4,Medium,High,High,On-Time,8,252,Enterprise,Active
1758,2024-06-18,2025-10-25,98,Low,Low,Low,Delayed,7,15,Basic,Active
1759,2023-05-01,2026-01-17,14,High,Medium,Low,On-Time,8,297,Enterprise,Active
1760,2024-08-23,2026-01-31,0,Medium,Medium,High,On-Time,8,21,Basic,Active
1761,2024-05-12,2026-01-14,17,High,Medium,Low,On-Time,10,14,Basic,Active
1762,2025-07-13,2026-01-05,26,Medium,Medium,Medium,On-Time,7,13,Basic,Active
1763,2023-04-18,2025-12-29,33,High,Medium,Low,On-Time,7,17,Basic,Active
1764,2024-06-18,2026-01-31,0,Medium,Medium,Medium,Delayed,8,79,Pro,Active
1765,2023-06-14,2026-01-09,22,High,High,Low,On-Time,8,62,Pro,Active
1766,2023-12-22,2026-01-20,11,High,High,Medium,Delayed,8,19,Basic,Active
1767,2025-03-18,2026-01-07,24,High,High,Low,On-Time,7,10,Basic,Active
1768,2024-06-05,2025-12-11,51,Low,Low,Low,On-Time,6,131,Enterprise,Active
1769,2024-02-16,2025-11-08,84,Low,Medium,Medium,On-Time,7,27,Basic,Active
1770,2024-03-07,2026-01-22,9,Medium,High,Low,On-Time,9,25,Basic,Active
1771,2024-05-18,2026-01-14,17,High,High,Medium,On-Time,9,66,Pro,Active
1772,2025-05-09,2025-11-05,87,Medium,Low,Medium,Delayed,4,16,Basic,Active
1773,2025-09-03,2025-07-21,194,Low,Low,Medium,Delayed,1,56,Pro,Cancelled
1774,2025-11-12,2026-01-22,9,Medium,High,Low,On-Time,8,18,Basic,Active
1775,2025-05-11,2025-12-25,37,High,High,High,On-Time,9,18,Basic,Active
1776,2023-12-12,2026-01-01,30,High,Medium,Medium,Delayed,7,14,Basic,Active
1777,2025-01-23,2025-11-12,80,Low,Low,Low,On-Time,7,27,Basic,Active
1778,2024-04-24,2025-12-24,38,Medium,High,Medium,On-Time,7,14,Basic,Active
1779,2023-10-06,2025-12-23,39,Medium,Medium,Medium,On-Time,8,14,Basic,Active
1780,2025-07-09,2026-01-23,8,Medium,Medium,Low,On-Time,9,71,Pro,Active
1781,2023-02-12,2025-12-19,43,High,Medium,Low,On-Time,8,59,Pro,Active
1782,2025-09-14,2026-01-25,6,High,Medium,High,On-Time,8,14,Basic,Active
1783,2024-05-20,2025-11-14,78,Low,Medium,Low,Missed,7,66,Pro,Active
1784,2024-11-28,2025-10-15,108,Low,Low,Medium,Delayed,7,21,Basic,Active
1785,2024-12-22,2025-12-20,42,Medium,High,Low,On-Time,10,12,Basic,Active
1786,2025-09-07,2025-12-25,37,Medium,High,Medium,Delayed,7,66,Pro,Active
1787,2024-11-28,2025-11-23,69,Medium,Low,Low,On-Time,6,212,Enterprise,Active
1788,2024-11-03,2026-01-02,29,Medium,Medium,Low,Delayed,8,12,Basic,Active
1789,2023-03-14,2026-01-05,26,Medium,Medium,Medium,On-Time,10,46,Pro,Active
1790,2024-07-21,2025-12-20,42,High,Medium,Medium,On-Time,7,52,Pro,Active
1791,2023-06-14,2025-12-19,43,High,Medium,Medium,On-Time,9,63,Pro,Active
1792,2025-03-18,2026-01-21,10,High,Medium,Low,On-Time,8,26,Basic,Active
1793,2024-07-14,2026-01-18,13,Medium,High,Low,On-Time,8,129,Enterprise,Active
1794,2025-01-14,2026-01-23,8,High,High,Low,On-Time,10,14,Basic,Active
1795,2023-02-15,2026-01-12,19,High,High,Medium,On-Time,9,17,Basic,Active
1796,2023-04-03,2025-12-19,43,High,High,Medium,On-Time,7,40,Pro,Active
1797,2025-02-23,2026-01-07,24,High,High,Medium,On-Time,9,21,Basic,Active
1798,2023-03-20,2026-01-19,12,High,High,Medium,On-Time,9,20,Basic,Active
1799,2023-03-20,2025-12-06,56,Low,Low,Low,Missed,7,17,Basic,Active
1800,2023-01-14,2025-12-30,32,High,High,Medium,On-Time,9,20,Basic,Active
1801,2025-11-13,2026-01-01,30,High,High,Low,On-Time,7,22,Basic,Active
1802,2025-03-18,2025-12-28,34,Medium,Medium,Low,On-Time,10,210,Enterprise,Active
1803,2024-01-22,2026-01-17,14,Medium,Medium,Low,On-Time,8,11,Basic,Active
1804,2023-11-21,2026-01-04,27,High,Medium,Medium,On-Time,10,25,Basic,Active
1805,2024-01-18,2025-09-06,147,Low,Low,Low,Delayed,2,27,Basic,Cancelled
1806,2025-04-28,2026-01-08,23,High,Medium,Low,On-Time,10,24,Basic,Active
1807,2024-12-25,2026-01-06,25,High,Medium,Low,On-Time,10,54,Pro,Active
1808,2023-07-22,2025-11-22,70,Low,Low,Low,On-Time,6,16,Basic,Active
1809,2023-07-10,2025-12-30,32,High,High,Medium,On-Time,9,53,Pro,Active
1810,2023-04-18,2025-12-28,34,Medium,High,Medium,Delayed,7,12,Basic,Active
1811,2024-12-24,2026-01-01,30,High,Medium,Medium,On-Time,7,12,Basic,Active
1812,2025-04-16,2026-01-30,1,High,Medium,Medium,On-Time,8,25,Basic,Active
1813,2023-10-18,2025-12-25,37,High,Medium,Low,On-Time,8,65,Pro,Active
1814,2023-01-23,2026-01-26,5,High,High,Medium,On-Time,10,12,Basic,Active
1815,2023-03-31,2026-01-05,26,High,Medium,High,On-Time,10,29,Basic,Active
1816,2025-11-25,2025-12-27,35,High,High,Low,On-Time,9,79,Pro,Active
1817,2023-11-20,2025-10-13,110,Medium,Medium,Low,Missed,4,72,Pro,Active
1818,2025-04-22,2026-01-16,15,High,Medium,Low,On-Time,7,15,Basic,Active
1819,2024-11-15,2026-01-15,16,High,Medium,Medium,On-Time,10,51,Pro,Active
1820,2024-02-23,2026-01-10,21,Medium,High,Medium,On-Time,8,52,Pro,Active
1821,2023-08-14,2025-12-25,37,High,Medium,High,On-Time,8,28,Basic,Active
1822,2023-05-13,2025-12-30,32,High,Medium,Medium,On-Time,10,209,Enterprise,Active
1823,2024-11-04,2026-01-12,19,Medium,Medium,Low,On-Time,9,61,Pro,Active
1824,2025-04-28,2026-01-10,21,High,High,Medium,On-Time,10,44,Pro,Active
1825,2024-12-06,2025-11-18,74,Low,Low,High,Missed,5,42,Pro,Active
1826,2024-08-03,2025-08-22,162,Low,Low,Medium,Missed,3,252,Enterprise,Cancelled
1827,2023-02-15,2025-12-28,34,Medium,Medium,Low,On-Time,9,65,Pro,Active
1828,2025-11-26,2026-01-31,0,High,Medium,Low,On-Time,10,49,Pro,Active
1829,2025-05-24,2026-01-23,8,High,High,Low,On-Time,7,21,Basic,Active
1830,2023-11-17,2026-01-23,8,High,Medium,High,On-Time,10,22,Basic,Active
1831,2025-12-09,2025-11-02,90,Low,Low,Medium,Missed,4,29,Basic,Active
1832,2024-10-21,2025-08-28,156,Low,Low,Medium,Missed,3,28,Basic,Cancelled
1833,2024-09-29,2025-12-23,39,Medium,High,Low,On-Time,9,25,Basic,Active
1834,2025-03-30,2025-11-26,66,Medium,Low,High,Missed,6,21,Basic,Active
1835,2025-06-07,2026-01-15,16,Medium,Medium,Low,On-Time,10,23,Basic,Active
1836,2024-12-19,2026-01-15,16,High,High,Low,On-Time,8,236,Enterprise,Active
1837,2023-05-21,2025-07-08,207,Low,Low,Low,Delayed,2,50,Pro,Cancelled
1838,2024-01-06,2026-01-03,28,High,High,Low,On-Time,8,10,Basic,Active
1839,2025-10-13,2025-10-21,102,Low,Low,High,On-Time,4,12,Basic,Active
1840,2023-09-03,2026-01-04,27,High,High,Low,On-Time,10,70,Pro,Active
1841,2024-02-12,2026-01-19,12,Medium,Medium,Low,Delayed,8,78,Pro,Active
1842,2024-04-18,2025-12-12,50,Low,Low,High,Delayed,4,46,Pro,Active
1843,2024-04-26,2026-01-26,5,High,Medium,Medium,Delayed,10,51,Pro,Active
1844,2024-11-02,2025-12-24,38,Medium,Medium,Low,On-Time,7,195,Enterprise,Active
1845,2025-10-29,2025-05-17,259,Low,Low,Low,Delayed,3,20,Basic,Active
1846,2023-09-21,2025-12-01,61,Medium,Low,Medium,On-Time,7,61,Pro,Active
1847,2023-05-14,2026-01-27,4,High,High,Low,On-Time,9,24,Basic,Active
1848,2023-08-05,2025-04-12,294,Low,Low,Low,Missed,5,65,Pro,Active
1849,2025-08-29,2025-11-09,83,Low,Medium,Low,On-Time,5,20,Basic,Active
1850,2024-12-08,2026-01-10,21,High,High,Medium,On-Time,7,22,Basic,Active
1851,2023-11-10,2026-01-31,0,High,Medium,Medium,On-Time,7,62,Pro,Active
1852,2025-06-12,2026-01-26,5,High,High,Medium,On-Time,9,54,Pro,Active
1853,2025-08-01,2025-12-26,36,High,Medium,Medium,On-Time,10,48,Pro,Active
1854,2025-07-15,2025-12-27,35,High,High,Medium,On-Time,10,19,Basic,Active
1855,2025-10-03,2026-01-17,14,Medium,High,Medium,On-Time,9,18,Basic,Active
1856,2023-10-04,2025-12-22,40,High,Medium,Medium,On-Time,9,159,Enterprise,Active
1857,2025-04-06,2026-01-05,26,Medium,High,Medium,On-Time,8,71,Pro,Active
1858,2024-05-19,2026-01-07,24,Medium,Medium,High,On-Time,8,17,Basic,Active
1859,2025-07-10,2026-01-10,21,High,High,Medium,On-Time,7,44,Pro,Active
1860,2025-03-08,2026-01-05,26,High,High,Medium,On-Time,9,17,Basic,Active
1861,2025-04-30,2025-12-19,43,Medium,High,Medium,On-Time,7,13,Basic,Active
1862,2024-12-19,2026-01-14,17,High,Medium,Low,On-Time,10,202,Enterprise,Active
1863,2023-07-14,2026-01-02,29,High,High,Medium,On-Time,10,21,Basic,Active
1864,2024-08-19,2025-10-22,101,Medium,Medium,High,Delayed,7,245,Enterprise,Active
1865,2025-12-14,2025-05-06,270,Low,Low,Low,Delayed,2,27,Basic,Cancelled
1866,2025-10-23,2025-07-27,188,Low,Low,Medium,Missed,5,72,Pro,Cancelled
1867,2023-02-17,2026-01-28,3,Medium,Medium,Low,On-Time,10,19,Basic,Active
1868,2023-06-30,2025-10-16,107,Medium,Low,Medium,Missed,5,26,Basic,Active
1869,2023-05-25,2026-01-04,27,High,Medium,Medium,On-Time,10,25,Basic,Active
1870,2025-03-05,2026-01-07,24,High,Medium,Medium,Delayed,10,12,Basic,Active
1871,2025-06-14,2026-01-30,1,Medium,High,Low,On-Time,10,20,Basic,Active
1872,2023-08-22,2025-10-28,95,Low,Low,Medium,Delayed,6,18,Basic,Active
1873,2024-07-07,2026-01-07,24,Medium,High,Low,Delayed,7,41,Pro,Active
1874,2025-07-09,2025-12-31,31,High,High,Medium,Delayed,8,295,Enterprise,Active
1875,2025-03-13,2025-10-11,112,Low,Low,Medium,Delayed,7,26,Basic,Active
1876,2024-08-16,2026-01-01,30,High,Medium,Medium,On-Time,10,17,Basic,Active
1877,2024-10-08,2026-01-09,22,High,High,Low,On-Time,9,64,Pro,Active
1878,2024-07-10,2026-01-01,30,Medium,High,Medium,On-Time,10,46,Pro,Active
1879,2023-11-22,2026-01-02,29,Medium,Medium,Medium,On-Time,9,25,Basic,Active
1880,2024-09-10,2025-10-19,104,Low,Low,Low,Delayed,4,138,Enterprise,Active
1881,2025-01-24,2026-01-26,5,Medium,Medium,Low,On-Time,10,21,Basic,Active
1882,2025-08-14,2025-11-19,73,Medium,Low,Low,Delayed,4,27,Basic,Active
1883,2024-11-27,2026-01-11,20,High,Medium,High,On-Time,9,24,Basic,Active
1884,2025-04-13,2026-01-01,30,High,High,Medium,Delayed,8,27,Basic,Active
1885,2023-06-25,2026-01-09,22,High,High,Medium,On-Time,7,51,Pro,Active
1886,2024-05-20,2025-08-04,180,Low,Low,High,Delayed,4,24,Basic,Cancelled
1887,2023-01-11,2025-10-17,106,Low,Low,Low,Delayed,5,47,Pro,Active
1888,2023-09-28,2026-01-08,23,Medium,High,Medium,On-Time,8,14,Basic,Active
1889,2025-03-06,2025-10-06,117,Medium,Low,Medium,Missed,6,16,Basic,Active
1890,2025-12-22,2026-01-30,1,High,High,High,On-Time,10,14,Basic,Active
1891,2023-04-19,2025-11-04,88,Medium,Medium,Low,Delayed,4,40,Pro,Active
1892,2024-03-15,2026-01-06,25,High,Medium,Low,Delayed,9,19,Basic,Active
1893,2025-05-26,2026-01-08,23,High,Medium,Low,Delayed,7,66,Pro,Active
1894,2023-08-12,2025-10-21,102,Low,Low,Low,On-Time,4,27,Basic,Active
1895,2024-08-30,2025-07-12,203,Low,Low,Medium,Missed,2,10,Basic,Cancelled
1896,2025-03-13,2026-01-08,23,High,Medium,Low,On-Time,9,49,Pro,Active
1897,2024-11-05,2026-01-25,6,High,Medium,Low,On-Time,8,25,Basic,Active
1898,2023-07-25,2026-01-23,8,Medium,High,High,On-Time,8,68,Pro,Active
1899,2024-01-25,2026-01-26,5,High,High,High,On-Time,7,22,Basic,Active
1900,2025-05-08,2025-11-04,88,Low,Low,Low,On-Time,4,16,Basic,Active
1901,2024-08-29,2026-01-12,19,High,Medium,Medium,On-Time,9,27,Basic,Active
1902,2023-01-06,2026-01-23,8,Medium,High,High,On-Time,8,45,Pro,Active
1903,2025-04-13,2025-11-02,90,Medium,Medium,Low,Delayed,4,43,Pro,Active
1904,2023-02-08,2026-01-30,1,High,High,Low,Delayed,9,24,Basic,Active
1905,2025-03-27,2025-11-17,75,Low,Low,Low,Missed,7,18,Basic,Active
1906,2023-08-10,2026-01-13,18,High,High,Low,On-Time,7,12,Basic,Active
1907,2025-11-15,2026-01-11,20,High,Medium,Medium,Delayed,7,23,Basic,Active
1908,2024-02-07,2025-12-30,32,High,High,Low,On-Time,10,21,Basic,Active
1909,2023-12-24,2026-01-01,30,Medium,High,Medium,On-Time,8,22,Basic,Active
1910,2023-06-13,2025-12-24,38,High,Medium,Medium,On-Time,8,18,Basic,Active
1911,2023-12-01,2025-12-24,38,Medium,Medium,Low,On-Time,10,25,Basic,Active
1912,2025-08-17,2026-01-22,9,High,High,Low,On-Time,8,14,Basic,Active
1913,2025-12-26,2025-12-24,38,High,High,Low,On-Time,10,25,Basic,Active
1914,2024-02-08,2025-10-21,102,Low,Low,Medium,Delayed,5,27,Basic,Active
1915,2024-05-06,2026-01-20,11,High,Medium,Medium,On-Time,7,13,Basic,Active
1916,2025-03-01,2026-01-26,5,High,Medium,Low,Delayed,10,12,Basic,Active
1917,2025-08-28,2025-11-01,91,Medium,Medium,Low,On-Time,7,62,Pro,Active
1918,2024-10-11,2026-01-06,25,High,High,Medium,On-Time,8,244,Enterprise,Active
1919,2024-03-04,2026-01-23,8,Medium,High,Low,On-Time,9,56,Pro,Active
1920,2024-03-27,2026-01-31,0,Medium,Medium,Medium,Delayed,7,26,Basic,Active
1921,2025-01-31,2025-10-26,97,Low,Low,Medium,Delayed,4,44,Pro,Active
1922,2023-01-04,2025-05-29,247,Low,Low,Medium,Missed,1,16,Basic,Cancelled
1923,2024-11-09,2025-10-30,93,Medium,Low,Low,Missed,7,17,Basic,Active
1924,2024-01-25,2025-12-29,33,High,Medium,High,Delayed,10,16,Basic,Active
1925,2025-05-19,2025-12-24,38,Medium,Medium,Low,On-Time,8,16,Basic,Active
1926,2023-04-12,2025-12-20,42,High,High,Low,Delayed,8,249,Enterprise,Active
1927,2024-10-06,2026-01-02,29,Medium,High,Low,On-Time,7,24,Basic,Active
1928,2024-06-10,2025-10-20,103,Low,Low,High,Delayed,4,227,Enterprise,Active
1929,2024-12-04,2025-09-30,123,Low,Low,Low,Delayed,1,28,Basic,Cancelled
1930,2023-03-13,2025-12-16,46,Low,Low,High,Delayed,6,248,Enterprise,Active
1931,2024-09-27,2026-01-18,13,High,Medium,Low,On-Time,8,63,Pro,Active
1932,2024-09-06,2025-08-04,180,Low,Low,Low,Delayed,2,24,Basic,Cancelled
1933,2024-09-05,2025-12-23,39,High,Medium,Medium,Delayed,8,41,Pro,Active
1934,2024-10-22,2025-05-12,264,Low,Low,Medium,Delayed,5,16,Basic,Cancelled
1935,2025-01-10,2026-01-17,14,High,Medium,Medium,Delayed,9,45,Pro,Active
1936,2025-05-31,2025-11-11,81,Low,Low,Low,Delayed,5,12,Basic,Active
1937,2023-10-23,2026-01-13,18,Medium,High,High,Delayed,10,27,Basic,Active
1938,2025-06-22,2025-12-30,32,High,Medium,Low,On-Time,9,76,Pro,Active
1939,2024-06-29,2026-01-10,21,High,High,Low,On-Time,7,66,Pro,Active
1940,2023-03-26,2025-12-27,35,High,Medium,Low,On-Time,8,25,Basic,Active
1941,2023-03-06,2026-01-12,19,Medium,High,Low,On-Time,9,20,Basic,Active
1942,2024-01-01,2025-09-30,123,Low,Low,Medium,Missed,1,27,Basic,Cancelled
1943,2025-05-09,2025-10-30,93,Medium,Low,Medium,Delayed,7,242,Enterprise,Active
1944,2025-02-13,2026-01-11,20,Medium,High,High,On-Time,8,144,Enterprise,Active
1945,2025-05-13,2026-01-16,15,Medium,High,Medium,On-Time,8,256,Enterprise,Active
1946,2024-07-20,2026-01-19,12,Medium,High,Low,On-Time,9,11,Basic,Active
1947,2024-04-27,2026-01-30,1,Medium,High,Medium,On-Time,9,74,Pro,Active
1948,2023-06-11,2025-11-20,72,Low,Low,Low,Missed,4,185,Enterprise,Active
1949,2023-12-26,2026-01-07,24,High,Medium,Medium,On-Time,8,57,Pro,Active
1950,2024-04-20,2026-01-09,22,Medium,Medium,Low,On-Time,10,22,Basic,Active
1951,2023-04-08,2026-01-25,6,Medium,Medium,Low,On-Time,10,27,Basic,Active
1952,2023-08-30,2026-01-21,10,High,Medium,Medium,On-Time,10,219,Enterprise,Active
1953,2024-10-17,2026-01-09,22,Medium,Medium,Medium,On-Time,8,43,Pro,Active
1954,2025-03-16,2025-12-23,39,Medium,Medium,Low,On-Time,9,11,Basic,Active
1955,2025-12-29,2026-01-03,28,High,High,Medium,On-Time,9,20,Basic,Active
1956,2025-10-18,2025-12-02,60,Low,Low,High,Missed,6,242,Enterprise,Active
1957,2024-12-04,2026-01-30,1,Medium,Medium,Low,On-Time,8,78,Pro,Active
1958,2024-04-06,2025-12-08,54,Low,Low,Medium,Delayed,5,24,Basic,Active
1959,2024-11-27,2025-10-11,112,Low,Low,Low,Missed,6,27,Basic,Active
1960,2025-05-10,2026-01-31,0,High,High,Medium,On-Time,10,10,Basic,Active
1961,2023-05-10,2025-09-03,150,Low,Low,Medium,Missed,4,79,Pro,Cancelled
1962,2024-03-24,2026-01-28,3,High,High,Low,On-Time,8,17,Basic,Active
1963,2025-07-08,2026-01-20,11,High,High,Low,On-Time,8,52,Pro,Active
1964,2024-02-25,2025-12-29,33,Medium,High,Medium,On-Time,7,20,Basic,Active
1965,2024-09-18,2025-12-10,52,Low,Medium,Medium,Missed,4,20,Basic,Active
1966,2024-10-05,2026-01-18,13,Medium,Medium,Low,On-Time,8,69,Pro,Active
1967,2023-07-22,2025-05-13,263,Low,Low,Low,Delayed,4,27,Basic,Cancelled
1968,2024-02-01,2025-12-23,39,High,Medium,Medium,On-Time,10,16,Basic,Active
1969,2024-01-02,2025-11-24,68,Low,Low,Low,Delayed,5,22,Basic,Active
1970,2023-01-29,2026-01-06,25,High,Medium,Low,On-Time,9,25,Basic,Active
1971,2023-01-27,2025-10-25,98,Low,Medium,Low,Delayed,4,29,Basic,Active
1972,2025-06-29,2026-01-21,10,Medium,High,Low,Delayed,8,54,Pro,Active
1973,2023-10-27,2025-12-30,32,Medium,High,Medium,On-Time,10,62,Pro,Active
1974,2024-07-21,2025-12-18,44,High,High,Medium,On-Time,9,27,Basic,Active
1975,2023-11-24,2025-12-18,44,High,High,Low,On-Time,7,277,Enterprise,Active
1976,2025-10-27,2026-01-13,18,High,High,Low,On-Time,7,14,Basic,Active
1977,2023-10-11,2026-01-20,11,High,High,Low,On-Time,8,50,Pro,Active
1978,2024-04-15,2026-01-26,5,High,High,Medium,On-Time,8,16,Basic,Active
1979,2025-08-13,2025-12-11,51,Medium,Low,High,Delayed,5,73,Pro,Active
1980,2025-07-10,2025-12-08,54,Medium,Low,Medium,On-Time,7,40,Pro,Active
1981,2023-07-23,2026-01-28,3,High,Medium,Low,On-Time,9,18,Basic,Active
1982,2025-05-28,2025-12-31,31,High,Medium,Low,On-Time,8,58,Pro,Active
1983,2024-05-16,2026-01-25,6,High,Medium,Low,On-Time,9,15,Basic,Active
1984,2024-06-12,2025-12-20,42,High,Medium,High,Delayed,7,13,Basic,Active
1985,2023-05-27,2026-01-27,4,High,Medium,Low,On-Time,7,25,Basic,Active
1986,2023-03-30,2025-04-30,276,Low,Low,High,Missed,3,17,Basic,Cancelled
1987,2025-03-08,2025-11-10,82,Low,Low,Low,Delayed,5,13,Basic,Active
1988,2024-06-27,2025-12-20,42,Medium,Medium,Low,On-Time,7,64,Pro,Active
1989,2024-04-23,2025-12-19,43,High,High,High,Delayed,8,27,Basic,Active
1990,2025-03-09,2026-01-05,26,High,Medium,Low,Delayed,7,10,Basic,Active
1991,2025-04-18,2025-06-19,226,Low,Low,Low,Missed,4,20,Basic,Cancelled
1992,2023-06-24,2025-10-14,109,Low,Low,Low,Missed,6,76,Pro,Active
1993,2024-10-30,2026-01-11,20,High,High,Low,Delayed,9,40,Pro,Active
1994,2023-05-29,2025-12-29,33,High,High,Medium,On-Time,8,29,Basic,Active
1995,2025-04-02,2025-12-23,39,High,Medium,High,On-Time,8,15,Basic,Active
1996,2024-12-20,2025-12-28,34,High,High,Medium,On-Time,10,44,Pro,Active
1997,2025-11-13,2026-01-13,18,High,High,Low,On-Time,9,13,Basic,Active
1998,2023-03-17,2025-11-07,85,Medium,Medium,Medium,On-Time,6,19,Basic,Active
1999,2023-03-04,2025-10-19,104,Medium,Low,Low,Delayed,7,25,Basic,Active
2000,2023-11-05,2025-10-11,112,Low,Low,Medium,Delayed,7,29,Basic,Active
2001,2023-10-14,2026-01-17,14,High,High,Low,On-Time,7,19,Basic,Active
2002,2023-09-28,2025-12-22,40,Medium,Medium,Low,Delayed,8,24,Basic,Active
2003,2025-09-19,2025-12-24,38,Medium,High,Medium,On-Time,9,136,Enterprise,Active
2004,2023-10-01,2025-12-22,40,High,High,Low,On-Time,8,48,Pro,Active
2005,2023-10-25,2026-01-18,13,Medium,High,Medium,On-Time,9,20,Basic,Active
2006,2025-04-11,2025-05-25,251,Low,Low,High,Missed,1,65,Pro,Cancelled
2007,2024-05-07,2026-01-01,30,High,High,Low,On-Time,10,26,Basic,Active
2008,2025-04-30,2025-12-16,46,Low,Medium,Low,Delayed,4,15,Basic,Active
2009,2023-03-13,2026-01-18,13,Medium,High,Medium,On-Time,7,17,Basic,Active
2010,2024-06-17,2026-01-28,3,High,High,Medium,On-Time,9,27,Basic,Active
2011,2023-02-06,2025-10-22,101,Low,Medium,Low,On-Time,4,10,Basic,Active
2012,2023-03-10,2025-11-20,72,Low,Low,Low,Delayed,6,76,Pro,Active
2013,2025-09-19,2026-01-25,6,High,Medium,Medium,On-Time,9,13,Basic,Active
2014,2023-06-02,2025-12-22,40,Medium,Medium,Low,On-Time,7,25,Basic,Active
2015,2024-08-06,2026-01-20,11,Medium,Medium,Medium,On-Time,9,73,Pro,Active
2016,2024-03-26,2026-01-02,29,Medium,High,Low,On-Time,9,42,Pro,Active
2017,2024-01-16,2026-01-27,4,Medium,High,Low,On-Time,7,73,Pro,Active
2018,2025-09-12,2025-11-01,91,Medium,Low,Medium,On-Time,6,60,Pro,Active
2019,2023-01-24,2025-12-26,36,High,High,Low,On-Time,8,74,Pro,Active
2020,2024-12-27,2025-12-10,52,Medium,Medium,Low,Delayed,6,255,Enterprise,Active
2021,2025-11-20,2025-12-24,38,High,Medium,Low,On-Time,10,74,Pro,Active
2022,2024-09-05,2025-12-08,54,Low,Low,Low,Delayed,7,64,Pro,Active
2023,2025-10-22,2025-11-10,82,Low,Low,Low,Delayed,6,129,Enterprise,Active
2024,2023-02-27,2025-12-30,32,Medium,High,Low,On-Time,9,17,Basic,Active
2025,2024-04-03,2025-12-18,44,High,Medium,Low,On-Time,9,46,Pro,Active
2026,2023-10-12,2026-01-02,29,High,Medium,High,On-Time,9,75,Pro,Active
2027,2025-03-11,2025-11-16,76,Medium,Low,Medium,Delayed,6,78,Pro,Active
2028,2025-12-10,2026-01-17,14,Medium,High,High,On-Time,10,10,Basic,Active
2029,2023-10-08,2025-08-30,154,Low,Low,Low,Missed,4,11,Basic,Active
2030,2024-12-17,2026-01-29,2,High,Medium,Medium,On-Time,10,14,Basic,Active
2031,2023-08-05,2025-08-03,181,Low,Low,Low,Missed,2,65,Pro,Cancelled
2032,2024-09-11,2026-01-17,14,High,Medium,Low,On-Time,10,19,Basic,Active
2033,2024-05-23,2025-04-14,292,Low,Low,Low,Missed,4,129,Enterprise,Cancelled
2034,2025-11-30,2026-01-11,20,High,Medium,Medium,Delayed,7,57,Pro,Active
2035,2024-10-28,2026-01-16,15,Medium,Medium,Low,On-Time,8,10,Basic,Active
2036,2024-01-18,2026-01-04,27,Medium,High,Low,Delayed,7,71,Pro,Active
2037,2023-05-05,2026-01-27,4,High,High,Low,On-Time,10,44,Pro,Active
2038,2023-06-15,2026-01-14,17,Medium,Medium,Low,On-Time,9,15,Basic,Active
2039,2023-09-04,2026-01-14,17,Medium,Medium,Low,On-Time,9,11,Basic,Active
2040,2023-10-02,2026-01-23,8,High,Medium,Low,On-Time,9,23,Basic,Active
2041,2025-07-20,2025-12-07,55,Low,Low,Medium,Delayed,4,23,Basic,Active
2042,2024-09-06,2025-12-18,44,Medium,Medium,Medium,On-Time,7,44,Pro,Active
2043,2024-07-27,2025-10-26,97,Low,Low,Low,Missed,5,27,Basic,Active
2044,2023-05-06,2025-11-08,84,Low,Low,Low,Delayed,7,20,Basic,Active
2045,2025-07-30,2026-01-19,12,Medium,Medium,Low,On-Time,8,70,Pro,Active
2046,2025-03-02,2026-01-03,28,High,High,Low,On-Time,8,247,Enterprise,Active
2047,2023-03-16,2026-01-27,4,Medium,Medium,Medium,On-Time,10,13,Basic,Active
2048,2025-02-14,2026-01-16,15,High,High,Low,On-Time,7,296,Enterprise,Active
2049,2024-08-18,2025-12-20,42,Medium,High,High,On-Time,9,209,Enterprise,Active
2050,2023-03-31,2025-08-08,176,Low,Low,Low,Missed,1,60,Pro,Cancelled
2051,2024-05-16,2025-04-19,287,Low,Low,Medium,Missed,1,10,Basic,Cancelled
2052,2024-06-14,2026-01-28,3,High,High,High,On-Time,9,59,Pro,Active
2053,2023-07-01,2026-01-21,10,High,Medium,High,On-Time,8,59,Pro,Active
2054,2025-11-01,2025-09-26,127,Low,Low,Low,Delayed,2,73,Pro,Cancelled
2055,2025-07-19,2025-12-07,55,Low,Low,Low,On-Time,4,27,Basic,Active
2056,2025-01-02,2026-01-26,5,Medium,Medium,Medium,Delayed,8,45,Pro,Active
2057,2024-05-21,2026-01-06,25,High,High,Low,Delayed,7,51,Pro,Active
2058,2024-03-26,2025-12-22,40,Medium,High,Medium,On-Time,8,67,Pro,Active
2059,2024-12-13,2025-12-14,48,Low,Low,Medium,Delayed,7,17,Basic,Active
2060,2024-08-20,2026-01-31,0,High,High,Medium,Delayed,10,46,Pro,Active
2061,2023-03-10,2026-01-01,30,Medium,Medium,Low,On-Time,10,19,Basic,Active
2062,2024-07-15,2025-12-25,37,High,Medium,Medium,Delayed,9,79,Pro,Active
2063,2025-06-02,2025-11-19,73,Medium,Medium,Low,On-Time,6,47,Pro,Active
2064,2024-05-17,2025-10-09,114,Low,Low,Medium,Delayed,4,23,Basic,Active
2065,2023-02-26,2025-12-09,53,Low,Medium,Low,On-Time,5,56,Pro,Active
2066,2025-05-10,2026-01-01,30,High,High,Medium,On-Time,8,60,Pro,Active
2067,2023-08-09,2025-12-03,59,Low,Low,Medium,On-Time,7,17,Basic,Active
2068,2023-10-11,2025-07-25,190,Low,Low,Medium,Delayed,5,17,Basic,Cancelled
2069,2023-06-30,2026-01-03,28,High,High,Medium,On-Time,7,15,Basic,Active
2070,2023-12-28,2025-07-05,210,Low,Low,Low,Delayed,2,26,Basic,Cancelled
2071,2025-04-08,2026-01-27,4,High,Medium,Low,On-Time,9,19,Basic,Active
2072,2024-07-22,2026-01-21,10,High,High,Low,Delayed,7,29,Basic,Active
2073,2023-08-13,2026-01-23,8,Medium,Medium,Low,On-Time,7,69,Pro,Active
2074,2025-08-19,2026-01-03,28,High,High,Medium,On-Time,7,54,Pro,Active
2075,2025-08-21,2026-01-05,26,Medium,High,Medium,On-Time,7,68,Pro,Active
2076,2025-08-11,2026-01-14,17,Medium,High,High,On-Time,7,24,Basic,Active
2077,2023-09-19,2026-01-10,21,Medium,High,Low,On-Time,9,14,Basic,Active
2078,2024-05-09,2026-01-13,18,High,Medium,High,On-Time,9,14,Basic,Active
2079,2025-12-14,2026-01-03,28,Medium,Medium,Low,On-Time,7,14,Basic,Active
2080,2025-04-25,2025-11-23,69,Medium,Low,Medium,Delayed,5,66,Pro,Active
2081,2023-01-30,2026-01-21,10,High,High,High,On-Time,9,14,Basic,Active
2082,2023-03-13,2026-01-13,18,Medium,High,Medium,On-Time,10,10,Basic,Active
2083,2024-05-23,2025-09-03,150,Low,Low,Low,Missed,3,28,Basic,Cancelled
2084,2025-09-22,2025-11-07,85,Medium,Low,Medium,Delayed,5,26,Basic,Active
2085,2024-08-12,2026-01-29,2,Medium,High,Medium,On-Time,8,21,Basic,Active
2086,2024-06-29,2025-05-26,250,Low,Low,High,Missed,5,179,Enterprise,Cancelled
2087,2023-04-26,2026-01-13,18,High,Medium,Low,Delayed,8,12,Basic,Active
2088,2024-12-20,2025-10-16,107,Medium,Low,Medium,Missed,5,161,Enterprise,Active
2089,2025-06-19,2026-01-12,19,High,High,High,On-Time,8,15,Basic,Active
2090,2024-02-21,2026-01-09,22,Medium,Medium,Low,On-Time,10,74,Pro,Active
2091,2025-04-29,2025-08-14,170,Low,Low,Low,Delayed,2,19,Basic,Cancelled
2092,2025-11-22,2025-06-25,220,Low,Low,High,Missed,3,19,Basic,Cancelled
2093,2023-08-12,2026-01-03,28,Medium,High,Low,On-Time,7,17,Basic,Active
2094,2024-07-27,2025-11-25,67,Low,Low,Medium,Delayed,5,21,Basic,Active
2095,2023-11-11,2026-01-30,1,Medium,High,Medium,On-Time,7,29,Basic,Active
2096,2025-05-18,2025-12-14,48,Low,Medium,Low,Missed,6,57,Pro,Active
2097,2024-09-24,2026-01-09,22,High,High,Medium,Delayed,7,11,Basic,Active
2098,2024-11-25,2025-12-31,31,Medium,High,Low,On-Time,8,10,Basic,Active
2099,2025-05-23,2025-06-28,217,Low,Low,Medium,Missed,5,78,Pro,Cancelled
2100,2024-03-09,2026-01-12,19,High,High,Medium,Delayed,10,22,Basic,Active
2101,2025-09-29,2025-12-08,54,Medium,Medium,Low,Delayed,7,21,Basic,Active
2102,2024-08-06,2025-11-04,88,Low,Low,Low,On-Time,6,20,Basic,Active
2103,2023-06-22,2025-12-22,40,High,High,Medium,On-Time,9,13,Basic,Active
2104,2025-02-01,2025-12-29,33,Medium,Medium,Low,On-Time,10,18,Basic,Active
2105,2025-05-18,2026-01-28,3,Medium,Medium,Low,On-Time,8,28,Basic,Active
2106,2023-12-13,2025-11-03,89,Medium,Medium,Low,On-Time,4,14,Basic,Active
2107,2025-07-27,2025-11-29,63,Low,Medium,Medium,Missed,4,28,Basic,Active
2108,2025-09-19,2026-01-25,6,Medium,High,Low,On-Time,8,53,Pro,Active
2109,2023-10-31,2026-01-04,27,High,High,Low,On-Time,8,24,Basic,Active
2110,2025-12-12,2026-01-03,28,High,Medium,Medium,On-Time,7,25,Basic,Active
2111,2023-06-04,2025-12-19,43,High,Medium,Low,On-Time,7,15,Basic,Active
2112,2023-08-10,2026-01-06,25,Medium,High,Medium,Delayed,8,225,Enterprise,Active
2113,2023-07-21,2026-01-10,21,Medium,High,Medium,On-Time,7,73,Pro,Active
2114,2025-09-05,2025-10-05,118,Low,Low,Low,Delayed,5,72,Pro,Active
2115,2024-12-17,2026-01-30,1,High,Medium,Low,Delayed,8,77,Pro,Active
2116,2023-06-16,2026-01-30,1,High,High,Low,On-Time,9,52,Pro,Active
2117,2024-04-27,2025-10-30,93,Low,Low,High,Delayed,5,14,Basic,Active
2118,2024-11-04,2025-12-20,42,High,Medium,Medium,On-Time,9,50,Pro,Active
2119,2023-04-02,2026-01-28,3,High,Medium,Low,On-Time,8,158,Enterprise,Active
2120,2025-08-24,2025-10-22,101,Medium,Low,Low,Delayed,6,15,Basic,Active
2121,2025-05-29,2026-01-11,20,Medium,Medium,Medium,On-Time,7,19,Basic,Active
2122,2024-07-07,2025-09-25,128,Low,Low,Low,Delayed,1,16,Basic,Active
2123,2025-11-25,2026-01-23,8,High,Medium,Low,On-Time,9,15,Basic,Active
2124,2024-04-02,2025-12-23,39,Medium,High,Low,On-Time,8,79,Pro,Active
2125,2025-12-13,2025-11-21,71,Low,Medium,Medium,On-Time,6,79,Pro,Active
2126,2025-01-01,2026-01-11,20,High,Medium,High,On-Time,7,57,Pro,Active
2127,2024-11-25,2025-12-26,36,High,High,Low,On-Time,10,13,Basic,Active
2128,2023-07-01,2026-01-23,8,High,Medium,Low,On-Time,7,72,Pro,Active
2129,2025-08-23,2026-01-04,27,High,Medium,Low,On-Time,9,22,Basic,Active
2130,2024-04-13,2025-10-27,96,Low,Low,Low,On-Time,5,68,Pro,Active
2131,2023-06-27,2026-01-19,12,Medium,Medium,Low,Delayed,7,55,Pro,Active
2132,2023-01-14,2025-12-30,32,High,Medium,Low,On-Time,9,71,Pro,Active
2133,2024-09-04,2026-01-30,1,Medium,High,Low,On-Time,8,25,Basic,Active
2134,2024-07-31,2025-10-25,98,Medium,Medium,Low,Delayed,5,14,Basic,Active
2135,2025-02-26,2025-08-03,181,Low,Low,Low,Delayed,5,25,Basic,Cancelled
2136,2025-09-01,2026-01-30,1,Medium,High,Medium,On-Time,9,71,Pro,Active
2137,2023-03-28,2025-11-26,66,Low,Low,Medium,Missed,4,21,Basic,Active
2138,2025-03-11,2025-11-23,69,Medium,Low,Medium,Delayed,7,159,Enterprise,Active
2139,2023-07-25,2025-11-21,71,Low,Medium,Low,Delayed,5,76,Pro,Active
2140,2025-07-28,2026-01-02,29,High,Medium,Low,On-Time,7,15,Basic,Active
2141,2025-06-15,2026-01-17,14,High,High,Low,On-Time,9,27,Basic,Active
2142,2024-08-15,2025-10-23,100,Low,Medium,Medium,On-Time,4,64,Pro,Active
2143,2025-02-16,2026-01-08,23,High,Medium,Low,On-Time,9,56,Pro,Active
2144,2023-12-11,2025-05-24,252,Low,Low,Low,Delayed,1,15,Basic,Cancelled
2145,2024-05-30,2025-11-08,84,Medium,Medium,Low,Delayed,5,71,Pro,Active
2146,2025-06-18,2026-01-29,2,Medium,High,High,On-Time,7,53,Pro,Active
2147,2024-05-17,2026-01-15,16,High,High,High,On-Time,10,69,Pro,Active
2148,2024-01-27,2025-10-17,106,Low,Low,Medium,Delayed,4,28,Basic,Active
2149,2024-06-25,2025-12-18,44,Medium,Medium,Low,On-Time,7,17,Basic,Active
2150,2025-06-25,2025-12-18,44,High,Medium,Medium,On-Time,10,67,Pro,Active
2151,2024-01-03,2026-01-21,10,Medium,High,Medium,On-Time,10,26,Basic,Active
2152,2023-07-10,2026-01-30,1,Medium,High,Medium,On-Time,7,67,Pro,Active
2153,2025-02-18,2025-09-20,133,Low,Low,High,Delayed,2,59,Pro,Cancelled
2154,2025-06-23,2026-01-09,22,Medium,High,Low,On-Time,7,11,Basic,Active
2155,2023-04-21,2025-12-19,43,High,Medium,High,On-Time,7,43,Pro,Active
2156,2023-09-20,2025-11-26,66,Low,Medium,High,Delayed,4,72,Pro,Active
2157,2023-06-05,2025-12-30,32,Medium,High,Medium,On-Time,10,259,Enterprise,Active
2158,2024-01-16,2026-01-10,21,High,High,Medium,On-Time,7,25,Basic,Active
2159,2024-05-08,2025-07-18,197,Low,Low,Low,Delayed,2,138,Enterprise,Active
2160,2025-03-30,2026-01-08,23,High,Medium,Medium,On-Time,8,12,Basic,Active
2161,2024-12-14,2026-01-17,14,High,Medium,Medium,On-Time,7,27,Basic,Active
2162,2024-11-10,2025-10-12,111,Medium,Low,Low,On-Time,6,61,Pro,Active
2163,2024-01-21,2026-01-26,5,High,Medium,Low,On-Time,7,48,Pro,Active
2164,2025-07-10,2025-04-30,276,Low,Low,Medium,Missed,3,54,Pro,Cancelled
2165,2024-05-31,2026-01-11,20,High,High,High,On-Time,7,27,Basic,Active
2166,2025-12-08,2026-01-25,6,High,Medium,Low,On-Time,8,23,Basic,Active
2167,2024-11-25,2026-01-31,0,Medium,High,Low,On-Time,9,57,Pro,Active
2168,2023-05-19,2026-01-25,6,High,High,Medium,On-Time,8,24,Basic,Active
2169,2025-01-10,2025-12-01,61,Medium,Low,Low,Delayed,5,26,Basic,Active
2170,2023-12-22,2025-12-25,37,High,Medium,High,On-Time,7,129,Enterprise,Active
2171,2025-01-21,2025-12-30,32,Medium,High,Medium,Delayed,7,165,Enterprise,Active
2172,2023-03-18,2026-01-25,6,Medium,Medium,High,On-Time,9,42,Pro,Active
2173,2023-07-11,2025-12-20,42,Medium,High,Medium,On-Time,10,18,Basic,Active
2174,2025-07-26,2025-12-23,39,High,Medium,Medium,On-Time,8,292,Enterprise,Active
2175,2023-09-06,2026-01-16,15,Medium,Medium,Low,On-Time,10,10,Basic,Active
2176,2025-07-05,2025-05-13,263,Low,Low,Low,Missed,1,25,Basic,Active
2177,2023-11-02,2026-01-28,3,Medium,High,Low,Delayed,7,45,Pro,Active
2178,2024-12-04,2026-01-13,18,Medium,Medium,High,On-Time,7,17,Basic,Active
2179,2025-01-30,2025-12-27,35,High,Medium,Medium,On-Time,8,54,Pro,Active
2180,2024-07-15,2025-10-31,92,Low,Low,Low,On-Time,5,21,Basic,Active
2181,2023-12-01,2026-01-01,30,Medium,Medium,Low,On-Time,7,27,Basic,Active
2182,2023-08-21,2026-01-02,29,High,High,Low,On-Time,9,20,Basic,Active
2183,2023-02-06,2025-12-20,42,Medium,Medium,Medium,On-Time,9,13,Basic,Active
2184,2023-11-29,2026-01-06,25,Medium,High,Low,On-Time,9,28,Basic,Active
2185,2024-12-16,2025-12-12,50,Low,Medium,Low,Delayed,7,25,Basic,Active
2186,2025-10-24,2026-01-03,28,High,Medium,Medium,On-Time,9,23,Basic,Active
2187,2025-08-11,2026-01-16,15,High,Medium,Low,On-Time,8,265,Enterprise,Active
2188,2025-04-18,2025-05-05,271,Low,Low,Low,Missed,2,16,Basic,Cancelled
2189,2025-05-13,2025-12-20,42,High,Medium,Low,On-Time,7,14,Basic,Active
2190,2024-12-29,2025-12-24,38,Medium,High,High,On-Time,8,26,Basic,Active
2191,2023-10-13,2025-12-24,38,Medium,Medium,Low,On-Time,7,21,Basic,Active
2192,2025-09-20,2026-01-01,30,Medium,High,Medium,On-Time,8,22,Basic,Active
2193,2025-01-04,2025-12-25,37,High,High,Medium,On-Time,9,18,Basic,Active
2194,2024-09-05,2026-01-08,23,Medium,Medium,Medium,On-Time,9,27,Basic,Active
2195,2023-05-02,2026-01-04,27,Medium,Medium,Low,On-Time,8,56,Pro,Active
2196,2024-05-04,2026-01-05,26,High,High,Low,Delayed,8,29,Basic,Active
2197,2024-05-19,2025-12-12,50,Low,Medium,Low,On-Time,4,40,Pro,Active
2198,2025-08-04,2025-12-23,39,Medium,High,Low,On-Time,7,49,Pro,Active
2199,2024-08-21,2026-01-31,0,Medium,Medium,Low,On-Time,10,126,Enterprise,Active
2200,2024-02-21,2026-01-16,15,Medium,Medium,Low,Delayed,10,11,Basic,Active
2201,2025-12-05,2025-12-23,39,High,Medium,Low,On-Time,9,169,Enterprise,Active
2202,2023-05-02,2025-12-24,38,High,Medium,Low,Delayed,10,71,Pro,Active
2203,2024-04-07,2025-12-03,59,Low,Medium,Medium,On-Time,5,17,Basic,Active
2204,2023-02-16,2025-11-03,89,Low,Medium,High,On-Time,7,24,Basic,Active
2205,2025-03-21,2025-11-02,90,Medium,Low,Low,On-Time,6,54,Pro,Active
2206,2025-10-02,2025-06-06,239,Low,Low,Low,Delayed,3,69,Pro,Active
2207,2023-11-03,2026-01-13,18,High,Medium,Low,Delayed,8,13,Basic,Active
2208,2025-07-28,2025-12-31,31,High,Medium,Low,On-Time,10,203,Enterprise,Active
2209,2023-11-16,2026-01-15,16,Medium,High,Low,On-Time,7,16,Basic,Active
2210,2025-09-24,2025-12-27,35,High,Medium,Low,On-Time,10,45,Pro,Active
2211,2025-04-05,2026-01-04,27,High,High,High,On-Time,10,200,Enterprise,Active
2212,2025-05-31,2026-01-31,0,Medium,Medium,Medium,On-Time,9,24,Basic,Active
2213,2023-01-20,2025-10-11,112,Medium,Low,High,On-Time,5,26,Basic,Active
2214,2025-11-20,2025-12-06,56,Medium,Low,Low,Delayed,4,51,Pro,Active
2215,2025-03-06,2025-11-08,84,Medium,Low,High,Delayed,6,78,Pro,Active
2216,2023-11-30,2025-12-06,56,Medium,Low,Medium,Delayed,6,78,Pro,Active
2217,2025-06-27,2025-10-26,97,Low,Medium,High,Delayed,5,16,Basic,Active
2218,2023-11-05,2025-11-03,89,Medium,Medium,Low,Delayed,6,41,Pro,Active
2219,2025-08-13,2025-12-07,55,Low,Low,Medium,Missed,6,16,Basic,Active
2220,2023-05-04,2026-01-21,10,High,High,Medium,Delayed,10,10,Basic,Active
2221,2025-02-09,2026-01-01,30,Medium,Medium,Medium,On-Time,8,23,Basic,Active
2222,2024-08-15,2026-01-05,26,High,Medium,Medium,On-Time,10,58,Pro,Active
2223,2023-04-16,2025-11-13,79,Low,Low,Medium,Missed,6,201,Enterprise,Active
2224,2023-09-22,2026-01-29,2,High,Medium,High,On-Time,10,19,Basic,Active
2225,2023-01-14,2026-01-14,17,High,Medium,Medium,On-Time,8,17,Basic,Active
2226,2024-05-28,2025-10-05,118,Low,Low,High,Delayed,6,13,Basic,Active
2227,2023-11-26,2025-10-24,99,Low,Low,Low,Delayed,6,17,Basic,Active
2228,2024-10-17,2025-11-13,79,Low,Medium,Medium,Missed,4,29,Basic,Active
2229,2023-11-22,2026-01-23,8,High,Medium,Low,On-Time,7,28,Basic,Active
2230,2023-11-25,2025-10-22,101,Low,Low,Low,On-Time,6,21,Basic,Active
2231,2025-03-24,2025-12-29,33,Medium,High,High,On-Time,8,253,Enterprise,Active
2232,2023-02-22,2026-01-07,24,Medium,Medium,High,On-Time,9,10,Basic,Active
2233,2025-09-15,2025-11-18,74,Low,Low,Medium,Delayed,7,17,Basic,Active
2234,2025-07-22,2026-01-16,15,Medium,High,Medium,On-Time,7,29,Basic,Active
2235,2025-01-01,2025-10-17,106,Low,Low,Low,Missed,5,29,Basic,Active
2236,2024-10-11,2026-01-17,14,High,High,Low,Delayed,10,29,Basic,Active
2237,2025-09-04,2026-01-31,0,Medium,High,Medium,On-Time,7,12,Basic,Active
2238,2023-07-22,2026-01-31,0,High,Medium,Low,On-Time,7,11,Basic,Active
2239,2023-03-28,2025-11-01,91,Low,Low,Low,Missed,6,64,Pro,Active
2240,2023-09-20,2025-11-28,64,Medium,Medium,Low,Delayed,7,15,Basic,Active
2241,2025-05-20,2025-08-30,154,Low,Low,Low,Missed,2,28,Basic,Cancelled
2242,2023-02-07,2026-01-25,6,High,High,Low,Delayed,7,66,Pro,Active
2243,2024-09-30,2026-01-15,16,High,Medium,Low,On-Time,7,25,Basic,Active
2244,2025-12-26,2026-01-20,11,Medium,High,High,On-Time,10,22,Basic,Active
2245,2025-07-25,2026-01-17,14,Medium,High,High,On-Time,10,42,Pro,Active
2246,2024-07-24,2026-01-24,7,High,High,Low,On-Time,10,61,Pro,Active
2247,2023-03-11,2026-01-22,9,High,Medium,Medium,On-Time,9,25,Basic,Active
2248,2025-06-29,2026-01-02,29,Medium,High,Low,Delayed,10,70,Pro,Active
2249,2024-10-17,2025-06-04,241,Low,Low,Medium,Missed,2,24,Basic,Active
2250,2023-05-06,2025-12-27,35,High,High,Low,Delayed,7,22,Basic,Active
2251,2023-04-13,2026-01-18,13,Medium,Medium,Medium,On-Time,9,64,Pro,Active
2252,2025-09-23,2026-01-09,22,High,High,Medium,On-Time,7,17,Basic,Active
2253,2025-01-02,2026-01-25,6,Medium,Medium,Low,Delayed,10,26,Basic,Active
2254,2025-06-27,2026-01-17,14,High,High,Medium,On-Time,8,10,Basic,Active
2255,2025-08-20,2025-12-21,41,Medium,High,Medium,On-Time,10,21,Basic,Active
2256,2024-09-18,2025-12-30,32,High,High,Medium,On-Time,9,16,Basic,Active
2257,2024-07-20,2026-01-04,27,High,Medium,Low,On-Time,7,72,Pro,Active
2258,2024-04-16,2025-10-27,96,Low,Low,Medium,Delayed,7,22,Basic,Active
2259,2023-12-14,2026-01-23,8,High,High,Low,Delayed,10,22,Basic,Active
2260,2024-04-20,2025-09-15,138,Low,Low,High,Delayed,5,21,Basic,Cancelled
2261,2025-04-27,2025-12-21,41,Medium,Medium,High,On-Time,10,19,Basic,Active
2262,2024-10-21,2026-01-13,18,High,Medium,Low,On-Time,10,161,Enterprise,Active
2263,2025-09-04,2025-10-08,115,Low,Low,Medium,Delayed,4,17,Basic,Active
2264,2024-04-30,2026-01-01,30,High,Medium,Low,On-Time,9,27,Basic,Active
2265,2024-10-26,2026-01-24,7,Medium,High,High,On-Time,7,51,Pro,Active
2266,2024-11-22,2026-01-14,17,High,Medium,Low,On-Time,9,44,Pro,Active
2267,2024-10-09,2026-01-09,22,High,High,Low,On-Time,10,62,Pro,Active
2268,2025-02-08,2026-01-26,5,Medium,Medium,Low,On-Time,7,26,Basic,Active
2269,2023-09-17,2025-12-20,42,High,High,Medium,Delayed,8,13,Basic,Active
2270,2024-07-15,2026-01-06,25,High,Medium,Low,On-Time,9,24,Basic,Active
2271,2023-04-25,2025-12-06,56,Medium,Low,Medium,Delayed,4,290,Enterprise,Active
2272,2024-02-26,2025-05-15,261,Low,Low,Medium,Delayed,3,48,Pro,Cancelled
2273,2024-06-17,2025-12-22,40,Medium,Medium,Low,On-Time,7,68,Pro,Active
2274,2024-12-15,2025-05-11,265,Low,Low,Medium,Delayed,2,10,Basic,Cancelled
2275,2025-11-06,2025-06-23,222,Low,Low,Low,Delayed,4,29,Basic,Cancelled
2276,2024-10-19,2025-10-22,101,Low,Low,High,On-Time,7,27,Basic,Active
2277,2025-03-25,2026-01-06,25,Medium,High,Low,On-Time,10,79,Pro,Active
2278,2024-07-08,2026-01-15,16,High,High,High,On-Time,10,299,Enterprise,Active
2279,2024-11-25,2025-09-22,131,Low,Low,Medium,Missed,4,74,Pro,Cancelled
2280,2023-03-19,2025-12-03,59,Low,Low,Medium,Missed,5,78,Pro,Active
2281,2023-10-06,2026-01-24,7,Medium,Medium,Low,On-Time,10,62,Pro,Active
2282,2024-02-01,2025-10-22,101,Medium,Low,Low,Delayed,7,26,Basic,Active
2283,2024-06-01,2026-01-13,18,High,Medium,Low,On-Time,9,56,Pro,Active
2284,2023-02-19,2026-01-14,17,Medium,Medium,Low,On-Time,7,61,Pro,Active
2285,2023-06-03,2026-01-14,17,High,Medium,Low,On-Time,9,26,Basic,Active
2286,2023-10-31,2025-11-30,62,Medium,Low,Low,Missed,7,41,Pro,Active
2287,2025-11-29,2026-01-05,26,Medium,High,Low,Delayed,8,21,Basic,Active
2288,2023-12-29,2026-01-16,15,Medium,Medium,Low,On-Time,7,73,Pro,Active
2289,2024-06-11,2026-01-26,5,High,Medium,High,On-Time,8,18,Basic,Active
2290,2023-08-03,2025-10-30,93,Medium,Low,Medium,Delayed,7,10,Basic,Active
2291,2024-10-30,2026-01-06,25,Medium,High,Medium,On-Time,9,49,Pro,Active
2292,2023-11-04,2026-01-02,29,High,High,Low,On-Time,7,43,Pro,Active
2293,2023-08-15,2026-01-08,23,High,High,Low,Delayed,8,72,Pro,Active
2294,2024-07-19,2025-12-26,36,High,High,Medium,On-Time,8,18,Basic,Active
2295,2023-01-07,2025-12-20,42,High,High,Medium,On-Time,8,169,Enterprise,Active
2296,2023-01-09,2025-12-18,44,Medium,Medium,Medium,Delayed,7,47,Pro,Active
2297,2023-08-28,2026-01-01,30,Medium,Medium,Medium,On-Time,9,24,Basic,Active
2298,2023-02-10,2025-09-10,143,Low,Low,Low,Missed,4,27,Basic,Cancelled
2299,2023-04-29,2026-01-31,0,High,High,High,Delayed,9,29,Basic,Active
2300,2024-01-07,2026-01-20,11,High,High,Medium,On-Time,8,23,Basic,Active
2301,2025-05-28,2026-01-25,6,Medium,High,Low,On-Time,10,64,Pro,Active
2302,2024-09-18,2025-11-11,81,Medium,Low,Low,Delayed,4,11,Basic,Active
2303,2024-07-15,2025-10-19,104,Medium,Medium,Low,Delayed,4,13,Basic,Active
2304,2023-11-18,2026-01-28,3,High,Medium,Low,On-Time,9,26,Basic,Active
2305,2025-10-17,2026-01-08,23,Medium,Medium,Medium,On-Time,8,58,Pro,Active
2306,2024-03-10,2026-01-19,12,Medium,Medium,Low,On-Time,8,16,Basic,Active
2307,2023-04-06,2026-01-19,12,High,High,Low,On-Time,9,28,Basic,Active
2308,2024-11-06,2026-01-08,23,High,Medium,Medium,On-Time,10,139,Enterprise,Active
2309,2023-05-05,2026-01-11,20,High,Medium,Low,On-Time,9,19,Basic,Active
2310,2024-01-14,2025-12-18,44,High,High,Low,On-Time,10,19,Basic,Active
2311,2024-07-09,2025-04-20,286,Low,Low,Medium,Delayed,5,12,Basic,Cancelled
2312,2025-08-15,2026-01-01,30,Medium,Medium,Low,On-Time,8,15,Basic,Active
2313,2024-06-24,2026-01-13,18,High,High,Low,On-Time,10,24,Basic,Active
2314,2025-02-07,2025-10-27,96,Medium,Low,High,Delayed,4,50,Pro,Active
2315,2025-12-23,2026-01-24,7,Medium,Medium,Medium,On-Time,10,13,Basic,Active
2316,2023-05-24,2026-01-24,7,High,High,Low,On-Time,10,62,Pro,Active
2317,2023-10-28,2025-10-22,101,Low,Low,Medium,Delayed,4,74,Pro,Active
2318,2024-03-08,2026-01-06,25,High,Medium,Low,On-Time,7,16,Basic,Active
2319,2024-04-06,2025-12-23,39,High,Medium,Low,On-Time,8,204,Enterprise,Active
2320,2024-03-26,2025-10-04,119,Low,Low,Medium,Delayed,4,26,Basic,Active
2321,2025-09-20,2025-04-16,290,Low,Low,Low,Missed,4,27,Basic,Cancelled
2322,2025-02-20,2025-06-26,219,Low,Low,High,Delayed,4,12,Basic,Cancelled
2323,2024-10-27,2026-01-29,2,High,Medium,Low,On-Time,8,27,Basic,Active
2324,2023-12-05,2025-05-02,274,Low,Low,Medium,Missed,1,20,Basic,Cancelled
2325,2025-06-21,2025-06-08,237,Low,Low,Low,Missed,1,17,Basic,Active
2326,2025-11-11,2025-12-19,43,High,Medium,Medium,On-Time,9,147,Enterprise,Active
2327,2025-06-18,2025-08-02,182,Low,Low,Low,Delayed,3,51,Pro,Cancelled
2328,2023-01-02,2026-01-13,18,High,High,Low,On-Time,8,12,Basic,Active
2329,2024-11-27,2025-10-30,93,Low,Low,Medium,Delayed,4,271,Enterprise,Active
2330,2023-02-25,2025-12-26,36,High,High,High,On-Time,10,18,Basic,Active
2331,2023-10-10,2026-01-29,2,High,Medium,High,On-Time,9,24,Basic,Active
2332,2023-03-07,2025-10-23,100,Medium,Low,Low,On-Time,5,29,Basic,Active
2333,2024-10-23,2025-12-18,44,High,High,Medium,On-Time,10,74,Pro,Active
2334,2025-01-21,2026-01-19,12,Medium,Medium,Medium,On-Time,10,44,Pro,Active
2335,2023-05-06,2026-01-20,11,Medium,Medium,Low,On-Time,8,52,Pro,Active
2336,2024-02-25,2026-01-08,23,High,Medium,Low,On-Time,7,45,Pro,Active
2337,2024-05-14,2025-12-27,35,Medium,High,Low,On-Time,7,57,Pro,Active
2338,2024-02-09,2025-12-29,33,Medium,Medium,Low,On-Time,8,28,Basic,Active
2339,2023-05-13,2025-07-12,203,Low,Low,Medium,Delayed,2,270,Enterprise,Cancelled
2340,2024-04-03,2026-01-11,20,High,High,Low,On-Time,7,23,Basic,Active
2341,2025-04-02,2026-01-02,29,High,Medium,Low,Delayed,7,58,Pro,Active
2342,2023-03-19,2026-01-18,13,High,High,Low,On-Time,10,75,Pro,Active
2343,2023-03-29,2025-12-22,40,High,Medium,Medium,On-Time,7,72,Pro,Active
2344,2024-01-24,2026-01-03,28,Medium,Medium,Low,On-Time,8,69,Pro,Active
2345,2025-10-28,2026-01-27,4,High,Medium,Low,On-Time,10,15,Basic,Active
2346,2025-01-02,2025-12-23,39,High,High,Medium,On-Time,8,71,Pro,Active
2347,2025-01-13,2025-07-21,194,Low,Low,Medium,Missed,4,23,Basic,Cancelled
2348,2024-02-01,2025-12-16,46,Medium,Low,Low,Delayed,6,11,Basic,Active
2349,2024-10-12,2026-01-14,17,High,Medium,High,On-Time,10,26,Basic,Active
2350,2023-01-12,2026-01-16,15,Medium,High,Medium,On-Time,8,13,Basic,Active
2351,2024-11-27,2025-12-18,44,Medium,Medium,Medium,On-Time,9,18,Basic,Active
2352,2025-09-27,2026-01-05,26,Medium,Medium,Medium,Delayed,8,52,Pro,Active
2353,2024-11-01,2025-12-29,33,High,High,Low,Delayed,8,28,Basic,Active
2354,2025-08-14,2025-12-23,39,High,Medium,Low,On-Time,8,25,Basic,Active
2355,2025-03-03,2026-01-11,20,High,High,High,On-Time,9,58,Pro,Active
2356,2023-05-13,2025-12-27,35,High,Medium,Low,On-Time,9,41,Pro,Active
2357,2025-09-15,2026-01-02,29,High,Medium,Medium,On-Time,10,73,Pro,Active
2358,2023-03-14,2025-08-16,168,Low,Low,Low,Delayed,2,75,Pro,Cancelled
2359,2024-08-07,2025-12-18,44,High,Medium,Low,On-Time,8,60,Pro,Active
2360,2023-06-05,2025-12-30,32,High,Medium,Low,On-Time,10,61,Pro,Active
2361,2023-01-13,2025-12-11,51,Low,Medium,Medium,On-Time,6,70,Pro,Active
2362,2024-04-07,2026-01-25,6,High,Medium,Medium,On-Time,8,18,Basic,Active
2363,2023-11-20,2025-11-21,71,Medium,Low,Low,Delayed,6,27,Basic,Active
2364,2024-06-16,2026-01-17,14,High,High,Medium,On-Time,8,14,Basic,Active
2365,2024-09-24,2025-12-31,31,High,High,Low,On-Time,8,65,Pro,Active
2366,2023-02-17,2026-01-08,23,High,Medium,Medium,On-Time,8,24,Basic,Active
2367,2023-05-15,2025-12-23,39,High,Medium,Medium,Delayed,9,23,Basic,Active
2368,2024-09-03,2025-11-29,63,Low,Medium,Low,Missed,5,186,Enterprise,Active
2369,2024-01-11,2025-10-18,105,Low,Low,Medium,Delayed,4,26,Basic,Active
2370,2025-03-09,2025-05-10,266,Low,Low,Low,Missed,5,63,Pro,Cancelled
2371,2024-12-15,2025-12-31,31,Medium,High,High,On-Time,9,59,Pro,Active
2372,2025-07-14,2025-12-23,39,Medium,Medium,Low,On-Time,10,14,Basic,Active
2373,2025-01-28,2025-08-21,163,Low,Low,Low,Missed,3,10,Basic,Cancelled
2374,2024-04-15,2025-12-26,36,Medium,Medium,Medium,On-Time,9,56,Pro,Active
2375,2025-01-06,2026-01-08,23,High,High,Medium,On-Time,8,72,Pro,Active
2376,2023-10-29,2026-01-16,15,High,Medium,High,On-Time,8,20,Basic,Active
2377,2023-12-02,2026-01-11,20,High,High,Low,On-Time,9,56,Pro,Active
2378,2025-05-13,2025-12-19,43,High,Medium,Medium,On-Time,7,46,Pro,Active
2379,2024-05-03,2026-01-27,4,High,High,Low,On-Time,9,289,Enterprise,Active
2380,2025-05-24,2026-01-11,20,High,Medium,Low,On-Time,9,74,Pro,Active
2381,2025-06-19,2025-09-01,152,Low,Low,Medium,Missed,3,22,Basic,Cancelled
2382,2025-07-28,2025-12-01,61,Medium,Low,High,Delayed,4,55,Pro,Active
2383,2025-09-30,2025-12-20,42,Medium,Medium,Medium,On-Time,9,11,Basic,Active
2384,2024-04-16,2025-12-19,43,Medium,Medium,Medium,On-Time,9,14,Basic,Active
2385,2023-12-16,2025-08-16,168,Low,Low,Medium,Missed,1,45,Pro,Cancelled
2386,2024-09-29,2025-12-20,42,High,Medium,Medium,On-Time,9,202,Enterprise,Active
2387,2024-02-11,2026-01-15,16,High,High,Medium,On-Time,10,67,Pro,Active
2388,2024-10-20,2025-11-23,69,Low,Low,High,Delayed,7,57,Pro,Active
2389,2025-02-11,2025-12-28,34,Medium,High,Low,On-Time,9,23,Basic,Active
2390,2025-01-23,2026-01-10,21,High,Medium,Low,On-Time,7,18,Basic,Active
2391,2024-02-15,2025-08-26,158,Low,Low,Medium,Missed,1,56,Pro,Cancelled
2392,2023-07-02,2026-01-10,21,High,Medium,Medium,On-Time,8,27,Basic,Active
2393,2024-04-16,2025-11-15,77,Medium,Low,Medium,Delayed,6,75,Pro,Active
2394,2023-06-06,2025-10-20,103,Low,Low,Low,Delayed,6,14,Basic,Active
2395,2025-09-01,2025-12-23,39,High,High,Low,On-Time,10,24,Basic,Active
2396,2024-01-14,2026-01-11,20,High,Medium,High,On-Time,7,14,Basic,Active
2397,2023-06-19,2025-11-16,76,Medium,Medium,Low,On-Time,7,11,Basic,Active
2398,2023-01-28,2025-06-29,216,Low,Low,Low,Missed,4,42,Pro,Cancelled
2399,2024-12-08,2025-12-01,61,Low,Low,Low,Missed,4,28,Basic,Active
2400,2024-11-28,2026-01-12,19,High,High,High,Delayed,8,15,Basic,Active
2401,2024-01-08,2026-01-26,5,Medium,High,Low,On-Time,9,10,Basic,Active
2402,2023-03-20,2026-01-21,10,Medium,High,Medium,On-Time,9,53,Pro,Active
2403,2024-03-24,2026-01-30,1,High,Medium,Medium,On-Time,9,48,Pro,Active
2404,2023-12-07,2025-07-09,206,Low,Low,Medium,Missed,3,44,Pro,Cancelled
2405,2025-01-11,2026-01-23,8,High,Medium,Low,On-Time,8,19,Basic,Active
2406,2024-10-25,2025-05-06,270,Low,Low,Low,Delayed,3,11,Basic,Active
2407,2024-02-04,2026-01-05,26,High,Medium,Medium,Delayed,7,13,Basic,Active
2408,2023-08-27,2026-01-31,0,High,Medium,Medium,On-Time,10,40,Pro,Active
2409,2025-12-17,2025-11-19,73,Low,Low,Low,Missed,6,27,Basic,Active
2410,2024-05-12,2026-01-24,7,Medium,High,Low,On-Time,7,16,Basic,Active
2411,2025-01-23,2025-12-14,48,Low,Low,Low,Delayed,6,27,Basic,Active
2412,2023-06-03,2025-04-07,299,Low,Low,Low,Missed,2,56,Pro,Cancelled
2413,2024-06-15,2025-12-19,43,Medium,High,Medium,On-Time,10,51,Pro,Active
2414,2023-01-31,2025-06-09,236,Low,Low,Low,Missed,2,24,Basic,Cancelled
2415,2024-07-07,2026-01-16,15,High,High,Medium,On-Time,10,250,Enterprise,Active
2416,2025-11-21,2026-01-06,25,High,High,Low,Delayed,8,21,Basic,Active
2417,2024-02-25,2025-11-11,81,Low,Medium,Medium,On-Time,5,17,Basic,Active
2418,2023-02-12,2026-01-20,11,High,Medium,Low,Delayed,9,53,Pro,Active
2419,2023-02-03,2026-01-17,14,High,Medium,Low,On-Time,10,23,Basic,Active
2420,2024-02-29,2025-11-29,63,Low,Low,Medium,On-Time,4,254,Enterprise,Active
2421,2023-06-25,2025-11-11,81,Medium,Low,Low,Delayed,6,47,Pro,Active
2422,2023-01-26,2025-11-26,66,Low,Low,Medium,On-Time,7,51,Pro,Active
2423,2025-04-08,2025-12-31,31,High,High,Medium,Delayed,9,67,Pro,Active
2424,2024-05-17,2026-01-02,29,High,High,Low,On-Time,8,45,Pro,Active
2425,2023-11-13,2025-12-23,39,High,Medium,Low,On-Time,8,76,Pro,Active
2426,2025-09-12,2026-01-17,14,High,Medium,Low,On-Time,8,28,Basic,Active
2427,2023-05-08,2026-01-25,6,Medium,Medium,Medium,On-Time,8,19,Basic,Active
2428,2025-11-12,2026-01-21,10,Medium,High,Low,On-Time,8,11,Basic,Active
2429,2023-12-10,2025-12-29,33,High,High,Medium,On-Time,9,60,Pro,Active
2430,2025-08-30,2026-01-31,0,High,High,Medium,On-Time,9,15,Basic,Active
2431,2024-10-22,2026-01-18,13,High,High,Low,On-Time,8,15,Basic,Active
2432,2025-06-24,2026-01-08,23,Medium,High,Medium,Delayed,7,26,Basic,Active
2433,2025-12-13,2025-12-18,44,High,Medium,High,On-Time,7,148,Enterprise,Active
2434,2023-11-12,2025-08-05,179,Low,Low,Low,Delayed,2,74,Pro,Cancelled
2435,2025-11-18,2026-01-04,27,High,High,Low,On-Time,7,27,Basic,Active
2436,2024-03-02,2025-12-27,35,Medium,Medium,Medium,On-Time,10,11,Basic,Active
2437,2024-02-27,2026-01-25,6,High,High,High,On-Time,7,29,Basic,Active
2438,2024-01-08,2026-01-20,11,High,High,High,On-Time,8,48,Pro,Active
2439,2024-08-15,2025-12-22,40,High,High,Low,On-Time,7,18,Basic,Active
2440,2023-06-18,2026-01-02,29,Medium,Medium,Medium,On-Time,7,27,Basic,Active
2441,2024-08-29,2026-01-12,19,Medium,High,Medium,On-Time,9,42,Pro,Active
2442,2024-08-16,2026-01-12,19,High,High,Medium,Delayed,7,14,Basic,Active
2443,2025-04-14,2026-01-12,19,Medium,High,Medium,On-Time,10,23,Basic,Active
2444,2025-07-01,2025-12-26,36,High,Medium,Low,On-Time,9,26,Basic,Active
2445,2024-04-27,2025-10-06,117,Low,Medium,Medium,On-Time,6,47,Pro,Active
2446,2023-11-28,2026-01-22,9,High,High,Medium,On-Time,7,224,Enterprise,Active
2447,2023-10-11,2026-01-01,30,Medium,Medium,Medium,On-Time,10,25,Basic,Active
2448,2023-08-02,2026-01-13,18,High,Medium,Low,On-Time,10,57,Pro,Active
2449,2023-03-05,2026-01-20,11,High,High,Low,On-Time,9,53,Pro,Active
2450,2024-01-10,2026-01-14,17,High,Medium,Medium,On-Time,8,22,Basic,Active
2451,2023-10-23,2025-08-04,180,Low,Low,Low,Missed,1,11,Basic,Cancelled
2452,2025-11-24,2025-12-24,38,High,Medium,Low,On-Time,10,27,Basic,Active
2453,2024-09-02,2026-01-17,14,High,High,Medium,Delayed,7,71,Pro,Active
2454,2024-01-16,2025-12-20,42,Medium,Medium,Medium,On-Time,8,10,Basic,Active
2455,2024-09-27,2025-12-29,33,High,Medium,Medium,On-Time,8,13,Basic,Active
2456,2023-06-02,2025-12-31,31,High,Medium,High,On-Time,8,29,Basic,Active
2457,2024-05-01,2026-01-29,2,Medium,High,Low,On-Time,9,159,Enterprise,Active
2458,2024-11-16,2025-08-13,171,Low,Low,Low,Delayed,4,54,Pro,Cancelled
2459,2024-06-19,2025-12-11,51,Low,Low,Low,Delayed,7,142,Enterprise,Active
2460,2024-03-15,2025-05-15,261,Low,Low,Low,Missed,4,125,Enterprise,Cancelled
2461,2025-12-24,2026-01-07,24,Medium,High,Medium,On-Time,7,50,Pro,Active
2462,2025-08-21,2025-07-10,205,Low,Low,Medium,Missed,2,58,Pro,Cancelled
2463,2024-11-13,2026-01-17,14,High,High,Low,Delayed,8,62,Pro,Active
2464,2024-09-15,2025-08-03,181,Low,Low,Low,Missed,2,269,Enterprise,Active
2465,2024-11-10,2026-01-23,8,High,High,Medium,On-Time,9,51,Pro,Active
2466,2023-08-09,2025-10-29,94,Low,Low,Low,Missed,5,23,Basic,Active
2467,2024-03-08,2026-01-31,0,Medium,High,Medium,On-Time,10,10,Basic,Active
2468,2023-02-13,2026-01-23,8,High,High,Low,On-Time,9,65,Pro,Active
2469,2024-06-04,2025-12-20,42,High,High,Medium,On-Time,7,20,Basic,Active
2470,2024-08-17,2026-01-14,17,Medium,High,Low,On-Time,9,74,Pro,Active
2471,2023-09-07,2026-01-06,25,High,High,Low,On-Time,9,177,Enterprise,Active
2472,2025-11-21,2026-01-08,23,High,Medium,Low,On-Time,9,11,Basic,Active
2473,2025-09-22,2025-12-13,49,Medium,Low,Low,Delayed,4,28,Basic,Active
2474,2025-03-01,2026-01-23,8,Medium,Medium,Medium,On-Time,10,262,Enterprise,Active
2475,2024-08-07,2025-04-24,282,Low,Low,Low,Missed,1,29,Basic,Active
2476,2025-08-10,2026-01-29,2,Medium,Medium,High,On-Time,8,17,Basic,Active
2477,2023-05-24,2026-01-21,10,Medium,Medium,Medium,On-Time,7,23,Basic,Active
2478,2025-05-15,2026-01-14,17,High,High,Low,On-Time,10,57,Pro,Active
2479,2023-05-17,2025-12-11,51,Medium,Medium,Low,Delayed,5,26,Basic,Active
2480,2025-05-19,2026-01-16,15,Medium,Medium,Low,On-Time,10,55,Pro,Active
2481,2023-10-29,2025-12-31,31,High,Medium,Low,On-Time,8,15,Basic,Active
2482,2025-08-18,2025-12-05,57,Low,Low,Medium,Delayed,6,17,Basic,Active
2483,2025-10-30,2025-08-27,157,Low,Low,Low,Missed,2,45,Pro,Cancelled
2484,2023-06-12,2026-01-14,17,Medium,High,Medium,On-Time,8,17,Basic,Active
2485,2024-05-21,2025-12-21,41,Medium,Medium,Medium,On-Time,10,16,Basic,Active
2486,2025-12-10,2026-01-17,14,High,High,Medium,On-Time,10,29,Basic,Active
2487,2024-06-13,2025-05-17,259,Low,Low,Medium,Delayed,1,52,Pro,Cancelled
2488,2025-08-03,2026-01-13,18,High,Medium,Medium,Delayed,9,27,Basic,Active
2489,2024-10-06,2026-01-09,22,Medium,High,Medium,On-Time,9,24,Basic,Active
2490,2024-02-15,2026-01-17,14,Medium,Medium,High,On-Time,9,14,Basic,Active
2491,2023-11-09,2025-10-25,98,Low,Low,Medium,On-Time,4,28,Basic,Active
2492,2023-08-11,2025-12-16,46,Medium,Medium,Low,Delayed,5,10,Basic,Active
2493,2025-04-14,2026-01-28,3,High,High,Low,On-Time,8,24,Basic,Active
2494,2024-02-28,2026-01-31,0,Medium,Medium,Low,On-Time,7,61,Pro,Active
2495,2024-07-13,2025-12-31,31,High,High,Low,Delayed,10,24,Basic,Active
2496,2024-06-23,2026-01-30,1,High,High,Low,On-Time,9,70,Pro,Active
2497,2024-09-24,2026-01-10,21,Medium,High,Low,On-Time,9,24,Basic,Active
2498,2025-08-05,2025-12-19,43,High,Medium,Medium,On-Time,8,42,Pro,Active
2499,2025-12-09,2026-01-12,19,High,High,Low,On-Time,9,19,Basic,Active
2500,2024-03-22,2026-01-12,19,Medium,High,Low,On-Time,9,10,Basic,Active
2501,2025-06-25,2025-11-06,86,Medium,Medium,Low,Missed,7,22,Basic,Active
2502,2025-04-17,2026-01-13,18,Medium,Medium,Medium,On-Time,8,26,Basic,Active
2503,2024-09-20,2025-09-21,132,Low,Low,Medium,Missed,1,25,Basic,Cancelled
2504,2025-11-12,2026-01-08,23,Medium,High,High,On-Time,8,70,Pro,Active
2505,2023-08-08,2026-01-23,8,High,Medium,Medium,On-Time,10,172,Enterprise,Active
2506,2023-04-30,2025-12-11,51,Low,Low,Low,Delayed,7,25,Basic,Active
2507,2025-07-24,2025-10-08,115,Low,Medium,Low,Delayed,6,21,Basic,Active
2508,2024-04-25,2026-01-09,22,High,Medium,Low,On-Time,8,59,Pro,Active
2509,2025-07-16,2025-05-19,257,Low,Low,Low,Missed,2,25,Basic,Cancelled
2510,2025-09-04,2025-12-15,47,Low,Medium,Medium,Delayed,4,25,Basic,Active
2511,2023-03-10,2026-01-01,30,Medium,Medium,Low,On-Time,10,20,Basic,Active
2512,2025-08-25,2026-01-14,17,High,High,Low,On-Time,10,47,Pro,Active
2513,2024-05-05,2025-12-23,39,High,High,Medium,On-Time,9,12,Basic,Active
2514,2024-07-12,2025-11-29,63,Low,Low,Low,Missed,7,14,Basic,Active
2515,2024-11-17,2025-06-22,223,Low,Low,High,Delayed,4,275,Enterprise,Cancelled
2516,2025-10-11,2025-11-29,63,Medium,Low,High,Delayed,7,26,Basic,Active
2517,2023-01-21,2026-01-08,23,High,Medium,Medium,Delayed,7,75,Pro,Active
2518,2024-06-06,2025-11-30,62,Low,Medium,Low,On-Time,4,45,Pro,Active
2519,2025-01-23,2025-12-24,38,Medium,Medium,Low,On-Time,9,65,Pro,Active
2520,2025-03-02,2026-01-04,27,Medium,High,Low,On-Time,7,12,Basic,Active
2521,2025-01-28,2025-12-30,32,High,High,Low,On-Time,7,240,Enterprise,Active
2522,2023-05-28,2026-01-18,13,High,High,Low,Delayed,9,171,Enterprise,Active
2523,2023-11-24,2025-10-11,112,Medium,Low,Low,On-Time,7,73,Pro,Active
2524,2024-01-28,2026-01-19,12,Medium,High,Medium,On-Time,10,49,Pro,Active
2525,2025-05-30,2025-11-21,71,Low,Low,Low,Delayed,5,52,Pro,Active
2526,2023-11-02,2026-01-25,6,Medium,Medium,Medium,On-Time,7,18,Basic,Active
2527,2023-08-19,2026-01-08,23,High,High,Medium,On-Time,8,42,Pro,Active
2528,2025-11-14,2026-01-17,14,High,High,High,On-Time,9,62,Pro,Active
2529,2023-01-10,2026-01-07,24,Medium,High,Medium,On-Time,8,208,Enterprise,Active
2530,2025-12-28,2026-01-17,14,High,High,Low,On-Time,10,228,Enterprise,Active
2531,2025-01-11,2026-01-09,22,Medium,Medium,Medium,Delayed,8,53,Pro,Active
2532,2025-06-26,2026-01-17,14,High,Medium,Medium,Delayed,9,11,Basic,Active
2533,2023-11-19,2025-10-20,103,Low,Low,High,Missed,5,69,Pro,Active
2534,2023-01-16,2025-12-25,37,Medium,Medium,Medium,On-Time,10,184,Enterprise,Active
2535,2025-03-18,2026-01-20,11,High,Medium,Low,On-Time,8,54,Pro,Active
2536,2025-07-02,2025-11-30,62,Medium,Low,Low,Missed,7,28,Basic,Active
2537,2025-03-21,2025-11-24,68,Medium,Low,Medium,Missed,5,14,Basic,Active
2538,2023-06-06,2026-01-30,1,High,Medium,High,On-Time,8,23,Basic,Active
2539,2025-04-05,2026-01-30,1,Medium,High,High,On-Time,7,74,Pro,Active
2540,2025-04-21,2025-06-12,233,Low,Low,Low,Delayed,2,23,Basic,Cancelled
2541,2024-12-22,2026-01-01,30,High,High,Medium,On-Time,7,51,Pro,Active
2542,2025-04-18,2026-01-08,23,High,Medium,Medium,On-Time,7,67,Pro,Active
2543,2025-07-15,2025-10-23,100,Medium,Low,Low,Missed,7,24,Basic,Active
2544,2024-11-02,2026-01-17,14,Medium,Medium,Low,On-Time,9,13,Basic,Active
2545,2023-04-08,2026-01-18,13,High,High,Medium,On-Time,7,66,Pro,Active
2546,2024-06-17,2026-01-30,1,High,High,Medium,Delayed,10,69,Pro,Active
2547,2023-03-27,2026-01-09,22,High,High,Low,Delayed,8,42,Pro,Active
2548,2024-03-22,2026-01-03,28,High,Medium,Medium,On-Time,8,54,Pro,Active
2549,2024-03-21,2025-04-10,296,Low,Low,Low,Missed,1,29,Basic,Active
2550,2023-03-14,2026-01-28,3,Medium,High,Medium,On-Time,10,18,Basic,Active
2551,2024-01-17,2025-10-11,112,Low,Low,Low,Delayed,7,26,Basic,Active
2552,2023-05-02,2026-01-01,30,High,High,Low,Delayed,7,16,Basic,Active
2553,2025-06-04,2026-01-02,29,High,High,Low,On-Time,9,17,Basic,Active
2554,2025-11-03,2026-01-15,16,High,Medium,Medium,On-Time,9,65,Pro,Active
2555,2023-03-21,2025-09-21,132,Low,Low,Medium,Missed,2,62,Pro,Cancelled
2556,2025-11-11,2026-01-14,17,High,High,Low,On-Time,8,69,Pro,Active
2557,2024-07-26,2026-01-11,20,High,Medium,Low,On-Time,8,29,Basic,Active
2558,2023-11-25,2025-12-26,36,High,High,Low,Delayed,10,11,Basic,Active
2559,2023-03-26,2026-01-20,11,High,High,Medium,On-Time,8,239,Enterprise,Active
2560,2024-07-02,2025-12-21,41,High,Medium,Low,On-Time,10,62,Pro,Active
2561,2025-05-19,2026-01-15,16,Medium,Medium,Low,On-Time,10,16,Basic,Active
2562,2025-02-13,2025-04-28,278,Low,Low,Medium,Missed,2,27,Basic,Cancelled
2563,2023-02-24,2026-01-15,16,Medium,Medium,Low,On-Time,7,17,Basic,Active
2564,2023-03-21,2026-01-06,25,Medium,Medium,Medium,On-Time,7,25,Basic,Active
2565,2024-03-17,2025-12-31,31,Medium,Medium,Low,Delayed,9,20,Basic,Active
2566,2023-11-20,2025-07-04,211,Low,Low,Medium,Delayed,4,17,Basic,Cancelled
2567,2023-09-12,2025-12-28,34,High,High,High,On-Time,9,12,Basic,Active
2568,2023-11-04,2026-01-23,8,Medium,High,Low,On-Time,7,20,Basic,Active
2569,2025-05-29,2026-01-11,20,High,High,Medium,On-Time,9,57,Pro,Active
2570,2025-10-14,2026-01-24,7,High,Medium,Low,On-Time,9,26,Basic,Active
2571,2024-03-19,2025-12-23,39,Medium,High,High,Delayed,9,10,Basic,Active
2572,2025-09-19,2025-12-19,43,High,High,Low,Delayed,10,63,Pro,Active
2573,2023-12-19,2025-12-28,34,Medium,High,Medium,On-Time,9,17,Basic,Active
2574,2024-06-05,2026-01-01,30,High,High,Low,Delayed,9,295,Enterprise,Active
2575,2023-09-05,2026-01-02,29,Medium,High,Low,On-Time,10,29,Basic,Active
2576,2024-12-02,2025-11-30,62,Medium,Medium,Medium,Delayed,7,28,Basic,Active
2577,2025-12-07,2025-12-21,41,High,High,Medium,On-Time,9,76,Pro,Active
2578,2024-10-22,2026-01-28,3,Medium,Medium,Medium,On-Time,9,23,Basic,Active
2579,2024-01-27,2026-01-19,12,High,High,Low,On-Time,7,297,Enterprise,Active
2580,2024-12-10,2026-01-01,30,Medium,High,Medium,On-Time,8,16,Basic,Active
2581,2023-05-15,2026-01-10,21,High,High,Low,Delayed,9,23,Basic,Active
2582,2025-08-31,2025-11-01,91,Medium,Medium,Medium,Missed,7,41,Pro,Active
2583,2024-07-04,2025-10-26,97,Low,Low,Medium,Delayed,4,10,Basic,Active
2584,2024-05-07,2025-12-19,43,Medium,Medium,Low,Delayed,10,16,Basic,Active
2585,2024-10-03,2025-11-09,83,Low,Low,Medium,Missed,6,10,Basic,Active
2586,2024-11-15,2026-01-17,14,High,High,High,Delayed,8,49,Pro,Active
2587,2023-03-20,2026-01-19,12,Medium,High,Low,On-Time,8,18,Basic,Active
2588,2025-01-17,2025-06-14,231,Low,Low,Low,Missed,3,23,Basic,Cancelled
2589,2023-09-22,2025-12-24,38,High,Medium,Low,On-Time,7,49,Pro,Active
2590,2025-02-20,2025-12-18,44,High,High,Medium,Delayed,8,55,Pro,Active
2591,2025-06-19,2025-11-12,80,Medium,Low,Low,Delayed,4,12,Basic,Active
2592,2025-05-30,2025-08-21,163,Low,Low,Medium,Delayed,1,11,Basic,Cancelled
2593,2024-08-27,2026-01-28,3,High,Medium,High,Delayed,7,76,Pro,Active
2594,2024-07-23,2025-08-26,158,Low,Low,Low,Missed,1,18,Basic,Cancelled
2595,2023-06-06,2025-12-27,35,High,High,High,Delayed,10,26,Basic,Active
2596,2025-04-29,2025-12-07,55,Medium,Medium,High,Delayed,7,17,Basic,Active
2597,2023-10-25,2026-01-23,8,Medium,Medium,Medium,Delayed,7,58,Pro,Active
2598,2024-06-27,2025-12-23,39,Medium,High,Low,On-Time,7,11,Basic,Active
2599,2023-11-08,2025-10-10,113,Low,Low,Low,Delayed,6,65,Pro,Active
2600,2023-05-27,2025-07-04,211,Low,Low,Low,Missed,5,19,Basic,Active
2601,2024-11-20,2026-01-23,8,High,Medium,Medium,On-Time,8,208,Enterprise,Active
2602,2023-03-01,2025-12-06,56,Medium,Low,Medium,Delayed,4,17,Basic,Active
2603,2025-03-30,2025-09-03,150,Low,Low,Medium,Missed,4,26,Basic,Cancelled
2604,2023-12-14,2026-01-09,22,Medium,Medium,High,Delayed,9,27,Basic,Active
2605,2023-01-01,2025-12-30,32,High,Medium,Medium,On-Time,10,79,Pro,Active
2606,2024-07-13,2026-01-11,20,High,High,High,On-Time,8,26,Basic,Active
2607,2023-02-21,2026-01-30,1,Medium,High,Low,On-Time,7,26,Basic,Active
2608,2023-10-30,2026-01-28,3,Medium,High,Low,On-Time,7,55,Pro,Active
2609,2025-02-13,2026-01-20,11,High,High,Low,On-Time,7,285,Enterprise,Active
2610,2023-03-10,2026-01-02,29,Medium,High,Low,On-Time,10,40,Pro,Active
2611,2025-07-08,2026-01-28,3,Medium,Medium,Medium,Delayed,9,246,Enterprise,Active
2612,2023-01-05,2026-01-07,24,Medium,High,Low,On-Time,10,64,Pro,Active
2613,2023-09-28,2025-07-15,200,Low,Low,Low,Missed,1,22,Basic,Cancelled
2614,2025-03-22,2025-12-21,41,High,High,High,On-Time,9,43,Pro,Active
2615,2023-12-13,2025-10-10,113,Low,Medium,High,Delayed,7,18,Basic,Active
2616,2023-04-22,2026-01-03,28,High,Medium,Low,On-Time,9,20,Basic,Active
2617,2024-01-30,2025-08-18,166,Low,Low,Low,Delayed,4,62,Pro,Cancelled
2618,2023-10-24,2026-01-11,20,High,Medium,Low,On-Time,8,20,Basic,Active
2619,2025-07-11,2025-11-22,70,Medium,Low,Low,Delayed,4,13,Basic,Active
2620,2023-12-10,2026-01-08,23,Medium,Medium,Medium,On-Time,9,211,Enterprise,Active
2621,2025-05-13,2025-08-27,157,Low,Low,Medium,Delayed,2,27,Basic,Cancelled
2622,2025-09-03,2025-04-20,286,Low,Low,Low,Delayed,5,60,Pro,Cancelled
2623,2024-04-20,2026-01-29,2,High,Medium,Medium,On-Time,9,15,Basic,Active
2624,2025-09-23,2025-12-26,36,Medium,High,Low,On-Time,7,11,Basic,Active
2625,2024-02-18,2026-01-10,21,Medium,Medium,High,On-Time,7,21,Basic,Active
2626,2025-11-21,2025-12-25,37,Medium,High,Low,On-Time,10,17,Basic,Active
2627,2023-04-08,2025-12-19,43,Medium,Medium,High,On-Time,10,57,Pro,Active
2628,2025-01-22,2026-01-16,15,High,Medium,Low,On-Time,8,65,Pro,Active
2629,2024-06-24,2025-12-24,38,Medium,High,Low,Delayed,7,48,Pro,Active
2630,2024-02-29,2026-01-02,29,High,High,Low,Delayed,9,29,Basic,Active
2631,2024-11-23,2025-12-29,33,High,High,High,On-Time,10,24,Basic,Active
2632,2025-02-09,2026-01-26,5,High,Medium,Medium,On-Time,10,23,Basic,Active
2633,2023-01-05,2026-01-28,3,Medium,Medium,Medium,Delayed,8,12,Basic,Active
2634,2023-07-02,2026-01-27,4,High,High,Low,On-Time,7,20,Basic,Active
2635,2025-02-19,2026-01-17,14,Medium,Medium,Low,On-Time,9,26,Basic,Active
2636,2024-12-30,2026-01-05,26,High,High,Low,On-Time,10,27,Basic,Active
2637,2025-11-23,2026-01-01,30,High,High,Medium,On-Time,9,18,Basic,Active
2638,2025-04-13,2025-12-21,41,High,High,High,On-Time,7,16,Basic,Active
2639,2025-11-07,2026-01-22,9,Medium,High,Low,On-Time,8,20,Basic,Active
2640,2025-02-08,2025-11-19,73,Low,Low,Low,On-Time,7,10,Basic,Active
2641,2023-11-23,2026-01-09,22,High,Medium,Medium,On-Time,10,22,Basic,Active
2642,2023-04-26,2026-01-26,5,High,High,Low,On-Time,9,22,Basic,Active
2643,2025-05-06,2025-12-22,40,High,High,Medium,On-Time,8,25,Basic,Active
2644,2024-12-06,2025-11-11,81,Medium,Low,Low,Delayed,7,13,Basic,Active
2645,2023-02-22,2025-11-14,78,Low,Low,Medium,Delayed,7,27,Basic,Active
2646,2024-01-30,2026-01-19,12,Medium,Medium,Medium,On-Time,9,71,Pro,Active
2647,2025-11-13,2026-01-20,11,High,High,Medium,On-Time,10,54,Pro,Active
2648,2024-07-01,2025-11-07,85,Low,Low,Low,Delayed,6,25,Basic,Active
2649,2024-04-18,2025-12-27,35,High,High,Low,Delayed,8,76,Pro,Active
2650,2024-05-16,2026-01-25,6,High,High,Low,On-Time,7,72,Pro,Active
2651,2023-08-17,2025-11-09,83,Low,Low,Medium,On-Time,5,65,Pro,Active
2652,2024-02-08,2025-12-22,40,High,High,Low,Delayed,9,19,Basic,Active
2653,2024-02-09,2025-07-26,189,Low,Low,High,Missed,4,28,Basic,Cancelled
2654,2023-02-27,2026-01-08,23,High,Medium,High,On-Time,8,10,Basic,Active
2655,2025-04-20,2026-01-05,26,High,High,Low,On-Time,8,67,Pro,Active
2656,2024-04-01,2025-12-22,40,High,High,Medium,On-Time,8,59,Pro,Active
2657,2025-06-19,2026-01-17,14,Medium,Medium,Medium,On-Time,10,27,Basic,Active
2658,2025-07-20,2026-01-31,0,Medium,High,Low,On-Time,9,26,Basic,Active
2659,2023-08-21,2026-01-30,1,Medium,Medium,Low,On-Time,8,22,Basic,Active
2660,2024-12-20,2025-12-04,58,Low,Low,Low,Delayed,4,264,Enterprise,Active
2661,2024-06-01,2026-01-03,28,Medium,High,Medium,On-Time,7,54,Pro,Active
2662,2025-08-21,2026-01-22,9,High,High,Low,On-Time,10,17,Basic,Active
2663,2023-08-25,2026-01-30,1,High,Medium,Medium,On-Time,8,21,Basic,Active
2664,2025-01-12,2025-12-25,37,High,Medium,High,On-Time,8,13,Basic,Active
2665,2024-10-27,2025-12-27,35,Medium,Medium,Medium,On-Time,7,52,Pro,Active
2666,2023-11-20,2026-01-22,9,High,High,High,On-Time,7,29,Basic,Active
2667,2023-05-30,2026-01-10,21,High,High,Medium,On-Time,8,25,Basic,Active
2668,2024-12-14,2026-01-21,10,Medium,Medium,Low,On-Time,8,23,Basic,Active
2669,2025-03-19,2026-01-11,20,High,High,High,On-Time,9,45,Pro,Active
2670,2023-12-12,2025-10-09,114,Low,Low,Low,Delayed,4,26,Basic,Active
2671,2024-12-07,2025-12-22,40,High,High,High,On-Time,9,26,Basic,Active
2672,2024-03-08,2025-10-05,118,Low,Low,Low,Delayed,6,23,Basic,Active
2673,2025-02-19,2025-12-29,33,High,High,High,Delayed,7,70,Pro,Active
2674,2023-08-07,2025-05-19,257,Low,Low,Low,Missed,4,12,Basic,Active
2675,2025-09-01,2026-01-27,4,Medium,High,Low,On-Time,8,10,Basic,Active
2676,2023-11-11,2026-01-22,9,High,Medium,Low,Delayed,8,67,Pro,Active
2677,2024-02-07,2026-01-04,27,High,High,Low,On-Time,9,17,Basic,Active
2678,2023-03-05,2026-01-15,16,High,Medium,Medium,On-Time,8,22,Basic,Active
2679,2023-05-03,2026-01-16,15,Medium,High,Low,On-Time,8,27,Basic,Active
2680,2024-07-18,2026-01-31,0,Medium,High,Medium,On-Time,9,16,Basic,Active
2681,2023-10-21,2025-12-12,50,Medium,Medium,Medium,Delayed,7,12,Basic,Active
2682,2025-07-03,2025-12-20,42,Medium,Medium,Medium,On-Time,7,19,Basic,Active
2683,2023-01-17,2026-01-17,14,High,High,Medium,On-Time,10,27,Basic,Active
2684,2024-02-20,2025-06-17,228,Low,Low,Low,Missed,3,15,Basic,Cancelled
2685,2024-01-05,2025-12-30,32,Medium,Medium,Low,On-Time,9,14,Basic,Active
2686,2023-01-22,2025-12-25,37,High,High,Low,On-Time,9,71,Pro,Active
2687,2023-05-17,2025-12-24,38,High,Medium,Low,Delayed,9,47,Pro,Active
2688,2024-03-28,2025-07-07,208,Low,Low,Low,Missed,3,66,Pro,Cancelled
2689,2024-06-23,2026-01-07,24,High,High,High,On-Time,10,15,Basic,Active
2690,2024-03-18,2026-01-14,17,High,Medium,Low,On-Time,8,62,Pro,Active
2691,2024-08-04,2025-11-26,66,Low,Medium,Low,Missed,5,46,Pro,Active
2692,2024-10-13,2026-01-12,19,High,High,Medium,Delayed,10,78,Pro,Active
2693,2023-01-11,2026-01-21,10,High,Medium,High,On-Time,8,11,Basic,Active
2694,2024-05-23,2025-07-08,207,Low,Low,High,Missed,1,18,Basic,Active
2695,2025-11-21,2026-01-13,18,High,Medium,Medium,On-Time,7,11,Basic,Active
2696,2024-07-22,2026-01-08,23,High,Medium,Medium,On-Time,7,152,Enterprise,Active
2697,2025-01-11,2026-01-11,20,Medium,High,Low,On-Time,8,28,Basic,Active
2698,2023-12-08,2025-12-25,37,Medium,High,Medium,Delayed,8,59,Pro,Active
2699,2025-04-27,2026-01-05,26,Medium,Medium,Low,On-Time,9,75,Pro,Active
2700,2025-04-26,2025-11-04,88,Medium,Low,Low,Missed,4,280,Enterprise,Active
2701,2024-07-24,2026-01-08,23,Medium,Medium,High,On-Time,7,123,Enterprise,Active
2702,2025-12-04,2026-01-19,12,High,High,Low,On-Time,8,42,Pro,Active
2703,2023-05-18,2025-12-29,33,High,Medium,Medium,On-Time,7,24,Basic,Active
2704,2023-01-19,2026-01-30,1,Medium,Medium,Medium,On-Time,7,19,Basic,Active
2705,2025-04-23,2025-04-07,299,Low,Low,Low,Delayed,5,28,Basic,Cancelled
2706,2025-06-02,2025-12-31,31,High,Medium,Low,On-Time,7,49,Pro,Active
2707,2023-05-12,2026-01-27,4,High,Medium,High,On-Time,8,28,Basic,Active
2708,2023-10-18,2026-01-22,9,Medium,Medium,Medium,On-Time,7,52,Pro,Active
2709,2023-01-20,2025-11-06,86,Medium,Low,Low,Delayed,5,16,Basic,Active
2710,2023-11-18,2026-01-05,26,Medium,Medium,Low,On-Time,9,70,Pro,Active
2711,2025-04-26,2025-12-25,37,Medium,Medium,Medium,On-Time,9,247,Enterprise,Active
2712,2024-07-21,2026-01-01,30,Medium,High,Medium,On-Time,10,61,Pro,Active
2713,2024-01-17,2026-01-01,30,High,High,Medium,Delayed,7,46,Pro,Active
2714,2024-02-12,2025-10-13,110,Low,Medium,Medium,Delayed,6,53,Pro,Active
2715,2023-01-02,2026-01-05,26,Medium,High,Medium,On-Time,7,74,Pro,Active
2716,2023-11-25,2025-11-25,67,Low,Medium,High,Delayed,6,27,Basic,Active
2717,2024-12-08,2026-01-18,13,High,High,Medium,On-Time,7,153,Enterprise,Active
2718,2025-12-02,2026-01-10,21,High,Medium,Low,On-Time,9,71,Pro,Active
2719,2025-07-16,2026-01-20,11,Medium,Medium,High,On-Time,8,47,Pro,Active
2720,2023-01-26,2025-11-14,78,Medium,Low,Low,Delayed,4,23,Basic,Active
2721,2025-09-10,2026-01-08,23,High,High,High,Delayed,8,14,Basic,Active
2722,2025-05-07,2025-12-19,43,Medium,Medium,Medium,On-Time,7,16,Basic,Active
2723,2025-05-04,2026-01-25,6,High,Medium,Low,On-Time,9,25,Basic,Active
2724,2024-05-16,2025-12-24,38,Medium,High,Medium,On-Time,8,238,Enterprise,Active
2725,2024-03-11,2025-11-25,67,Low,Low,Medium,On-Time,6,55,Pro,Active
2726,2023-11-28,2025-12-19,43,High,High,High,On-Time,10,57,Pro,Active
2727,2023-03-13,2025-10-18,105,Low,Low,Low,On-Time,7,26,Basic,Active
2728,2023-09-07,2026-01-01,30,High,High,Low,On-Time,9,237,Enterprise,Active
2729,2023-09-28,2025-09-21,132,Low,Low,Low,Missed,3,297,Enterprise,Cancelled
2730,2024-06-14,2025-12-23,39,Medium,Medium,Low,On-Time,7,45,Pro,Active
2731,2025-03-29,2026-01-24,7,Medium,High,Medium,On-Time,8,24,Basic,Active
2732,2024-06-02,2026-01-12,19,Medium,Medium,Low,On-Time,9,26,Basic,Active
2733,2023-03-05,2026-01-25,6,High,High,Medium,On-Time,10,174,Enterprise,Active
2734,2025-11-14,2026-01-12,19,High,Medium,Low,On-Time,8,74,Pro,Active
2735,2025-10-29,2025-11-21,71,Low,Low,Medium,On-Time,7,20,Basic,Active
2736,2025-05-09,2026-01-27,4,High,High,Low,Delayed,8,70,Pro,Active
2737,2025-12-21,2026-01-12,19,High,Medium,Low,On-Time,9,47,Pro,Active
2738,2024-08-19,2025-12-23,39,High,Medium,Low,On-Time,9,14,Basic,Active
2739,2025-11-20,2026-01-14,17,High,Medium,Medium,On-Time,9,179,Enterprise,Active
2740,2023-03-24,2026-01-04,27,High,Medium,Medium,On-Time,7,10,Basic,Active
2741,2024-02-05,2026-01-27,4,High,Medium,Medium,On-Time,8,46,Pro,Active
2742,2023-09-04,2025-12-31,31,Medium,Medium,Low,Delayed,9,23,Basic,Active
2743,2023-08-03,2025-11-17,75,Medium,Low,Medium,Delayed,6,48,Pro,Active
2744,2023-06-04,2025-12-24,38,Medium,High,Low,On-Time,7,54,Pro,Active
2745,2024-11-12,2026-01-06,25,High,Medium,Low,Delayed,10,10,Basic,Active
2746,2025-05-05,2025-12-18,44,High,High,Low,On-Time,10,13,Basic,Active
2747,2024-09-25,2026-01-07,24,Medium,High,Low,On-Time,8,44,Pro,Active
2748,2023-06-10,2025-12-27,35,High,Medium,Low,On-Time,8,21,Basic,Active
2749,2025-06-07,2026-01-05,26,High,Medium,Medium,Delayed,7,29,Basic,Active
2750,2024-11-27,2025-10-05,118,Low,Low,High,Missed,5,26,Basic,Active
2751,2024-03-01,2025-10-31,92,Low,Low,Low,On-Time,6,57,Pro,Active
2752,2025-01-08,2025-10-20,103,Low,Low,Low,On-Time,4,64,Pro,Active
2753,2023-10-12,2025-12-09,53,Low,Medium,Low,Missed,4,198,Enterprise,Active
2754,2024-01-13,2025-12-06,56,Low,Low,Low,On-Time,5,68,Pro,Active
2755,2025-10-01,2025-12-31,31,Medium,Medium,High,On-Time,10,15,Basic,Active
2756,2023-11-15,2026-01-20,11,High,High,High,On-Time,10,57,Pro,Active
2757,2024-05-29,2026-01-20,11,Medium,Medium,Low,On-Time,8,74,Pro,Active
2758,2025-09-01,2025-12-25,37,High,High,Low,On-Time,7,27,Basic,Active
2759,2025-02-13,2026-01-23,8,High,Medium,Medium,On-Time,8,70,Pro,Active
2760,2023-03-10,2025-12-06,56,Medium,Low,Low,Delayed,6,29,Basic,Active
2761,2023-06-11,2026-01-21,10,Medium,High,Medium,On-Time,10,10,Basic,Active
2762,2023-01-09,2025-06-16,229,Low,Low,Medium,Missed,5,21,Basic,Cancelled
2763,2024-11-21,2025-12-26,36,High,High,High,On-Time,9,14,Basic,Active
2764,2024-05-05,2025-12-18,44,Medium,Medium,Medium,On-Time,7,27,Basic,Active
2765,2023-05-28,2026-01-18,13,High,High,Low,On-Time,9,44,Pro,Active
2766,2025-11-14,2026-01-19,12,Medium,High,Low,On-Time,10,78,Pro,Active
2767,2024-08-02,2026-01-15,16,High,Medium,High,On-Time,7,23,Basic,Active
2768,2023-09-22,2026-01-10,21,Medium,Medium,Low,On-Time,8,14,Basic,Active
2769,2024-07-02,2025-06-24,221,Low,Low,Low,Missed,3,15,Basic,Cancelled
2770,2025-01-14,2025-08-02,182,Low,Low,Low,Missed,5,11,Basic,Cancelled
2771,2023-03-25,2025-11-07,85,Low,Medium,Low,Missed,6,157,Enterprise,Active
2772,2023-10-28,2026-01-03,28,Medium,High,Low,On-Time,8,54,Pro,Active
2773,2025-06-02,2025-11-15,77,Medium,Low,Low,On-Time,7,20,Basic,Active
2774,2024-05-18,2025-11-18,74,Low,Low,High,Delayed,4,19,Basic,Active
2775,2024-08-21,2026-01-01,30,High,Medium,Low,On-Time,9,67,Pro,Active
2776,2024-04-18,2025-12-28,34,High,Medium,Medium,On-Time,7,55,Pro,Active
2777,2023-02-18,2026-01-02,29,High,Medium,High,On-Time,10,41,Pro,Active
2778,2023-07-01,2026-01-19,12,High,High,High,On-Time,9,210,Enterprise,Active
2779,2024-05-02,2025-05-01,275,Low,Low,Medium,Missed,5,70,Pro,Cancelled
2780,2023-08-18,2026-01-05,26,Medium,High,Low,On-Time,8,29,Basic,Active
2781,2023-02-24,2025-12-20,42,High,High,Low,On-Time,9,11,Basic,Active
2782,2025-07-12,2026-01-16,15,High,High,Medium,Delayed,7,77,Pro,Active
2783,2025-12-10,2026-01-23,8,Medium,Medium,High,On-Time,10,11,Basic,Active
2784,2025-05-18,2025-10-23,100,Low,Low,Low,Delayed,6,27,Basic,Active
2785,2025-07-23,2026-01-22,9,Medium,Medium,Medium,On-Time,9,234,Enterprise,Active
2786,2023-09-22,2025-07-14,201,Low,Low,Low,Delayed,2,51,Pro,Cancelled
2787,2025-11-17,2026-01-30,1,Medium,Medium,Low,On-Time,9,47,Pro,Active
2788,2023-08-04,2026-01-02,29,Medium,High,Medium,On-Time,10,262,Enterprise,Active
2789,2025-11-07,2025-10-30,93,Medium,Low,Low,Delayed,4,45,Pro,Active
2790,2025-12-25,2025-10-31,92,Medium,Low,Medium,Missed,7,23,Basic,Active
2791,2025-02-18,2025-11-09,83,Low,Low,Low,On-Time,4,17,Basic,Active
2792,2025-12-10,2026-01-15,16,High,High,Low,On-Time,10,58,Pro,Active
2793,2024-09-15,2025-12-22,40,High,Medium,Medium,On-Time,8,161,Enterprise,Active
2794,2023-10-12,2025-04-19,287,Low,Low,Low,Delayed,1,76,Pro,Cancelled
2795,2024-04-23,2026-01-18,13,Medium,High,Medium,On-Time,10,52,Pro,Active
2796,2024-10-11,2025-12-24,38,Medium,Medium,Medium,On-Time,8,56,Pro,Active
2797,2023-03-22,2025-12-27,35,High,High,High,On-Time,9,66,Pro,Active
2798,2024-11-12,2026-01-28,3,High,Medium,Low,On-Time,10,126,Enterprise,Active
2799,2025-12-10,2026-01-28,3,High,Medium,Medium,On-Time,10,60,Pro,Active
2800,2023-07-28,2025-12-28,34,High,Medium,Low,On-Time,7,28,Basic,Active
2801,2025-05-17,2026-01-03,28,Medium,High,Low,On-Time,10,24,Basic,Active
2802,2025-09-21,2026-01-10,21,High,High,Low,On-Time,8,47,Pro,Active
2803,2025-10-30,2026-01-23,8,Medium,Medium,Low,On-Time,7,284,Enterprise,Active
2804,2025-11-17,2026-01-10,21,High,Medium,Low,On-Time,7,131,Enterprise,Active
2805,2024-07-24,2025-10-30,93,Low,Low,Low,On-Time,5,126,Enterprise,Active
2806,2025-12-06,2026-01-07,24,High,High,Medium,On-Time,7,57,Pro,Active
2807,2025-04-09,2026-01-09,22,High,High,High,On-Time,10,15,Basic,Active
2808,2023-06-27,2025-07-24,191,Low,Low,Low,Delayed,2,143,Enterprise,Cancelled
2809,2024-06-06,2025-12-14,48,Medium,Low,Medium,Delayed,4,55,Pro,Active
2810,2025-02-25,2025-10-11,112,Low,Medium,Low,On-Time,7,68,Pro,Active
2811,2023-09-28,2025-12-13,49,Low,Medium,Medium,On-Time,7,13,Basic,Active
2812,2024-12-02,2025-10-16,107,Medium,Low,Medium,On-Time,4,17,Basic,Active
2813,2024-12-30,2025-12-07,55,Low,Medium,Low,Missed,7,27,Basic,Active
2814,2023-06-28,2026-01-23,8,Medium,High,Medium,On-Time,7,11,Basic,Active
2815,2024-09-10,2026-01-27,4,Medium,High,Medium,On-Time,8,74,Pro,Active
2816,2025-04-24,2026-01-06,25,High,Medium,Medium,On-Time,9,159,Enterprise,Active
2817,2024-06-30,2026-01-25,6,High,Medium,Low,Delayed,9,29,Basic,Active
2818,2023-01-14,2025-06-29,216,Low,Low,Medium,Delayed,2,15,Basic,Cancelled
2819,2023-01-10,2025-10-23,100,Medium,Low,Low,Missed,6,212,Enterprise,Active
2820,2024-01-26,2025-12-18,44,High,High,Low,On-Time,10,44,Pro,Active
2821,2025-10-11,2025-12-29,33,Medium,Medium,Medium,On-Time,10,23,Basic,Active
2822,2023-09-08,2025-12-23,39,Medium,High,Medium,Delayed,10,18,Basic,Active
2823,2024-11-25,2026-01-15,16,High,Medium,Low,On-Time,9,189,Enterprise,Active
2824,2023-09-01,2026-01-21,10,High,High,Low,On-Time,7,18,Basic,Active
2825,2023-12-19,2026-01-30,1,Medium,Medium,Low,On-Time,8,54,Pro,Active
2826,2025-07-17,2025-12-31,31,High,Medium,Low,On-Time,8,10,Basic,Active
2827,2025-03-09,2026-01-14,17,Medium,Medium,Low,On-Time,8,59,Pro,Active
2828,2023-04-15,2026-01-11,20,High,High,Medium,On-Time,8,77,Pro,Active
2829,2024-04-14,2025-04-30,276,Low,Low,Low,Missed,4,146,Enterprise,Cancelled
2830,2023-02-01,2025-12-21,41,High,Medium,Low,On-Time,9,11,Basic,Active
2831,2024-06-10,2026-01-31,0,High,Medium,Medium,On-Time,10,17,Basic,Active
2832,2024-12-26,2026-01-29,2,Medium,High,Medium,Delayed,7,66,Pro,Active
2833,2023-05-10,2025-12-28,34,High,High,Medium,On-Time,8,27,Basic,Active
2834,2023-11-13,2025-08-06,178,Low,Low,Low,Delayed,1,10,Basic,Cancelled
2835,2024-03-11,2025-11-23,69,Low,Low,Medium,Delayed,7,151,Enterprise,Active
2836,2025-10-03,2026-01-19,12,High,Medium,Low,On-Time,9,54,Pro,Active
2837,2025-12-23,2025-12-12,50,Medium,Low,Low,Missed,5,29,Basic,Active
2838,2023-02-19,2026-01-26,5,High,Medium,Low,On-Time,7,66,Pro,Active
2839,2025-04-13,2026-01-10,21,High,High,Low,Delayed,8,29,Basic,Active
2840,2024-02-12,2026-01-26,5,High,High,Low,On-Time,8,65,Pro,Active
2841,2024-03-05,2026-01-11,20,Medium,Medium,Low,On-Time,7,56,Pro,Active
2842,2025-04-05,2025-11-08,84,Low,Low,Medium,Delayed,5,68,Pro,Active
2843,2025-10-02,2026-01-03,28,High,High,Low,On-Time,10,13,Basic,Active
2844,2025-11-07,2025-12-21,41,High,High,Low,On-Time,10,158,Enterprise,Active
2845,2024-09-23,2026-01-06,25,High,High,Medium,On-Time,8,65,Pro,Active
2846,2024-01-27,2026-01-27,4,Medium,High,Low,On-Time,8,53,Pro,Active
2847,2025-05-12,2025-12-21,41,High,High,Medium,Delayed,8,50,Pro,Active
2848,2023-10-02,2026-01-25,6,High,High,Low,On-Time,10,14,Basic,Active
2849,2024-09-09,2025-07-11,204,Low,Low,Low,Delayed,1,15,Basic,Cancelled
2850,2024-01-28,2026-01-25,6,Medium,Medium,Medium,On-Time,9,15,Basic,Active
2851,2024-12-20,2025-12-27,35,Medium,High,High,On-Time,10,19,Basic,Active
2852,2023-09-21,2026-01-13,18,Medium,High,Medium,On-Time,9,212,Enterprise,Active
2853,2023-07-29,2026-01-22,9,High,Medium,Low,On-Time,7,10,Basic,Active
2854,2025-10-02,2025-11-30,62,Low,Medium,Medium,Delayed,7,14,Basic,Active
2855,2023-04-22,2026-01-06,25,Medium,Medium,Medium,On-Time,10,24,Basic,Active
2856,2024-07-08,2026-01-05,26,High,Medium,Medium,On-Time,8,19,Basic,Active
2857,2023-08-30,2025-07-25,190,Low,Low,Medium,Delayed,1,19,Basic,Cancelled
2858,2023-02-12,2026-01-24,7,Medium,High,High,On-Time,9,20,Basic,Active
2859,2023-02-09,2025-12-19,43,High,High,Low,On-Time,7,16,Basic,Active
2860,2023-07-11,2026-01-23,8,High,Medium,Low,On-Time,8,18,Basic,Active
2861,2025-08-07,2025-10-14,109,Low,Medium,Low,Delayed,7,22,Basic,Active
2862,2023-11-06,2026-01-01,30,High,High,Medium,On-Time,7,158,Enterprise,Active
2863,2025-11-06,2026-01-09,22,High,Medium,Medium,Delayed,10,46,Pro,Active
2864,2024-09-28,2026-01-05,26,Medium,Medium,Low,On-Time,10,76,Pro,Active
2865,2024-04-23,2026-01-16,15,Medium,Medium,Low,On-Time,9,16,Basic,Active
2866,2024-09-27,2025-12-21,41,Medium,High,Medium,On-Time,10,70,Pro,Active
2867,2024-07-19,2026-01-24,7,Medium,High,Medium,On-Time,8,291,Enterprise,Active
2868,2025-04-10,2025-12-19,43,Medium,High,Low,On-Time,7,187,Enterprise,Active
2869,2023-11-06,2026-01-30,1,Medium,High,High,On-Time,10,24,Basic,Active
2870,2024-01-22,2025-10-30,93,Low,Low,Low,Delayed,5,21,Basic,Active
2871,2025-09-06,2026-01-18,13,High,Medium,High,On-Time,9,19,Basic,Active
2872,2025-11-02,2026-01-14,17,Medium,Medium,Low,Delayed,8,27,Basic,Active
2873,2025-09-04,2026-01-09,22,Medium,Medium,Low,Delayed,7,25,Basic,Active
2874,2024-04-04,2026-01-01,30,High,Medium,Low,On-Time,8,14,Basic,Active
2875,2025-05-04,2025-12-19,43,Medium,High,Medium,On-Time,8,61,Pro,Active
2876,2024-06-05,2026-01-04,27,High,Medium,Low,On-Time,8,57,Pro,Active
2877,2024-06-28,2025-06-11,234,Low,Low,Low,Missed,5,40,Pro,Cancelled
2878,2023-08-13,2026-01-01,30,Medium,Medium,High,On-Time,7,40,Pro,Active
2879,2024-10-09,2025-10-17,106,Low,Low,High,On-Time,5,70,Pro,Active
2880,2023-07-23,2025-12-20,42,Medium,High,Low,On-Time,9,66,Pro,Active
2881,2023-12-30,2026-01-03,28,Medium,High,Medium,On-Time,10,240,Enterprise,Active
2882,2025-07-25,2025-10-20,103,Medium,Medium,Low,Missed,7,41,Pro,Active
2883,2023-08-15,2025-07-11,204,Low,Low,Medium,Missed,4,58,Pro,Cancelled
2884,2023-03-19,2025-10-05,118,Low,Low,Low,Delayed,5,48,Pro,Active
2885,2023-03-17,2026-01-25,6,High,Medium,Low,On-Time,10,287,Enterprise,Active
2886,2025-10-27,2025-10-26,97,Low,Low,Medium,Delayed,6,15,Basic,Active
2887,2024-07-09,2026-01-25,6,Medium,Medium,Low,On-Time,9,282,Enterprise,Active
2888,2024-03-24,2025-11-24,68,Low,Medium,Low,Delayed,5,10,Basic,Active
2889,2025-06-06,2026-01-14,17,High,Medium,High,On-Time,10,58,Pro,Active
2890,2025-07-04,2025-11-24,68,Low,Low,Medium,Delayed,5,25,Basic,Active
2891,2023-12-30,2026-01-10,21,Medium,Medium,Low,On-Time,10,238,Enterprise,Active
2892,2025-01-29,2025-10-22,101,Low,Low,Low,On-Time,7,23,Basic,Active
2893,2025-04-24,2025-10-10,113,Medium,Low,Medium,Delayed,4,29,Basic,Active
2894,2024-12-17,2025-12-21,41,Medium,Medium,Medium,On-Time,10,11,Basic,Active
2895,2023-06-15,2025-12-18,44,Medium,Medium,High,On-Time,10,28,Basic,Active
2896,2025-08-17,2026-01-04,27,Medium,Medium,Medium,On-Time,9,63,Pro,Active
2897,2024-08-13,2025-12-16,46,Medium,Medium,Medium,Delayed,4,293,Enterprise,Active
2898,2023-11-06,2025-12-28,34,High,High,Medium,On-Time,9,50,Pro,Active
2899,2024-04-10,2025-12-20,42,High,High,Low,On-Time,8,74,Pro,Active
2900,2023-02-11,2025-12-22,40,High,Medium,High,On-Time,10,12,Basic,Active
2901,2023-05-21,2026-01-22,9,Medium,High,Low,On-Time,8,121,Enterprise,Active
2902,2025-04-18,2026-01-31,0,High,High,Medium,On-Time,7,17,Basic,Active
2903,2023-01-01,2025-11-09,83,Low,Low,Medium,Missed,6,11,Basic,Active
2904,2024-04-01,2026-01-06,25,Medium,Medium,Low,On-Time,9,22,Basic,Active
2905,2024-07-26,2026-01-27,4,Medium,High,Low,On-Time,10,56,Pro,Active
2906,2023-03-01,2026-01-08,23,Medium,High,Medium,On-Time,7,24,Basic,Active
2907,2025-12-01,2025-12-02,60,Medium,Low,Low,Delayed,5,21,Basic,Active
2908,2023-09-05,2026-01-23,8,High,Medium,Low,On-Time,8,22,Basic,Active
2909,2023-11-30,2025-10-13,110,Low,Low,Medium,Delayed,4,14,Basic,Active
2910,2023-11-29,2025-11-06,86,Medium,Medium,High,Delayed,4,53,Pro,Active
2911,2023-09-10,2025-12-18,44,High,Medium,Low,Delayed,10,62,Pro,Active
2912,2023-01-02,2026-01-29,2,Medium,High,Medium,On-Time,8,18,Basic,Active
2913,2025-03-09,2025-12-25,37,Medium,High,Low,On-Time,7,13,Basic,Active
2914,2025-11-24,2026-01-06,25,Medium,High,Medium,Delayed,9,64,Pro,Active
2915,2023-09-03,2026-01-12,19,High,Medium,High,Delayed,9,76,Pro,Active
2916,2024-12-27,2025-08-13,171,Low,Low,Low,Missed,4,49,Pro,Cancelled
2917,2025-03-23,2025-12-30,32,Medium,Medium,High,On-Time,8,18,Basic,Active
2918,2025-07-18,2026-01-29,2,Medium,High,High,On-Time,8,11,Basic,Active
2919,2024-04-07,2026-01-02,29,Medium,Medium,Medium,Delayed,10,17,Basic,Active
2920,2023-11-28,2026-01-22,9,High,Medium,Medium,On-Time,7,287,Enterprise,Active
2921,2023-12-23,2026-01-15,16,High,Medium,High,On-Time,9,53,Pro,Active
2922,2025-02-19,2025-12-28,34,High,High,Medium,On-Time,7,16,Basic,Active
2923,2025-06-13,2026-01-28,3,High,High,Low,On-Time,8,17,Basic,Active
2924,2023-07-18,2026-01-26,5,High,Medium,Medium,Delayed,10,58,Pro,Active
2925,2024-02-11,2025-12-30,32,Medium,High,Low,On-Time,9,62,Pro,Active
2926,2025-09-14,2025-12-05,57,Medium,Low,High,On-Time,7,61,Pro,Active
2927,2025-06-02,2025-05-07,269,Low,Low,Low,Missed,4,17,Basic,Cancelled
2928,2025-12-14,2025-09-06,147,Low,Low,Medium,Missed,1,47,Pro,Cancelled
2929,2025-04-05,2025-11-15,77,Medium,Low,Medium,Missed,5,15,Basic,Active
2930,2024-03-06,2025-11-24,68,Medium,Low,Low,On-Time,5,49,Pro,Active
2931,2024-10-08,2025-11-21,71,Low,Low,Medium,Delayed,5,20,Basic,Active
2932,2024-12-24,2025-08-01,183,Low,Low,High,Missed,5,26,Basic,Cancelled
2933,2023-03-27,2025-10-30,93,Medium,Low,Low,Delayed,5,45,Pro,Active
2934,2024-08-19,2026-01-06,25,Medium,Medium,Low,On-Time,10,68,Pro,Active
2935,2025-02-15,2025-10-02,121,Low,Low,Medium,Missed,5,27,Basic,Active
2936,2023-07-03,2025-10-30,93,Low,Low,Medium,Delayed,6,28,Basic,Active
2937,2025-05-04,2026-01-27,4,Medium,Medium,Low,Delayed,9,26,Basic,Active
2938,2024-10-01,2026-01-27,4,Medium,Medium,Medium,On-Time,9,57,Pro,Active
2939,2025-11-08,2025-10-18,105,Low,Medium,Medium,On-Time,6,45,Pro,Active
2940,2023-02-16,2025-12-22,40,High,High,Low,On-Time,7,14,Basic,Active
2941,2023-10-18,2025-12-29,33,High,High,Medium,On-Time,7,20,Basic,Active
2942,2024-10-20,2025-12-29,33,High,Medium,Medium,On-Time,9,19,Basic,Active
2943,2023-11-21,2026-01-24,7,Medium,High,Low,On-Time,7,19,Basic,Active
2944,2025-02-21,2025-12-18,44,Medium,High,High,On-Time,8,25,Basic,Active
2945,2025-04-11,2026-01-22,9,Medium,Medium,Low,Delayed,9,59,Pro,Active
2946,2023-04-23,2025-12-30,32,High,High,Medium,On-Time,8,28,Basic,Active
2947,2024-07-16,2025-12-27,35,High,Medium,Low,Delayed,7,71,Pro,Active
2948,2024-07-11,2025-12-06,56,Low,Low,Low,On-Time,5,65,Pro,Active
2949,2024-02-09,2025-12-19,43,High,Medium,Low,On-Time,7,25,Basic,Active
2950,2025-10-18,2025-10-13,110,Low,Low,Low,On-Time,5,69,Pro,Active
2951,2025-06-25,2026-01-09,22,High,High,Medium,On-Time,7,12,Basic,Active
2952,2025-02-02,2026-01-27,4,High,High,Low,Delayed,8,46,Pro,Active
2953,2025-02-21,2026-01-02,29,Medium,Medium,Medium,On-Time,7,79,Pro,Active
2954,2024-05-20,2025-12-07,55,Medium,Low,High,Delayed,6,274,Enterprise,Active
2955,2025-10-05,2026-01-10,21,High,High,Low,On-Time,7,20,Basic,Active
2956,2025-01-30,2025-06-22,223,Low,Low,High,Missed,2,29,Basic,Cancelled
2957,2025-03-09,2026-01-26,5,High,Medium,Low,On-Time,9,15,Basic,Active
2958,2025-08-01,2026-01-10,21,High,High,Low,Delayed,7,76,Pro,Active
2959,2023-10-28,2026-01-18,13,Medium,High,Medium,On-Time,10,27,Basic,Active
2960,2025-06-02,2025-11-25,67,Medium,Low,High,Delayed,7,17,Basic,Active
2961,2023-08-02,2026-01-13,18,High,Medium,Low,On-Time,8,23,Basic,Active
2962,2024-01-14,2025-12-19,43,Medium,Medium,Medium,On-Time,10,70,Pro,Active
2963,2024-01-03,2026-01-13,18,Medium,Medium,Low,On-Time,10,52,Pro,Active
2964,2025-12-07,2025-12-04,58,Medium,Low,Medium,Delayed,6,46,Pro,Active
2965,2025-07-26,2025-04-17,289,Low,Low,Medium,Delayed,2,25,Basic,Cancelled
2966,2025-02-06,2025-12-28,34,High,High,Medium,Delayed,7,69,Pro,Active
2967,2025-03-07,2026-01-02,29,Medium,High,High,On-Time,9,16,Basic,Active
2968,2024-09-07,2025-12-19,43,Medium,Medium,High,On-Time,7,43,Pro,Active
2969,2025-11-03,2026-01-25,6,Medium,High,Low,On-Time,9,13,Basic,Active
2970,2024-06-27,2025-10-28,95,Low,Low,Low,Delayed,6,59,Pro,Active
2971,2024-02-21,2026-01-08,23,High,High,Medium,On-Time,10,127,Enterprise,Active
2972,2023-06-28,2026-01-06,25,High,High,Medium,On-Time,10,203,Enterprise,Active
2973,2025-05-10,2026-01-16,15,Medium,High,Low,On-Time,10,18,Basic,Active
2974,2025-03-15,2026-01-20,11,High,Medium,Low,On-Time,10,29,Basic,Active
2975,2024-02-25,2026-01-21,10,Medium,High,Medium,On-Time,9,21,Basic,Active
2976,2023-01-28,2025-11-08,84,Medium,Low,Low,Delayed,7,48,Pro,Active
2977,2025-07-07,2026-01-29,2,Medium,High,Low,On-Time,8,60,Pro,Active
2978,2023-01-13,2026-01-15,16,Medium,High,Low,On-Time,9,46,Pro,Active
2979,2025-02-09,2025-12-26,36,Medium,Medium,Medium,On-Time,8,162,Enterprise,Active
2980,2025-11-28,2025-12-31,31,Medium,High,Low,Delayed,7,79,Pro,Active
2981,2024-04-24,2026-01-25,6,Medium,Medium,Medium,On-Time,7,22,Basic,Active
2982,2023-09-15,2025-10-22,101,Low,Low,Low,Delayed,5,41,Pro,Active
2983,2025-02-10,2026-01-08,23,Medium,Medium,Medium,On-Time,8,21,Basic,Active
2984,2025-06-13,2025-12-30,32,High,High,Low,On-Time,8,29,Basic,Active
2985,2024-08-21,2025-08-16,168,Low,Low,Low,Delayed,2,48,Pro,Cancelled
2986,2025-11-24,2025-12-21,41,Medium,High,Medium,On-Time,8,11,Basic,Active
2987,2023-02-26,2026-01-21,10,High,High,Low,On-Time,8,12,Basic,Active
2988,2024-07-06,2026-01-26,5,High,High,Medium,On-Time,9,12,Basic,Active
2989,2025-02-25,2026-01-29,2,Medium,High,High,On-Time,9,61,Pro,Active
2990,2025-08-02,2025-12-26,36,High,High,Low,On-Time,9,19,Basic,Active
2991,2023-07-16,2025-12-31,31,High,Medium,Low,Delayed,8,228,Enterprise,Active
2992,2025-05-26,2025-07-11,204,Low,Low,Low,Delayed,4,285,Enterprise,Cancelled
2993,2024-08-28,2025-10-20,103,Medium,Low,Low,Delayed,6,18,Basic,Active
2994,2024-03-10,2026-01-11,20,Medium,High,Medium,On-Time,9,13,Basic,Active
2995,2023-05-25,2025-07-07,208,Low,Low,Low,Delayed,4,21,Basic,Cancelled
2996,2025-08-05,2025-12-28,34,Medium,High,Low,On-Time,7,22,Basic,Active
2997,2023-06-22,2025-11-28,64,Medium,Medium,Low,Delayed,6,268,Enterprise,Active
2998,2023-12-06,2025-11-19,73,Low,Low,Medium,Delayed,6,75,Pro,Active
2999,2023-11-14,2025-10-05,118,Medium,Low,Medium,Delayed,5,13,Basic,Active
3000,2025-08-12,2025-10-20,103,Low,Medium,Low,Delayed,5,170,Enterprise,Active
3001,2025-01-06,2026-01-28,3,Medium,High,Medium,On-Time,10,66,Pro,Active
3002,2025-05-22,2025-12-31,31,High,High,Medium,On-Time,9,136,Enterprise,Active
3003,2023-10-02,2026-01-11,20,High,High,Low,On-Time,10,70,Pro,Active
3004,2024-11-15,2025-12-30,32,Medium,High,Medium,On-Time,7,22,Basic,Active
3005,2024-09-18,2025-11-30,62,Low,Medium,High,Missed,5,16,Basic,Active
3006,2025-06-30,2026-01-23,8,Medium,Medium,Medium,On-Time,7,19,Basic,Active
3007,2025-09-19,2026-01-23,8,Medium,High,Low,On-Time,10,52,Pro,Active
3008,2023-01-14,2025-11-08,84,Low,Medium,Low,On-Time,4,16,Basic,Active
3009,2025-01-08,2025-12-26,36,High,Medium,Medium,On-Time,8,74,Pro,Active
3010,2023-02-26,2026-01-28,3,High,High,Low,On-Time,9,145,Enterprise,Active
3011,2024-08-24,2026-01-02,29,High,High,Medium,On-Time,8,264,Enterprise,Active
3012,2023-11-11,2025-11-14,78,Medium,Low,Medium,On-Time,4,17,Basic,Active
3013,2023-12-02,2026-01-21,10,Medium,Medium,High,On-Time,10,19,Basic,Active
3014,2024-01-22,2025-12-30,32,High,High,Low,Delayed,8,25,Basic,Active
3015,2024-11-11,2025-12-29,33,High,High,Medium,Delayed,9,122,Enterprise,Active
3016,2024-01-01,2025-12-24,38,Medium,High,Low,On-Time,10,253,Enterprise,Active
3017,2025-03-13,2025-12-25,37,Medium,Medium,Low,On-Time,10,298,Enterprise,Active
3018,2024-03-18,2026-01-30,1,Medium,High,Low,On-Time,9,26,Basic,Active
3019,2023-03-16,2026-01-20,11,Medium,High,Low,On-Time,7,22,Basic,Active
3020,2025-05-08,2026-01-02,29,High,High,Low,On-Time,7,20,Basic,Active
3021,2023-11-09,2026-01-24,7,High,Medium,Low,On-Time,7,21,Basic,Active
3022,2024-04-18,2025-12-21,41,High,Medium,Medium,On-Time,9,21,Basic,Active
3023,2025-01-20,2026-01-18,13,High,High,Low,On-Time,7,45,Pro,Active
3024,2023-12-31,2025-11-28,64,Low,Medium,Low,On-Time,4,24,Basic,Active
3025,2023-03-03,2026-01-17,14,Medium,High,Medium,Delayed,10,26,Basic,Active
3026,2024-02-14,2026-01-16,15,Medium,High,Medium,On-Time,8,75,Pro,Active
3027,2025-10-31,2026-01-03,28,High,High,Low,On-Time,9,158,Enterprise,Active
3028,2024-12-03,2025-10-16,107,Medium,Medium,Medium,Delayed,7,54,Pro,Active
3029,2025-01-05,2025-12-06,56,Medium,Medium,Medium,On-Time,4,58,Pro,Active
3030,2024-11-23,2026-01-09,22,High,High,Low,On-Time,9,25,Basic,Active
3031,2023-08-06,2025-12-19,43,High,High,Low,Delayed,10,54,Pro,Active
3032,2024-04-03,2026-01-31,0,High,High,Medium,On-Time,10,12,Basic,Active
3033,2025-04-02,2026-01-10,21,High,Medium,Medium,On-Time,7,45,Pro,Active
3034,2023-04-22,2025-11-17,75,Low,Low,Medium,Delayed,6,23,Basic,Active
3035,2023-11-01,2025-10-08,115,Low,Medium,Low,Missed,4,13,Basic,Active
3036,2023-10-30,2025-10-12,111,Low,Low,Medium,Delayed,4,61,Pro,Active
3037,2024-04-18,2026-01-15,16,High,High,Medium,On-Time,7,51,Pro,Active
3038,2025-12-09,2026-01-23,8,High,Medium,Medium,On-Time,9,26,Basic,Active
3039,2023-03-15,2025-12-24,38,High,Medium,Low,On-Time,7,11,Basic,Active
3040,2024-07-21,2025-10-22,101,Medium,Low,Low,On-Time,4,45,Pro,Active
3041,2023-07-16,2025-10-23,100,Medium,Low,Low,Delayed,5,49,Pro,Active
3042,2025-11-28,2026-01-28,3,Medium,Medium,High,On-Time,7,10,Basic,Active
3043,2023-05-05,2025-04-19,287,Low,Low,Low,Delayed,2,25,Basic,Cancelled
3044,2024-03-17,2026-01-19,12,High,Medium,Low,On-Time,10,10,Basic,Active
3045,2025-03-18,2025-11-13,79,Medium,Low,Low,On-Time,7,13,Basic,Active
3046,2025-02-10,2025-07-30,185,Low,Low,High,Missed,3,23,Basic,Cancelled
3047,2024-04-07,2026-01-16,15,High,High,Medium,On-Time,9,24,Basic,Active
3048,2024-01-15,2026-01-17,14,High,High,Low,On-Time,7,29,Basic,Active
3049,2024-03-11,2025-07-25,190,Low,Low,High,Missed,5,74,Pro,Cancelled
3050,2023-10-17,2026-01-17,14,Medium,High,High,On-Time,8,16,Basic,Active
3051,2023-08-13,2025-12-18,44,High,Medium,Low,On-Time,8,135,Enterprise,Active
3052,2024-06-12,2025-10-19,104,Medium,Medium,Low,Delayed,5,59,Pro,Active
3053,2023-10-22,2026-01-23,8,Medium,High,High,On-Time,7,14,Basic,Active
3054,2023-11-11,2026-01-24,7,Medium,High,Medium,Delayed,7,25,Basic,Active
3055,2024-12-20,2026-01-22,9,Medium,Medium,Low,On-Time,9,135,Enterprise,Active
3056,2025-11-26,2025-04-18,288,Low,Low,Low,Missed,3,194,Enterprise,Active
3057,2024-10-22,2025-09-14,139,Low,Low,Low,Missed,4,14,Basic,Cancelled
3058,2023-03-26,2025-10-12,111,Low,Low,Medium,Delayed,4,67,Pro,Active
3059,2023-03-24,2025-10-07,116,Medium,Low,Low,On-Time,4,75,Pro,Active
3060,2025-11-07,2026-01-17,14,High,Medium,Low,On-Time,10,25,Basic,Active
3061,2023-11-22,2025-12-16,46,Medium,Medium,Low,Missed,6,56,Pro,Active
3062,2023-04-11,2026-01-31,0,High,Medium,Low,On-Time,8,73,Pro,Active
3063,2024-10-17,2025-12-14,48,Low,Medium,Low,On-Time,4,22,Basic,Active
3064,2024-11-13,2026-01-24,7,High,High,High,Delayed,10,71,Pro,Active
3065,2024-12-11,2025-12-25,37,High,Medium,Low,On-Time,8,59,Pro,Active
3066,2023-10-20,2025-12-24,38,Medium,Medium,Medium,On-Time,8,13,Basic,Active
3067,2023-01-17,2026-01-01,30,Medium,Medium,Low,Delayed,8,27,Basic,Active
3068,2025-11-22,2026-01-25,6,High,Medium,Medium,On-Time,10,26,Basic,Active
3069,2023-10-02,2025-12-27,35,High,High,Low,On-Time,7,21,Basic,Active
3070,2025-01-10,2025-11-21,71,Low,Low,Low,Delayed,7,10,Basic,Active
3071,2025-02-12,2026-01-14,17,High,High,High,Delayed,8,60,Pro,Active
3072,2024-10-29,2025-10-20,103,Low,Low,Low,On-Time,7,41,Pro,Active
3073,2023-12-09,2026-01-05,26,High,High,Medium,On-Time,7,15,Basic,Active
3074,2023-10-24,2025-09-23,130,Low,Low,Medium,Delayed,5,57,Pro,Active
3075,2024-10-16,2025-07-21,194,Low,Low,Medium,Missed,5,275,Enterprise,Active
3076,2025-08-06,2026-01-01,30,High,High,High,On-Time,8,19,Basic,Active
3077,2025-11-02,2025-07-26,189,Low,Low,Low,Missed,5,23,Basic,Active
3078,2023-04-26,2025-12-20,42,Medium,High,High,On-Time,9,65,Pro,Active
3079,2023-06-19,2026-01-17,14,Medium,High,Medium,On-Time,7,58,Pro,Active
3080,2025-10-31,2025-10-25,98,Medium,Medium,Low,Delayed,7,18,Basic,Active
3081,2025-03-17,2026-01-11,20,Medium,High,Low,Delayed,7,18,Basic,Active
3082,2025-08-24,2026-01-24,7,High,Medium,Medium,On-Time,9,24,Basic,Active
3083,2023-08-10,2026-01-20,11,High,Medium,Low,On-Time,10,22,Basic,Active
3084,2024-10-05,2026-01-06,25,High,High,Medium,On-Time,9,66,Pro,Active
3085,2025-02-06,2025-10-24,99,Low,Low,Low,On-Time,7,158,Enterprise,Active
3086,2025-01-14,2026-01-12,19,Medium,High,Medium,On-Time,7,145,Enterprise,Active
3087,2024-03-22,2026-01-29,2,Medium,Medium,Medium,On-Time,10,25,Basic,Active
3088,2023-01-17,2025-12-30,32,High,Medium,Low,On-Time,10,16,Basic,Active
3089,2024-09-30,2026-01-29,2,Medium,Medium,Low,On-Time,10,16,Basic,Active
3090,2023-10-05,2026-01-12,19,High,High,High,On-Time,8,10,Basic,Active
3091,2024-05-08,2025-06-09,236,Low,Low,Low,Delayed,2,26,Basic,Active
3092,2025-11-14,2026-01-22,9,Medium,High,Low,On-Time,7,299,Enterprise,Active
3093,2024-03-12,2026-01-11,20,High,High,Medium,On-Time,10,159,Enterprise,Active
3094,2025-07-08,2026-01-21,10,Medium,High,Low,On-Time,8,22,Basic,Active
3095,2023-07-26,2025-11-25,67,Low,Medium,Low,Delayed,6,19,Basic,Active
3096,2025-01-06,2026-01-07,24,Medium,Medium,Medium,On-Time,7,53,Pro,Active
3097,2025-12-05,2025-12-29,33,Medium,High,Low,On-Time,8,24,Basic,Active
3098,2023-04-22,2026-01-20,11,High,Medium,Low,On-Time,7,11,Basic,Active
3099,2023-01-10,2026-01-24,7,High,High,Medium,On-Time,9,20,Basic,Active
3100,2024-04-19,2026-01-30,1,High,High,High,On-Time,8,49,Pro,Active
3101,2023-04-12,2025-07-14,201,Low,Low,Medium,Delayed,3,26,Basic,Cancelled
3102,2025-03-30,2025-11-30,62,Low,Low,Medium,Missed,7,42,Pro,Active
3103,2025-09-28,2025-12-28,34,High,Medium,Low,On-Time,9,13,Basic,Active
3104,2024-04-20,2026-01-08,23,High,High,High,On-Time,9,58,Pro,Active
3105,2023-10-11,2026-01-24,7,High,Medium,Medium,On-Time,7,18,Basic,Active
3106,2024-04-20,2026-01-02,29,High,Medium,Medium,Delayed,10,28,Basic,Active
3107,2025-03-03,2025-10-28,95,Medium,Low,High,On-Time,4,28,Basic,Active
3108,2023-01-10,2026-01-08,23,High,Medium,Medium,On-Time,9,19,Basic,Active
3109,2024-10-07,2025-11-20,72,Low,Low,High,On-Time,7,28,Basic,Active
3110,2024-11-02,2026-01-05,26,Medium,Medium,High,On-Time,9,68,Pro,Active
3111,2024-11-29,2026-01-06,25,High,Medium,Medium,On-Time,10,22,Basic,Active
3112,2023-09-23,2026-01-20,11,High,High,High,On-Time,8,64,Pro,Active
3113,2025-02-20,2026-01-03,28,High,High,Low,On-Time,7,25,Basic,Active
3114,2023-04-11,2025-12-29,33,High,Medium,Medium,Delayed,8,61,Pro,Active
3115,2023-08-07,2026-01-25,6,Medium,High,Low,Delayed,7,13,Basic,Active
3116,2025-08-18,2026-01-01,30,Medium,Medium,High,On-Time,10,42,Pro,Active
3117,2025-03-19,2025-12-26,36,High,High,Low,On-Time,8,24,Basic,Active
3118,2023-01-16,2025-12-23,39,High,High,High,On-Time,8,23,Basic,Active
3119,2023-09-29,2026-01-06,25,High,High,Low,On-Time,8,27,Basic,Active
3120,2023-08-23,2025-12-06,56,Medium,Low,Medium,Delayed,6,11,Basic,Active
3121,2023-10-24,2025-07-09,206,Low,Low,Low,Missed,2,20,Basic,Cancelled
3122,2023-09-29,2025-10-21,102,Medium,Low,Medium,Delayed,4,60,Pro,Active
3123,2023-03-10,2025-06-22,223,Low,Low,Low,Missed,2,19,Basic,Cancelled
3124,2024-05-17,2025-12-13,49,Low,Medium,High,Delayed,5,78,Pro,Active
3125,2025-03-13,2026-01-06,25,High,Medium,Medium,Delayed,10,21,Basic,Active
3126,2024-10-26,2025-11-20,72,Low,Low,Medium,Missed,6,17,Basic,Active
3127,2025-01-06,2025-08-05,179,Low,Low,Low,Missed,2,22,Basic,Active
3128,2023-03-30,2025-12-21,41,Medium,High,Low,On-Time,10,10,Basic,Active
3129,2025-11-07,2026-01-21,10,High,High,High,On-Time,7,187,Enterprise,Active
3130,2025-07-07,2026-01-18,13,Medium,Medium,Low,On-Time,7,21,Basic,Active
3131,2025-05-31,2025-12-21,41,High,Medium,High,On-Time,8,25,Basic,Active
3132,2025-06-20,2025-07-30,185,Low,Low,Low,Missed,4,284,Enterprise,Active
3133,2025-10-18,2025-11-25,67,Low,Low,Low,Delayed,4,22,Basic,Active
3134,2024-08-18,2025-12-18,44,Medium,High,High,On-Time,9,25,Basic,Active
3135,2023-08-08,2026-01-04,27,Medium,High,Medium,On-Time,7,15,Basic,Active
3136,2024-11-06,2025-12-27,35,Medium,Medium,Low,Delayed,9,24,Basic,Active
3137,2025-03-24,2026-01-19,12,Medium,High,Low,On-Time,10,25,Basic,Active
3138,2025-03-19,2026-01-26,5,Medium,High,High,On-Time,9,26,Basic,Active
3139,2024-07-24,2026-01-21,10,High,High,Low,On-Time,10,12,Basic,Active
3140,2023-03-16,2026-01-29,2,High,Medium,Low,Delayed,10,263,Enterprise,Active
3141,2024-02-11,2026-01-23,8,High,High,Medium,On-Time,8,13,Basic,Active
3142,2025-10-05,2025-12-27,35,Medium,High,Low,On-Time,9,19,Basic,Active
3143,2024-10-01,2026-01-21,10,Medium,High,Low,On-Time,9,56,Pro,Active
3144,2024-08-12,2026-01-18,13,Medium,Medium,Medium,On-Time,10,71,Pro,Active
3145,2023-10-22,2025-12-27,35,Medium,Medium,High,On-Time,9,12,Basic,Active
3146,2024-02-08,2025-12-29,33,Medium,High,High,On-Time,7,11,Basic,Active
3147,2025-09-07,2026-01-09,22,Medium,High,Medium,Delayed,10,15,Basic,Active
3148,2024-12-30,2026-01-04,27,High,Medium,Medium,On-Time,10,11,Basic,Active
3149,2025-05-12,2026-01-21,10,High,Medium,Medium,On-Time,7,21,Basic,Active
3150,2024-05-12,2025-12-02,60,Medium,Low,Low,Delayed,6,66,Pro,Active
3151,2024-11-21,2025-12-19,43,High,High,High,On-Time,9,185,Enterprise,Active
3152,2023-09-29,2025-12-20,42,Medium,Medium,Low,On-Time,8,60,Pro,Active
3153,2025-02-11,2026-01-13,18,High,Medium,Low,On-Time,7,129,Enterprise,Active
3154,2024-04-13,2025-05-23,253,Low,Low,Medium,Missed,1,14,Basic,Cancelled
3155,2024-04-29,2025-12-22,40,Medium,Medium,Low,On-Time,10,79,Pro,Active
3156,2024-12-12,2025-12-29,33,Medium,Medium,Low,On-Time,8,13,Basic,Active
3157,2025-10-22,2026-01-25,6,Medium,High,Low,On-Time,9,74,Pro,Active
3158,2023-03-12,2026-01-14,17,High,Medium,Low,Delayed,10,16,Basic,Active
3159,2025-06-22,2026-01-27,4,High,Medium,Medium,Delayed,9,27,Basic,Active
3160,2023-11-17,2026-01-01,30,High,Medium,Medium,On-Time,10,25,Basic,Active
3161,2024-05-01,2025-09-15,138,Low,Low,Low,Missed,4,53,Pro,Active
3162,2023-01-24,2026-01-11,20,High,Medium,Low,On-Time,7,48,Pro,Active
3163,2023-11-26,2025-12-23,39,High,Medium,Medium,On-Time,10,49,Pro,Active
3164,2024-07-04,2026-01-07,24,High,Medium,Medium,On-Time,10,22,Basic,Active
3165,2023-03-03,2025-12-26,36,High,Medium,Medium,On-Time,9,40,Pro,Active
3166,2024-06-21,2026-01-19,12,High,High,High,On-Time,10,71,Pro,Active
3167,2025-10-12,2025-12-29,33,High,High,Low,On-Time,7,61,Pro,Active
3168,2023-04-26,2026-01-04,27,High,High,Medium,On-Time,7,13,Basic,Active
3169,2025-04-17,2025-12-28,34,Medium,Medium,Medium,On-Time,7,15,Basic,Active
3170,2024-03-24,2025-12-23,39,Medium,Medium,High,On-Time,9,164,Enterprise,Active
3171,2024-12-18,2025-12-19,43,High,Medium,Low,On-Time,9,21,Basic,Active
3172,2023-10-12,2025-12-12,50,Medium,Low,Low,Delayed,6,25,Basic,Active
3173,2023-06-24,2025-12-29,33,High,Medium,Low,On-Time,8,43,Pro,Active
3174,2023-06-25,2026-01-28,3,High,Medium,Medium,On-Time,7,133,Enterprise,Active
3175,2023-03-19,2025-12-26,36,Medium,High,Low,On-Time,7,243,Enterprise,Active
3176,2023-07-23,2026-01-11,20,High,High,High,On-Time,9,21,Basic,Active
3177,2024-12-28,2026-01-02,29,Medium,High,High,On-Time,7,28,Basic,Active
3178,2025-08-23,2025-11-27,65,Medium,Low,Low,On-Time,5,26,Basic,Active
3179,2025-06-10,2026-01-16,15,Medium,High,Medium,On-Time,9,47,Pro,Active
3180,2025-01-20,2025-11-16,76,Low,Low,Low,Delayed,5,43,Pro,Active
3181,2023-05-01,2025-10-22,101,Medium,Low,High,Delayed,4,46,Pro,Active
3182,2023-11-13,2025-10-14,109,Medium,Low,Low,Delayed,7,20,Basic,Active
3183,2023-12-06,2025-10-09,114,Low,Low,High,On-Time,4,17,Basic,Active
3184,2023-10-01,2026-01-21,10,Medium,Medium,Low,Delayed,10,19,Basic,Active
3185,2024-07-17,2026-01-27,4,High,Medium,Low,On-Time,9,66,Pro,Active
3186,2024-08-09,2025-07-24,191,Low,Low,Medium,Missed,5,23,Basic,Cancelled
3187,2024-01-26,2025-10-31,92,Low,Low,Low,Delayed,4,47,Pro,Active
3188,2024-01-23,2025-12-23,39,High,Medium,Low,On-Time,8,19,Basic,Active
3189,2025-06-26,2026-01-15,16,Medium,Medium,Medium,On-Time,10,21,Basic,Active
3190,2025-05-14,2025-12-26,36,Medium,Medium,Medium,On-Time,9,27,Basic,Active
3191,2023-12-04,2026-01-21,10,High,Medium,High,On-Time,10,54,Pro,Active
3192,2025-09-27,2026-01-24,7,High,High,Low,On-Time,8,24,Basic,Active
3193,2025-11-09,2026-01-07,24,Medium,Medium,Medium,On-Time,10,55,Pro,Active
3194,2023-12-24,2026-01-06,25,Medium,High,Medium,On-Time,9,12,Basic,Active
3195,2024-01-24,2025-10-25,98,Low,Low,Medium,On-Time,4,12,Basic,Active
3196,2024-07-07,2026-01-16,15,High,High,Low,On-Time,7,14,Basic,Active
3197,2025-10-27,2025-12-28,34,Medium,Medium,Low,On-Time,7,14,Basic,Active
3198,2025-08-17,2026-01-08,23,High,Medium,Low,On-Time,8,49,Pro,Active
3199,2023-04-23,2026-01-12,19,Medium,High,Medium,On-Time,8,196,Enterprise,Active
3200,2024-03-06,2025-12-21,41,Medium,High,High,On-Time,8,19,Basic,Active
3201,2024-08-28,2026-01-06,25,High,High,Medium,On-Time,10,64,Pro,Active
3202,2024-07-04,2025-11-13,79,Low,Low,Medium,On-Time,7,49,Pro,Active
3203,2023-08-01,2025-12-19,43,Medium,High,Low,On-Time,9,27,Basic,Active
3204,2025-07-29,2026-01-04,27,High,Medium,Low,On-Time,8,55,Pro,Active
3205,2025-01-11,2025-12-23,39,Medium,High,Low,On-Time,9,16,Basic,Active
3206,2025-07-06,2026-01-02,29,High,High,Medium,Delayed,8,77,Pro,Active
3207,2025-07-29,2025-11-03,89,Low,Low,Low,On-Time,5,23,Basic,Active
3208,2025-03-30,2025-12-24,38,High,High,Low,On-Time,9,10,Basic,Active
3209,2024-04-25,2026-01-06,25,Medium,High,Low,On-Time,7,10,Basic,Active
3210,2024-10-30,2026-01-23,8,High,High,Low,On-Time,7,60,Pro,Active
3211,2023-06-25,2025-11-28,64,Low,Low,Low,Missed,7,260,Enterprise,Active
3212,2025-01-07,2025-12-29,33,Medium,Medium,High,On-Time,8,21,Basic,Active
3213,2023-07-16,2025-12-27,35,Medium,High,Low,On-Time,7,75,Pro,Active
3214,2025-01-29,2025-09-04,149,Low,Low,Medium,Missed,3,250,Enterprise,Cancelled
3215,2023-09-09,2025-04-08,298,Low,Low,High,Missed,1,44,Pro,Active
3216,2023-05-09,2026-01-19,12,High,Medium,Low,On-Time,9,47,Pro,Active
3217,2023-06-30,2025-11-29,63,Medium,Low,High,Delayed,5,22,Basic,Active
3218,2023-01-03,2026-01-08,23,High,Medium,Low,On-Time,7,16,Basic,Active
3219,2025-02-26,2025-12-09,53,Medium,Low,High,Delayed,6,50,Pro,Active
3220,2025-03-12,2026-01-07,24,High,Medium,High,On-Time,9,259,Enterprise,Active
3221,2024-07-17,2026-01-07,24,High,Medium,High,On-Time,9,14,Basic,Active
3222,2023-06-26,2025-12-25,37,High,Medium,Low,Delayed,10,54,Pro,Active
3223,2023-04-02,2025-10-25,98,Medium,Low,High,Delayed,6,22,Basic,Active
3224,2023-01-21,2026-01-14,17,Medium,High,High,On-Time,10,26,Basic,Active
3225,2023-07-01,2026-01-09,22,High,Medium,Medium,On-Time,10,66,Pro,Active
3226,2025-09-02,2025-07-13,202,Low,Low,Low,Delayed,2,15,Basic,Cancelled
3227,2023-09-22,2026-01-13,18,Medium,High,Low,On-Time,10,73,Pro,Active
3228,2024-01-23,2025-12-12,50,Low,Low,Low,Delayed,5,50,Pro,Active
3229,2023-04-26,2025-04-15,291,Low,Low,Medium,Delayed,1,77,Pro,Cancelled
3230,2023-09-01,2025-12-30,32,High,Medium,Low,On-Time,8,14,Basic,Active
3231,2024-07-22,2026-01-27,4,Medium,Medium,High,On-Time,8,79,Pro,Active
3232,2024-10-27,2026-01-05,26,High,Medium,Medium,On-Time,10,23,Basic,Active
3233,2023-09-26,2026-01-01,30,Medium,Medium,Low,On-Time,10,14,Basic,Active
3234,2023-03-05,2025-12-30,32,Medium,Medium,Medium,On-Time,9,10,Basic,Active
3235,2024-03-04,2025-10-15,108,Medium,Low,Medium,Delayed,6,58,Pro,Active
3236,2023-09-14,2025-12-28,34,High,Medium,Low,On-Time,8,12,Basic,Active
3237,2023-08-29,2026-01-23,8,High,High,Low,On-Time,10,16,Basic,Active
3238,2025-11-17,2026-01-18,13,High,Medium,Low,On-Time,7,44,Pro,Active
3239,2024-11-05,2026-01-09,22,High,High,Medium,On-Time,9,14,Basic,Active
3240,2024-09-01,2025-11-12,80,Low,Low,Medium,On-Time,7,17,Basic,Active
3241,2024-03-31,2025-12-29,33,High,High,Low,On-Time,9,25,Basic,Active
3242,2024-04-14,2025-12-22,40,Medium,Medium,Low,On-Time,10,197,Enterprise,Active
3243,2024-08-15,2025-12-22,40,Medium,Medium,Low,Delayed,7,24,Basic,Active
3244,2025-02-01,2025-12-25,37,High,Medium,Medium,On-Time,10,12,Basic,Active
3245,2025-02-07,2026-01-16,15,Medium,High,Medium,On-Time,7,66,Pro,Active
3246,2023-07-08,2025-12-28,34,High,Medium,Medium,On-Time,7,22,Basic,Active
3247,2024-07-01,2026-01-04,27,Medium,High,Low,On-Time,9,55,Pro,Active
3248,2024-03-27,2025-12-29,33,Medium,Medium,Low,On-Time,7,62,Pro,Active
3249,2025-08-11,2026-01-04,27,Medium,Medium,Low,On-Time,7,17,Basic,Active
3250,2024-11-22,2026-01-14,17,High,High,Medium,On-Time,9,295,Enterprise,Active
3251,2024-08-06,2026-01-15,16,Medium,Medium,Low,On-Time,7,29,Basic,Active
3252,2023-05-07,2026-01-23,8,High,Medium,Low,On-Time,7,230,Enterprise,Active
3253,2024-10-25,2025-11-01,91,Low,Low,Low,On-Time,5,29,Basic,Active
3254,2023-05-09,2025-12-31,31,Medium,High,Low,On-Time,9,24,Basic,Active
3255,2024-01-05,2025-12-21,41,High,Medium,High,On-Time,7,25,Basic,Active
3256,2023-06-06,2025-11-07,85,Low,Medium,Low,Missed,7,18,Basic,Active
3257,2025-01-27,2026-01-28,3,High,High,Medium,On-Time,10,16,Basic,Active
3258,2023-08-14,2026-01-07,24,Medium,High,High,On-Time,10,18,Basic,Active
3259,2024-03-05,2025-12-24,38,Medium,Medium,Low,Delayed,8,77,Pro,Active
3260,2025-09-07,2025-12-30,32,Medium,High,Low,On-Time,10,14,Basic,Active
3261,2023-08-12,2026-01-07,24,High,High,Medium,Delayed,10,24,Basic,Active
3262,2024-07-10,2025-12-23,39,High,Medium,Medium,On-Time,7,13,Basic,Active
3263,2024-04-04,2026-01-08,23,High,Medium,High,On-Time,7,52,Pro,Active
3264,2023-01-20,2026-01-21,10,High,High,Medium,On-Time,10,28,Basic,Active
3265,2025-05-18,2026-01-13,18,Medium,Medium,Medium,On-Time,10,18,Basic,Active
3266,2023-03-17,2025-10-06,117,Low,Low,High,Delayed,7,16,Basic,Active
3267,2024-06-03,2025-10-21,102,Low,Medium,Medium,Delayed,4,29,Basic,Active
3268,2024-09-05,2026-01-22,9,High,Medium,High,On-Time,8,262,Enterprise,Active
3269,2024-11-19,2025-11-06,86,Medium,Medium,Low,Delayed,6,179,Enterprise,Active
3270,2025-01-24,2025-12-28,34,High,High,Medium,On-Time,9,67,Pro,Active
3271,2023-10-05,2025-12-19,43,High,High,Medium,Delayed,9,27,Basic,Active
3272,2023-01-11,2026-01-01,30,Medium,Medium,Low,Delayed,9,48,Pro,Active
3273,2025-03-03,2026-01-14,17,High,Medium,Medium,On-Time,9,12,Basic,Active
3274,2024-08-09,2025-05-31,245,Low,Low,Low,Missed,5,15,Basic,Cancelled
3275,2025-07-04,2025-11-16,76,Low,Low,Medium,Delayed,6,50,Pro,Active
3276,2025-06-18,2025-12-28,34,Medium,High,High,On-Time,9,26,Basic,Active
3277,2025-07-12,2025-12-24,38,Medium,High,Low,On-Time,10,15,Basic,Active
3278,2024-06-15,2025-12-28,34,Medium,High,Medium,On-Time,9,75,Pro,Active
3279,2024-01-01,2025-10-18,105,Medium,Low,Medium,On-Time,6,72,Pro,Active
3280,2025-05-16,2025-09-16,137,Low,Low,Medium,Missed,1,46,Pro,Cancelled
3281,2024-05-09,2026-01-20,11,High,Medium,Medium,On-Time,10,16,Basic,Active
3282,2023-07-20,2026-01-17,14,High,Medium,Low,On-Time,9,29,Basic,Active
3283,2025-07-25,2026-01-22,9,Medium,High,Medium,On-Time,10,14,Basic,Active
3284,2025-08-24,2025-12-27,35,High,High,Low,On-Time,8,21,Basic,Active
3285,2024-05-25,2026-01-09,22,Medium,High,Medium,On-Time,9,217,Enterprise,Active
3286,2023-03-24,2026-01-09,22,High,Medium,Low,On-Time,9,21,Basic,Active
3287,2024-02-29,2025-11-09,83,Medium,Low,Medium,Delayed,4,242,Enterprise,Active
3288,2025-05-29,2026-01-19,12,High,Medium,High,Delayed,8,66,Pro,Active
3289,2025-09-14,2026-01-30,1,High,High,Low,On-Time,9,58,Pro,Active
3290,2023-08-11,2025-04-22,284,Low,Low,Low,Missed,2,261,Enterprise,Cancelled
3291,2023-03-15,2025-11-01,91,Low,Low,Medium,Delayed,7,145,Enterprise,Active
3292,2025-08-18,2026-01-24,7,High,High,Low,On-Time,8,269,Enterprise,Active
3293,2024-03-02,2026-01-07,24,High,High,Medium,On-Time,10,28,Basic,Active
3294,2024-08-16,2026-01-13,18,High,High,Low,On-Time,10,55,Pro,Active
3295,2025-11-26,2025-12-27,35,Medium,Medium,Low,On-Time,10,10,Basic,Active
3296,2023-03-14,2026-01-12,19,Medium,High,Medium,On-Time,7,55,Pro,Active
3297,2024-12-10,2025-09-11,142,Low,Low,Medium,Missed,1,26,Basic,Cancelled
3298,2023-03-23,2025-05-24,252,Low,Low,Medium,Missed,5,12,Basic,Cancelled
3299,2024-02-16,2025-12-28,34,High,High,Medium,On-Time,7,71,Pro,Active
3300,2025-05-30,2026-01-12,19,Medium,High,Medium,On-Time,7,11,Basic,Active
3301,2024-04-19,2026-01-02,29,High,Medium,Medium,On-Time,8,28,Basic,Active
3302,2025-12-27,2025-10-12,111,Low,Medium,High,Delayed,4,13,Basic,Active
3303,2024-09-04,2026-01-15,16,High,High,Low,On-Time,8,22,Basic,Active
3304,2023-12-18,2026-01-17,14,High,High,Low,On-Time,7,21,Basic,Active
3305,2023-08-30,2026-01-03,28,Medium,Medium,Low,On-Time,8,47,Pro,Active
3306,2024-01-19,2026-01-20,11,High,Medium,Low,Delayed,10,22,Basic,Active
3307,2024-02-12,2026-01-16,15,High,High,Low,On-Time,10,12,Basic,Active
3308,2023-03-17,2026-01-15,16,Medium,Medium,Medium,On-Time,10,24,Basic,Active
3309,2024-02-09,2025-12-19,43,High,Medium,Low,On-Time,7,19,Basic,Active
3310,2024-05-23,2025-11-02,90,Low,Low,Low,On-Time,4,51,Pro,Active
3311,2025-03-02,2025-12-31,31,Medium,Medium,Low,On-Time,7,74,Pro,Active
3312,2024-12-20,2026-01-20,11,High,Medium,Low,On-Time,8,51,Pro,Active
3313,2025-02-15,2026-01-14,17,Medium,Medium,Low,On-Time,7,69,Pro,Active
3314,2023-01-10,2025-09-22,131,Low,Low,Low,Missed,3,29,Basic,Cancelled
3315,2023-08-27,2026-01-09,22,Medium,Medium,Low,On-Time,8,29,Basic,Active
3316,2024-12-25,2026-01-16,15,Medium,High,Low,On-Time,8,69,Pro,Active
3317,2024-06-13,2025-12-08,54,Medium,Low,Medium,On-Time,7,16,Basic,Active
3318,2023-01-06,2025-12-21,41,High,Medium,Medium,On-Time,7,71,Pro,Active
3319,2025-05-30,2025-05-07,269,Low,Low,Low,Delayed,1,69,Pro,Cancelled
3320,2025-04-26,2025-11-25,67,Low,Medium,Medium,Missed,4,21,Basic,Active
3321,2024-08-23,2026-01-13,18,High,Medium,High,On-Time,10,10,Basic,Active
3322,2023-03-14,2026-01-08,23,High,High,Low,On-Time,7,12,Basic,Active
3323,2025-04-19,2025-12-26,36,High,Medium,Low,Delayed,10,10,Basic,Active
3324,2024-10-01,2025-12-20,42,High,High,High,On-Time,7,17,Basic,Active
3325,2025-05-06,2025-12-23,39,High,High,Low,On-Time,7,40,Pro,Active
3326,2025-04-03,2026-01-18,13,Medium,High,Low,Delayed,10,56,Pro,Active
3327,2025-05-29,2025-08-21,163,Low,Low,Medium,Missed,5,27,Basic,Active
3328,2024-07-21,2026-01-06,25,Medium,High,Low,Delayed,8,194,Enterprise,Active
3329,2023-06-03,2025-12-22,40,High,Medium,Low,On-Time,7,58,Pro,Active
3330,2025-01-04,2026-01-08,23,Medium,High,Low,On-Time,7,40,Pro,Active
3331,2024-11-10,2026-01-25,6,High,Medium,Low,On-Time,10,26,Basic,Active
3332,2025-03-23,2025-11-08,84,Medium,Low,Medium,On-Time,4,177,Enterprise,Active
3333,2023-07-06,2025-12-26,36,High,High,Medium,On-Time,9,14,Basic,Active
3334,2023-08-02,2026-01-20,11,Medium,Medium,High,On-Time,10,14,Basic,Active
3335,2025-09-01,2025-11-02,90,Low,Low,Low,Delayed,6,20,Basic,Active
3336,2025-04-01,2025-10-29,94,Medium,Medium,Low,On-Time,6,28,Basic,Active
3337,2025-09-21,2025-12-01,61,Medium,Low,Low,Delayed,7,23,Basic,Active
3338,2025-04-10,2025-12-28,34,High,High,Low,On-Time,9,29,Basic,Active
3339,2024-10-15,2026-01-05,26,High,Medium,Low,On-Time,7,49,Pro,Active
3340,2024-12-17,2026-01-15,16,Medium,High,Low,On-Time,10,24,Basic,Active
3341,2025-08-31,2026-01-10,21,Medium,High,Low,On-Time,9,27,Basic,Active
3342,2024-09-25,2025-12-03,59,Low,Medium,Low,On-Time,6,235,Enterprise,Active
3343,2024-11-23,2025-11-15,77,Low,Low,High,On-Time,6,49,Pro,Active
3344,2023-06-21,2025-11-13,79,Low,Low,Low,Missed,7,27,Basic,Active
3345,2024-06-02,2026-01-15,16,High,High,Medium,On-Time,8,22,Basic,Active
3346,2025-02-23,2025-12-21,41,Medium,High,High,On-Time,7,233,Enterprise,Active
3347,2023-10-24,2025-12-25,37,Medium,Medium,Low,On-Time,10,21,Basic,Active
3348,2023-08-10,2025-12-20,42,High,Medium,High,Delayed,8,17,Basic,Active
3349,2023-12-10,2025-04-28,278,Low,Low,Medium,Missed,4,19,Basic,Cancelled
3350,2023-09-22,2025-10-02,121,Low,Low,Low,Delayed,1,19,Basic,Cancelled
3351,2023-08-24,2025-10-20,103,Low,Low,High,Delayed,4,72,Pro,Active
3352,2024-04-10,2025-12-26,36,Medium,High,Medium,On-Time,10,51,Pro,Active
3353,2025-09-21,2026-01-23,8,High,High,Low,On-Time,7,21,Basic,Active
3354,2024-07-09,2025-12-31,31,Medium,High,Medium,On-Time,7,248,Enterprise,Active
3355,2023-07-25,2026-01-08,23,High,High,Medium,On-Time,10,24,Basic,Active
3356,2023-03-26,2025-10-16,107,Medium,Low,Medium,On-Time,6,57,Pro,Active
3357,2025-02-01,2025-12-26,36,High,High,Medium,On-Time,7,51,Pro,Active
3358,2024-02-24,2026-01-07,24,Medium,Medium,Low,On-Time,10,16,Basic,Active
3359,2025-06-18,2026-01-05,26,Medium,Medium,Medium,On-Time,8,55,Pro,Active
3360,2024-12-23,2026-01-15,16,High,High,Medium,On-Time,7,47,Pro,Active
3361,2025-05-21,2026-01-05,26,Medium,Medium,Medium,On-Time,7,56,Pro,Active
3362,2023-10-25,2026-01-06,25,High,High,Medium,On-Time,7,59,Pro,Active
3363,2025-01-28,2025-06-27,218,Low,Low,Medium,Delayed,1,73,Pro,Cancelled
3364,2023-10-17,2025-11-14,78,Medium,Low,High,Delayed,7,17,Basic,Active
3365,2025-10-25,2025-12-30,32,Medium,Medium,Medium,On-Time,10,66,Pro,Active
3366,2024-11-27,2026-01-21,10,Medium,Medium,High,Delayed,8,12,Basic,Active
3367,2023-12-22,2026-01-09,22,High,Medium,Low,Delayed,9,17,Basic,Active
3368,2023-10-23,2025-11-05,87,Low,Low,Low,Delayed,7,24,Basic,Active
3369,2023-07-29,2026-01-23,8,High,Medium,Low,Delayed,10,27,Basic,Active
3370,2025-01-30,2026-01-24,7,High,High,Low,On-Time,8,67,Pro,Active
3371,2023-08-28,2026-01-24,7,High,Medium,High,On-Time,9,16,Basic,Active
3372,2024-10-13,2026-01-05,26,High,High,Low,On-Time,7,50,Pro,Active
3373,2023-10-17,2026-01-29,2,Medium,Medium,Low,On-Time,10,13,Basic,Active
3374,2024-12-25,2026-01-03,28,High,High,Low,On-Time,9,56,Pro,Active
3375,2025-06-11,2025-05-26,250,Low,Low,Medium,Delayed,3,26,Basic,Cancelled
3376,2025-05-01,2026-01-30,1,Medium,Medium,Low,On-Time,9,18,Basic,Active
3377,2025-04-13,2026-01-13,18,High,High,Low,On-Time,7,44,Pro,Active
3378,2023-07-25,2026-01-15,16,Medium,High,Low,On-Time,9,44,Pro,Active
3379,2023-04-07,2025-07-26,189,Low,Low,Low,Delayed,4,40,Pro,Cancelled
3380,2025-02-04,2026-01-14,17,Medium,Medium,Low,Delayed,7,45,Pro,Active
3381,2024-02-08,2026-01-26,5,Medium,High,Medium,On-Time,7,125,Enterprise,Active
3382,2024-04-18,2026-01-09,22,High,High,Low,On-Time,9,15,Basic,Active
3383,2023-02-04,2026-01-12,19,High,Medium,High,Delayed,10,29,Basic,Active
3384,2023-10-12,2026-01-31,0,High,Medium,Low,On-Time,8,26,Basic,Active
3385,2023-02-06,2026-01-02,29,Medium,Medium,Low,Delayed,10,17,Basic,Active
3386,2025-08-20,2025-04-26,280,Low,Low,Medium,Missed,2,26,Basic,Cancelled
3387,2023-09-24,2026-01-13,18,Medium,Medium,Low,On-Time,10,12,Basic,Active
3388,2024-09-02,2026-01-11,20,Medium,Medium,Low,On-Time,10,26,Basic,Active
3389,2023-02-12,2025-12-03,59,Medium,Medium,Low,On-Time,5,44,Pro,Active
3390,2024-12-31,2026-01-02,29,Medium,Medium,Medium,On-Time,8,14,Basic,Active
3391,2023-12-20,2026-01-24,7,High,Medium,Low,Delayed,9,21,Basic,Active
3392,2025-09-10,2025-06-25,220,Low,Low,Medium,Missed,1,12,Basic,Cancelled
3393,2025-08-30,2025-12-30,32,Medium,Medium,Medium,On-Time,9,14,Basic,Active
3394,2023-12-23,2025-12-27,35,High,Medium,Medium,On-Time,10,26,Basic,Active
3395,2025-09-13,2026-01-31,0,Medium,Medium,High,On-Time,9,24,Basic,Active
3396,2025-12-26,2025-10-21,102,Medium,Medium,Medium,On-Time,4,16,Basic,Active
3397,2025-06-22,2026-01-20,11,High,High,Medium,Delayed,9,15,Basic,Active
3398,2025-07-14,2025-07-19,196,Low,Low,High,Delayed,2,15,Basic,Cancelled
3399,2023-09-30,2026-01-30,1,High,High,Low,On-Time,10,68,Pro,Active
3400,2024-09-23,2025-08-15,169,Low,Low,Medium,Delayed,4,61,Pro,Cancelled
3401,2023-03-15,2025-11-18,74,Low,Low,Low,On-Time,6,11,Basic,Active
3402,2023-04-14,2025-10-04,119,Low,Low,Low,On-Time,6,28,Basic,Active
3403,2025-12-29,2026-01-09,22,High,Medium,Low,On-Time,10,25,Basic,Active
3404,2023-12-24,2026-01-01,30,High,Medium,High,On-Time,8,12,Basic,Active
3405,2025-03-30,2025-04-15,291,Low,Low,Medium,Missed,1,298,Enterprise,Cancelled
3406,2025-06-02,2025-04-20,286,Low,Low,Low,Missed,2,72,Pro,Cancelled
3407,2025-07-28,2026-01-04,27,High,Medium,Low,Delayed,8,178,Enterprise,Active
3408,2025-12-28,2025-10-19,104,Low,Low,Low,On-Time,4,213,Enterprise,Active
3409,2023-09-22,2026-01-11,20,Medium,Medium,Low,On-Time,9,25,Basic,Active
3410,2023-02-14,2026-01-14,17,High,High,Medium,On-Time,7,19,Basic,Active
3411,2024-03-26,2026-01-11,20,High,Medium,Low,On-Time,8,17,Basic,Active
3412,2023-05-23,2025-09-18,135,Low,Low,Medium,Delayed,3,78,Pro,Cancelled
3413,2023-01-25,2025-12-20,42,Medium,High,High,On-Time,9,235,Enterprise,Active
3414,2024-01-30,2025-09-09,144,Low,Low,Low,Delayed,4,25,Basic,Active
3415,2025-05-08,2026-01-31,0,Medium,High,High,On-Time,10,48,Pro,Active
3416,2024-09-11,2026-01-31,0,High,Medium,Low,On-Time,8,25,Basic,Active
3417,2023-12-09,2026-01-27,4,High,Medium,Low,On-Time,7,14,Basic,Active
3418,2024-12-17,2026-01-19,12,High,Medium,Low,Delayed,7,11,Basic,Active
3419,2023-09-12,2025-10-16,107,Low,Low,Low,Missed,7,79,Pro,Active
3420,2023-01-16,2026-01-26,5,Medium,High,High,On-Time,9,10,Basic,Active
3421,2025-04-16,2026-01-30,1,Medium,Medium,Low,On-Time,8,19,Basic,Active
3422,2024-11-13,2025-06-27,218,Low,Low,Medium,Delayed,4,15,Basic,Cancelled
3423,2025-04-14,2026-01-29,2,High,Medium,Medium,Delayed,8,61,Pro,Active
3424,2023-02-12,2026-01-09,22,Medium,Medium,Low,On-Time,7,16,Basic,Active
3425,2025-07-05,2025-12-24,38,High,High,Low,On-Time,10,16,Basic,Active
3426,2024-11-09,2026-01-05,26,High,Medium,Low,On-Time,7,71,Pro,Active
3427,2024-09-08,2026-01-24,7,Medium,High,Low,On-Time,8,18,Basic,Active
3428,2024-11-14,2025-11-29,63,Medium,Low,High,Delayed,4,231,Enterprise,Active
3429,2025-08-04,2025-11-17,75,Low,Low,Medium,On-Time,6,21,Basic,Active
3430,2024-10-04,2025-10-07,116,Medium,Medium,High,On-Time,5,71,Pro,Active
3431,2024-09-28,2025-12-19,43,High,High,Medium,On-Time,7,60,Pro,Active
3432,2025-12-20,2026-01-02,29,High,High,Low,Delayed,10,55,Pro,Active
3433,2025-04-08,2025-10-26,97,Low,Low,Low,On-Time,5,14,Basic,Active
3434,2024-04-29,2025-11-18,74,Medium,Low,Medium,Delayed,5,62,Pro,Active
3435,2025-02-13,2025-11-02,90,Low,Medium,Low,On-Time,7,73,Pro,Active
3436,2024-03-02,2026-01-19,12,High,High,Low,On-Time,8,66,Pro,Active
3437,2023-09-08,2025-10-10,113,Medium,Medium,Low,Delayed,6,11,Basic,Active
3438,2024-10-15,2025-12-19,43,High,High,Low,On-Time,10,66,Pro,Active
3439,2025-10-13,2025-10-05,118,Low,Medium,Medium,Delayed,5,22,Basic,Active
3440,2025-10-14,2025-10-23,100,Medium,Medium,Medium,Missed,4,18,Basic,Active
3441,2024-01-10,2026-01-05,26,High,High,Medium,On-Time,9,55,Pro,Active
3442,2024-07-31,2026-01-14,17,High,High,Medium,On-Time,10,288,Enterprise,Active
3443,2023-08-20,2025-05-12,264,Low,Low,Medium,Missed,1,62,Pro,Cancelled
3444,2025-12-26,2026-01-18,13,High,High,Medium,On-Time,8,13,Basic,Active
3445,2025-12-10,2025-12-31,31,Medium,Medium,Low,On-Time,7,12,Basic,Active
3446,2024-12-12,2025-09-05,148,Low,Low,High,Delayed,1,12,Basic,Active
3447,2025-05-30,2025-10-15,108,Low,Low,Low,Delayed,4,22,Basic,Active
3448,2025-02-22,2026-01-31,0,High,High,Low,On-Time,10,20,Basic,Active
3449,2024-10-11,2026-01-13,18,High,High,Low,On-Time,9,210,Enterprise,Active
3450,2023-02-28,2026-01-10,21,Medium,High,Low,On-Time,9,67,Pro,Active
3451,2024-05-12,2025-10-08,115,Low,Low,Low,Delayed,4,197,Enterprise,Active
3452,2025-01-08,2025-12-27,35,Medium,High,Low,On-Time,10,22,Basic,Active
3453,2025-01-11,2025-12-23,39,High,Medium,Medium,On-Time,9,55,Pro,Active
3454,2024-02-13,2026-01-15,16,Medium,High,Low,On-Time,10,62,Pro,Active
3455,2025-10-28,2025-07-24,191,Low,Low,Medium,Delayed,1,21,Basic,Cancelled
3456,2023-07-03,2025-05-26,250,Low,Low,Low,Delayed,1,26,Basic,Cancelled
3457,2024-07-01,2026-01-24,7,Medium,Medium,Medium,On-Time,9,26,Basic,Active
3458,2025-01-26,2025-12-31,31,Medium,High,Medium,On-Time,8,17,Basic,Active
3459,2025-02-02,2026-01-18,13,High,Medium,Low,On-Time,9,23,Basic,Active
3460,2024-12-11,2025-05-15,261,Low,Low,High,Delayed,4,65,Pro,Cancelled
3461,2023-10-29,2025-12-29,33,Medium,Medium,Low,On-Time,7,17,Basic,Active
3462,2023-06-21,2026-01-01,30,Medium,High,Medium,On-Time,10,23,Basic,Active
3463,2024-11-27,2026-01-28,3,Medium,Medium,Medium,On-Time,7,54,Pro,Active
3464,2024-10-18,2025-12-30,32,Medium,High,Low,Delayed,9,24,Basic,Active
3465,2023-07-16,2026-01-08,23,High,Medium,High,On-Time,10,73,Pro,Active
3466,2025-02-11,2025-11-03,89,Medium,Low,Low,Delayed,7,12,Basic,Active
3467,2024-05-13,2025-12-30,32,High,High,Medium,On-Time,8,51,Pro,Active
3468,2025-01-01,2025-10-10,113,Medium,Medium,Low,Delayed,5,54,Pro,Active
3469,2025-07-05,2025-04-08,298,Low,Low,Medium,Missed,5,29,Basic,Cancelled
3470,2023-07-05,2025-12-31,31,High,High,High,Delayed,8,15,Basic,Active
3471,2023-01-21,2026-01-03,28,Medium,Medium,Medium,On-Time,10,67,Pro,Active
3472,2025-05-03,2026-01-02,29,Medium,Medium,Low,On-Time,8,58,Pro,Active
3473,2024-10-29,2025-12-08,54,Medium,Low,Low,Delayed,6,73,Pro,Active
3474,2025-02-05,2026-01-17,14,Medium,Medium,Medium,On-Time,8,29,Basic,Active
3475,2025-07-06,2025-12-31,31,High,Medium,Low,On-Time,10,67,Pro,Active
3476,2025-05-29,2026-01-20,11,High,High,High,On-Time,9,24,Basic,Active
3477,2025-11-18,2026-01-23,8,High,Medium,High,On-Time,9,17,Basic,Active
3478,2024-08-09,2026-01-02,29,Medium,Medium,Low,On-Time,9,16,Basic,Active
3479,2024-06-18,2025-12-24,38,Medium,High,Medium,On-Time,9,44,Pro,Active
3480,2024-03-16,2026-01-21,10,Medium,Medium,High,On-Time,10,13,Basic,Active
3481,2023-06-18,2025-11-23,69,Low,Low,Low,On-Time,4,28,Basic,Active
3482,2024-09-19,2026-01-02,29,High,Medium,Low,On-Time,7,23,Basic,Active
3483,2023-10-31,2025-11-26,66,Medium,Medium,Low,Delayed,5,13,Basic,Active
3484,2025-10-05,2026-01-27,4,High,Medium,Low,On-Time,8,59,Pro,Active
3485,2024-09-30,2025-12-16,46,Low,Low,High,Missed,4,76,Pro,Active
3486,2024-10-11,2025-12-23,39,High,High,Low,On-Time,7,44,Pro,Active
3487,2024-01-24,2025-12-09,53,Low,Medium,Low,Delayed,5,264,Enterprise,Active
3488,2023-02-26,2025-10-10,113,Low,Low,Low,Delayed,5,75,Pro,Active
3489,2023-02-04,2025-12-04,58,Low,Low,Low,On-Time,5,26,Basic,Active
3490,2024-04-08,2025-12-28,34,High,High,Medium,Delayed,10,12,Basic,Active
3491,2023-04-03,2026-01-02,29,Medium,Medium,Medium,On-Time,10,12,Basic,Active
3492,2024-10-26,2025-11-09,83,Low,Low,Medium,Missed,4,47,Pro,Active
3493,2025-08-22,2025-10-12,111,Low,Low,Low,On-Time,5,14,Basic,Active
3494,2025-08-24,2025-11-04,88,Medium,Low,Medium,Missed,6,55,Pro,Active
3495,2024-12-22,2025-12-20,42,High,High,High,On-Time,7,185,Enterprise,Active
3496,2023-08-20,2025-12-26,36,Medium,Medium,Low,Delayed,10,21,Basic,Active
3497,2025-08-02,2025-12-21,41,High,Medium,Low,On-Time,7,78,Pro,Active
3498,2025-08-28,2025-06-11,234,Low,Low,Low,Delayed,1,19,Basic,Active
3499,2023-08-04,2025-11-19,73,Low,Medium,Low,Delayed,6,148,Enterprise,Active
3500,2025-03-18,2025-08-04,180,Low,Low,Medium,Missed,3,66,Pro,Cancelled
3501,2023-11-10,2025-11-24,68,Medium,Low,Medium,Delayed,7,10,Basic,Active
3502,2025-05-28,2025-12-14,48,Medium,Low,Low,Missed,6,21,Basic,Active
3503,2025-12-27,2026-01-02,29,Medium,Medium,Low,On-Time,8,13,Basic,Active
3504,2023-02-02,2026-01-23,8,Medium,Medium,Low,On-Time,8,13,Basic,Active
3505,2025-09-09,2026-01-17,14,Medium,High,Low,Delayed,10,269,Enterprise,Active
3506,2024-11-12,2026-01-12,19,High,High,High,On-Time,7,55,Pro,Active
3507,2025-12-01,2026-01-21,10,Medium,Medium,Medium,On-Time,8,23,Basic,Active
3508,2024-05-24,2025-10-01,122,Low,Low,Low,Delayed,2,19,Basic,Cancelled
3509,2025-07-16,2026-01-10,21,Medium,High,Low,Delayed,9,27,Basic,Active
3510,2023-03-10,2025-08-08,176,Low,Low,Medium,Delayed,2,25,Basic,Cancelled
3511,2024-01-03,2026-01-04,27,Medium,Medium,Low,On-Time,10,59,Pro,Active
3512,2023-03-15,2025-09-13,140,Low,Low,Medium,Missed,3,23,Basic,Active
3513,2025-12-04,2026-01-18,13,Medium,Medium,Low,On-Time,9,16,Basic,Active
3514,2025-06-13,2025-04-23,283,Low,Low,Low,Missed,1,10,Basic,Cancelled
3515,2025-07-22,2025-09-29,124,Low,Low,Medium,Missed,4,29,Basic,Cancelled
3516,2025-10-24,2026-01-12,19,High,Medium,Low,On-Time,7,56,Pro,Active
3517,2023-04-04,2026-01-06,25,Medium,High,Low,On-Time,7,72,Pro,Active
3518,2024-02-27,2026-01-03,28,High,Medium,Low,On-Time,8,27,Basic,Active
3519,2023-03-19,2025-11-05,87,Low,Low,Low,Delayed,6,13,Basic,Active
3520,2023-08-19,2025-08-12,172,Low,Low,Medium,Delayed,1,44,Pro,Cancelled
3521,2023-09-09,2026-01-30,1,Medium,High,Low,On-Time,10,222,Enterprise,Active
3522,2024-05-28,2026-01-11,20,High,High,Medium,On-Time,10,23,Basic,Active
3523,2023-10-22,2026-01-30,1,Medium,Medium,Low,On-Time,10,20,Basic,Active
3524,2023-04-21,2026-01-21,10,High,Medium,Medium,On-Time,7,50,Pro,Active
3525,2023-07-03,2025-08-15,169,Low,Low,Low,Delayed,3,23,Basic,Cancelled
3526,2023-06-11,2026-01-20,11,High,High,Low,Delayed,10,25,Basic,Active
3527,2025-12-01,2025-12-24,38,High,Medium,Low,On-Time,9,65,Pro,Active
3528,2025-04-11,2026-01-14,17,Medium,High,Low,On-Time,9,27,Basic,Active
3529,2025-11-25,2025-07-26,189,Low,Low,Low,Missed,1,14,Basic,Cancelled
3530,2024-04-26,2025-09-25,128,Low,Low,Low,Missed,1,27,Basic,Cancelled
3531,2023-11-01,2025-05-18,258,Low,Low,High,Missed,3,12,Basic,Cancelled
3532,2025-05-24,2026-01-31,0,Medium,Medium,Medium,On-Time,8,256,Enterprise,Active
3533,2023-12-24,2025-12-29,33,High,High,Low,On-Time,8,29,Basic,Active
3534,2023-11-24,2026-01-06,25,Medium,Medium,Low,Delayed,9,24,Basic,Active
3535,2023-09-12,2026-01-21,10,High,Medium,High,On-Time,9,21,Basic,Active
3536,2023-05-22,2026-01-21,10,High,Medium,High,On-Time,8,66,Pro,Active
3537,2023-10-08,2026-01-30,1,Medium,High,High,On-Time,8,22,Basic,Active
3538,2024-01-25,2026-01-08,23,High,Medium,High,On-Time,8,50,Pro,Active
3539,2025-01-08,2025-12-28,34,Medium,Medium,Low,On-Time,9,24,Basic,Active
3540,2023-03-10,2025-12-25,37,High,Medium,Low,On-Time,8,58,Pro,Active
3541,2023-08-19,2025-08-23,161,Low,Low,Medium,Missed,2,27,Basic,Cancelled
3542,2025-06-04,2026-01-26,5,High,Medium,Medium,On-Time,7,16,Basic,Active
3543,2023-06-10,2025-12-07,55,Medium,Low,Low,Delayed,4,128,Enterprise,Active
3544,2024-01-11,2025-12-23,39,High,Medium,Low,On-Time,8,27,Basic,Active
3545,2025-08-04,2026-01-29,2,Medium,High,High,On-Time,8,21,Basic,Active
3546,2023-06-19,2025-12-19,43,Medium,Medium,High,Delayed,9,15,Basic,Active
3547,2023-04-01,2025-12-21,41,Medium,High,Low,On-Time,7,50,Pro,Active
3548,2024-06-14,2026-01-30,1,Medium,Medium,Low,On-Time,10,29,Basic,Active
3549,2023-11-28,2026-01-14,17,Medium,High,High,On-Time,7,75,Pro,Active
3550,2024-09-08,2025-10-12,111,Medium,Medium,Low,On-Time,4,74,Pro,Active
3551,2025-05-30,2026-01-09,22,High,Medium,Medium,On-Time,9,64,Pro,Active
3552,2023-05-31,2025-12-24,38,Medium,Medium,Low,On-Time,9,58,Pro,Active
3553,2024-09-27,2025-12-22,40,Medium,Medium,Medium,On-Time,8,28,Basic,Active
3554,2024-07-07,2026-01-15,16,High,Medium,Low,On-Time,9,44,Pro,Active
3555,2023-06-07,2026-01-03,28,High,High,High,On-Time,10,12,Basic,Active
3556,2024-11-14,2025-11-25,67,Medium,Low,Low,Delayed,5,15,Basic,Active
3557,2023-10-27,2025-12-29,33,Medium,Medium,Medium,On-Time,10,12,Basic,Active
3558,2024-06-18,2025-12-31,31,High,Medium,Medium,Delayed,8,26,Basic,Active
3559,2023-04-01,2025-06-23,222,Low,Low,Medium,Delayed,1,13,Basic,Cancelled
3560,2024-05-18,2026-01-23,8,Medium,High,Low,On-Time,10,77,Pro,Active
3561,2023-12-02,2025-11-04,88,Low,Low,Medium,Delayed,5,19,Basic,Active
3562,2025-06-19,2026-01-24,7,High,Medium,Low,On-Time,7,12,Basic,Active
3563,2023-03-04,2026-01-18,13,Medium,Medium,High,On-Time,10,298,Enterprise,Active
3564,2024-04-03,2026-01-10,21,High,Medium,Low,Delayed,10,20,Basic,Active
3565,2024-05-16,2025-11-23,69,Low,Low,Medium,Missed,5,16,Basic,Active
3566,2025-03-04,2025-12-18,44,High,High,Medium,On-Time,10,14,Basic,Active
3567,2024-09-20,2025-12-28,34,High,Medium,Low,Delayed,7,22,Basic,Active
3568,2024-12-31,2026-01-01,30,Medium,Medium,Low,On-Time,7,49,Pro,Active
3569,2025-04-30,2025-12-24,38,High,High,High,On-Time,10,68,Pro,Active
3570,2025-08-02,2026-01-12,19,High,Medium,Low,On-Time,8,10,Basic,Active
3571,2023-12-10,2025-12-21,41,High,Medium,Medium,On-Time,9,14,Basic,Active
3572,2024-08-12,2025-04-14,292,Low,Low,Low,Delayed,5,55,Pro,Cancelled
3573,2025-07-08,2025-11-15,77,Medium,Low,High,Missed,4,17,Basic,Active
3574,2025-12-19,2025-11-10,82,Low,Low,Medium,Delayed,4,52,Pro,Active
3575,2025-09-01,2026-01-19,12,High,Medium,High,On-Time,10,20,Basic,Active
3576,2024-02-11,2026-01-06,25,High,High,High,Delayed,7,172,Enterprise,Active
3577,2023-08-02,2025-06-01,244,Low,Low,Medium,Missed,3,56,Pro,Cancelled
3578,2024-06-19,2025-07-03,212,Low,Low,Low,Delayed,4,136,Enterprise,Cancelled
3579,2025-03-23,2026-01-17,14,Medium,High,Low,On-Time,7,16,Basic,Active
3580,2024-06-23,2025-12-31,31,High,High,Low,On-Time,9,71,Pro,Active
3581,2024-06-13,2025-10-23,100,Medium,Low,Low,Delayed,7,25,Basic,Active
3582,2025-07-06,2026-01-08,23,High,Medium,Low,On-Time,10,23,Basic,Active
3583,2024-01-31,2026-01-05,26,Medium,Medium,High,On-Time,9,25,Basic,Active
3584,2025-07-30,2026-01-30,1,Medium,High,Low,On-Time,7,15,Basic,Active
3585,2024-03-21,2026-01-11,20,High,Medium,Low,On-Time,8,19,Basic,Active
3586,2023-12-26,2026-01-19,12,High,Medium,Medium,Delayed,8,28,Basic,Active
3587,2024-05-12,2025-04-07,299,Low,Low,High,Missed,3,192,Enterprise,Cancelled
3588,2025-04-14,2025-12-29,33,Medium,Medium,Low,On-Time,9,12,Basic,Active
3589,2023-05-18,2025-12-30,32,High,Medium,Low,On-Time,7,22,Basic,Active
3590,2023-08-04,2026-01-10,21,Medium,High,Low,On-Time,9,27,Basic,Active
3591,2025-11-07,2026-01-01,30,High,High,Low,On-Time,10,49,Pro,Active
3592,2023-07-12,2025-07-06,209,Low,Low,Medium,Missed,4,51,Pro,Active
3593,2024-09-13,2026-01-27,4,High,Medium,Medium,On-Time,7,24,Basic,Active
3594,2024-09-26,2026-01-31,0,High,High,Medium,On-Time,10,16,Basic,Active
3595,2024-06-20,2025-12-25,37,Medium,High,High,On-Time,7,10,Basic,Active
3596,2024-12-06,2026-01-23,8,Medium,Medium,High,On-Time,8,20,Basic,Active
3597,2023-09-09,2025-12-21,41,High,Medium,Medium,On-Time,10,42,Pro,Active
3598,2024-08-28,2025-11-17,75,Low,Low,Low,Delayed,7,42,Pro,Active
3599,2024-02-12,2025-12-30,32,Medium,Medium,Low,On-Time,10,274,Enterprise,Active
3600,2024-12-25,2026-01-25,6,High,Medium,Medium,On-Time,8,17,Basic,Active
3601,2023-06-04,2025-06-21,224,Low,Low,High,Missed,5,57,Pro,Cancelled
3602,2024-09-17,2026-01-01,30,High,Medium,Medium,On-Time,7,53,Pro,Active
3603,2023-07-22,2025-11-11,81,Low,Low,High,Missed,7,29,Basic,Active
3604,2023-11-02,2026-01-04,27,High,High,Low,On-Time,9,245,Enterprise,Active
3605,2023-08-28,2026-01-13,18,Medium,Medium,Low,On-Time,8,17,Basic,Active
3606,2023-07-20,2026-01-03,28,Medium,Medium,Medium,On-Time,8,26,Basic,Active
3607,2025-06-23,2025-12-27,35,Medium,Medium,High,On-Time,10,50,Pro,Active
3608,2023-11-09,2026-01-14,17,Medium,Medium,Low,On-Time,10,23,Basic,Active
3609,2025-10-12,2025-12-20,42,High,Medium,Low,On-Time,9,27,Basic,Active
3610,2025-11-28,2025-08-06,178,Low,Low,Low,Missed,4,23,Basic,Active
3611,2024-09-17,2026-01-11,20,High,Medium,Low,On-Time,7,55,Pro,Active
3612,2023-06-06,2025-12-21,41,High,Medium,Low,On-Time,10,19,Basic,Active
3613,2024-02-15,2025-12-02,60,Medium,Low,Low,Missed,4,17,Basic,Active
3614,2025-05-23,2026-01-28,3,Medium,High,Low,On-Time,10,210,Enterprise,Active
3615,2024-02-07,2025-12-31,31,High,Medium,Low,On-Time,7,12,Basic,Active
3616,2023-04-06,2026-01-29,2,High,High,Low,On-Time,8,15,Basic,Active
3617,2024-09-01,2026-01-09,22,High,Medium,Medium,On-Time,8,26,Basic,Active
3618,2025-07-14,2025-10-05,118,Medium,Low,Medium,Delayed,5,11,Basic,Active
3619,2025-05-21,2025-12-23,39,High,High,Low,On-Time,10,69,Pro,Active
3620,2023-07-11,2026-01-11,20,Medium,Medium,Low,On-Time,8,17,Basic,Active
3621,2025-01-06,2025-11-08,84,Low,Medium,Low,Delayed,6,43,Pro,Active
3622,2023-08-30,2026-01-18,13,Medium,Medium,Low,Delayed,7,24,Basic,Active
3623,2023-08-27,2025-12-21,41,Medium,Medium,Low,Delayed,10,23,Basic,Active
3624,2025-08-15,2026-01-13,18,Medium,High,Low,On-Time,8,11,Basic,Active
3625,2023-10-01,2026-01-23,8,Medium,High,Low,On-Time,9,75,Pro,Active
3626,2023-10-16,2025-10-21,102,Medium,Low,Medium,On-Time,6,77,Pro,Active
3627,2023-01-01,2026-01-30,1,High,Medium,High,On-Time,9,11,Basic,Active
3628,2025-08-11,2026-01-12,19,High,High,High,Delayed,9,71,Pro,Active
3629,2025-05-17,2025-11-21,71,Low,Low,Medium,On-Time,7,26,Basic,Active
3630,2024-11-17,2025-12-25,37,High,High,Medium,On-Time,10,17,Basic,Active
3631,2025-04-01,2025-12-15,47,Medium,Medium,High,On-Time,5,73,Pro,Active
3632,2023-06-16,2025-10-30,93,Low,Low,Medium,On-Time,5,15,Basic,Active
3633,2024-05-16,2026-01-09,22,High,Medium,Low,Delayed,7,26,Basic,Active
3634,2024-01-20,2025-12-23,39,High,High,Medium,On-Time,8,21,Basic,Active
3635,2023-04-13,2026-01-30,1,Medium,Medium,Low,On-Time,10,10,Basic,Active
3636,2024-06-16,2026-01-02,29,High,Medium,Low,On-Time,10,10,Basic,Active
3637,2025-10-05,2026-01-06,25,Medium,Medium,Low,Delayed,10,51,Pro,Active
3638,2023-02-13,2026-01-21,10,Medium,Medium,Low,On-Time,10,27,Basic,Active
3639,2023-11-16,2026-01-13,18,Medium,High,Medium,Delayed,10,77,Pro,Active
3640,2023-08-16,2025-08-15,169,Low,Low,High,Delayed,1,27,Basic,Cancelled
3641,2023-09-18,2025-12-28,34,Medium,Medium,High,On-Time,10,28,Basic,Active
3642,2025-09-21,2025-10-04,119,Low,Low,Low,Missed,5,69,Pro,Active
3643,2024-05-27,2025-12-28,34,Medium,Medium,High,On-Time,10,29,Basic,Active
3644,2024-05-25,2025-12-30,32,Medium,High,Medium,On-Time,7,79,Pro,Active
3645,2025-04-12,2025-04-25,281,Low,Low,Low,Missed,5,69,Pro,Active
3646,2023-06-19,2025-12-23,39,High,High,Medium,On-Time,8,45,Pro,Active
3647,2024-06-17,2025-11-11,81,Medium,Low,Low,On-Time,6,46,Pro,Active
3648,2024-04-15,2025-10-27,96,Low,Low,Low,Delayed,5,229,Enterprise,Active
3649,2024-10-15,2025-12-30,32,Medium,Medium,Medium,On-Time,9,12,Basic,Active
3650,2025-12-30,2026-01-23,8,High,Medium,Medium,On-Time,8,57,Pro,Active
3651,2025-04-22,2026-01-15,16,High,Medium,Low,On-Time,8,59,Pro,Active
3652,2024-03-11,2026-01-28,3,Medium,High,High,On-Time,10,72,Pro,Active
3653,2025-06-25,2026-01-23,8,Medium,Medium,Medium,On-Time,7,261,Enterprise,Active
3654,2023-07-06,2025-08-18,166,Low,Low,Low,Delayed,3,11,Basic,Cancelled
3655,2023-02-03,2025-12-21,41,Medium,Medium,Medium,On-Time,7,14,Basic,Active
3656,2023-08-12,2026-01-14,17,High,High,Low,On-Time,9,16,Basic,Active
3657,2024-01-08,2026-01-04,27,Medium,Medium,Low,Delayed,10,10,Basic,Active
3658,2024-07-13,2026-01-09,22,Medium,High,Medium,On-Time,9,52,Pro,Active
3659,2024-11-04,2025-10-10,113,Medium,Low,Low,Delayed,6,75,Pro,Active
3660,2025-09-24,2026-01-31,0,High,High,Low,On-Time,8,284,Enterprise,Active
3661,2024-07-12,2025-12-29,33,Medium,High,Medium,On-Time,9,79,Pro,Active
3662,2024-07-02,2025-12-18,44,High,High,Medium,On-Time,7,28,Basic,Active
3663,2023-02-25,2026-01-29,2,High,Medium,Low,On-Time,8,26,Basic,Active
3664,2023-02-08,2026-01-31,0,Medium,High,Medium,On-Time,9,252,Enterprise,Active
3665,2024-08-26,2025-10-22,101,Medium,Medium,High,Missed,4,17,Basic,Active
3666,2024-04-24,2026-01-25,6,Medium,Medium,Medium,On-Time,8,163,Enterprise,Active
3667,2025-07-07,2025-12-28,34,Medium,High,High,On-Time,8,19,Basic,Active
3668,2023-06-25,2026-01-27,4,Medium,Medium,Low,On-Time,10,61,Pro,Active
3669,2023-01-28,2025-12-14,48,Medium,Medium,Low,On-Time,5,13,Basic,Active
3670,2024-05-06,2026-01-08,23,High,Medium,Low,On-Time,8,51,Pro,Active
3671,2023-09-18,2026-01-23,8,Medium,Medium,Medium,On-Time,10,194,Enterprise,Active
3672,2023-02-24,2025-11-22,70,Low,Low,High,Delayed,4,48,Pro,Active
3673,2025-03-04,2025-11-25,67,Low,Low,High,Missed,7,55,Pro,Active
3674,2023-05-03,2025-10-14,109,Low,Medium,Low,Missed,6,24,Basic,Active
3675,2024-10-28,2025-10-15,108,Low,Low,Medium,On-Time,5,53,Pro,Active
3676,2023-11-04,2025-07-02,213,Low,Low,High,Delayed,2,12,Basic,Cancelled
3677,2023-07-09,2026-01-04,27,High,High,Low,On-Time,10,18,Basic,Active
3678,2024-02-20,2026-01-02,29,Medium,High,Medium,Delayed,10,10,Basic,Active
3679,2025-05-27,2025-10-19,104,Low,Medium,High,Delayed,7,69,Pro,Active
3680,2024-03-05,2026-01-17,14,Medium,Medium,High,On-Time,8,255,Enterprise,Active
3681,2025-04-02,2026-01-14,17,Medium,Medium,Low,On-Time,10,59,Pro,Active
3682,2023-05-18,2025-11-26,66,Medium,Medium,Low,Delayed,7,26,Basic,Active
3683,2025-04-26,2026-01-03,28,High,High,Medium,On-Time,10,57,Pro,Active
3684,2023-09-17,2025-11-08,84,Medium,Low,High,Delayed,4,294,Enterprise,Active
3685,2025-01-11,2026-01-16,15,High,High,Medium,On-Time,10,58,Pro,Active
3686,2024-09-11,2025-10-20,103,Medium,Low,Low,Delayed,5,27,Basic,Active
3687,2025-10-14,2026-01-24,7,High,High,High,On-Time,8,191,Enterprise,Active
3688,2024-02-29,2025-10-18,105,Medium,Low,Low,Missed,5,201,Enterprise,Active
3689,2023-03-14,2026-01-17,14,High,High,Medium,On-Time,10,40,Pro,Active
3690,2023-01-21,2025-12-31,31,High,High,Low,Delayed,9,261,Enterprise,Active
3691,2025-06-24,2025-12-20,42,High,Medium,Low,On-Time,7,47,Pro,Active
3692,2024-07-28,2026-01-24,7,High,High,Low,Delayed,9,237,Enterprise,Active
3693,2025-04-28,2026-01-24,7,High,High,Low,On-Time,9,67,Pro,Active
3694,2023-09-14,2025-10-21,102,Low,Medium,High,Delayed,7,26,Basic,Active
3695,2024-01-13,2026-01-30,1,Medium,Medium,Low,On-Time,10,21,Basic,Active
3696,2023-02-02,2025-09-30,123,Low,Low,Low,Missed,3,22,Basic,Cancelled
3697,2025-11-18,2025-12-30,32,High,Medium,Medium,On-Time,9,14,Basic,Active
3698,2025-01-01,2025-10-04,119,Low,Low,Medium,Delayed,6,75,Pro,Active
3699,2025-10-18,2025-11-25,67,Low,Low,Medium,On-Time,7,71,Pro,Active
3700,2023-10-18,2026-01-09,22,Medium,High,Low,On-Time,8,24,Basic,Active
3701,2024-10-31,2026-01-09,22,Medium,Medium,Low,On-Time,7,28,Basic,Active
3702,2025-01-12,2026-01-07,24,High,Medium,Low,On-Time,10,46,Pro,Active
3703,2023-12-14,2025-12-28,34,Medium,High,Low,On-Time,8,28,Basic,Active
3704,2025-07-17,2026-01-01,30,High,Medium,High,On-Time,8,74,Pro,Active
3705,2025-11-03,2026-01-09,22,High,High,Medium,On-Time,8,15,Basic,Active
3706,2025-08-26,2025-12-05,57,Low,Low,Low,Missed,5,253,Enterprise,Active
3707,2025-03-20,2026-01-19,12,Medium,High,Low,On-Time,8,29,Basic,Active
3708,2023-10-31,2025-12-18,44,High,Medium,Medium,Delayed,10,19,Basic,Active
3709,2023-11-05,2025-12-05,57,Medium,Low,Low,Missed,4,46,Pro,Active
3710,2025-11-20,2026-01-24,7,High,High,Medium,On-Time,8,41,Pro,Active
3711,2023-01-12,2025-11-16,76,Low,Low,Low,On-Time,5,230,Enterprise,Active
3712,2025-02-23,2026-01-23,8,Medium,High,Low,On-Time,9,75,Pro,Active
3713,2025-02-12,2026-01-16,15,Medium,High,High,On-Time,7,18,Basic,Active
3714,2024-11-12,2025-11-04,88,Low,Low,Low,Delayed,5,29,Basic,Active
3715,2025-12-20,2025-10-24,99,Medium,Medium,Medium,Missed,6,13,Basic,Active
3716,2023-12-08,2026-01-16,15,High,Medium,Low,On-Time,8,20,Basic,Active
3717,2024-01-08,2025-12-23,39,High,Medium,Low,On-Time,10,79,Pro,Active
3718,2023-03-28,2026-01-26,5,High,Medium,Low,On-Time,9,65,Pro,Active
3719,2024-04-29,2026-01-18,13,Medium,High,Low,On-Time,10,60,Pro,Active
3720,2023-10-13,2026-01-09,22,High,High,Low,On-Time,8,17,Basic,Active
3721,2024-01-12,2025-10-24,99,Low,Medium,Medium,Delayed,5,210,Enterprise,Active
3722,2025-07-02,2026-01-13,18,High,Medium,High,On-Time,10,24,Basic,Active
3723,2025-10-21,2026-01-22,9,High,High,Low,On-Time,8,44,Pro,Active
3724,2023-07-23,2026-01-07,24,High,Medium,Low,On-Time,8,40,Pro,Active
3725,2024-02-12,2025-12-05,57,Medium,Low,Medium,Missed,4,25,Basic,Active
3726,2025-10-13,2025-12-22,40,High,Medium,Medium,On-Time,9,25,Basic,Active
3727,2023-03-09,2026-01-07,24,High,High,Medium,On-Time,7,13,Basic,Active
3728,2023-04-12,2026-01-14,17,High,High,Medium,On-Time,8,25,Basic,Active
3729,2023-06-28,2025-11-17,75,Low,Medium,Medium,On-Time,5,199,Enterprise,Active
3730,2024-10-13,2026-01-28,3,Medium,High,Low,Delayed,10,259,Enterprise,Active
3731,2023-06-14,2026-01-18,13,High,High,Low,On-Time,9,76,Pro,Active
3732,2025-11-26,2026-01-03,28,Medium,High,High,On-Time,8,19,Basic,Active
3733,2024-05-04,2026-01-17,14,Medium,Medium,Low,On-Time,9,70,Pro,Active
3734,2024-07-03,2026-01-23,8,High,Medium,High,On-Time,9,79,Pro,Active
3735,2023-09-28,2025-11-25,67,Medium,Low,Medium,On-Time,7,16,Basic,Active
3736,2024-05-30,2025-07-21,194,Low,Low,Medium,Delayed,5,24,Basic,Cancelled
3737,2024-12-25,2026-01-24,7,High,Medium,Medium,On-Time,7,47,Pro,Active
3738,2025-04-02,2025-12-28,34,High,High,Low,On-Time,9,11,Basic,Active
3739,2025-04-05,2026-01-03,28,High,Medium,Low,On-Time,9,71,Pro,Active
3740,2024-09-24,2025-10-29,94,Low,Medium,High,On-Time,4,61,Pro,Active
3741,2025-09-17,2025-10-16,107,Low,Low,Low,On-Time,6,72,Pro,Active
3742,2025-06-14,2025-12-31,31,High,Medium,Low,Delayed,10,26,Basic,Active
3743,2025-04-08,2025-12-30,32,Medium,Medium,Medium,On-Time,10,26,Basic,Active
3744,2023-03-02,2026-01-05,26,Medium,High,Medium,On-Time,10,10,Basic,Active
3745,2023-01-08,2026-01-11,20,High,High,Low,On-Time,10,160,Enterprise,Active
3746,2023-08-21,2026-01-10,21,Medium,High,Low,On-Time,10,15,Basic,Active
3747,2024-12-27,2025-12-25,37,High,Medium,Low,On-Time,8,25,Basic,Active
3748,2024-03-26,2026-01-28,3,Medium,High,High,Delayed,8,18,Basic,Active
3749,2024-03-16,2025-12-30,32,Medium,Medium,Medium,Delayed,10,52,Pro,Active
3750,2025-08-26,2026-01-12,19,High,Medium,High,Delayed,10,17,Basic,Active
3751,2025-09-07,2025-12-22,40,High,Medium,Medium,On-Time,7,17,Basic,Active
3752,2025-09-22,2026-01-22,9,Medium,Medium,Medium,On-Time,10,64,Pro,Active
3753,2023-12-10,2026-01-02,29,High,High,High,On-Time,7,79,Pro,Active
3754,2025-01-26,2025-12-21,41,Medium,High,Low,Delayed,7,10,Basic,Active
3755,2023-10-25,2025-11-11,81,Medium,Low,Low,Delayed,6,11,Basic,Active
3756,2023-07-28,2026-01-08,23,Medium,Medium,Medium,On-Time,10,64,Pro,Active
3757,2023-07-22,2025-12-31,31,Medium,Medium,High,On-Time,8,62,Pro,Active
3758,2024-01-10,2025-11-19,73,Low,Medium,Medium,On-Time,7,16,Basic,Active
3759,2024-04-15,2026-01-01,30,High,High,Low,On-Time,9,12,Basic,Active
3760,2025-06-28,2026-01-07,24,High,Medium,High,On-Time,10,42,Pro,Active
3761,2023-05-12,2025-12-23,39,Medium,Medium,Medium,On-Time,8,293,Enterprise,Active
3762,2025-03-15,2026-01-15,16,High,Medium,Medium,On-Time,10,20,Basic,Active
3763,2024-08-04,2026-01-03,28,Medium,High,Medium,On-Time,10,41,Pro,Active
3764,2023-11-12,2025-12-26,36,Medium,High,Medium,Delayed,7,13,Basic,Active
3765,2024-06-23,2025-11-01,91,Low,Medium,Low,On-Time,7,23,Basic,Active
3766,2023-11-25,2026-01-04,27,Medium,High,Low,On-Time,8,12,Basic,Active
3767,2024-10-14,2025-06-01,244,Low,Low,High,Missed,4,283,Enterprise,Cancelled
3768,2024-04-20,2025-11-13,79,Low,Low,Low,On-Time,4,48,Pro,Active
3769,2023-06-30,2026-01-13,18,High,High,Medium,On-Time,10,27,Basic,Active
3770,2023-05-08,2025-09-30,123,Low,Low,Low,Missed,5,11,Basic,Cancelled
3771,2024-08-21,2026-01-21,10,High,Medium,High,On-Time,10,28,Basic,Active
3772,2025-09-15,2025-10-26,97,Low,Low,Medium,Delayed,4,13,Basic,Active
3773,2024-01-12,2025-06-20,225,Low,Low,Medium,Missed,4,13,Basic,Cancelled
3774,2025-03-13,2026-01-20,11,Medium,Medium,Low,On-Time,10,70,Pro,Active
3775,2024-12-22,2026-01-13,18,High,High,Low,On-Time,10,16,Basic,Active
3776,2025-10-17,2026-01-05,26,Medium,Medium,Medium,On-Time,7,10,Basic,Active
3777,2025-06-17,2025-12-20,42,Medium,High,Low,On-Time,7,15,Basic,Active
3778,2024-09-12,2025-10-10,113,Low,Medium,Medium,Delayed,4,12,Basic,Active
3779,2024-12-20,2026-01-11,20,Medium,High,Medium,On-Time,10,296,Enterprise,Active
3780,2025-09-10,2026-01-20,11,High,Medium,Medium,On-Time,10,42,Pro,Active
3781,2024-03-13,2026-01-29,2,Medium,Medium,Low,On-Time,10,26,Basic,Active
3782,2023-12-24,2026-01-08,23,High,Medium,Medium,On-Time,8,69,Pro,Active
3783,2023-01-12,2025-12-28,34,High,Medium,Medium,Delayed,9,70,Pro,Active
3784,2025-06-24,2026-01-23,8,Medium,High,Low,On-Time,8,79,Pro,Active
3785,2025-05-27,2025-11-23,69,Medium,Medium,Medium,Missed,7,17,Basic,Active
3786,2023-04-25,2025-10-18,105,Low,Low,Low,Delayed,6,58,Pro,Active
3787,2024-09-23,2025-09-23,130,Low,Low,Low,Delayed,1,24,Basic,Cancelled
3788,2024-05-23,2026-01-23,8,High,Medium,Low,On-Time,7,19,Basic,Active
3789,2023-05-10,2025-09-23,130,Low,Low,Low,Delayed,4,26,Basic,Cancelled
3790,2025-12-09,2025-12-20,42,Medium,Medium,High,On-Time,7,25,Basic,Active
3791,2023-08-24,2026-01-15,16,Medium,High,Low,On-Time,8,14,Basic,Active
3792,2023-03-15,2025-10-22,101,Medium,Low,Low,On-Time,6,68,Pro,Active
3793,2024-10-13,2025-11-29,63,Low,Medium,Low,Delayed,6,69,Pro,Active
3794,2025-03-20,2025-12-23,39,Medium,High,Medium,On-Time,7,21,Basic,Active
3795,2023-02-05,2026-01-13,18,Medium,High,Medium,On-Time,7,22,Basic,Active
3796,2024-12-22,2026-01-29,2,High,High,Low,On-Time,7,29,Basic,Active
3797,2024-08-05,2026-01-22,9,High,Medium,Low,On-Time,10,235,Enterprise,Active
3798,2023-04-24,2026-01-09,22,High,Medium,High,On-Time,9,12,Basic,Active
3799,2023-07-08,2026-01-15,16,High,Medium,Low,On-Time,10,75,Pro,Active
3800,2024-09-13,2025-10-08,115,Low,Low,Low,Delayed,5,42,Pro,Active
3801,2023-11-21,2026-01-25,6,High,High,Low,On-Time,7,19,Basic,Active
3802,2025-10-24,2026-01-02,29,Medium,Medium,Low,On-Time,7,67,Pro,Active
3803,2025-06-15,2026-01-06,25,Medium,High,Medium,On-Time,9,26,Basic,Active
3804,2025-12-13,2026-01-04,27,High,Medium,Medium,On-Time,9,23,Basic,Active
3805,2023-10-12,2025-12-18,44,Medium,Medium,Low,On-Time,7,18,Basic,Active
3806,2025-11-27,2026-01-16,15,High,Medium,Low,On-Time,7,12,Basic,Active
3807,2024-04-17,2026-01-03,28,High,Medium,Low,On-Time,7,26,Basic,Active
3808,2024-01-16,2026-01-01,30,High,High,Medium,On-Time,9,25,Basic,Active
3809,2023-02-25,2026-01-21,10,Medium,High,Medium,On-Time,10,74,Pro,Active
3810,2023-02-27,2026-01-06,25,Medium,High,High,On-Time,8,172,Enterprise,Active
3811,2025-01-27,2026-01-06,25,High,Medium,Medium,On-Time,7,44,Pro,Active
3812,2024-05-16,2026-01-14,17,Medium,Medium,Medium,On-Time,7,19,Basic,Active
3813,2023-09-06,2025-12-23,39,High,Medium,Medium,Delayed,7,26,Basic,Active
3814,2024-11-03,2025-06-17,228,Low,Low,Low,Missed,1,73,Pro,Cancelled
3815,2023-10-04,2025-12-30,32,High,Medium,Medium,On-Time,7,14,Basic,Active
3816,2024-09-24,2025-12-23,39,High,High,Low,On-Time,9,60,Pro,Active
3817,2024-01-29,2026-01-17,14,High,High,Medium,Delayed,7,55,Pro,Active
3818,2025-06-20,2026-01-08,23,High,Medium,Low,On-Time,8,22,Basic,Active
3819,2025-06-17,2026-01-17,14,Medium,High,Low,On-Time,8,16,Basic,Active
3820,2024-06-06,2026-01-21,10,Medium,High,Medium,On-Time,8,47,Pro,Active
3821,2024-01-20,2026-01-26,5,High,Medium,Medium,Delayed,10,28,Basic,Active
3822,2024-02-02,2025-10-07,116,Low,Low,Medium,On-Time,6,28,Basic,Active
3823,2025-06-01,2026-01-17,14,High,High,Medium,On-Time,10,29,Basic,Active
3824,2023-12-26,2026-01-03,28,Medium,Medium,Low,Delayed,8,237,Enterprise,Active
3825,2023-08-17,2025-07-21,194,Low,Low,High,Missed,5,12,Basic,Active
3826,2023-04-03,2025-10-20,103,Low,Low,Low,On-Time,7,54,Pro,Active
3827,2024-05-26,2026-01-19,12,High,High,Low,On-Time,7,12,Basic,Active
3828,2024-06-11,2026-01-04,27,High,Medium,Low,On-Time,10,43,Pro,Active
3829,2025-07-09,2025-10-21,102,Low,Low,Medium,On-Time,6,21,Basic,Active
3830,2023-08-31,2026-01-19,12,Medium,Medium,Low,On-Time,9,63,Pro,Active
3831,2024-02-22,2025-11-29,63,Low,Medium,Low,Missed,5,24,Basic,Active
3832,2025-06-04,2026-01-26,5,High,Medium,Low,On-Time,7,28,Basic,Active
3833,2025-06-20,2025-10-20,103,Low,Medium,Medium,On-Time,7,10,Basic,Active
3834,2024-02-26,2026-01-18,13,High,Medium,Medium,On-Time,7,14,Basic,Active
3835,2024-05-17,2026-01-31,0,High,High,Medium,On-Time,7,28,Basic,Active
3836,2023-11-29,2025-05-20,256,Low,Low,High,Missed,3,53,Pro,Cancelled
3837,2025-10-18,2025-11-14,78,Low,Low,High,On-Time,4,74,Pro,Active
3838,2023-05-10,2026-01-30,1,High,High,Low,On-Time,9,11,Basic,Active
3839,2025-10-19,2026-01-29,2,Medium,Medium,Medium,On-Time,9,22,Basic,Active
3840,2025-01-18,2026-01-04,27,High,High,Medium,On-Time,7,23,Basic,Active
3841,2024-08-05,2026-01-07,24,High,Medium,Low,On-Time,7,24,Basic,Active
3842,2023-02-05,2026-01-30,1,Medium,Medium,Low,On-Time,9,21,Basic,Active
3843,2024-06-04,2025-12-19,43,High,Medium,Medium,On-Time,8,236,Enterprise,Active
3844,2024-03-22,2026-01-25,6,High,Medium,Medium,On-Time,9,48,Pro,Active
3845,2023-06-26,2026-01-16,15,Medium,High,Medium,On-Time,7,77,Pro,Active
3846,2024-12-19,2026-01-15,16,Medium,Medium,Low,On-Time,7,13,Basic,Active
3847,2025-11-29,2026-01-21,10,High,Medium,High,On-Time,7,52,Pro,Active
3848,2024-09-07,2025-12-18,44,High,High,Medium,On-Time,9,50,Pro,Active
3849,2025-02-21,2025-12-27,35,High,High,High,On-Time,7,46,Pro,Active
3850,2023-03-16,2026-01-28,3,High,Medium,Low,Delayed,9,22,Basic,Active
3851,2024-04-02,2026-01-27,4,Medium,Medium,Medium,On-Time,7,20,Basic,Active
3852,2023-05-08,2026-01-21,10,Medium,High,Medium,On-Time,10,72,Pro,Active
3853,2024-11-02,2026-01-06,25,Medium,Medium,Low,On-Time,8,15,Basic,Active
3854,2025-10-24,2026-01-20,11,High,High,Low,On-Time,9,73,Pro,Active
3855,2024-12-25,2026-01-30,1,High,High,Low,On-Time,8,13,Basic,Active
3856,2023-03-26,2026-01-23,8,Medium,Medium,High,On-Time,7,28,Basic,Active
3857,2024-01-24,2026-01-27,4,High,High,Medium,On-Time,10,11,Basic,Active
3858,2024-08-25,2026-01-15,16,High,Medium,Low,On-Time,7,43,Pro,Active
3859,2024-03-17,2025-12-23,39,Medium,High,Medium,On-Time,10,26,Basic,Active
3860,2025-07-01,2025-12-11,51,Low,Low,Medium,Missed,5,43,Pro,Active
3861,2025-06-11,2025-12-28,34,High,High,Low,On-Time,7,259,Enterprise,Active
3862,2024-10-31,2025-10-12,111,Low,Low,High,On-Time,4,78,Pro,Active
3863,2024-02-13,2026-01-09,22,High,High,Medium,On-Time,9,40,Pro,Active
3864,2023-10-07,2026-01-30,1,Medium,High,Low,On-Time,9,78,Pro,Active
3865,2023-04-26,2026-01-29,2,Medium,Medium,Medium,On-Time,8,23,Basic,Active
3866,2024-01-24,2025-10-08,115,Low,Low,Medium,Missed,6,19,Basic,Active
3867,2024-03-28,2026-01-28,3,High,High,Low,On-Time,7,22,Basic,Active
3868,2025-01-10,2026-01-11,20,High,High,High,Delayed,10,21,Basic,Active
3869,2024-12-21,2026-01-04,27,High,High,Medium,On-Time,8,18,Basic,Active
3870,2023-03-18,2025-07-06,209,Low,Low,Medium,Missed,5,26,Basic,Cancelled
3871,2024-03-08,2025-11-04,88,Low,Low,Low,Delayed,6,27,Basic,Active
3872,2023-07-19,2025-04-09,297,Low,Low,Low,Delayed,4,24,Basic,Cancelled
3873,2023-06-21,2026-01-04,27,High,High,Low,On-Time,10,10,Basic,Active
3874,2025-06-24,2025-12-19,43,High,Medium,Low,On-Time,9,23,Basic,Active
3875,2023-02-15,2026-01-19,12,Medium,Medium,High,On-Time,7,15,Basic,Active
3876,2024-04-04,2025-06-27,218,Low,Low,High,Missed,4,57,Pro,Cancelled
3877,2023-07-04,2026-01-31,0,High,High,Low,On-Time,7,28,Basic,Active
3878,2025-08-20,2026-01-03,28,High,High,Medium,On-Time,10,67,Pro,Active
3879,2024-09-01,2026-01-26,5,Medium,Medium,Low,On-Time,10,19,Basic,Active
3880,2023-09-11,2026-01-28,3,High,Medium,Low,On-Time,8,20,Basic,Active
3881,2024-07-04,2025-10-19,104,Medium,Low,Low,On-Time,4,22,Basic,Active
3882,2025-03-11,2025-12-30,32,Medium,High,Low,On-Time,10,26,Basic,Active
3883,2025-11-15,2026-01-19,12,Medium,Medium,Low,On-Time,8,19,Basic,Active
3884,2023-08-30,2025-06-27,218,Low,Low,Low,Missed,2,255,Enterprise,Cancelled
3885,2025-08-28,2026-01-12,19,High,Medium,Medium,On-Time,9,74,Pro,Active
3886,2025-10-20,2026-01-02,29,High,High,Low,On-Time,7,16,Basic,Active
3887,2025-09-30,2025-12-18,44,Medium,High,Low,On-Time,8,24,Basic,Active
3888,2024-11-26,2026-01-20,11,High,High,High,On-Time,8,40,Pro,Active
3889,2024-11-20,2025-12-23,39,Medium,High,Low,On-Time,10,17,Basic,Active
3890,2024-03-17,2025-12-19,43,High,Medium,Medium,On-Time,8,19,Basic,Active
3891,2025-04-03,2025-10-17,106,Low,Medium,Low,On-Time,7,63,Pro,Active
3892,2024-08-04,2026-01-21,10,High,High,Medium,On-Time,9,29,Basic,Active
3893,2025-01-11,2025-10-13,110,Low,Medium,Low,Missed,4,63,Pro,Active
3894,2024-04-14,2026-01-16,15,High,Medium,Medium,On-Time,8,24,Basic,Active
3895,2025-03-11,2026-01-05,26,High,Medium,Medium,On-Time,9,23,Basic,Active
3896,2025-06-21,2026-01-08,23,High,High,Low,On-Time,9,19,Basic,Active
3897,2023-06-10,2026-01-22,9,High,High,Low,On-Time,7,15,Basic,Active
3898,2025-07-01,2026-01-29,2,High,High,Medium,On-Time,8,227,Enterprise,Active
3899,2024-08-14,2026-01-06,25,Medium,Medium,Low,Delayed,7,16,Basic,Active
3900,2025-07-13,2026-01-10,21,High,Medium,Low,On-Time,9,47,Pro,Active
3901,2024-04-17,2026-01-13,18,High,Medium,Low,Delayed,9,12,Basic,Active
3902,2024-02-20,2025-12-20,42,High,Medium,Low,On-Time,7,28,Basic,Active
3903,2025-09-28,2026-01-19,12,High,High,Low,On-Time,10,75,Pro,Active
3904,2023-10-03,2025-11-12,80,Medium,Medium,Medium,Delayed,6,291,Enterprise,Active
3905,2025-07-13,2025-12-31,31,High,Medium,Low,On-Time,8,78,Pro,Active
3906,2024-06-14,2026-01-04,27,Medium,High,Medium,On-Time,8,64,Pro,Active
3907,2024-07-16,2026-01-31,0,High,High,Medium,On-Time,9,58,Pro,Active
3908,2023-12-04,2025-12-15,47,Low,Low,High,On-Time,7,75,Pro,Active
3909,2024-09-19,2026-01-16,15,High,High,Low,On-Time,8,64,Pro,Active
3910,2023-12-23,2025-10-15,108,Medium,Low,Medium,On-Time,7,72,Pro,Active
3911,2023-02-13,2025-10-14,109,Medium,Medium,Medium,Missed,5,28,Basic,Active
3912,2023-10-25,2026-01-22,9,High,High,High,On-Time,9,52,Pro,Active
3913,2023-01-07,2025-12-30,32,High,Medium,High,On-Time,8,25,Basic,Active
3914,2025-12-07,2026-01-09,22,High,Medium,Medium,Delayed,10,13,Basic,Active
3915,2025-11-23,2025-04-18,288,Low,Low,Medium,Delayed,2,68,Pro,Cancelled
3916,2024-03-08,2025-12-18,44,High,Medium,Low,On-Time,7,17,Basic,Active
3917,2025-03-08,2025-12-26,36,High,Medium,Low,On-Time,9,59,Pro,Active
3918,2024-01-14,2026-01-09,22,Medium,High,Medium,On-Time,10,286,Enterprise,Active
3919,2025-01-04,2025-11-24,68,Low,Medium,Low,Missed,5,67,Pro,Active
3920,2025-05-31,2026-01-25,6,Medium,High,Low,On-Time,10,51,Pro,Active
3921,2025-11-02,2025-12-16,46,Medium,Low,High,On-Time,6,23,Basic,Active
3922,2024-03-14,2025-12-19,43,High,High,High,On-Time,7,11,Basic,Active
3923,2025-05-07,2026-01-18,13,Medium,Medium,Low,On-Time,10,79,Pro,Active
3924,2023-10-19,2025-10-08,115,Low,Medium,High,On-Time,7,17,Basic,Active
3925,2025-12-20,2025-12-28,34,High,Medium,High,On-Time,8,14,Basic,Active
3926,2023-01-29,2025-12-27,35,High,Medium,Medium,Delayed,8,20,Basic,Active
3927,2024-10-22,2026-01-05,26,Medium,High,Low,On-Time,10,143,Enterprise,Active
3928,2024-12-23,2025-12-09,53,Medium,Low,High,Delayed,7,12,Basic,Active
3929,2025-01-23,2025-12-14,48,Low,Low,Low,Delayed,6,29,Basic,Active
3930,2023-05-12,2025-10-28,95,Medium,Low,Medium,On-Time,6,13,Basic,Active
3931,2025-10-24,2025-12-26,36,Medium,Medium,Low,On-Time,9,71,Pro,Active
3932,2023-07-18,2025-12-07,55,Medium,Low,Medium,Delayed,6,73,Pro,Active
3933,2024-11-12,2025-12-26,36,High,High,Low,On-Time,10,25,Basic,Active
3934,2023-09-01,2026-01-06,25,High,High,Medium,On-Time,10,19,Basic,Active
3935,2023-12-03,2026-01-06,25,Medium,High,Medium,On-Time,10,69,Pro,Active
3936,2024-08-21,2025-04-30,276,Low,Low,Low,Delayed,1,16,Basic,Cancelled
3937,2024-04-01,2026-01-24,7,High,Medium,Medium,On-Time,8,47,Pro,Active
3938,2023-06-25,2026-01-13,18,High,High,High,On-Time,7,11,Basic,Active
3939,2023-07-07,2025-12-09,53,Low,Medium,High,On-Time,4,10,Basic,Active
3940,2024-04-02,2025-07-01,214,Low,Low,High,Missed,2,11,Basic,Cancelled
3941,2025-04-09,2025-10-09,114,Low,Low,Medium,On-Time,4,53,Pro,Active
3942,2025-09-10,2026-01-18,13,Medium,High,Medium,On-Time,10,18,Basic,Active
3943,2023-04-03,2026-01-16,15,Medium,Medium,Low,On-Time,9,13,Basic,Active
3944,2024-03-06,2026-01-04,27,High,High,Low,On-Time,10,25,Basic,Active
3945,2023-04-20,2026-01-13,18,Medium,High,Low,Delayed,8,25,Basic,Active
3946,2023-01-19,2026-01-17,14,High,Medium,Low,On-Time,8,20,Basic,Active
3947,2024-12-25,2026-01-13,18,High,High,Low,On-Time,7,59,Pro,Active
3948,2024-10-21,2026-01-18,13,High,High,Medium,Delayed,8,11,Basic,Active
3949,2023-06-28,2025-12-09,53,Low,Medium,Low,Delayed,6,25,Basic,Active
3950,2023-09-14,2026-01-11,20,Medium,High,Low,Delayed,10,26,Basic,Active
3951,2023-01-26,2025-12-22,40,Medium,High,Low,Delayed,8,28,Basic,Active
3952,2025-07-03,2025-10-27,96,Low,Low,Low,Missed,7,69,Pro,Active
3953,2025-12-03,2025-12-29,33,Medium,Medium,High,On-Time,9,16,Basic,Active
3954,2023-05-29,2026-01-14,17,Medium,Medium,Medium,On-Time,8,75,Pro,Active
3955,2023-09-11,2025-12-25,37,High,Medium,Medium,On-Time,8,52,Pro,Active
3956,2025-08-08,2026-01-13,18,Medium,Medium,Low,On-Time,9,21,Basic,Active
3957,2025-10-11,2025-10-04,119,Medium,Low,Medium,Missed,7,53,Pro,Active
3958,2024-04-04,2025-12-07,55,Medium,Medium,Medium,Delayed,4,56,Pro,Active
3959,2023-02-25,2025-12-30,32,High,Medium,Low,On-Time,7,209,Enterprise,Active
3960,2023-02-13,2025-08-09,175,Low,Low,High,Missed,4,10,Basic,Cancelled
3961,2024-09-20,2025-12-11,51,Low,Low,High,Missed,7,292,Enterprise,Active
3962,2024-03-06,2026-01-04,27,High,High,High,Delayed,8,17,Basic,Active
3963,2023-02-01,2026-01-14,17,Medium,High,Low,On-Time,7,28,Basic,Active
3964,2024-09-30,2026-01-10,21,High,Medium,Medium,On-Time,8,69,Pro,Active
3965,2023-01-13,2025-12-11,51,Medium,Low,Low,Delayed,6,28,Basic,Active
3966,2025-05-12,2026-01-24,7,High,High,Medium,On-Time,9,200,Enterprise,Active
3967,2023-12-02,2026-01-21,10,High,Medium,High,On-Time,8,21,Basic,Active
3968,2023-02-14,2025-05-07,269,Low,Low,Low,Missed,5,70,Pro,Cancelled
3969,2024-10-06,2025-10-15,108,Medium,Medium,Low,On-Time,4,26,Basic,Active
3970,2024-03-11,2026-01-03,28,Medium,Medium,Low,Delayed,10,29,Basic,Active
3971,2025-12-02,2026-01-22,9,High,High,Medium,On-Time,8,23,Basic,Active
3972,2024-08-18,2025-12-19,43,Medium,High,Medium,On-Time,8,57,Pro,Active
3973,2023-10-29,2026-01-18,13,High,Medium,Medium,Delayed,7,40,Pro,Active
3974,2025-02-15,2026-01-19,12,High,High,Medium,On-Time,10,28,Basic,Active
3975,2023-10-25,2026-01-15,16,High,High,Medium,On-Time,9,26,Basic,Active
3976,2025-09-17,2026-01-02,29,High,High,High,On-Time,7,51,Pro,Active
3977,2024-02-15,2026-01-26,5,Medium,Medium,Low,On-Time,9,51,Pro,Active
3978,2024-08-25,2025-12-26,36,Medium,High,Low,On-Time,9,16,Basic,Active
3979,2023-02-25,2026-01-29,2,High,High,High,On-Time,10,11,Basic,Active
3980,2024-04-11,2026-01-07,24,High,High,Low,Delayed,10,40,Pro,Active
3981,2025-06-30,2025-10-21,102,Low,Low,Low,Missed,7,13,Basic,Active
3982,2025-06-01,2026-01-26,5,Medium,Medium,High,On-Time,10,16,Basic,Active
3983,2023-09-03,2025-12-11,51,Medium,Low,Medium,On-Time,4,213,Enterprise,Active
3984,2023-09-05,2026-01-18,13,Medium,Medium,Medium,On-Time,10,26,Basic,Active
3985,2025-06-13,2025-11-13,79,Medium,Low,Low,Delayed,6,41,Pro,Active
3986,2025-10-15,2025-10-17,106,Low,Low,High,On-Time,7,49,Pro,Active
3987,2023-04-15,2026-01-14,17,High,Medium,Low,On-Time,8,297,Enterprise,Active
3988,2024-05-07,2026-01-12,19,Medium,High,Low,On-Time,9,60,Pro,Active
3989,2024-01-05,2025-11-30,62,Low,Low,High,Delayed,5,48,Pro,Active
3990,2025-08-11,2025-12-29,33,Medium,High,Low,On-Time,9,23,Basic,Active
3991,2023-04-02,2026-01-05,26,High,Medium,Medium,On-Time,7,127,Enterprise,Active
3992,2023-08-20,2026-01-17,14,High,Medium,Medium,Delayed,9,160,Enterprise,Active
3993,2025-04-03,2026-01-20,11,High,Medium,Low,On-Time,7,10,Basic,Active
3994,2023-02-26,2025-12-22,40,Medium,Medium,Medium,On-Time,7,145,Enterprise,Active
3995,2024-06-23,2025-10-16,107,Low,Medium,Medium,Delayed,5,69,Pro,Active
3996,2024-04-29,2025-12-23,39,High,High,Low,On-Time,8,14,Basic,Active
3997,2024-01-02,2025-11-01,91,Medium,Medium,Medium,Missed,7,53,Pro,Active
3998,2024-03-08,2025-12-27,35,Medium,Medium,Low,On-Time,9,259,Enterprise,Active
3999,2024-08-03,2026-01-20,11,Medium,High,Medium,On-Time,9,27,Basic,Active
4000,2023-06-26,2025-12-23,39,High,High,Medium,On-Time,7,27,Basic,Active
4001,2024-09-18,2026-01-07,24,Medium,High,Medium,On-Time,9,19,Basic,Active
4002,2025-05-31,2026-01-30,1,High,Medium,High,On-Time,9,15,Basic,Active
4003,2025-04-12,2026-01-30,1,High,High,Low,On-Time,9,51,Pro,Active
4004,2023-06-18,2025-12-19,43,Medium,Medium,Low,On-Time,7,24,Basic,Active
4005,2023-06-13,2026-01-07,24,High,High,Low,On-Time,8,287,Enterprise,Active
4006,2023-10-21,2025-12-30,32,Medium,Medium,Medium,On-Time,7,52,Pro,Active
4007,2024-01-31,2025-12-24,38,High,High,Low,On-Time,9,45,Pro,Active
4008,2024-03-23,2026-01-23,8,High,High,Medium,On-Time,7,21,Basic,Active
4009,2025-01-14,2026-01-22,9,High,Medium,Low,On-Time,7,16,Basic,Active
4010,2023-03-04,2026-01-19,12,High,Medium,High,On-Time,8,27,Basic,Active
4011,2023-02-07,2026-01-30,1,Medium,Medium,Medium,On-Time,8,17,Basic,Active
4012,2024-03-05,2026-01-07,24,High,High,Low,On-Time,8,18,Basic,Active
4013,2025-02-02,2025-12-11,51,Low,Low,Medium,Delayed,6,27,Basic,Active
4014,2023-07-31,2025-12-31,31,Medium,High,Medium,Delayed,9,288,Enterprise,Active
4015,2024-12-03,2025-12-20,42,Medium,Medium,High,On-Time,7,13,Basic,Active
4016,2023-10-12,2025-10-02,121,Low,Low,Medium,Missed,5,53,Pro,Cancelled
4017,2025-08-28,2026-01-29,2,Medium,High,Low,On-Time,8,77,Pro,Active
4018,2025-09-07,2025-12-18,44,High,High,High,On-Time,9,28,Basic,Active
4019,2023-11-22,2026-01-29,2,Medium,High,Low,On-Time,7,250,Enterprise,Active
4020,2023-09-09,2025-10-28,95,Low,Medium,Medium,Missed,5,23,Basic,Active
4021,2024-03-26,2025-11-19,73,Low,Medium,Medium,On-Time,4,41,Pro,Active
4022,2023-09-21,2025-12-31,31,Medium,Medium,Low,On-Time,10,18,Basic,Active
4023,2025-01-06,2025-09-19,134,Low,Low,High,Delayed,5,26,Basic,Cancelled
4024,2025-06-23,2026-01-19,12,Medium,High,Low,On-Time,9,11,Basic,Active
4025,2025-01-07,2025-11-19,73,Low,Medium,Low,Delayed,7,12,Basic,Active
4026,2025-06-21,2025-12-30,32,High,High,Low,On-Time,9,63,Pro,Active
4027,2024-03-10,2025-11-28,64,Low,Low,High,Delayed,7,18,Basic,Active
4028,2023-06-21,2026-01-02,29,High,Medium,Low,On-Time,7,16,Basic,Active
4029,2025-03-19,2025-08-25,159,Low,Low,Low,Delayed,5,29,Basic,Cancelled
4030,2024-01-30,2025-12-22,40,High,Medium,Low,On-Time,7,15,Basic,Active
4031,2025-01-05,2025-11-05,87,Medium,Medium,Low,Delayed,4,29,Basic,Active
4032,2023-10-24,2025-09-06,147,Low,Low,Medium,Delayed,5,26,Basic,Active
4033,2023-03-30,2026-01-08,23,High,High,Low,On-Time,9,28,Basic,Active
4034,2025-12-22,2025-11-16,76,Low,Low,Low,Delayed,4,28,Basic,Active
4035,2023-06-21,2025-06-16,229,Low,Low,Low,Delayed,5,25,Basic,Cancelled
4036,2025-12-18,2026-01-26,5,High,Medium,Medium,On-Time,9,22,Basic,Active
4037,2025-12-06,2026-01-11,20,High,High,Low,On-Time,7,12,Basic,Active
4038,2025-05-19,2025-04-29,277,Low,Low,Medium,Delayed,4,20,Basic,Cancelled
4039,2024-12-23,2025-10-25,98,Low,Medium,Low,Delayed,7,65,Pro,Active
4040,2024-09-24,2025-12-21,41,Medium,High,High,On-Time,10,19,Basic,Active
4041,2025-08-06,2026-01-16,15,High,High,Low,On-Time,8,12,Basic,Active
4042,2023-11-13,2026-01-04,27,High,High,Medium,On-Time,8,23,Basic,Active
4043,2024-05-27,2026-01-31,0,High,High,Medium,On-Time,10,11,Basic,Active
4044,2024-11-09,2025-12-27,35,High,High,High,On-Time,7,14,Basic,Active
4045,2024-03-26,2026-01-01,30,Medium,Medium,Medium,On-Time,8,76,Pro,Active
4046,2024-04-13,2025-12-04,58,Low,Medium,Low,Delayed,6,21,Basic,Active
4047,2023-12-28,2026-01-11,20,High,Medium,Low,On-Time,7,71,Pro,Active
4048,2024-09-09,2025-07-02,213,Low,Low,Low,Missed,4,54,Pro,Cancelled
4049,2025-07-20,2025-12-24,38,High,High,High,On-Time,10,73,Pro,Active
4050,2023-08-09,2026-01-08,23,High,Medium,Low,On-Time,7,59,Pro,Active
4051,2025-10-20,2025-12-18,44,Medium,Medium,Medium,On-Time,9,23,Basic,Active
4052,2025-01-24,2025-11-06,86,Low,Low,Low,Delayed,7,10,Basic,Active
4053,2025-06-20,2026-01-08,23,High,High,High,On-Time,9,14,Basic,Active
4054,2024-09-01,2026-01-01,30,High,Medium,Medium,On-Time,7,21,Basic,Active
4055,2025-05-03,2026-01-04,27,Medium,Medium,Low,On-Time,8,26,Basic,Active
4056,2023-01-18,2026-01-17,14,High,High,Medium,Delayed,9,25,Basic,Active
4057,2025-06-15,2026-01-11,20,High,Medium,Low,On-Time,7,72,Pro,Active
4058,2023-02-13,2026-01-21,10,High,High,Medium,Delayed,8,42,Pro,Active
4059,2025-09-01,2026-01-18,13,High,High,High,On-Time,9,19,Basic,Active
4060,2025-12-22,2026-01-09,22,High,Medium,High,On-Time,9,40,Pro,Active
4061,2023-11-19,2025-09-14,139,Low,Low,Low,Delayed,4,73,Pro,Cancelled
4062,2023-08-19,2026-01-09,22,Medium,High,Low,On-Time,7,49,Pro,Active
4063,2025-04-18,2026-01-19,12,High,High,Medium,On-Time,9,18,Basic,Active
4064,2023-10-05,2026-01-13,18,High,Medium,Medium,On-Time,9,61,Pro,Active
4065,2025-08-05,2025-12-11,51,Medium,Low,Low,Missed,7,25,Basic,Active
4066,2023-04-23,2025-08-17,167,Low,Low,Medium,Missed,2,12,Basic,Cancelled
4067,2023-05-18,2025-08-30,154,Low,Low,Low,Delayed,3,18,Basic,Cancelled
4068,2025-12-08,2026-01-27,4,Medium,High,Medium,On-Time,10,18,Basic,Active
4069,2025-01-07,2026-01-20,11,High,Medium,Medium,Delayed,9,26,Basic,Active
4070,2025-07-16,2025-10-26,97,Medium,Medium,Medium,Delayed,5,13,Basic,Active
4071,2023-12-22,2026-01-19,12,High,Medium,Low,On-Time,7,24,Basic,Active
4072,2025-01-10,2025-12-27,35,Medium,High,High,On-Time,9,10,Basic,Active
4073,2024-10-12,2026-01-19,12,High,Medium,Low,On-Time,7,24,Basic,Active
4074,2024-10-22,2025-12-25,37,Medium,Medium,Low,On-Time,10,62,Pro,Active
4075,2025-01-17,2025-12-02,60,Medium,Low,Low,On-Time,4,45,Pro,Active
4076,2024-09-22,2025-10-07,116,Low,Low,Low,On-Time,5,19,Basic,Active
4077,2024-04-14,2026-01-30,1,High,Medium,Low,On-Time,9,26,Basic,Active
4078,2023-10-30,2026-01-05,26,Medium,Medium,Medium,On-Time,9,62,Pro,Active
4079,2025-04-21,2026-01-28,3,Medium,High,Medium,On-Time,9,73,Pro,Active
4080,2023-09-05,2025-10-19,104,Low,Low,Medium,Delayed,7,56,Pro,Active
4081,2025-01-28,2025-12-31,31,Medium,Medium,High,On-Time,8,73,Pro,Active
4082,2023-09-13,2025-11-15,77,Low,Medium,High,On-Time,6,70,Pro,Active
4083,2024-11-15,2026-01-14,17,High,High,Low,On-Time,8,61,Pro,Active
4084,2025-03-29,2026-01-14,17,High,High,Low,On-Time,10,11,Basic,Active
4085,2023-08-28,2026-01-23,8,Medium,High,Medium,On-Time,9,48,Pro,Active
4086,2023-03-07,2025-11-21,71,Low,Medium,Medium,Delayed,4,241,Enterprise,Active
4087,2023-05-24,2025-10-24,99,Low,Low,Low,Delayed,4,23,Basic,Active
4088,2024-10-25,2025-12-24,38,High,Medium,Medium,On-Time,10,45,Pro,Active
4089,2025-07-19,2025-12-25,37,Medium,High,Medium,On-Time,8,206,Enterprise,Active
4090,2023-02-19,2026-01-11,20,Medium,Medium,High,On-Time,8,29,Basic,Active
4091,2025-03-14,2025-12-30,32,High,High,Medium,On-Time,9,239,Enterprise,Active
4092,2024-01-09,2025-08-28,156,Low,Low,Medium,Delayed,4,18,Basic,Cancelled
4093,2024-06-07,2026-01-01,30,High,Medium,Medium,On-Time,8,29,Basic,Active
4094,2025-10-14,2025-12-13,49,Low,Medium,Low,On-Time,5,73,Pro,Active
4095,2023-12-30,2025-06-28,217,Low,Low,Medium,Missed,1,15,Basic,Active
4096,2024-05-24,2025-04-12,294,Low,Low,Medium,Missed,5,23,Basic,Cancelled
4097,2023-01-15,2025-12-30,32,Medium,Medium,Low,On-Time,9,14,Basic,Active
4098,2023-03-31,2026-01-17,14,Medium,High,Medium,On-Time,8,49,Pro,Active
4099,2023-10-11,2026-01-07,24,High,High,Low,On-Time,9,52,Pro,Active
4100,2023-01-31,2026-01-27,4,High,Medium,Medium,On-Time,8,68,Pro,Active
4101,2024-11-22,2025-12-22,40,Medium,High,Low,On-Time,9,19,Basic,Active
4102,2024-04-11,2026-01-31,0,Medium,High,Low,On-Time,9,62,Pro,Active
4103,2024-08-23,2025-12-23,39,Medium,High,Low,On-Time,7,66,Pro,Active
4104,2023-07-11,2026-01-05,26,Medium,Medium,Low,On-Time,8,29,Basic,Active
4105,2023-11-21,2026-01-28,3,High,Medium,Low,On-Time,8,58,Pro,Active
4106,2024-12-27,2025-12-29,33,High,Medium,Low,On-Time,10,64,Pro,Active
4107,2025-11-23,2026-01-26,5,High,High,Low,Delayed,10,23,Basic,Active
4108,2023-02-25,2026-01-14,17,Medium,High,High,On-Time,10,50,Pro,Active
4109,2025-09-01,2026-01-31,0,Medium,High,High,On-Time,9,11,Basic,Active
4110,2024-09-23,2025-12-18,44,Medium,Medium,Medium,On-Time,7,11,Basic,Active
4111,2024-09-09,2025-12-30,32,Medium,Medium,Low,On-Time,8,62,Pro,Active
4112,2024-07-01,2025-12-15,47,Low,Medium,Medium,On-Time,7,19,Basic,Active
4113,2023-03-17,2025-12-27,35,Medium,Medium,Low,On-Time,9,60,Pro,Active
4114,2023-04-09,2025-12-18,44,High,Medium,High,On-Time,8,75,Pro,Active
4115,2024-10-19,2025-12-31,31,High,Medium,Medium,On-Time,7,11,Basic,Active
4116,2024-01-09,2026-01-08,23,Medium,High,Low,On-Time,9,62,Pro,Active
4117,2025-10-01,2026-01-17,14,High,Medium,Low,On-Time,10,63,Pro,Active
4118,2024-03-21,2026-01-17,14,High,High,Medium,On-Time,10,18,Basic,Active
4119,2023-06-06,2026-01-15,16,High,High,Low,On-Time,9,25,Basic,Active
4120,2025-02-21,2025-10-21,102,Medium,Medium,Low,On-Time,5,55,Pro,Active
4121,2023-11-18,2025-12-29,33,High,High,Medium,On-Time,9,59,Pro,Active
4122,2024-07-29,2025-12-22,40,High,Medium,Low,Delayed,8,128,Enterprise,Active
4123,2025-02-03,2026-01-18,13,Medium,Medium,Medium,On-Time,8,23,Basic,Active
4124,2025-09-12,2026-01-24,7,High,High,High,On-Time,10,17,Basic,Active
4125,2025-05-17,2025-11-02,90,Low,Low,Low,Missed,5,47,Pro,Active
4126,2025-01-10,2026-01-11,20,High,High,Low,On-Time,10,11,Basic,Active
4127,2025-01-14,2026-01-11,20,High,Medium,High,On-Time,10,10,Basic,Active
4128,2025-11-01,2025-07-25,190,Low,Low,Low,Missed,3,45,Pro,Cancelled
4129,2023-11-20,2025-05-02,274,Low,Low,Low,Missed,1,50,Pro,Cancelled
4130,2023-01-02,2026-01-05,26,Medium,Medium,High,On-Time,7,268,Enterprise,Active
4131,2023-10-25,2026-01-19,12,High,Medium,Low,On-Time,7,154,Enterprise,Active
4132,2023-08-27,2025-12-27,35,High,High,Low,On-Time,9,24,Basic,Active
4133,2024-12-25,2026-01-25,6,High,Medium,Low,On-Time,8,12,Basic,Active
4134,2024-11-24,2026-01-09,22,High,High,High,On-Time,10,57,Pro,Active
4135,2024-10-11,2025-06-18,227,Low,Low,Medium,Delayed,4,73,Pro,Cancelled
4136,2023-01-18,2025-10-28,95,Medium,Low,Medium,Delayed,7,78,Pro,Active
4137,2025-03-09,2026-01-20,11,Medium,Medium,Low,On-Time,8,13,Basic,Active
4138,2023-12-21,2026-01-21,10,High,Medium,Low,On-Time,7,23,Basic,Active
4139,2024-12-29,2026-01-02,29,Medium,Medium,High,On-Time,8,46,Pro,Active
4140,2024-09-01,2026-01-21,10,High,High,Medium,On-Time,10,17,Basic,Active
4141,2024-01-11,2026-01-20,11,High,High,Low,Delayed,9,73,Pro,Active
4142,2023-05-28,2026-01-13,18,High,High,High,On-Time,10,71,Pro,Active
4143,2023-04-14,2026-01-14,17,High,Medium,High,Delayed,7,21,Basic,Active
4144,2025-06-29,2026-01-01,30,High,Medium,Medium,On-Time,10,72,Pro,Active
4145,2025-10-02,2025-07-30,185,Low,Low,High,Missed,1,22,Basic,Active
4146,2024-12-12,2026-01-15,16,Medium,High,Low,On-Time,10,63,Pro,Active
4147,2023-04-24,2025-05-09,267,Low,Low,Medium,Delayed,3,54,Pro,Cancelled
4148,2024-03-16,2026-01-25,6,Medium,Medium,Low,On-Time,9,17,Basic,Active
4149,2025-03-09,2026-01-29,2,High,Medium,Medium,On-Time,10,53,Pro,Active
4150,2025-05-03,2026-01-16,15,Medium,Medium,High,On-Time,7,11,Basic,Active
4151,2023-05-10,2026-01-09,22,High,High,Medium,On-Time,8,22,Basic,Active
4152,2023-01-01,2026-01-11,20,High,Medium,Medium,On-Time,7,29,Basic,Active
4153,2025-02-18,2026-01-27,4,Medium,Medium,Low,Delayed,7,13,Basic,Active
4154,2024-01-26,2026-01-27,4,High,High,Medium,On-Time,7,15,Basic,Active
4155,2023-10-06,2026-01-12,19,High,Medium,Low,On-Time,7,15,Basic,Active
4156,2023-01-15,2025-11-06,86,Medium,Low,Low,On-Time,7,51,Pro,Active
4157,2024-08-14,2026-01-02,29,High,High,Medium,On-Time,7,13,Basic,Active
4158,2025-07-21,2025-12-26,36,High,Medium,Medium,On-Time,9,11,Basic,Active
4159,2025-11-14,2026-01-01,30,High,High,Low,On-Time,8,14,Basic,Active
4160,2024-09-11,2025-08-08,176,Low,Low,Medium,Missed,2,70,Pro,Cancelled
4161,2024-07-17,2026-01-06,25,Medium,Medium,Medium,On-Time,8,62,Pro,Active
4162,2023-04-04,2025-12-27,35,Medium,High,Medium,On-Time,9,12,Basic,Active
4163,2024-08-24,2026-01-05,26,High,High,Low,On-Time,7,58,Pro,Active
4164,2024-02-21,2026-01-13,18,Medium,High,Medium,On-Time,8,10,Basic,Active
4165,2024-10-26,2026-01-24,7,High,High,Medium,Delayed,8,24,Basic,Active
4166,2024-03-01,2025-12-19,43,Medium,Medium,Medium,Delayed,10,52,Pro,Active
4167,2023-09-21,2025-11-25,67,Low,Low,Medium,Missed,7,15,Basic,Active
4168,2023-04-14,2025-06-29,216,Low,Low,Medium,Delayed,5,20,Basic,Active
4169,2023-12-11,2025-11-18,74,Low,Low,High,Delayed,4,52,Pro,Active
4170,2023-04-16,2026-01-05,26,High,High,High,On-Time,8,15,Basic,Active
4171,2023-07-13,2025-12-21,41,High,Medium,Medium,On-Time,8,15,Basic,Active
4172,2025-12-17,2026-01-30,1,High,High,Low,On-Time,10,15,Basic,Active
4173,2024-05-01,2026-01-26,5,High,High,Low,On-Time,8,24,Basic,Active
4174,2024-08-05,2025-12-29,33,High,High,Medium,On-Time,8,12,Basic,Active
4175,2025-08-14,2026-01-26,5,High,Medium,Low,Delayed,10,53,Pro,Active
4176,2025-12-26,2025-12-24,38,High,Medium,Low,On-Time,10,24,Basic,Active
4177,2024-09-30,2026-01-17,14,Medium,Medium,High,On-Time,7,54,Pro,Active
4178,2025-06-08,2025-12-25,37,High,High,Medium,On-Time,7,28,Basic,Active
4179,2023-12-25,2025-12-30,32,Medium,Medium,Low,On-Time,8,21,Basic,Active
4180,2023-12-01,2026-01-18,13,Medium,High,High,Delayed,9,19,Basic,Active
4181,2024-03-16,2025-12-21,41,High,Medium,Medium,On-Time,7,15,Basic,Active
4182,2025-01-06,2026-01-09,22,High,Medium,Medium,Delayed,8,23,Basic,Active
4183,2025-01-16,2026-01-26,5,Medium,Medium,Low,Delayed,7,25,Basic,Active
4184,2023-12-12,2025-04-17,289,Low,Low,Medium,Missed,4,22,Basic,Active
4185,2023-05-26,2026-01-07,24,High,High,Medium,On-Time,10,16,Basic,Active
4186,2024-11-23,2026-01-15,16,High,Medium,Medium,On-Time,8,29,Basic,Active
4187,2023-05-21,2025-12-23,39,High,Medium,Low,Delayed,8,11,Basic,Active
4188,2024-09-25,2025-12-18,44,High,High,Medium,On-Time,7,51,Pro,Active
4189,2025-01-29,2025-12-04,58,Medium,Low,Medium,Missed,5,65,Pro,Active
4190,2025-02-06,2025-10-26,97,Medium,Medium,High,Delayed,5,11,Basic,Active
4191,2025-04-05,2025-12-22,40,Medium,High,Medium,On-Time,8,51,Pro,Active
4192,2025-08-13,2025-11-03,89,Low,Low,Low,On-Time,4,23,Basic,Active
4193,2024-07-01,2025-11-30,62,Medium,Low,Low,On-Time,4,139,Enterprise,Active
4194,2025-03-10,2025-12-26,36,High,High,Medium,On-Time,10,18,Basic,Active
4195,2024-11-08,2025-08-12,172,Low,Low,Medium,Missed,4,29,Basic,Cancelled
4196,2023-07-24,2025-12-18,44,High,High,Low,On-Time,8,182,Enterprise,Active
4197,2023-01-29,2026-01-23,8,Medium,High,Low,On-Time,7,20,Basic,Active
4198,2023-11-08,2026-01-20,11,Medium,Medium,Low,On-Time,10,19,Basic,Active
4199,2024-04-30,2026-01-19,12,High,Medium,Low,Delayed,10,24,Basic,Active
4200,2024-11-06,2026-01-10,21,High,Medium,Low,On-Time,8,14,Basic,Active
4201,2025-07-19,2025-11-05,87,Medium,Low,High,On-Time,5,66,Pro,Active
4202,2023-08-03,2025-10-11,112,Medium,Low,Medium,Delayed,4,146,Enterprise,Active
4203,2023-05-18,2025-12-25,37,High,Medium,High,On-Time,8,78,Pro,Active
4204,2025-11-21,2026-01-16,15,High,Medium,High,On-Time,9,24,Basic,Active
4205,2023-04-29,2026-01-25,6,Medium,Medium,Medium,On-Time,10,240,Enterprise,Active
4206,2024-06-07,2025-12-27,35,High,Medium,Medium,On-Time,8,42,Pro,Active
4207,2024-10-03,2025-12-29,33,Medium,Medium,High,On-Time,10,43,Pro,Active
4208,2024-08-15,2026-01-12,19,Medium,Medium,Low,On-Time,7,14,Basic,Active
4209,2023-04-05,2026-01-19,12,Medium,High,Low,On-Time,10,21,Basic,Active
4210,2023-03-04,2025-05-21,255,Low,Low,Low,Missed,2,25,Basic,Cancelled
4211,2023-04-26,2026-01-26,5,High,Medium,Low,On-Time,10,13,Basic,Active
4212,2024-10-03,2026-01-08,23,High,High,Low,On-Time,10,77,Pro,Active
4213,2024-08-19,2025-06-15,230,Low,Low,Low,Missed,1,21,Basic,Cancelled
4214,2023-09-13,2025-12-08,54,Low,Low,Low,Missed,7,42,Pro,Active
4215,2024-11-29,2025-06-22,223,Low,Low,Medium,Missed,1,23,Basic,Cancelled
4216,2025-06-16,2026-01-22,9,High,High,Medium,On-Time,9,13,Basic,Active
4217,2023-02-15,2026-01-14,17,High,High,Medium,On-Time,8,11,Basic,Active
4218,2024-06-29,2026-01-13,18,Medium,Medium,Low,On-Time,7,180,Enterprise,Active
4219,2025-01-24,2025-12-29,33,High,Medium,Low,On-Time,10,42,Pro,Active
4220,2023-10-04,2025-12-18,44,Medium,High,Low,On-Time,10,19,Basic,Active
4221,2023-12-04,2026-01-07,24,High,High,Medium,On-Time,8,13,Basic,Active
4222,2024-11-02,2026-01-29,2,High,High,Medium,On-Time,10,25,Basic,Active
4223,2025-09-10,2025-07-11,204,Low,Low,Low,Delayed,1,47,Pro,Cancelled
4224,2025-06-05,2026-01-30,1,Medium,Medium,Low,On-Time,7,28,Basic,Active
4225,2024-09-30,2026-01-07,24,Medium,High,Low,On-Time,7,10,Basic,Active
4226,2025-03-10,2026-01-17,14,Medium,Medium,Low,On-Time,10,216,Enterprise,Active
4227,2024-02-04,2026-01-20,11,High,Medium,Low,On-Time,9,41,Pro,Active
4228,2024-12-02,2026-01-09,22,High,Medium,Low,On-Time,7,241,Enterprise,Active
4229,2024-05-25,2026-01-12,19,High,Medium,Low,On-Time,8,14,Basic,Active
4230,2023-07-27,2026-01-06,25,High,High,High,On-Time,10,68,Pro,Active
4231,2025-02-07,2026-01-13,18,Medium,High,High,On-Time,9,11,Basic,Active
4232,2024-09-01,2026-01-15,16,Medium,Medium,Medium,On-Time,10,49,Pro,Active
4233,2024-01-28,2026-01-13,18,Medium,High,Medium,On-Time,10,20,Basic,Active
4234,2025-09-24,2026-01-30,1,High,High,Low,On-Time,7,24,Basic,Active
4235,2023-01-23,2025-06-10,235,Low,Low,Low,Delayed,5,14,Basic,Cancelled
4236,2023-12-12,2025-09-11,142,Low,Low,Low,Missed,3,188,Enterprise,Cancelled
4237,2023-03-04,2026-01-07,24,High,Medium,Medium,On-Time,8,55,Pro,Active
4238,2025-04-19,2026-01-18,13,Medium,High,High,On-Time,8,65,Pro,Active
4239,2025-02-07,2025-12-22,40,Medium,Medium,Low,On-Time,10,27,Basic,Active
4240,2023-12-29,2026-01-07,24,High,Medium,Low,On-Time,8,67,Pro,Active
4241,2025-01-09,2026-01-06,25,High,Medium,Medium,On-Time,7,10,Basic,Active
4242,2024-03-09,2025-08-23,161,Low,Low,Low,Delayed,1,25,Basic,Cancelled
4243,2025-04-08,2026-01-27,4,Medium,High,Medium,On-Time,8,10,Basic,Active
4244,2024-05-12,2025-06-11,234,Low,Low,Medium,Missed,3,28,Basic,Active
4245,2024-03-27,2025-12-22,40,High,High,Low,On-Time,8,25,Basic,Active
4246,2025-10-20,2025-12-23,39,Medium,High,Medium,On-Time,7,144,Enterprise,Active
4247,2023-10-02,2025-12-25,37,High,Medium,Low,Delayed,9,12,Basic,Active
4248,2023-05-12,2026-01-24,7,Medium,Medium,Low,On-Time,9,52,Pro,Active
4249,2024-10-02,2025-10-07,116,Medium,Low,High,Missed,4,43,Pro,Active
4250,2025-11-27,2026-01-12,19,Medium,High,Low,On-Time,10,18,Basic,Active
4251,2024-02-18,2025-12-27,35,Medium,High,Low,On-Time,10,11,Basic,Active
4252,2023-03-09,2025-12-24,38,Medium,Medium,Low,On-Time,10,19,Basic,Active
4253,2024-01-07,2025-12-23,39,Medium,High,Low,On-Time,8,22,Basic,Active
4254,2024-07-07,2025-09-26,127,Low,Low,Low,Delayed,2,23,Basic,Cancelled
4255,2023-06-27,2026-01-25,6,High,Medium,Low,On-Time,8,10,Basic,Active
4256,2024-12-21,2025-12-30,32,High,High,Medium,On-Time,7,23,Basic,Active
4257,2025-12-28,2025-07-14,201,Low,Low,Low,Delayed,4,172,Enterprise,Cancelled
4258,2024-05-09,2026-01-26,5,Medium,Medium,Medium,On-Time,7,64,Pro,Active
4259,2024-01-24,2026-01-29,2,Medium,High,Low,On-Time,8,26,Basic,Active
4260,2024-03-14,2026-01-17,14,High,High,Medium,On-Time,7,26,Basic,Active
4261,2023-05-07,2025-12-23,39,High,High,Low,On-Time,9,12,Basic,Active
4262,2025-08-25,2025-11-15,77,Low,Low,Low,Delayed,6,166,Enterprise,Active
4263,2024-03-30,2025-06-27,218,Low,Low,Low,Missed,1,185,Enterprise,Active
4264,2024-02-29,2026-01-20,11,High,Medium,Medium,Delayed,10,48,Pro,Active
4265,2024-12-23,2026-01-17,14,Medium,Medium,Low,On-Time,7,16,Basic,Active
4266,2024-04-29,2026-01-02,29,High,High,Low,On-Time,7,17,Basic,Active
4267,2024-12-10,2026-01-19,12,High,High,Low,Delayed,10,71,Pro,Active
4268,2023-03-09,2026-01-24,7,Medium,High,Medium,On-Time,7,42,Pro,Active
4269,2025-06-10,2026-01-13,18,Medium,High,High,Delayed,9,24,Basic,Active
4270,2025-10-26,2026-01-12,19,High,High,Low,On-Time,9,20,Basic,Active
4271,2024-12-11,2025-11-28,64,Medium,Low,Medium,Missed,7,20,Basic,Active
4272,2025-11-11,2025-11-26,66,Medium,Low,Low,Missed,4,73,Pro,Active
4273,2023-06-15,2026-01-24,7,High,High,High,On-Time,7,20,Basic,Active
4274,2024-06-06,2025-12-09,53,Low,Low,Medium,Delayed,7,29,Basic,Active
4275,2024-10-20,2025-10-27,96,Medium,Low,Low,Missed,7,27,Basic,Active
4276,2024-09-29,2025-10-13,110,Medium,Medium,Low,Missed,7,29,Basic,Active
4277,2024-03-15,2026-01-17,14,High,High,Low,On-Time,7,15,Basic,Active
4278,2024-01-06,2026-01-09,22,Medium,High,Medium,On-Time,7,47,Pro,Active
4279,2023-05-19,2025-12-30,32,High,Medium,Low,On-Time,8,25,Basic,Active
4280,2024-03-04,2025-10-11,112,Low,Low,Medium,On-Time,4,24,Basic,Active
4281,2023-06-28,2026-01-05,26,Medium,High,Medium,On-Time,7,18,Basic,Active
4282,2025-03-15,2025-11-19,73,Low,Low,Low,On-Time,4,17,Basic,Active
4283,2023-08-17,2026-01-17,14,High,High,Medium,On-Time,10,61,Pro,Active
4284,2023-03-06,2026-01-19,12,High,High,High,On-Time,8,70,Pro,Active
4285,2024-08-27,2025-10-15,108,Low,Low,Low,On-Time,5,167,Enterprise,Active
4286,2024-10-13,2026-01-10,21,High,Medium,Medium,On-Time,8,65,Pro,Active
4287,2025-08-12,2025-11-01,91,Low,Low,Low,On-Time,4,58,Pro,Active
4288,2024-09-23,2026-01-31,0,High,High,Low,On-Time,9,54,Pro,Active
4289,2024-01-14,2026-01-08,23,High,Medium,High,Delayed,8,27,Basic,Active
4290,2025-05-29,2025-12-30,32,High,High,Medium,On-Time,9,245,Enterprise,Active
4291,2024-08-14,2026-01-03,28,High,High,Medium,Delayed,9,206,Enterprise,Active
4292,2023-03-28,2026-01-17,14,High,Medium,Low,On-Time,9,10,Basic,Active
4293,2024-09-11,2025-11-05,87,Medium,Medium,Low,On-Time,7,28,Basic,Active
4294,2025-09-21,2026-01-27,4,Medium,High,Low,On-Time,10,22,Basic,Active
4295,2024-03-09,2025-12-29,33,Medium,Medium,Medium,Delayed,9,21,Basic,Active
4296,2023-11-21,2026-01-21,10,Medium,High,Medium,On-Time,8,15,Basic,Active
4297,2023-06-07,2026-01-11,20,Medium,High,Low,On-Time,8,21,Basic,Active
4298,2023-06-15,2026-01-01,30,High,Medium,Low,On-Time,9,70,Pro,Active
4299,2024-04-18,2025-12-03,59,Medium,Low,Medium,Delayed,6,270,Enterprise,Active
4300,2024-10-14,2025-09-07,146,Low,Low,High,Missed,5,29,Basic,Cancelled
4301,2023-03-30,2025-12-27,35,Medium,High,Medium,On-Time,8,25,Basic,Active
4302,2025-10-25,2026-01-08,23,High,Medium,Medium,On-Time,7,26,Basic,Active
4303,2025-04-06,2026-01-28,3,High,Medium,Medium,On-Time,7,16,Basic,Active
4304,2024-10-04,2025-12-22,40,High,High,Low,On-Time,9,16,Basic,Active
4305,2025-06-26,2026-01-03,28,Medium,Medium,Low,On-Time,10,17,Basic,Active
4306,2023-03-29,2025-10-27,96,Medium,Low,Medium,On-Time,5,291,Enterprise,Active
4307,2024-06-06,2026-01-06,25,Medium,High,Medium,On-Time,7,12,Basic,Active
4308,2024-11-20,2025-08-29,155,Low,Low,Medium,Missed,2,10,Basic,Cancelled
4309,2025-06-26,2025-11-17,75,Medium,Low,Low,Delayed,4,26,Basic,Active
4310,2025-05-07,2025-05-10,266,Low,Low,Low,Delayed,1,16,Basic,Cancelled
4311,2023-10-31,2026-01-27,4,Medium,High,Medium,On-Time,8,28,Basic,Active
4312,2025-10-27,2025-12-24,38,High,High,Medium,On-Time,9,28,Basic,Active
4313,2023-05-17,2025-11-03,89,Low,Low,Low,On-Time,4,66,Pro,Active
4314,2025-08-16,2026-01-23,8,Medium,High,Medium,On-Time,7,70,Pro,Active
4315,2025-11-29,2025-11-23,69,Medium,Medium,Medium,Delayed,6,43,Pro,Active
4316,2023-07-13,2025-12-28,34,Medium,High,Low,On-Time,9,11,Basic,Active
4317,2025-03-01,2026-01-16,15,High,Medium,Low,On-Time,10,73,Pro,Active
4318,2023-02-14,2025-11-30,62,Low,Low,Medium,Missed,4,174,Enterprise,Active
4319,2024-03-19,2026-01-06,25,High,Medium,Medium,Delayed,10,14,Basic,Active
4320,2024-07-19,2026-01-10,21,High,Medium,Low,On-Time,10,63,Pro,Active
4321,2024-09-27,2026-01-19,12,High,Medium,High,Delayed,9,17,Basic,Active
4322,2025-10-21,2026-01-14,17,High,Medium,Low,On-Time,8,23,Basic,Active
4323,2025-01-06,2025-07-02,213,Low,Low,Low,Missed,5,161,Enterprise,Cancelled
4324,2024-06-10,2026-01-03,28,High,Medium,Low,On-Time,8,28,Basic,Active
4325,2025-06-05,2025-11-22,70,Low,Medium,Medium,Missed,4,25,Basic,Active
4326,2025-11-06,2026-01-13,18,Medium,Medium,Medium,On-Time,10,10,Basic,Active
4327,2023-01-25,2026-01-12,19,High,High,Medium,On-Time,8,47,Pro,Active
4328,2025-12-11,2025-12-23,39,High,High,Low,On-Time,9,15,Basic,Active
4329,2023-04-05,2025-10-21,102,Medium,Low,Medium,Missed,6,28,Basic,Active
4330,2025-06-10,2025-12-30,32,Medium,Medium,Low,Delayed,9,11,Basic,Active
4331,2023-11-03,2026-01-11,20,High,Medium,High,On-Time,10,16,Basic,Active
4332,2023-05-25,2026-01-19,12,High,Medium,Low,On-Time,9,11,Basic,Active
4333,2024-04-26,2025-05-18,258,Low,Low,Low,Missed,2,19,Basic,Cancelled
4334,2024-12-06,2026-01-05,26,Medium,Medium,High,Delayed,9,45,Pro,Active
4335,2024-02-22,2026-01-27,4,Medium,High,Medium,On-Time,8,54,Pro,Active
4336,2023-03-01,2026-01-20,11,High,High,Low,On-Time,9,23,Basic,Active
4337,2024-10-18,2025-10-23,100,Low,Low,Low,Delayed,6,63,Pro,Active
4338,2025-09-15,2026-01-08,23,Medium,High,Medium,On-Time,9,47,Pro,Active
4339,2024-02-24,2025-12-24,38,High,Medium,Low,On-Time,8,11,Basic,Active
4340,2023-08-25,2025-12-27,35,High,Medium,Low,Delayed,8,69,Pro,Active
4341,2024-04-29,2026-01-19,12,High,High,Low,On-Time,8,22,Basic,Active
4342,2023-02-22,2025-07-09,206,Low,Low,Medium,Missed,3,68,Pro,Cancelled
4343,2025-06-17,2026-01-05,26,High,High,High,On-Time,10,41,Pro,Active
4344,2025-06-23,2025-12-26,36,Medium,High,High,On-Time,7,59,Pro,Active
4345,2024-10-05,2026-01-11,20,Medium,High,High,On-Time,8,19,Basic,Active
4346,2024-01-22,2026-01-20,11,High,Medium,Low,On-Time,10,11,Basic,Active
4347,2025-05-25,2025-11-02,90,Low,Low,Medium,Delayed,5,28,Basic,Active
4348,2024-08-30,2026-01-09,22,Medium,Medium,Medium,On-Time,7,16,Basic,Active
4349,2025-06-23,2026-01-31,0,High,Medium,Medium,On-Time,8,14,Basic,Active
4350,2024-11-22,2026-01-06,25,High,High,Medium,On-Time,10,56,Pro,Active
4351,2025-05-08,2025-12-21,41,High,High,Medium,On-Time,9,12,Basic,Active
4352,2024-10-17,2026-01-17,14,High,High,Low,On-Time,10,49,Pro,Active
4353,2024-03-29,2026-01-19,12,High,Medium,High,On-Time,7,11,Basic,Active
4354,2025-11-14,2026-01-27,4,High,Medium,Medium,On-Time,9,19,Basic,Active
4355,2024-08-15,2025-12-30,32,High,High,Medium,On-Time,10,28,Basic,Active
4356,2024-10-24,2025-11-03,89,Low,Low,High,Delayed,4,14,Basic,Active
4357,2023-08-30,2026-01-29,2,High,High,Medium,On-Time,9,20,Basic,Active
4358,2024-11-16,2026-01-08,23,High,High,Medium,On-Time,10,150,Enterprise,Active
4359,2024-09-17,2026-01-05,26,Medium,High,Medium,On-Time,8,48,Pro,Active
4360,2023-07-22,2025-11-09,83,Medium,Low,Medium,Delayed,6,63,Pro,Active
4361,2023-03-07,2025-07-09,206,Low,Low,Low,Missed,3,157,Enterprise,Cancelled
4362,2024-10-23,2025-09-19,134,Low,Low,Medium,Delayed,1,12,Basic,Cancelled
4363,2025-04-16,2026-01-14,17,Medium,High,High,On-Time,8,67,Pro,Active
4364,2024-07-27,2025-12-26,36,Medium,High,High,On-Time,8,72,Pro,Active
4365,2023-09-06,2025-10-27,96,Low,Low,Low,On-Time,4,28,Basic,Active
4366,2024-12-30,2026-01-27,4,High,High,Low,On-Time,8,16,Basic,Active
4367,2023-03-29,2025-08-18,166,Low,Low,Medium,Missed,1,21,Basic,Active
4368,2024-04-28,2026-01-01,30,Medium,High,High,On-Time,10,16,Basic,Active
4369,2023-06-28,2025-11-21,71,Low,Medium,Medium,On-Time,5,14,Basic,Active
4370,2023-07-21,2025-12-19,43,High,High,Low,On-Time,10,74,Pro,Active
4371,2023-08-10,2026-01-03,28,Medium,High,Medium,On-Time,7,11,Basic,Active
4372,2024-02-28,2025-12-27,35,Medium,Medium,Low,Delayed,8,47,Pro,Active
4373,2023-02-26,2025-10-05,118,Low,Low,Medium,Delayed,7,59,Pro,Active
4374,2024-03-11,2025-11-03,89,Medium,Medium,Low,Delayed,4,11,Basic,Active
4375,2024-07-14,2025-12-26,36,High,Medium,Low,On-Time,9,265,Enterprise,Active
4376,2024-06-13,2025-05-04,272,Low,Low,Medium,Missed,5,55,Pro,Cancelled
4377,2024-02-24,2026-01-07,24,Medium,Medium,Low,Delayed,10,261,Enterprise,Active
4378,2025-07-07,2025-06-04,241,Low,Low,Low,Delayed,5,147,Enterprise,Cancelled
4379,2023-06-09,2026-01-24,7,Medium,Medium,Low,On-Time,10,16,Basic,Active
4380,2024-07-07,2025-07-03,212,Low,Low,Low,Missed,4,16,Basic,Cancelled
4381,2023-03-09,2026-01-12,19,High,Medium,Low,On-Time,9,10,Basic,Active
4382,2023-03-19,2025-12-21,41,High,Medium,Low,On-Time,10,62,Pro,Active
4383,2024-09-20,2026-01-22,9,High,High,Low,On-Time,9,64,Pro,Active
4384,2024-09-11,2026-01-02,29,High,High,Low,On-Time,8,156,Enterprise,Active
4385,2025-08-19,2025-12-27,35,High,High,Low,On-Time,10,15,Basic,Active
4386,2024-09-02,2026-01-13,18,High,Medium,Low,On-Time,9,28,Basic,Active
4387,2025-11-16,2025-11-29,63,Low,Medium,Medium,On-Time,7,298,Enterprise,Active
4388,2023-02-23,2025-12-15,47,Low,Low,Low,Delayed,7,49,Pro,Active
4389,2023-04-18,2025-12-29,33,High,Medium,Medium,On-Time,10,26,Basic,Active
4390,2023-02-18,2025-12-28,34,High,Medium,Medium,On-Time,7,27,Basic,Active
4391,2023-07-22,2025-10-27,96,Medium,Low,Medium,Delayed,7,44,Pro,Active
4392,2024-08-15,2026-01-29,2,High,Medium,Low,On-Time,9,63,Pro,Active
4393,2024-12-07,2026-01-28,3,High,High,Low,On-Time,8,24,Basic,Active
4394,2023-02-19,2025-12-27,35,High,High,Low,On-Time,8,18,Basic,Active
4395,2025-11-01,2026-01-03,28,High,High,Medium,On-Time,9,17,Basic,Active
4396,2025-07-11,2026-01-20,11,Medium,High,Medium,On-Time,9,13,Basic,Active
4397,2023-11-21,2025-11-30,62,Medium,Low,Medium,On-Time,6,250,Enterprise,Active
4398,2023-03-26,2026-01-22,9,High,Medium,Medium,On-Time,7,61,Pro,Active
4399,2023-07-06,2025-10-01,122,Low,Low,High,Missed,4,267,Enterprise,Cancelled
4400,2023-05-20,2025-06-18,227,Low,Low,High,Delayed,5,40,Pro,Cancelled
4401,2023-05-15,2025-12-26,36,High,Medium,Medium,On-Time,8,135,Enterprise,Active
4402,2024-07-21,2025-12-31,31,High,High,Low,On-Time,7,72,Pro,Active
4403,2023-09-27,2025-11-11,81,Medium,Low,High,Delayed,4,64,Pro,Active
4404,2024-01-28,2025-06-24,221,Low,Low,Medium,Delayed,2,62,Pro,Cancelled
4405,2025-12-19,2025-12-23,39,High,High,Medium,Delayed,9,27,Basic,Active
4406,2025-01-19,2025-08-10,174,Low,Low,Low,Missed,2,29,Basic,Cancelled
4407,2025-11-05,2025-12-26,36,High,High,Low,On-Time,10,11,Basic,Active
4408,2023-06-06,2026-01-03,28,Medium,High,Medium,On-Time,8,76,Pro,Active
4409,2024-02-23,2025-11-15,77,Low,Low,Low,On-Time,5,57,Pro,Active
4410,2024-08-30,2026-01-05,26,High,Medium,Low,On-Time,8,19,Basic,Active
4411,2023-03-26,2026-01-18,13,High,Medium,Medium,On-Time,9,13,Basic,Active
4412,2023-01-05,2025-10-10,113,Medium,Low,Low,Delayed,6,250,Enterprise,Active
4413,2025-01-04,2025-05-21,255,Low,Low,Low,Missed,3,76,Pro,Cancelled
4414,2024-12-03,2026-01-14,17,Medium,High,Medium,On-Time,8,43,Pro,Active
4415,2024-03-25,2026-01-10,21,Medium,Medium,Low,On-Time,10,75,Pro,Active
4416,2024-06-20,2026-01-18,13,Medium,High,Low,Delayed,9,26,Basic,Active
4417,2024-03-30,2026-01-24,7,High,Medium,Low,On-Time,10,54,Pro,Active
4418,2023-01-27,2026-01-29,2,Medium,Medium,High,On-Time,9,60,Pro,Active
4419,2024-01-03,2025-12-21,41,High,Medium,Low,On-Time,10,26,Basic,Active
4420,2023-07-13,2026-01-08,23,Medium,High,Medium,On-Time,7,65,Pro,Active
4421,2023-04-18,2026-01-23,8,High,Medium,Low,On-Time,8,23,Basic,Active
4422,2025-11-13,2025-09-18,135,Low,Low,Low,Missed,5,10,Basic,Cancelled
4423,2024-10-18,2025-12-30,32,High,Medium,Low,On-Time,10,16,Basic,Active
4424,2025-03-08,2026-01-13,18,Medium,High,High,On-Time,8,16,Basic,Active
4425,2023-12-12,2026-01-06,25,Medium,High,Low,On-Time,8,69,Pro,Active
4426,2024-03-06,2026-01-13,18,Medium,High,Medium,Delayed,8,74,Pro,Active
4427,2023-09-17,2025-10-27,96,Low,Low,Medium,Delayed,5,144,Enterprise,Active
4428,2023-04-17,2025-10-24,99,Low,Low,Medium,Delayed,6,10,Basic,Active
4429,2023-07-16,2025-10-05,118,Medium,Low,Medium,Delayed,7,21,Basic,Active
4430,2025-05-23,2026-01-22,9,Medium,Medium,Low,On-Time,8,289,Enterprise,Active
4431,2025-01-11,2025-12-25,37,High,Medium,Medium,On-Time,9,10,Basic,Active
4432,2024-08-21,2026-01-04,27,High,Medium,High,On-Time,10,25,Basic,Active
4433,2024-06-04,2025-12-20,42,Medium,High,Medium,On-Time,9,29,Basic,Active
4434,2025-10-07,2025-12-28,34,Medium,High,Low,On-Time,9,76,Pro,Active
4435,2023-03-21,2026-01-05,26,Medium,Medium,Low,On-Time,9,23,Basic,Active
4436,2023-11-04,2026-01-18,13,High,Medium,Low,On-Time,10,23,Basic,Active
4437,2024-01-19,2025-06-15,230,Low,Low,Medium,Missed,1,157,Enterprise,Cancelled
4438,2025-05-06,2026-01-03,28,High,Medium,Low,On-Time,9,46,Pro,Active
4439,2025-12-22,2026-01-31,0,Medium,Medium,Low,On-Time,7,51,Pro,Active
4440,2023-09-21,2026-01-22,9,High,Medium,Low,On-Time,9,56,Pro,Active
4441,2025-08-15,2025-12-19,43,High,High,Low,On-Time,9,14,Basic,Active
4442,2025-06-28,2026-01-24,7,High,High,Low,On-Time,8,52,Pro,Active
4443,2023-09-03,2025-12-22,40,High,Medium,Low,On-Time,8,78,Pro,Active
4444,2024-03-13,2026-01-12,19,Medium,High,High,On-Time,7,20,Basic,Active
4445,2024-03-24,2025-12-23,39,Medium,Medium,Medium,On-Time,10,48,Pro,Active
4446,2025-12-07,2026-01-23,8,High,High,Medium,On-Time,7,220,Enterprise,Active
4447,2023-07-18,2026-01-29,2,Medium,Medium,Low,On-Time,8,57,Pro,Active
4448,2025-05-25,2026-01-12,19,Medium,High,Medium,On-Time,9,18,Basic,Active
4449,2024-01-01,2025-12-30,32,High,Medium,Medium,On-Time,8,53,Pro,Active
4450,2025-03-11,2026-01-30,1,High,High,Low,Delayed,10,24,Basic,Active
4451,2024-04-04,2026-01-06,25,High,Medium,High,On-Time,9,11,Basic,Active
4452,2024-09-25,2026-01-21,10,Medium,Medium,Medium,On-Time,9,70,Pro,Active
4453,2025-06-30,2025-10-12,111,Low,Low,High,Delayed,6,41,Pro,Active
4454,2025-05-30,2025-09-09,144,Low,Low,Low,Delayed,2,255,Enterprise,Cancelled
4455,2025-08-06,2026-01-16,15,High,Medium,Medium,On-Time,8,20,Basic,Active
4456,2023-03-07,2026-01-18,13,Medium,Medium,Low,On-Time,7,14,Basic,Active
4457,2025-01-27,2025-12-19,43,High,Medium,Low,Delayed,7,20,Basic,Active
4458,2023-06-03,2025-04-30,276,Low,Low,Medium,Missed,3,49,Pro,Active
4459,2024-03-31,2026-01-13,18,Medium,Medium,Low,On-Time,7,14,Basic,Active
4460,2024-08-23,2025-10-17,106,Medium,Low,Low,Delayed,6,18,Basic,Active
4461,2024-03-16,2026-01-15,16,High,High,Low,On-Time,9,67,Pro,Active
4462,2024-07-22,2025-12-14,48,Medium,Medium,Low,Delayed,5,144,Enterprise,Active
4463,2025-12-27,2025-12-18,44,High,High,Medium,On-Time,7,28,Basic,Active
4464,2023-05-29,2026-01-01,30,High,High,Medium,On-Time,10,50,Pro,Active
4465,2025-01-09,2026-01-13,18,Medium,High,Medium,On-Time,8,256,Enterprise,Active
4466,2024-03-09,2025-10-11,112,Medium,Low,High,Missed,5,46,Pro,Active
4467,2023-05-26,2026-01-09,22,High,High,Low,On-Time,9,21,Basic,Active
4468,2023-06-23,2025-10-11,112,Low,Medium,Low,Delayed,4,10,Basic,Active
4469,2025-11-05,2025-05-26,250,Low,Low,Low,Delayed,5,21,Basic,Active
4470,2025-08-21,2025-12-27,35,Medium,High,Low,On-Time,10,52,Pro,Active
4471,2025-09-20,2025-10-18,105,Low,Low,Medium,Delayed,5,46,Pro,Active
4472,2025-12-21,2026-01-24,7,Medium,High,Medium,On-Time,9,27,Basic,Active
4473,2023-08-17,2026-01-01,30,Medium,Medium,Low,On-Time,10,19,Basic,Active
4474,2024-01-25,2026-01-29,2,High,High,High,On-Time,10,25,Basic,Active
4475,2025-01-02,2025-12-19,43,Medium,High,Medium,On-Time,7,62,Pro,Active
4476,2024-06-13,2026-01-04,27,High,High,Low,On-Time,7,58,Pro,Active
4477,2024-04-03,2025-12-28,34,High,High,Low,On-Time,9,71,Pro,Active
4478,2024-01-27,2025-12-07,55,Low,Medium,High,Delayed,6,58,Pro,Active
4479,2024-10-12,2026-01-03,28,High,Medium,Low,On-Time,10,12,Basic,Active
4480,2024-09-22,2026-01-14,17,Medium,High,High,On-Time,9,10,Basic,Active
4481,2023-06-26,2025-07-06,209,Low,Low,Medium,Delayed,4,67,Pro,Cancelled
4482,2024-05-31,2025-12-23,39,High,High,Low,On-Time,8,280,Enterprise,Active
4483,2024-08-29,2025-12-25,37,High,High,Medium,On-Time,10,63,Pro,Active
4484,2024-09-16,2026-01-03,28,High,Medium,Low,On-Time,7,59,Pro,Active
4485,2023-08-19,2025-12-27,35,Medium,Medium,Medium,On-Time,8,11,Basic,Active
4486,2025-03-23,2026-01-21,10,High,Medium,Medium,Delayed,8,53,Pro,Active
4487,2023-01-28,2025-09-12,141,Low,Low,High,Delayed,5,22,Basic,Cancelled
4488,2024-01-24,2026-01-13,18,High,Medium,Medium,On-Time,9,42,Pro,Active
4489,2025-05-04,2025-10-04,119,Medium,Low,Low,Delayed,4,11,Basic,Active
4490,2024-09-09,2026-01-21,10,High,Medium,Low,On-Time,8,22,Basic,Active
4491,2023-10-13,2025-12-20,42,Medium,Medium,Medium,On-Time,10,75,Pro,Active
4492,2025-01-30,2025-10-17,106,Low,Medium,High,On-Time,5,28,Basic,Active
4493,2024-09-13,2025-11-13,79,Medium,Low,Low,On-Time,6,48,Pro,Active
4494,2025-05-21,2025-12-23,39,Medium,High,Medium,On-Time,10,11,Basic,Active
4495,2025-03-15,2025-06-24,221,Low,Low,Low,Missed,5,48,Pro,Cancelled
4496,2024-10-30,2026-01-29,2,High,High,Low,On-Time,10,72,Pro,Active
4497,2024-06-18,2026-01-15,16,Medium,High,Medium,Delayed,7,11,Basic,Active
4498,2023-05-26,2025-11-27,65,Low,Low,Medium,Missed,4,26,Basic,Active
4499,2023-10-14,2025-10-20,103,Medium,Medium,Low,On-Time,7,16,Basic,Active
4500,2024-04-03,2025-12-31,31,Medium,Medium,Low,On-Time,8,45,Pro,Active
4501,2024-10-18,2025-12-25,37,High,Medium,Low,On-Time,9,53,Pro,Active
4502,2024-07-16,2025-12-28,34,Medium,Medium,Medium,On-Time,9,47,Pro,Active
4503,2023-11-12,2026-01-15,16,Medium,High,Low,On-Time,7,15,Basic,Active
4504,2023-01-08,2026-01-12,19,High,Medium,Medium,On-Time,8,18,Basic,Active
4505,2024-06-27,2026-01-16,15,High,High,Low,On-Time,10,14,Basic,Active
4506,2023-11-09,2026-01-04,27,Medium,High,Medium,Delayed,10,27,Basic,Active
4507,2025-03-15,2026-01-10,21,High,High,Low,On-Time,9,49,Pro,Active
4508,2023-01-27,2025-10-21,102,Low,Low,High,On-Time,6,13,Basic,Active
4509,2024-10-02,2026-01-07,24,High,High,Low,On-Time,10,25,Basic,Active
4510,2025-10-27,2025-12-19,43,High,High,Medium,Delayed,8,22,Basic,Active
4511,2023-07-10,2025-11-15,77,Medium,Low,High,On-Time,5,10,Basic,Active
4512,2024-05-31,2025-11-11,81,Medium,Low,Low,Delayed,4,17,Basic,Active
4513,2023-04-11,2025-12-31,31,Medium,Medium,Medium,On-Time,9,43,Pro,Active
4514,2024-11-16,2026-01-25,6,Medium,Medium,High,On-Time,8,22,Basic,Active
4515,2024-08-25,2026-01-09,22,Medium,High,Medium,On-Time,8,14,Basic,Active
4516,2024-03-22,2026-01-19,12,High,High,Low,On-Time,7,197,Enterprise,Active
4517,2024-07-24,2025-11-06,86,Low,Low,Low,Delayed,5,23,Basic,Active
4518,2025-09-08,2026-01-25,6,High,High,Low,On-Time,8,18,Basic,Active
4519,2023-08-03,2025-11-16,76,Low,Low,Medium,Missed,5,61,Pro,Active
4520,2023-01-25,2026-01-04,27,High,High,Low,On-Time,7,23,Basic,Active
4521,2025-08-01,2026-01-04,27,High,Medium,Low,On-Time,7,48,Pro,Active
4522,2024-09-23,2026-01-28,3,Medium,Medium,Medium,On-Time,7,23,Basic,Active
4523,2025-09-02,2025-12-19,43,High,Medium,Medium,On-Time,7,23,Basic,Active
4524,2024-10-15,2026-01-17,14,Medium,High,Medium,Delayed,8,24,Basic,Active
4525,2025-06-06,2025-08-22,162,Low,Low,High,Delayed,1,29,Basic,Cancelled
4526,2024-04-15,2026-01-15,16,Medium,Medium,Low,On-Time,8,41,Pro,Active
4527,2025-04-01,2025-12-13,49,Low,Low,Medium,Delayed,6,54,Pro,Active
4528,2025-09-26,2026-01-19,12,High,High,Low,Delayed,8,73,Pro,Active
4529,2024-09-18,2026-01-10,21,High,Medium,Low,Delayed,7,75,Pro,Active
4530,2023-07-17,2025-05-10,266,Low,Low,Medium,Missed,3,25,Basic,Cancelled
4531,2023-10-22,2025-10-04,119,Low,Low,Medium,On-Time,4,29,Basic,Active
4532,2023-08-06,2025-06-13,232,Low,Low,High,Delayed,5,17,Basic,Cancelled
4533,2023-09-28,2025-10-21,102,Medium,Low,Medium,On-Time,6,172,Enterprise,Active
4534,2023-12-02,2026-01-14,17,Medium,Medium,Low,On-Time,7,164,Enterprise,Active
4535,2024-08-30,2025-04-19,287,Low,Low,Medium,Delayed,4,27,Basic,Cancelled
4536,2024-10-05,2025-12-29,33,High,High,Low,On-Time,8,10,Basic,Active
4537,2024-04-12,2025-12-23,39,Medium,Medium,Low,Delayed,10,49,Pro,Active
4538,2024-11-04,2025-10-02,121,Low,Low,Low,Missed,1,12,Basic,Cancelled
4539,2023-03-31,2025-12-26,36,High,Medium,High,On-Time,9,16,Basic,Active
4540,2023-04-07,2025-12-19,43,Medium,Medium,Low,On-Time,7,21,Basic,Active
4541,2023-07-08,2026-01-31,0,High,High,Medium,On-Time,8,29,Basic,Active
4542,2024-07-21,2026-01-23,8,High,Medium,Low,On-Time,9,19,Basic,Active
4543,2023-08-23,2025-10-19,104,Low,Medium,Medium,Delayed,6,71,Pro,Active
4544,2023-11-07,2026-01-28,3,Medium,High,Medium,On-Time,8,64,Pro,Active
4545,2024-03-14,2025-11-04,88,Low,Low,Low,Missed,7,77,Pro,Active
4546,2025-06-07,2025-08-22,162,Low,Low,Medium,Delayed,1,44,Pro,Cancelled
4547,2023-01-16,2026-01-21,10,Medium,Medium,Medium,On-Time,8,28,Basic,Active
4548,2024-12-12,2025-05-12,264,Low,Low,Medium,Missed,5,26,Basic,Cancelled
4549,2025-01-02,2025-12-18,44,Medium,Medium,High,On-Time,10,52,Pro,Active
4550,2025-05-24,2026-01-24,7,Medium,Medium,High,On-Time,7,47,Pro,Active
4551,2025-10-18,2025-12-31,31,Medium,High,Low,On-Time,8,65,Pro,Active
4552,2023-01-23,2025-12-30,32,Medium,Medium,Low,On-Time,7,143,Enterprise,Active
4553,2023-06-18,2026-01-25,6,High,High,Low,On-Time,7,29,Basic,Active
4554,2025-08-28,2025-12-22,40,Medium,High,Medium,Delayed,7,67,Pro,Active
4555,2024-05-17,2026-01-05,26,High,Medium,Medium,On-Time,10,29,Basic,Active
4556,2024-09-10,2026-01-09,22,Medium,High,Low,On-Time,10,62,Pro,Active
4557,2024-12-27,2026-01-16,15,High,High,Low,On-Time,7,17,Basic,Active
4558,2025-01-13,2025-11-12,80,Low,Low,Medium,Missed,7,15,Basic,Active
4559,2025-10-17,2025-10-20,103,Low,Medium,Low,Missed,6,18,Basic,Active
4560,2025-12-27,2025-10-17,106,Low,Medium,Low,On-Time,6,74,Pro,Active
4561,2025-02-27,2026-01-21,10,High,High,Low,On-Time,8,13,Basic,Active
4562,2023-11-11,2025-12-31,31,High,Medium,High,On-Time,8,22,Basic,Active
4563,2025-08-21,2025-07-11,204,Low,Low,Low,Missed,2,23,Basic,Cancelled
4564,2023-02-23,2025-12-21,41,High,High,Medium,On-Time,9,20,Basic,Active
4565,2023-09-11,2025-12-31,31,Medium,High,High,On-Time,8,70,Pro,Active
4566,2025-09-09,2026-01-18,13,Medium,High,Low,On-Time,10,48,Pro,Active
4567,2023-10-08,2025-12-07,55,Low,Low,Medium,Missed,5,14,Basic,Active
4568,2023-08-30,2026-01-04,27,Medium,Medium,High,Delayed,7,18,Basic,Active
4569,2023-06-01,2026-01-27,4,High,High,Low,On-Time,8,27,Basic,Active
4570,2025-07-29,2026-01-01,30,High,Medium,High,On-Time,10,50,Pro,Active
4571,2024-07-01,2026-01-01,30,High,High,Low,On-Time,10,17,Basic,Active
4572,2025-01-09,2025-12-12,50,Low,Low,Low,On-Time,4,71,Pro,Active
4573,2023-09-19,2025-12-25,37,High,High,Medium,On-Time,8,73,Pro,Active
4574,2025-04-10,2026-01-16,15,High,High,Low,On-Time,9,15,Basic,Active
4575,2025-04-12,2025-12-19,43,Medium,High,Medium,On-Time,9,27,Basic,Active
4576,2023-12-09,2025-12-30,32,Medium,High,Low,On-Time,8,10,Basic,Active
4577,2024-03-25,2025-12-24,38,High,High,Medium,On-Time,10,23,Basic,Active
4578,2023-08-18,2025-10-27,96,Medium,Low,Low,On-Time,5,14,Basic,Active
4579,2025-12-05,2026-01-20,11,High,Medium,Low,On-Time,9,56,Pro,Active
4580,2024-12-07,2026-01-20,11,High,High,Medium,On-Time,7,254,Enterprise,Active
4581,2025-10-20,2026-01-09,22,Medium,High,Low,On-Time,8,11,Basic,Active
4582,2023-11-29,2025-12-27,35,Medium,Medium,Medium,On-Time,7,16,Basic,Active
4583,2025-05-06,2025-12-20,42,Medium,Medium,High,Delayed,10,67,Pro,Active
4584,2025-04-18,2025-08-25,159,Low,Low,Low,Delayed,1,138,Enterprise,Cancelled
4585,2025-01-27,2026-01-30,1,Medium,Medium,High,On-Time,8,13,Basic,Active
4586,2025-11-23,2026-01-18,13,Medium,High,Low,On-Time,8,23,Basic,Active
4587,2024-03-06,2026-01-27,4,Medium,Medium,High,On-Time,7,61,Pro,Active
4588,2023-05-24,2026-01-12,19,High,High,High,On-Time,8,13,Basic,Active
4589,2025-01-05,2026-01-24,7,High,High,Medium,On-Time,10,26,Basic,Active
4590,2025-03-09,2026-01-08,23,Medium,Medium,Low,On-Time,7,66,Pro,Active
4591,2024-09-21,2026-01-09,22,High,Medium,Medium,On-Time,10,26,Basic,Active
4592,2023-08-15,2026-01-09,22,Medium,High,High,On-Time,8,59,Pro,Active
4593,2024-07-06,2026-01-04,27,Medium,Medium,Low,On-Time,7,67,Pro,Active
4594,2023-12-08,2026-01-29,2,Medium,High,Low,Delayed,8,14,Basic,Active
4595,2024-04-13,2025-12-19,43,Medium,Medium,Low,Delayed,7,19,Basic,Active
4596,2024-12-07,2026-01-23,8,Medium,High,Medium,On-Time,10,24,Basic,Active
4597,2025-03-27,2026-01-19,12,High,High,Low,On-Time,9,198,Enterprise,Active
4598,2023-09-12,2025-12-14,48,Medium,Low,Medium,On-Time,6,69,Pro,Active
4599,2024-03-19,2026-01-11,20,High,High,Low,On-Time,7,23,Basic,Active
4600,2023-10-22,2026-01-04,27,High,Medium,High,On-Time,7,12,Basic,Active
4601,2023-08-06,2025-11-28,64,Low,Low,Low,On-Time,5,29,Basic,Active
4602,2025-05-07,2026-01-31,0,Medium,Medium,High,Delayed,10,64,Pro,Active
4603,2025-09-22,2026-01-18,13,High,Medium,Low,On-Time,8,65,Pro,Active
4604,2024-02-10,2025-12-30,32,High,High,Low,On-Time,9,52,Pro,Active
4605,2025-04-02,2026-01-20,11,High,Medium,Low,On-Time,8,44,Pro,Active
4606,2025-09-09,2025-11-29,63,Low,Low,Low,Delayed,4,54,Pro,Active
4607,2025-07-15,2025-12-25,37,Medium,Medium,Medium,On-Time,7,197,Enterprise,Active
4608,2023-07-20,2026-01-07,24,High,High,Medium,On-Time,10,63,Pro,Active
4609,2025-11-13,2026-01-31,0,High,Medium,Medium,Delayed,7,59,Pro,Active
4610,2024-02-17,2025-10-18,105,Low,Low,High,Delayed,4,26,Basic,Active
4611,2024-01-07,2025-12-28,34,High,High,Low,On-Time,7,248,Enterprise,Active
4612,2023-03-10,2025-12-26,36,Medium,Medium,High,On-Time,7,15,Basic,Active
4613,2024-06-16,2026-01-17,14,High,Medium,Low,On-Time,10,45,Pro,Active
4614,2023-04-30,2025-06-20,225,Low,Low,Medium,Missed,3,59,Pro,Cancelled
4615,2023-09-30,2025-12-09,53,Low,Medium,Low,On-Time,5,12,Basic,Active
4616,2023-12-14,2025-12-22,40,Medium,High,Medium,On-Time,10,29,Basic,Active
4617,2025-06-04,2025-11-23,69,Medium,Low,Low,Delayed,4,11,Basic,Active
4618,2025-08-16,2025-10-21,102,Medium,Low,High,On-Time,5,18,Basic,Active
4619,2023-11-28,2026-01-27,4,High,High,Medium,On-Time,10,55,Pro,Active
4620,2025-07-29,2025-12-25,37,High,Medium,Low,On-Time,10,12,Basic,Active
4621,2025-07-27,2026-01-14,17,Medium,Medium,High,On-Time,10,13,Basic,Active
4622,2025-04-17,2025-10-19,104,Low,Low,High,Delayed,6,56,Pro,Active
4623,2023-06-10,2026-01-26,5,Medium,High,Low,On-Time,9,20,Basic,Active
4624,2025-01-25,2026-01-16,15,Medium,High,High,On-Time,10,12,Basic,Active
4625,2025-10-31,2025-12-31,31,Medium,High,Medium,On-Time,9,75,Pro,Active
4626,2025-01-17,2025-04-26,280,Low,Low,Medium,Delayed,2,12,Basic,Cancelled
4627,2023-12-30,2026-01-18,13,High,High,Low,On-Time,10,13,Basic,Active
4628,2024-07-02,2026-01-06,25,Medium,Medium,Low,On-Time,10,241,Enterprise,Active
4629,2024-12-08,2025-10-18,105,Low,Medium,Medium,Delayed,6,29,Basic,Active
4630,2024-07-13,2025-04-23,283,Low,Low,Low,Delayed,2,22,Basic,Cancelled
4631,2023-05-12,2025-12-16,46,Medium,Low,Medium,Delayed,7,76,Pro,Active
4632,2023-12-08,2025-12-12,50,Medium,Medium,Medium,Delayed,6,12,Basic,Active
4633,2025-05-28,2025-10-07,116,Medium,Medium,Medium,Delayed,5,79,Pro,Active
4634,2025-08-01,2025-12-23,39,High,High,Medium,On-Time,10,25,Basic,Active
4635,2023-05-31,2025-12-26,36,High,High,Medium,On-Time,7,16,Basic,Active
4636,2025-11-08,2025-10-06,117,Low,Low,Low,On-Time,5,72,Pro,Active
4637,2023-12-27,2025-10-23,100,Medium,Low,Low,Missed,4,22,Basic,Active
4638,2024-12-26,2026-01-21,10,High,High,High,On-Time,10,12,Basic,Active
4639,2025-04-03,2025-12-20,42,High,Medium,Medium,On-Time,8,13,Basic,Active
4640,2025-06-08,2025-05-09,267,Low,Low,Low,Missed,1,145,Enterprise,Cancelled
4641,2025-11-01,2025-12-20,42,Medium,High,Medium,On-Time,10,40,Pro,Active
4642,2023-12-09,2025-12-08,54,Low,Medium,Low,Missed,7,23,Basic,Active
4643,2025-07-29,2026-01-04,27,High,High,Low,On-Time,8,18,Basic,Active
4644,2023-05-25,2026-01-28,3,Medium,High,Low,On-Time,7,74,Pro,Active
4645,2025-02-11,2025-12-24,38,High,High,Medium,On-Time,8,15,Basic,Active
4646,2025-03-23,2025-12-15,47,Low,Low,Low,On-Time,4,275,Enterprise,Active
4647,2025-01-12,2026-01-12,19,Medium,High,Medium,On-Time,8,71,Pro,Active
4648,2023-10-04,2025-10-19,104,Medium,Low,High,Delayed,6,11,Basic,Active
4649,2025-08-13,2026-01-13,18,High,High,High,On-Time,8,23,Basic,Active
4650,2023-07-04,2026-01-11,20,Medium,High,Low,Delayed,9,58,Pro,Active
4651,2023-02-28,2025-10-25,98,Medium,Low,High,Missed,5,18,Basic,Active
4652,2025-02-24,2026-01-27,4,High,High,Medium,Delayed,8,21,Basic,Active
4653,2024-06-04,2026-01-21,10,High,Medium,Medium,On-Time,7,75,Pro,Active
4654,2025-07-18,2026-01-24,7,High,Medium,High,On-Time,9,10,Basic,Active
4655,2024-02-24,2025-11-16,76,Low,Medium,Medium,Delayed,4,14,Basic,Active
4656,2023-07-04,2026-01-29,2,Medium,Medium,Low,Delayed,7,25,Basic,Active
4657,2025-07-04,2025-12-20,42,High,Medium,Medium,On-Time,10,40,Pro,Active
4658,2024-08-24,2026-01-08,23,Medium,Medium,Medium,On-Time,8,16,Basic,Active
4659,2023-07-27,2026-01-18,13,High,Medium,High,On-Time,10,18,Basic,Active
4660,2025-02-27,2025-12-29,33,Medium,Medium,High,On-Time,10,12,Basic,Active
4661,2024-07-13,2025-12-06,56,Medium,Medium,Medium,Delayed,4,49,Pro,Active
4662,2024-10-23,2025-12-28,34,Medium,High,Low,Delayed,7,46,Pro,Active
4663,2024-05-19,2026-01-21,10,High,High,Low,On-Time,9,10,Basic,Active
4664,2025-06-26,2026-01-29,2,High,Medium,Low,On-Time,7,53,Pro,Active
4665,2025-06-27,2026-01-02,29,High,High,Low,On-Time,8,28,Basic,Active
4666,2025-02-15,2025-12-02,60,Low,Low,Medium,On-Time,5,21,Basic,Active
4667,2023-04-26,2025-11-30,62,Low,Medium,Medium,On-Time,4,69,Pro,Active
4668,2025-07-07,2026-01-29,2,Medium,High,Low,On-Time,10,15,Basic,Active
4669,2025-01-04,2026-01-13,18,Medium,Medium,Medium,Delayed,10,27,Basic,Active
4670,2025-02-02,2025-12-23,39,High,Medium,Medium,On-Time,9,243,Enterprise,Active
4671,2024-02-02,2026-01-13,18,High,High,Low,On-Time,8,55,Pro,Active
4672,2025-08-20,2026-01-01,30,Medium,Medium,Medium,On-Time,9,11,Basic,Active
4673,2025-03-05,2025-12-31,31,High,Medium,Medium,On-Time,8,261,Enterprise,Active
4674,2023-05-04,2026-01-23,8,High,High,Medium,On-Time,10,126,Enterprise,Active
4675,2024-03-22,2026-01-21,10,High,High,Low,On-Time,7,24,Basic,Active
4676,2025-08-28,2025-10-29,94,Low,Low,Low,Delayed,6,23,Basic,Active
4677,2023-02-21,2025-12-22,40,High,High,Low,On-Time,7,27,Basic,Active
4678,2025-11-18,2025-12-22,40,Medium,High,High,On-Time,7,28,Basic,Active
4679,2025-01-13,2025-12-28,34,Medium,Medium,Low,On-Time,7,13,Basic,Active
4680,2024-11-22,2026-01-13,18,Medium,Medium,Medium,On-Time,9,48,Pro,Active
4681,2023-10-24,2025-12-30,32,High,High,High,Delayed,7,20,Basic,Active
4682,2023-09-30,2026-01-07,24,Medium,Medium,Medium,On-Time,10,21,Basic,Active
4683,2025-10-28,2025-10-20,103,Low,Low,Low,On-Time,4,21,Basic,Active
4684,2023-11-23,2025-11-16,76,Low,Medium,Medium,Delayed,5,67,Pro,Active
4685,2025-04-29,2026-01-16,15,High,Medium,Medium,On-Time,7,47,Pro,Active
4686,2024-03-06,2026-01-28,3,High,Medium,Low,On-Time,7,142,Enterprise,Active
4687,2023-06-02,2026-01-30,1,Medium,High,Medium,On-Time,8,26,Basic,Active
4688,2023-01-12,2026-01-05,26,High,High,Medium,On-Time,10,59,Pro,Active
4689,2024-08-18,2025-12-22,40,Medium,High,Low,On-Time,8,26,Basic,Active
4690,2025-12-04,2025-12-20,42,Medium,High,High,On-Time,9,178,Enterprise,Active
4691,2024-02-09,2025-12-22,40,High,Medium,Low,On-Time,8,48,Pro,Active
4692,2024-01-27,2026-01-06,25,High,High,Medium,On-Time,9,60,Pro,Active
4693,2024-01-12,2026-01-13,18,High,Medium,Low,On-Time,9,23,Basic,Active
4694,2024-07-23,2026-01-18,13,High,High,Medium,On-Time,8,27,Basic,Active
4695,2024-04-27,2025-11-05,87,Medium,Low,Low,Delayed,6,54,Pro,Active
4696,2025-08-21,2025-12-21,41,High,Medium,Low,Delayed,10,66,Pro,Active
4697,2024-07-07,2026-01-24,7,High,High,Low,On-Time,10,29,Basic,Active
4698,2024-07-09,2026-01-08,23,Medium,High,Medium,On-Time,9,13,Basic,Active
4699,2023-06-01,2025-10-26,97,Medium,Medium,Low,On-Time,5,14,Basic,Active
4700,2025-12-12,2026-01-30,1,High,High,Medium,On-Time,7,15,Basic,Active
4701,2023-10-01,2026-01-25,6,High,High,Medium,On-Time,8,207,Enterprise,Active
4702,2023-03-22,2026-01-18,13,Medium,High,Low,On-Time,7,11,Basic,Active
4703,2024-12-27,2026-01-16,15,Medium,Medium,Medium,On-Time,10,61,Pro,Active
4704,2024-10-13,2026-01-23,8,High,Medium,Low,On-Time,9,12,Basic,Active
4705,2024-03-30,2025-09-05,148,Low,Low,Medium,Missed,4,62,Pro,Cancelled
4706,2024-04-07,2025-10-17,106,Low,Low,High,Delayed,6,281,Enterprise,Active
4707,2025-05-09,2026-01-23,8,High,High,Low,Delayed,10,59,Pro,Active
4708,2023-08-03,2025-12-18,44,High,Medium,Medium,On-Time,7,16,Basic,Active
4709,2025-06-17,2025-04-25,281,Low,Low,High,Missed,5,54,Pro,Cancelled
4710,2024-12-11,2026-01-18,13,High,High,Low,On-Time,10,275,Enterprise,Active
4711,2024-04-03,2025-12-27,35,Medium,Medium,Medium,Delayed,8,27,Basic,Active
4712,2024-05-16,2025-10-12,111,Low,Low,Medium,On-Time,4,27,Basic,Active
4713,2023-10-09,2025-11-09,83,Medium,Medium,Medium,Delayed,7,27,Basic,Active
4714,2025-04-03,2025-04-28,278,Low,Low,Medium,Missed,3,16,Basic,Cancelled
4715,2024-07-15,2026-01-13,18,Medium,Medium,Low,On-Time,9,12,Basic,Active
4716,2023-12-18,2025-10-11,112,Medium,Medium,Medium,Missed,6,69,Pro,Active
4717,2024-10-14,2025-12-22,40,High,High,Low,On-Time,9,28,Basic,Active
4718,2025-12-26,2025-12-24,38,High,High,Low,On-Time,10,64,Pro,Active
4719,2024-04-21,2025-11-22,70,Medium,Low,High,Delayed,5,25,Basic,Active
4720,2025-10-05,2026-01-09,22,Medium,Medium,Low,On-Time,10,263,Enterprise,Active
4721,2024-01-13,2026-01-12,19,High,High,Medium,On-Time,9,17,Basic,Active
4722,2023-03-01,2025-12-25,37,Medium,High,Low,On-Time,9,24,Basic,Active
4723,2023-08-12,2026-01-13,18,Medium,Medium,Low,On-Time,10,63,Pro,Active
4724,2024-04-03,2026-01-28,3,High,Medium,Medium,On-Time,8,77,Pro,Active
4725,2023-08-29,2026-01-16,15,High,Medium,Low,Delayed,7,72,Pro,Active
4726,2023-01-01,2026-01-22,9,High,High,Low,On-Time,7,28,Basic,Active
4727,2025-09-28,2025-10-20,103,Low,Low,Low,Delayed,4,15,Basic,Active
4728,2025-07-13,2026-01-31,0,Medium,High,Medium,On-Time,10,11,Basic,Active
4729,2025-03-23,2025-10-22,101,Medium,Medium,Low,Delayed,4,41,Pro,Active
4730,2023-07-03,2026-01-31,0,Medium,High,Low,On-Time,8,287,Enterprise,Active
4731,2023-05-12,2025-12-25,37,Medium,Medium,Medium,On-Time,10,246,Enterprise,Active
4732,2023-03-16,2026-01-29,2,High,Medium,Low,On-Time,9,13,Basic,Active
4733,2025-03-03,2026-01-01,30,High,High,Low,On-Time,10,40,Pro,Active
4734,2025-10-14,2026-01-04,27,Medium,High,Medium,On-Time,9,10,Basic,Active
4735,2024-04-16,2026-01-27,4,Medium,Medium,Low,On-Time,9,59,Pro,Active
4736,2023-05-11,2026-01-21,10,High,High,Low,On-Time,10,57,Pro,Active
4737,2024-07-15,2025-12-31,31,High,High,Medium,On-Time,9,79,Pro,Active
4738,2024-01-17,2025-10-21,102,Medium,Low,Low,On-Time,7,75,Pro,Active
4739,2024-02-15,2026-01-13,18,High,High,Low,On-Time,10,15,Basic,Active
4740,2024-11-11,2025-12-25,37,High,High,Medium,On-Time,8,15,Basic,Active
4741,2025-02-25,2025-12-06,56,Low,Low,Low,Delayed,6,212,Enterprise,Active
4742,2023-05-02,2026-01-19,12,High,High,Low,On-Time,10,13,Basic,Active
4743,2023-02-08,2025-04-16,290,Low,Low,Low,Delayed,1,25,Basic,Cancelled
4744,2025-12-24,2026-01-24,7,Medium,Medium,Low,On-Time,8,65,Pro,Active
4745,2023-09-12,2025-05-18,258,Low,Low,High,Missed,1,19,Basic,Cancelled
4746,2023-02-28,2025-07-18,197,Low,Low,Low,Delayed,1,22,Basic,Cancelled
4747,2023-07-27,2025-12-29,33,Medium,High,Medium,On-Time,8,15,Basic,Active
4748,2023-02-12,2026-01-22,9,High,Medium,Low,On-Time,10,27,Basic,Active
4749,2024-03-05,2026-01-20,11,Medium,High,Medium,On-Time,8,75,Pro,Active
4750,2025-05-28,2025-05-12,264,Low,Low,Low,Delayed,3,72,Pro,Cancelled
4751,2024-01-09,2026-01-25,6,Medium,High,Medium,On-Time,9,281,Enterprise,Active
4752,2024-05-01,2025-11-10,82,Medium,Low,High,On-Time,6,65,Pro,Active
4753,2025-01-09,2026-01-17,14,High,High,Low,On-Time,10,10,Basic,Active
4754,2024-07-11,2025-12-08,54,Low,Low,Low,Delayed,6,13,Basic,Active
4755,2025-08-01,2026-01-31,0,Medium,High,High,On-Time,10,14,Basic,Active
4756,2025-08-06,2026-01-09,22,High,Medium,High,On-Time,7,289,Enterprise,Active
4757,2023-01-11,2025-12-15,47,Medium,Low,Low,On-Time,4,10,Basic,Active
4758,2025-05-01,2025-10-02,121,Low,Low,High,Missed,4,16,Basic,Cancelled
4759,2024-05-19,2026-01-11,20,High,High,Medium,On-Time,8,161,Enterprise,Active
4760,2025-12-18,2025-11-25,67,Low,Low,Low,Delayed,6,22,Basic,Active
4761,2024-06-13,2026-01-27,4,Medium,Medium,High,On-Time,9,211,Enterprise,Active
4762,2025-12-16,2025-12-21,41,High,Medium,Medium,Delayed,9,29,Basic,Active
4763,2025-04-06,2025-12-19,43,High,High,Medium,On-Time,9,75,Pro,Active
4764,2023-09-30,2026-01-21,10,High,High,Low,On-Time,8,46,Pro,Active
4765,2024-08-12,2026-01-13,18,High,Medium,Medium,On-Time,9,48,Pro,Active
4766,2025-12-22,2026-01-28,3,High,High,Low,On-Time,7,20,Basic,Active
4767,2025-07-27,2025-08-01,183,Low,Low,Medium,Delayed,1,160,Enterprise,Cancelled
4768,2023-04-17,2026-01-01,30,High,Medium,Low,On-Time,10,64,Pro,Active
4769,2025-02-12,2026-01-04,27,High,High,Low,On-Time,10,17,Basic,Active
4770,2024-01-14,2025-04-24,282,Low,Low,Medium,Missed,3,42,Pro,Cancelled
4771,2023-01-08,2026-01-02,29,High,Medium,Low,On-Time,9,56,Pro,Active
4772,2024-03-17,2025-12-28,34,High,High,High,On-Time,7,25,Basic,Active
4773,2023-09-15,2025-11-21,71,Medium,Low,Medium,On-Time,6,14,Basic,Active
4774,2025-06-15,2025-10-15,108,Medium,Low,Medium,Delayed,7,20,Basic,Active
4775,2024-01-05,2025-10-28,95,Low,Medium,Low,Delayed,4,28,Basic,Active
4776,2025-06-25,2026-01-10,21,High,High,Medium,On-Time,7,51,Pro,Active
4777,2023-01-01,2025-12-03,59,Low,Low,Medium,Missed,6,22,Basic,Active
4778,2023-12-04,2026-01-21,10,High,Medium,High,On-Time,9,28,Basic,Active
4779,2023-09-22,2026-01-16,15,High,High,High,Delayed,8,23,Basic,Active
4780,2023-09-13,2025-12-11,51,Medium,Low,Low,Delayed,4,73,Pro,Active
4781,2023-03-16,2025-12-23,39,Medium,High,Medium,On-Time,9,24,Basic,Active
4782,2023-07-24,2025-09-14,139,Low,Low,Medium,Missed,1,55,Pro,Cancelled
4783,2024-08-31,2026-01-09,22,High,High,Medium,On-Time,10,67,Pro,Active
4784,2023-11-16,2026-01-20,11,High,Medium,High,On-Time,10,61,Pro,Active
4785,2024-04-02,2026-01-19,12,High,High,Medium,Delayed,7,25,Basic,Active
4786,2024-02-17,2026-01-08,23,High,Medium,Medium,On-Time,10,161,Enterprise,Active
4787,2025-08-17,2026-01-10,21,Medium,High,Medium,On-Time,8,183,Enterprise,Active
4788,2025-09-18,2026-01-22,9,High,Medium,Medium,On-Time,9,61,Pro,Active
4789,2024-06-23,2025-10-07,116,Low,Medium,Medium,Delayed,6,10,Basic,Active
4790,2023-12-28,2025-12-21,41,Medium,Medium,Low,On-Time,10,25,Basic,Active
4791,2023-04-27,2025-12-05,57,Low,Medium,Medium,Missed,7,27,Basic,Active
4792,2025-11-09,2026-01-24,7,High,High,High,On-Time,10,21,Basic,Active
4793,2023-03-07,2025-12-14,48,Low,Low,Low,Delayed,5,73,Pro,Active
4794,2023-11-22,2026-01-20,11,Medium,Medium,Low,On-Time,9,28,Basic,Active
4795,2023-11-23,2025-09-13,140,Low,Low,Low,Delayed,5,28,Basic,Cancelled
4796,2023-12-17,2025-12-07,55,Medium,Medium,Low,On-Time,5,10,Basic,Active
4797,2023-06-29,2026-01-27,4,High,Medium,High,On-Time,8,51,Pro,Active
4798,2025-05-07,2025-12-20,42,Medium,High,Low,On-Time,9,28,Basic,Active
4799,2023-05-15,2025-07-14,201,Low,Low,Medium,Missed,5,16,Basic,Cancelled
4800,2024-11-26,2026-01-18,13,Medium,High,High,On-Time,10,17,Basic,Active
4801,2023-05-16,2026-01-20,11,High,Medium,High,On-Time,8,14,Basic,Active
4802,2023-03-19,2026-01-25,6,Medium,Medium,Low,Delayed,9,27,Basic,Active
4803,2025-09-22,2025-10-18,105,Low,Low,Low,On-Time,6,55,Pro,Active
4804,2023-07-28,2025-06-09,236,Low,Low,Low,Delayed,2,67,Pro,Cancelled
4805,2025-06-18,2025-12-29,33,High,Medium,Low,On-Time,7,267,Enterprise,Active
4806,2024-08-19,2026-01-28,3,High,Medium,Low,On-Time,8,63,Pro,Active
4807,2023-03-27,2026-01-31,0,High,Medium,Low,On-Time,8,73,Pro,Active
4808,2025-11-12,2026-01-17,14,High,Medium,Low,On-Time,7,23,Basic,Active
4809,2023-09-28,2025-09-26,127,Low,Low,Low,Delayed,2,16,Basic,Cancelled
4810,2025-07-30,2026-01-17,14,High,Medium,Low,On-Time,8,26,Basic,Active
4811,2023-07-04,2025-12-18,44,Medium,High,High,On-Time,9,174,Enterprise,Active
4812,2025-07-24,2025-08-22,162,Low,Low,Medium,Missed,4,15,Basic,Cancelled
4813,2023-01-15,2025-12-24,38,High,High,Medium,On-Time,7,19,Basic,Active
4814,2024-07-14,2026-01-26,5,High,Medium,Medium,On-Time,9,74,Pro,Active
4815,2025-04-22,2025-09-10,143,Low,Low,Low,Missed,2,20,Basic,Cancelled
4816,2025-10-20,2026-01-16,15,Medium,Medium,Medium,On-Time,10,21,Basic,Active
4817,2025-09-22,2025-12-29,33,Medium,Medium,Low,On-Time,7,64,Pro,Active
4818,2025-06-16,2025-10-13,110,Medium,Low,Low,On-Time,6,11,Basic,Active
4819,2025-08-30,2025-08-19,165,Low,Low,Low,Missed,2,66,Pro,Cancelled
4820,2023-08-07,2025-12-20,42,Medium,High,Low,On-Time,7,40,Pro,Active
4821,2023-11-08,2025-12-01,61,Medium,Medium,Low,Delayed,6,59,Pro,Active
4822,2023-11-13,2026-01-05,26,High,High,High,On-Time,8,46,Pro,Active
4823,2024-02-17,2026-01-14,17,High,High,Medium,On-Time,9,59,Pro,Active
4824,2024-03-06,2026-01-15,16,High,High,Low,Delayed,9,22,Basic,Active
4825,2024-08-19,2026-01-15,16,High,High,Medium,Delayed,8,277,Enterprise,Active
4826,2023-06-25,2025-10-20,103,Low,Low,Medium,On-Time,7,10,Basic,Active
4827,2025-01-26,2026-01-22,9,High,Medium,Low,On-Time,7,132,Enterprise,Active
4828,2023-07-03,2026-01-21,10,Medium,Medium,Medium,On-Time,8,10,Basic,Active
4829,2023-12-06,2026-01-05,26,High,Medium,High,On-Time,8,28,Basic,Active
4830,2024-07-05,2025-12-28,34,High,Medium,Medium,On-Time,8,23,Basic,Active
4831,2025-05-22,2025-12-09,53,Low,Low,Medium,Missed,5,20,Basic,Active
4832,2025-03-20,2026-01-30,1,High,Medium,High,On-Time,8,11,Basic,Active
4833,2024-12-07,2025-11-11,81,Low,Low,Medium,Delayed,4,54,Pro,Active
4834,2023-06-20,2025-12-27,35,Medium,Medium,High,On-Time,7,15,Basic,Active
4835,2024-08-22,2026-01-14,17,High,High,Low,On-Time,7,25,Basic,Active
4836,2023-04-06,2026-01-12,19,Medium,Medium,Medium,On-Time,9,51,Pro,Active
4837,2024-02-18,2026-01-01,30,Medium,High,Medium,On-Time,10,164,Enterprise,Active
4838,2024-03-28,2026-01-02,29,Medium,Medium,Low,On-Time,9,18,Basic,Active
4839,2023-02-13,2025-10-06,117,Medium,Medium,High,On-Time,6,76,Pro,Active
4840,2023-10-28,2026-01-13,18,Medium,Medium,High,On-Time,10,13,Basic,Active
4841,2025-11-12,2026-01-03,28,High,Medium,Low,On-Time,9,154,Enterprise,Active
4842,2025-11-10,2025-12-04,58,Low,Low,High,On-Time,5,26,Basic,Active
4843,2024-01-21,2025-12-21,41,High,High,Low,On-Time,7,24,Basic,Active
4844,2023-02-17,2025-12-26,36,High,Medium,Low,On-Time,7,293,Enterprise,Active
4845,2023-07-16,2025-12-23,39,Medium,High,Low,On-Time,8,29,Basic,Active
4846,2024-03-05,2025-12-25,37,Medium,Medium,High,On-Time,7,29,Basic,Active
4847,2025-11-03,2026-01-19,12,Medium,Medium,Medium,Delayed,9,20,Basic,Active
4848,2023-06-04,2026-01-20,11,High,High,Low,On-Time,10,10,Basic,Active
4849,2025-04-16,2025-10-22,101,Medium,Medium,Medium,Missed,6,29,Basic,Active
4850,2023-04-30,2026-01-17,14,Medium,Medium,Low,On-Time,9,69,Pro,Active
4851,2025-12-10,2025-08-03,181,Low,Low,Medium,Delayed,5,10,Basic,Cancelled
4852,2024-02-22,2026-01-30,1,Medium,Medium,Low,On-Time,9,26,Basic,Active
4853,2025-04-28,2025-12-23,39,Medium,Medium,Low,On-Time,8,12,Basic,Active
4854,2024-01-11,2026-01-04,27,High,Medium,Medium,On-Time,8,67,Pro,Active
4855,2024-11-18,2026-01-05,26,High,High,Medium,On-Time,9,262,Enterprise,Active
4856,2023-07-30,2026-01-22,9,High,Medium,Medium,On-Time,9,14,Basic,Active
4857,2023-06-09,2025-12-26,36,High,Medium,Medium,On-Time,8,20,Basic,Active
4858,2025-10-24,2026-01-09,22,High,High,Low,On-Time,10,22,Basic,Active
4859,2025-10-01,2026-01-12,19,High,Medium,Medium,On-Time,9,12,Basic,Active
4860,2025-08-29,2026-01-10,21,High,Medium,Low,On-Time,10,20,Basic,Active
4861,2024-11-15,2025-08-12,172,Low,Low,Low,Delayed,1,14,Basic,Cancelled
4862,2025-06-04,2026-01-02,29,High,High,Medium,On-Time,7,73,Pro,Active
4863,2023-03-17,2026-01-27,4,High,Medium,Medium,On-Time,10,41,Pro,Active
4864,2024-01-02,2026-01-24,7,Medium,High,High,On-Time,7,265,Enterprise,Active
4865,2023-12-10,2026-01-05,26,Medium,High,Medium,On-Time,7,233,Enterprise,Active
4866,2024-11-27,2026-01-17,14,Medium,High,High,On-Time,7,24,Basic,Active
4867,2024-01-25,2026-01-06,25,High,High,Medium,On-Time,9,21,Basic,Active
4868,2023-06-12,2025-12-25,37,Medium,Medium,Medium,On-Time,10,14,Basic,Active
4869,2024-10-15,2026-01-08,23,High,Medium,Low,On-Time,10,68,Pro,Active
4870,2025-06-10,2025-12-20,42,High,High,Medium,On-Time,10,75,Pro,Active
4871,2024-02-23,2025-12-27,35,High,High,Medium,Delayed,10,41,Pro,Active
4872,2023-05-25,2025-12-20,42,Medium,High,Low,Delayed,7,79,Pro,Active
4873,2023-08-04,2025-08-01,183,Low,Low,Low,Missed,4,15,Basic,Cancelled
4874,2023-09-18,2025-12-08,54,Medium,Low,Low,On-Time,4,26,Basic,Active
4875,2023-11-25,2026-01-14,17,Medium,High,Low,On-Time,10,26,Basic,Active
4876,2024-12-04,2025-12-19,43,High,High,Low,On-Time,8,161,Enterprise,Active
4877,2024-10-20,2026-01-02,29,High,Medium,Low,On-Time,7,21,Basic,Active
4878,2025-02-01,2025-12-12,50,Low,Medium,High,Delayed,4,26,Basic,Active
4879,2024-02-01,2026-01-02,29,High,High,High,On-Time,9,144,Enterprise,Active
4880,2025-06-21,2026-01-23,8,High,Medium,High,On-Time,9,265,Enterprise,Active
4881,2023-08-12,2025-11-29,63,Low,Low,Medium,Delayed,5,64,Pro,Active
4882,2024-05-28,2025-12-02,60,Medium,Low,Medium,On-Time,7,296,Enterprise,Active
4883,2025-05-27,2026-01-15,16,High,High,High,On-Time,10,29,Basic,Active
4884,2023-07-17,2025-12-31,31,High,Medium,Low,On-Time,10,62,Pro,Active
4885,2023-05-01,2026-01-27,4,High,High,Low,On-Time,8,26,Basic,Active
4886,2025-08-25,2026-01-10,21,Medium,High,Low,On-Time,10,14,Basic,Active
4887,2024-01-11,2026-01-24,7,Medium,Medium,Medium,On-Time,10,27,Basic,Active
4888,2025-01-18,2026-01-14,17,Medium,Medium,Medium,Delayed,10,48,Pro,Active
4889,2023-01-28,2026-01-28,3,High,High,Low,On-Time,9,27,Basic,Active
4890,2025-01-25,2026-01-28,3,Medium,High,Medium,On-Time,9,20,Basic,Active
4891,2023-12-13,2025-04-08,298,Low,Low,Medium,Delayed,5,65,Pro,Cancelled
4892,2023-03-03,2026-01-15,16,High,Medium,Low,On-Time,7,59,Pro,Active
4893,2024-10-29,2026-01-14,17,High,High,Medium,On-Time,8,24,Basic,Active
4894,2023-09-21,2025-12-23,39,Medium,High,Medium,On-Time,10,69,Pro,Active
4895,2024-02-28,2026-01-31,0,Medium,Medium,Low,Delayed,10,23,Basic,Active
4896,2023-03-30,2026-01-14,17,Medium,High,Low,On-Time,9,23,Basic,Active
4897,2023-06-11,2025-12-24,38,Medium,High,Low,On-Time,10,15,Basic,Active
4898,2023-11-23,2025-06-20,225,Low,Low,Medium,Missed,2,42,Pro,Active
4899,2023-04-09,2026-01-21,10,High,High,Medium,On-Time,10,28,Basic,Active
4900,2025-09-24,2025-12-26,36,Medium,High,Low,Delayed,9,26,Basic,Active
4901,2023-01-07,2025-10-11,112,Medium,Low,Low,Delayed,5,10,Basic,Active
4902,2024-06-13,2026-01-17,14,High,High,Low,On-Time,8,25,Basic,Active
4903,2023-05-15,2025-05-18,258,Low,Low,Low,Missed,3,67,Pro,Cancelled
4904,2023-12-03,2026-01-22,9,High,High,Medium,On-Time,9,63,Pro,Active
4905,2025-10-11,2025-10-14,109,Low,Low,Low,On-Time,4,22,Basic,Active
4906,2023-06-27,2025-12-23,39,High,High,Low,Delayed,8,12,Basic,Active
4907,2025-11-23,2026-01-17,14,High,Medium,Low,On-Time,7,50,Pro,Active
4908,2023-08-14,2025-10-10,113,Medium,Low,Low,On-Time,5,18,Basic,Active
4909,2025-03-23,2025-05-11,265,Low,Low,Medium,Delayed,1,29,Basic,Cancelled
4910,2024-08-21,2026-01-13,18,Medium,High,Low,On-Time,10,19,Basic,Active
4911,2025-08-26,2026-01-31,0,High,Medium,Low,On-Time,7,13,Basic,Active
4912,2024-08-29,2025-12-26,36,High,High,High,Delayed,8,23,Basic,Active
4913,2024-08-08,2025-11-29,63,Medium,Medium,Low,Delayed,4,28,Basic,Active
4914,2023-08-03,2026-01-02,29,Medium,High,Low,Delayed,8,21,Basic,Active
4915,2023-07-02,2025-12-22,40,Medium,Medium,Low,On-Time,8,10,Basic,Active
4916,2025-09-30,2025-10-28,95,Low,Low,Low,Missed,7,24,Basic,Active
4917,2023-12-25,2026-01-27,4,High,High,Medium,On-Time,9,54,Pro,Active
4918,2024-02-12,2026-01-04,27,High,Medium,Low,On-Time,8,287,Enterprise,Active
4919,2025-04-12,2026-01-19,12,Medium,Medium,Low,Delayed,10,29,Basic,Active
4920,2024-01-07,2026-01-03,28,High,High,High,On-Time,8,23,Basic,Active
4921,2025-11-08,2025-11-23,69,Low,Medium,Low,On-Time,4,17,Basic,Active
4922,2025-03-19,2026-01-30,1,Medium,Medium,Medium,On-Time,7,43,Pro,Active
4923,2024-10-16,2026-01-03,28,High,High,High,On-Time,7,17,Basic,Active
4924,2025-08-22,2026-01-21,10,Medium,High,High,On-Time,8,14,Basic,Active
4925,2023-02-24,2026-01-09,22,Medium,Medium,Low,On-Time,10,14,Basic,Active
4926,2023-10-09,2025-11-12,80,Low,Low,High,On-Time,4,75,Pro,Active
4927,2024-05-24,2026-01-31,0,High,Medium,Medium,On-Time,9,58,Pro,Active
4928,2023-09-06,2026-01-06,25,High,Medium,Medium,On-Time,10,11,Basic,Active
4929,2025-03-25,2026-01-11,20,High,Medium,Medium,On-Time,9,27,Basic,Active
4930,2025-10-03,2026-01-08,23,Medium,Medium,Low,On-Time,10,22,Basic,Active
4931,2024-04-09,2025-10-08,115,Low,Low,Low,Delayed,4,23,Basic,Active
4932,2024-01-10,2025-12-30,32,High,Medium,Medium,Delayed,10,60,Pro,Active
4933,2025-11-18,2026-01-29,2,High,Medium,Low,On-Time,7,66,Pro,Active
4934,2024-05-02,2026-01-29,2,High,Medium,Medium,On-Time,7,69,Pro,Active
4935,2024-06-19,2026-01-31,0,Medium,High,Low,On-Time,9,72,Pro,Active
4936,2024-01-21,2025-12-01,61,Low,Medium,Medium,Missed,4,23,Basic,Active
4937,2025-09-22,2026-01-23,8,High,Medium,Low,On-Time,10,60,Pro,Active
4938,2024-09-15,2025-12-27,35,High,Medium,Low,On-Time,8,73,Pro,Active
4939,2025-04-14,2025-12-06,56,Low,Low,Medium,On-Time,6,53,Pro,Active
4940,2025-06-07,2025-12-28,34,High,High,Low,Delayed,9,40,Pro,Active
4941,2024-01-10,2026-01-30,1,High,Medium,Medium,On-Time,8,54,Pro,Active
4942,2024-04-19,2025-08-28,156,Low,Low,Medium,Delayed,5,274,Enterprise,Cancelled
4943,2025-07-18,2026-01-07,24,High,Medium,Low,On-Time,7,26,Basic,Active
4944,2024-02-02,2025-11-29,63,Low,Low,Low,On-Time,7,24,Basic,Active
4945,2025-05-19,2025-12-24,38,High,High,Low,On-Time,9,70,Pro,Active
4946,2025-10-27,2025-12-06,56,Low,Medium,Medium,Delayed,7,11,Basic,Active
4947,2024-11-13,2026-01-19,12,Medium,High,Medium,Delayed,7,13,Basic,Active
4948,2025-03-23,2025-12-25,37,High,High,Low,On-Time,7,17,Basic,Active
4949,2025-05-31,2025-10-22,101,Medium,Low,Low,Delayed,6,10,Basic,Active
4950,2025-07-14,2026-01-23,8,High,High,Low,On-Time,10,18,Basic,Active
4951,2024-03-08,2025-12-25,37,High,Medium,Low,On-Time,10,58,Pro,Active
4952,2023-02-26,2025-12-26,36,High,Medium,High,On-Time,10,10,Basic,Active
4953,2024-03-16,2026-01-15,16,High,Medium,Low,On-Time,10,24,Basic,Active
4954,2025-01-07,2025-12-28,34,High,High,Low,On-Time,8,19,Basic,Active
4955,2024-05-08,2025-08-02,182,Low,Low,Medium,Missed,3,15,Basic,Cancelled
4956,2025-03-31,2025-10-20,103,Low,Low,Medium,Delayed,4,60,Pro,Active
4957,2024-01-26,2026-01-21,10,High,Medium,Medium,On-Time,7,42,Pro,Active
4958,2024-11-26,2025-08-05,179,Low,Low,Low,Missed,4,19,Basic,Cancelled
4959,2023-07-24,2025-11-01,91,Low,Low,Medium,Missed,4,23,Basic,Active
4960,2025-03-31,2025-12-29,33,High,Medium,Medium,On-Time,10,68,Pro,Active
4961,2024-08-20,2026-01-01,30,Medium,Medium,Low,On-Time,9,29,Basic,Active
4962,2023-08-12,2025-10-09,114,Medium,Low,Low,Delayed,4,49,Pro,Active
4963,2023-11-16,2025-06-29,216,Low,Low,Medium,Delayed,3,74,Pro,Cancelled
4964,2025-03-30,2025-10-11,112,Medium,Low,Low,Delayed,4,42,Pro,Active
4965,2024-06-12,2026-01-09,22,High,Medium,Medium,On-Time,8,22,Basic,Active
4966,2023-08-25,2026-01-12,19,Medium,High,Medium,On-Time,10,77,Pro,Active
4967,2025-11-25,2026-01-11,20,Medium,Medium,Medium,On-Time,8,29,Basic,Active
4968,2025-02-22,2026-01-30,1,High,Medium,Medium,On-Time,8,11,Basic,Active
4969,2025-11-14,2025-12-18,44,High,High,Medium,Delayed,7,40,Pro,Active
4970,2024-04-12,2025-11-05,87,Low,Low,High,Delayed,4,15,Basic,Active
4971,2024-06-04,2025-10-18,105,Medium,Low,Low,On-Time,4,58,Pro,Active
4972,2025-09-10,2025-09-08,145,Low,Low,Medium,Delayed,3,28,Basic,Cancelled
4973,2024-07-28,2026-01-27,4,Medium,High,Medium,On-Time,9,44,Pro,Active
4974,2025-02-13,2026-01-15,16,High,Medium,Medium,On-Time,10,170,Enterprise,Active
4975,2023-10-04,2026-01-18,13,High,High,High,On-Time,10,19,Basic,Active
4976,2024-05-04,2026-01-10,21,High,Medium,Medium,On-Time,10,22,Basic,Active
4977,2023-05-16,2025-10-04,119,Low,Low,Low,Missed,5,22,Basic,Active
4978,2023-08-14,2026-01-08,23,Medium,High,Medium,On-Time,8,26,Basic,Active
4979,2023-01-02,2025-12-25,37,High,High,Low,Delayed,8,10,Basic,Active
4980,2023-02-12,2025-11-15,77,Low,Low,Medium,On-Time,4,64,Pro,Active
4981,2025-12-06,2025-11-03,89,Medium,Medium,Medium,On-Time,4,26,Basic,Active
4982,2023-09-23,2025-12-28,34,Medium,High,Low,On-Time,8,42,Pro,Active
4983,2024-12-27,2025-12-15,47,Medium,Low,Medium,Delayed,4,10,Basic,Active
4984,2025-07-07,2025-12-14,48,Low,Low,Low,Delayed,6,77,Pro,Active
4985,2024-08-25,2025-12-18,44,High,Medium,High,On-Time,10,23,Basic,Active
4986,2023-06-17,2026-01-18,13,Medium,Medium,Medium,On-Time,8,17,Basic,Active
4987,2025-03-08,2025-12-28,34,High,Medium,Low,On-Time,8,48,Pro,Active
4988,2024-10-19,2025-12-23,39,High,High,Low,On-Time,7,16,Basic,Active
4989,2025-03-11,2025-12-19,43,High,Medium,Low,On-Time,8,62,Pro,Active
4990,2025-04-22,2026-01-03,28,High,Medium,Medium,On-Time,9,48,Pro,Active
4991,2025-12-04,2025-12-29,33,High,Medium,Low,On-Time,9,21,Basic,Active
4992,2024-09-20,2025-10-27,96,Low,Medium,Low,On-Time,6,21,Basic,Active
4993,2024-01-10,2026-01-15,16,High,High,Low,On-Time,7,17,Basic,Active
4994,2024-12-11,2025-12-31,31,High,Medium,High,Delayed,9,19,Basic,Active
4995,2023-03-16,2025-12-21,41,High,Medium,Low,On-Time,10,25,Basic,Active
4996,2025-09-09,2025-04-09,297,Low,Low,Medium,Missed,5,25,Basic,Cancelled
4997,2023-05-11,2025-06-17,228,Low,Low,Low,Delayed,2,71,Pro,Cancelled
4998,2023-12-25,2025-10-15,108,Low,Low,Low,On-Time,7,60,Pro,Active
4999,2025-06-12,2026-01-10,21,Medium,Medium,Low,On-Time,9,28,Basic,Active
5000,2024-10-16,2025-11-08,84,Low,Medium,Medium,Delayed,6,23,Basic,Active
5001,2024-03-07,2026-01-02,29,Medium,Medium,High,Delayed,7,142,Enterprise,Active
5002,2024-06-02,2026-01-03,28,High,High,Low,On-Time,10,10,Basic,Active
5003,2025-07-24,2026-01-05,26,High,High,Medium,Delayed,9,24,Basic,Active
5004,2024-01-08,2026-01-13,18,High,Medium,Low,On-Time,10,64,Pro,Active
5005,2025-08-10,2026-01-08,23,Medium,High,Medium,On-Time,10,17,Basic,Active
5006,2023-04-07,2025-11-26,66,Medium,Low,Medium,Missed,7,73,Pro,Active
5007,2025-04-30,2026-01-31,0,Medium,High,Low,On-Time,9,127,Enterprise,Active
5008,2025-07-17,2025-12-22,40,Medium,High,Low,On-Time,9,70,Pro,Active
5009,2023-07-19,2025-12-04,58,Low,Medium,High,On-Time,6,60,Pro,Active
5010,2024-04-16,2025-11-01,91,Low,Medium,Low,Missed,7,16,Basic,Active
5011,2023-07-01,2026-01-15,16,High,High,Medium,On-Time,8,29,Basic,Active
5012,2025-02-12,2026-01-29,2,High,High,Low,On-Time,7,11,Basic,Active
5013,2024-08-09,2025-12-31,31,High,High,Low,On-Time,10,49,Pro,Active
5014,2024-11-26,2025-08-22,162,Low,Low,Low,Missed,4,77,Pro,Cancelled
5015,2023-08-04,2026-01-20,11,High,Medium,Medium,On-Time,9,11,Basic,Active
5016,2023-08-20,2025-12-28,34,High,High,Medium,On-Time,10,62,Pro,Active
5017,2023-02-15,2026-01-01,30,High,High,Medium,On-Time,10,21,Basic,Active
5018,2023-12-19,2025-12-03,59,Low,Low,Low,Missed,4,10,Basic,Active
5019,2024-09-04,2026-01-16,15,Medium,High,Low,On-Time,8,16,Basic,Active
5020,2025-07-28,2026-01-06,25,Medium,High,High,On-Time,8,73,Pro,Active
5021,2024-12-31,2025-12-31,31,Medium,Medium,High,On-Time,8,16,Basic,Active
5022,2024-04-21,2026-01-04,27,Medium,High,Medium,Delayed,10,24,Basic,Active
5023,2025-11-09,2025-12-28,34,High,Medium,Medium,On-Time,8,40,Pro,Active
5024,2025-02-26,2025-12-28,34,High,High,Medium,On-Time,7,77,Pro,Active
5025,2025-10-15,2026-01-13,18,High,Medium,Medium,On-Time,10,21,Basic,Active
5026,2024-07-31,2026-01-06,25,Medium,High,Medium,On-Time,8,78,Pro,Active
5027,2023-10-11,2025-11-15,77,Low,Medium,High,Delayed,6,28,Basic,Active
5028,2023-02-27,2026-01-24,7,High,High,Medium,On-Time,10,18,Basic,Active
5029,2025-03-06,2025-12-01,61,Medium,Low,Medium,On-Time,4,14,Basic,Active
5030,2023-05-13,2025-07-16,199,Low,Low,Low,Missed,5,21,Basic,Cancelled
5031,2023-11-28,2026-01-02,29,High,High,High,On-Time,7,72,Pro,Active
5032,2024-08-06,2025-11-30,62,Low,Medium,Medium,Delayed,7,19,Basic,Active
5033,2024-09-10,2025-12-25,37,High,Medium,High,On-Time,8,16,Basic,Active
5034,2024-10-19,2025-07-01,214,Low,Low,Medium,Delayed,5,59,Pro,Cancelled
5035,2023-07-02,2025-11-19,73,Low,Low,Low,Delayed,7,45,Pro,Active
5036,2024-02-20,2025-12-09,53,Medium,Medium,Medium,On-Time,4,50,Pro,Active
5037,2024-11-06,2026-01-15,16,High,High,High,On-Time,7,28,Basic,Active
5038,2025-11-27,2026-01-31,0,High,Medium,Low,On-Time,8,28,Basic,Active
5039,2025-03-07,2025-11-08,84,Medium,Low,High,Delayed,4,75,Pro,Active
5040,2025-10-07,2026-01-29,2,High,High,Medium,On-Time,10,197,Enterprise,Active
5041,2025-04-14,2026-01-28,3,Medium,High,Low,On-Time,8,20,Basic,Active
5042,2024-10-09,2026-01-03,28,High,High,Low,Delayed,10,16,Basic,Active
5043,2023-07-30,2025-06-11,234,Low,Low,Low,Delayed,1,12,Basic,Cancelled
5044,2024-12-31,2025-12-29,33,High,High,Low,On-Time,7,11,Basic,Active
5045,2024-11-13,2025-04-29,277,Low,Low,High,Delayed,3,64,Pro,Cancelled
5046,2024-10-21,2025-12-28,34,High,High,Medium,Delayed,9,17,Basic,Active
5047,2024-06-20,2026-01-18,13,Medium,High,Low,On-Time,7,22,Basic,Active
5048,2024-08-01,2025-12-27,35,High,High,Low,On-Time,9,12,Basic,Active
5049,2024-01-02,2025-10-09,114,Medium,Low,Low,Delayed,6,17,Basic,Active
5050,2024-07-22,2025-10-23,100,Medium,Low,High,Delayed,7,13,Basic,Active
5051,2023-08-05,2026-01-24,7,High,Medium,Medium,On-Time,10,28,Basic,Active
5052,2025-05-31,2026-01-05,26,Medium,Medium,Low,On-Time,9,14,Basic,Active
5053,2023-07-23,2025-10-12,111,Low,Low,Medium,Delayed,4,15,Basic,Active
5054,2023-04-04,2025-12-27,35,Medium,High,High,On-Time,7,16,Basic,Active
5055,2024-04-22,2025-12-28,34,High,High,Medium,On-Time,8,18,Basic,Active
5056,2024-12-21,2026-01-20,11,High,High,Low,On-Time,9,21,Basic,Active
5057,2024-04-24,2025-09-23,130,Low,Low,Medium,Missed,2,56,Pro,Cancelled
5058,2023-10-31,2025-12-10,52,Low,Low,Medium,Missed,4,53,Pro,Active
5059,2024-09-03,2026-01-12,19,Medium,High,Low,Delayed,8,56,Pro,Active
5060,2024-01-15,2026-01-04,27,High,High,High,On-Time,10,11,Basic,Active
5061,2025-10-18,2026-01-13,18,Medium,High,High,On-Time,7,24,Basic,Active
5062,2025-10-07,2026-01-01,30,High,Medium,Medium,On-Time,7,22,Basic,Active
5063,2024-07-04,2026-01-26,5,High,Medium,Medium,On-Time,8,14,Basic,Active
5064,2023-12-26,2026-01-07,24,Medium,Medium,Low,On-Time,8,16,Basic,Active
5065,2025-03-18,2025-12-21,41,High,High,Medium,Delayed,9,27,Basic,Active
5066,2023-02-10,2025-08-02,182,Low,Low,Low,Missed,1,70,Pro,Cancelled
5067,2024-06-03,2026-01-02,29,Medium,Medium,Medium,On-Time,8,293,Enterprise,Active
5068,2024-01-04,2026-01-17,14,Medium,Medium,Low,On-Time,10,281,Enterprise,Active
5069,2025-10-04,2025-10-18,105,Low,Medium,Low,On-Time,4,50,Pro,Active
5070,2023-01-14,2025-11-09,83,Medium,Low,High,Missed,4,71,Pro,Active
5071,2024-08-28,2025-04-14,292,Low,Low,Low,Delayed,3,26,Basic,Cancelled
5072,2025-03-22,2026-01-25,6,Medium,High,Medium,On-Time,9,10,Basic,Active
5073,2024-06-15,2025-08-17,167,Low,Low,Medium,Missed,2,50,Pro,Cancelled
5074,2023-04-04,2026-01-18,13,Medium,High,High,Delayed,7,17,Basic,Active
5075,2025-11-30,2025-04-08,298,Low,Low,High,Missed,5,12,Basic,Cancelled
5076,2024-07-21,2025-10-28,95,Low,Medium,Low,Delayed,5,45,Pro,Active
5077,2024-11-03,2026-01-28,3,Medium,Medium,High,Delayed,9,27,Basic,Active
5078,2023-09-17,2025-12-13,49,Medium,Medium,Low,Delayed,6,65,Pro,Active
5079,2024-06-13,2026-01-29,2,High,High,Medium,On-Time,10,18,Basic,Active
5080,2024-04-14,2025-12-11,51,Medium,Low,Medium,Delayed,5,19,Basic,Active
5081,2023-03-24,2025-08-16,168,Low,Low,High,Missed,2,76,Pro,Cancelled
5082,2023-04-27,2025-12-21,41,Medium,High,Medium,On-Time,10,50,Pro,Active
5083,2025-07-06,2025-12-15,47,Low,Low,Low,Delayed,7,25,Basic,Active
5084,2023-09-20,2026-01-28,3,Medium,High,Medium,On-Time,10,42,Pro,Active
5085,2023-08-02,2026-01-17,14,Medium,Medium,Low,Delayed,8,13,Basic,Active
5086,2024-07-06,2025-04-30,276,Low,Low,Medium,Missed,4,17,Basic,Cancelled
5087,2025-04-21,2026-01-22,9,Medium,High,Medium,Delayed,9,15,Basic,Active
5088,2023-03-09,2025-06-15,230,Low,Low,Medium,Missed,2,28,Basic,Active
5089,2024-09-23,2026-01-20,11,High,Medium,Low,On-Time,9,47,Pro,Active
5090,2023-05-11,2026-01-02,29,High,High,Medium,On-Time,7,53,Pro,Active
5091,2023-02-09,2026-01-13,18,High,High,Low,On-Time,9,22,Basic,Active
5092,2023-02-27,2025-12-25,37,High,High,Medium,Delayed,10,55,Pro,Active
5093,2025-07-02,2026-01-27,4,Medium,Medium,Low,Delayed,10,16,Basic,Active
5094,2023-05-10,2025-12-23,39,Medium,High,High,On-Time,8,29,Basic,Active
5095,2023-02-19,2025-12-16,46,Medium,Low,Low,Delayed,4,41,Pro,Active
5096,2024-04-24,2026-01-01,30,High,Medium,Low,On-Time,8,23,Basic,Active
5097,2025-07-13,2025-11-18,74,Low,Medium,Medium,Missed,6,12,Basic,Active
5098,2023-10-15,2026-01-16,15,Medium,High,Low,On-Time,9,40,Pro,Active
5099,2024-04-06,2026-01-26,5,Medium,High,Low,On-Time,10,12,Basic,Active
5100,2023-02-13,2026-01-10,21,Medium,High,Medium,On-Time,9,70,Pro,Active
5101,2024-05-06,2026-01-17,14,Medium,High,Low,On-Time,9,41,Pro,Active
5102,2024-09-24,2026-01-25,6,Medium,Medium,Low,On-Time,8,54,Pro,Active
5103,2024-09-17,2025-08-06,178,Low,Low,Low,Delayed,5,29,Basic,Active
5104,2023-12-31,2025-09-05,148,Low,Low,Low,Delayed,4,75,Pro,Cancelled
5105,2023-12-12,2026-01-10,21,Medium,High,Medium,On-Time,8,66,Pro,Active
5106,2023-04-27,2026-01-27,4,Medium,Medium,Low,On-Time,9,18,Basic,Active
5107,2024-02-06,2026-01-05,26,Medium,Medium,Low,On-Time,10,79,Pro,Active
5108,2023-04-19,2025-12-24,38,High,High,Medium,On-Time,8,22,Basic,Active
5109,2025-04-19,2026-01-10,21,Medium,Medium,High,Delayed,10,14,Basic,Active
5110,2025-11-24,2025-10-04,119,Low,Medium,Low,On-Time,6,61,Pro,Active
5111,2025-11-28,2025-10-24,99,Low,Low,High,Delayed,6,17,Basic,Active
5112,2025-08-05,2025-12-27,35,Medium,Medium,Low,On-Time,8,284,Enterprise,Active
5113,2024-10-19,2026-01-01,30,Medium,High,Medium,On-Time,9,216,Enterprise,Active
5114,2025-02-06,2026-01-26,5,High,Medium,Low,On-Time,10,16,Basic,Active
5115,2023-11-09,2025-12-06,56,Low,Medium,High,Missed,4,18,Basic,Active
5116,2024-11-21,2026-01-20,11,Medium,High,Medium,On-Time,9,12,Basic,Active
5117,2024-05-13,2026-01-19,12,High,High,Low,On-Time,8,79,Pro,Active
5118,2024-06-11,2026-01-09,22,Medium,High,Low,On-Time,10,70,Pro,Active
5119,2025-04-09,2025-12-20,42,Medium,High,Medium,On-Time,9,62,Pro,Active
5120,2023-11-05,2026-01-05,26,High,Medium,Medium,Delayed,10,10,Basic,Active
5121,2023-12-15,2025-11-16,76,Low,Low,Medium,Delayed,4,26,Basic,Active
5122,2025-10-09,2025-10-01,122,Low,Low,Low,Delayed,2,15,Basic,Active
5123,2023-03-03,2026-01-13,18,High,High,Medium,Delayed,10,11,Basic,Active
5124,2024-06-15,2025-12-13,49,Low,Low,Low,On-Time,6,70,Pro,Active
5125,2025-09-26,2025-12-27,35,High,Medium,Low,On-Time,7,44,Pro,Active
5126,2024-10-30,2025-11-08,84,Low,Low,Low,Delayed,5,40,Pro,Active
5127,2024-08-21,2025-08-30,154,Low,Low,Low,Delayed,5,22,Basic,Active
5128,2023-10-01,2025-11-12,80,Medium,Medium,Low,Missed,5,79,Pro,Active
5129,2024-01-11,2026-01-17,14,Medium,Medium,Medium,On-Time,7,22,Basic,Active
5130,2025-07-21,2026-01-20,11,High,High,Medium,On-Time,7,74,Pro,Active
5131,2024-09-04,2026-01-12,19,High,Medium,Low,Delayed,7,17,Basic,Active
5132,2024-07-17,2026-01-06,25,High,Medium,Low,Delayed,9,12,Basic,Active
5133,2023-04-20,2025-10-19,104,Low,Low,Low,Delayed,5,26,Basic,Active
5134,2023-01-18,2026-01-20,11,Medium,Medium,High,On-Time,9,50,Pro,Active
5135,2025-11-21,2026-01-01,30,Medium,Medium,Medium,On-Time,7,29,Basic,Active
5136,2024-02-17,2026-01-14,17,Medium,Medium,Medium,On-Time,8,23,Basic,Active
5137,2024-10-22,2026-01-24,7,High,Medium,Medium,On-Time,9,10,Basic,Active
5138,2023-03-29,2025-06-01,244,Low,Low,Low,Delayed,4,50,Pro,Cancelled
5139,2025-01-18,2026-01-11,20,Medium,Medium,Low,On-Time,8,19,Basic,Active
5140,2025-10-18,2026-01-08,23,High,Medium,Medium,On-Time,8,70,Pro,Active
5141,2024-09-22,2025-12-24,38,High,High,High,On-Time,10,154,Enterprise,Active
5142,2023-05-19,2025-05-06,270,Low,Low,Low,Missed,3,63,Pro,Active
5143,2024-09-28,2026-01-28,3,High,High,Medium,On-Time,9,78,Pro,Active
5144,2025-04-19,2025-09-25,128,Low,Low,Medium,Missed,4,42,Pro,Cancelled
5145,2024-03-21,2026-01-09,22,High,High,Medium,On-Time,8,68,Pro,Active
5146,2025-08-21,2025-12-27,35,Medium,Medium,Medium,On-Time,8,17,Basic,Active
5147,2024-12-11,2026-01-22,9,Medium,High,Low,Delayed,7,16,Basic,Active
5148,2025-09-11,2026-01-12,19,High,Medium,Medium,On-Time,8,10,Basic,Active
5149,2024-11-13,2026-01-06,25,High,High,Low,On-Time,8,58,Pro,Active
5150,2023-05-24,2026-01-12,19,High,High,Medium,On-Time,9,29,Basic,Active
5151,2023-12-06,2025-12-09,53,Medium,Medium,Low,On-Time,5,20,Basic,Active
5152,2023-08-09,2026-01-14,17,High,High,Low,On-Time,7,151,Enterprise,Active
5153,2025-09-22,2025-11-03,89,Low,Low,Low,Delayed,4,53,Pro,Active
5154,2025-04-12,2025-06-14,231,Low,Low,Medium,Delayed,3,24,Basic,Cancelled
5155,2025-01-10,2026-01-28,3,High,High,Low,On-Time,10,27,Basic,Active
5156,2023-11-26,2025-12-06,56,Medium,Medium,Low,Delayed,6,75,Pro,Active
5157,2023-07-21,2026-01-03,28,Medium,High,Low,Delayed,8,27,Basic,Active
5158,2025-04-08,2026-01-25,6,Medium,Medium,Low,On-Time,7,41,Pro,Active
5159,2024-06-03,2026-01-31,0,Medium,Medium,Medium,On-Time,10,52,Pro,Active
5160,2023-09-05,2026-01-07,24,Medium,High,Medium,On-Time,9,10,Basic,Active
5161,2024-11-06,2026-01-15,16,Medium,Medium,High,On-Time,9,61,Pro,Active
5162,2023-02-14,2025-12-25,37,High,High,High,On-Time,8,258,Enterprise,Active
5163,2023-12-24,2026-01-18,13,High,High,Low,On-Time,8,11,Basic,Active
5164,2024-05-28,2025-12-18,44,High,High,Low,Delayed,10,10,Basic,Active
5165,2023-06-12,2026-01-13,18,Medium,Medium,Low,Delayed,9,64,Pro,Active
5166,2025-12-14,2026-01-10,21,High,High,High,On-Time,9,25,Basic,Active
5167,2023-08-17,2026-01-22,9,Medium,High,Low,On-Time,8,28,Basic,Active
5168,2023-05-23,2026-01-18,13,High,Medium,Medium,On-Time,10,11,Basic,Active
5169,2023-08-11,2026-01-28,3,Medium,High,Medium,On-Time,9,62,Pro,Active
5170,2025-04-22,2025-11-25,67,Medium,Low,Low,Delayed,4,16,Basic,Active
5171,2024-04-10,2025-12-24,38,Medium,Medium,Medium,On-Time,9,229,Enterprise,Active
5172,2024-09-11,2025-12-24,38,High,Medium,Low,On-Time,7,79,Pro,Active
5173,2023-01-24,2026-01-31,0,High,High,Low,On-Time,7,28,Basic,Active
5174,2023-02-07,2025-12-25,37,High,Medium,Low,On-Time,10,67,Pro,Active
5175,2024-05-03,2025-11-01,91,Low,Low,Low,Delayed,7,27,Basic,Active
5176,2025-06-13,2025-11-14,78,Medium,Low,Low,Missed,6,60,Pro,Active
5177,2025-08-27,2025-11-21,71,Low,Medium,Medium,On-Time,6,13,Basic,Active
5178,2023-04-05,2026-01-07,24,High,High,High,On-Time,7,23,Basic,Active
5179,2024-08-12,2025-12-31,31,High,Medium,High,On-Time,7,18,Basic,Active
5180,2025-09-26,2026-01-08,23,Medium,Medium,Low,On-Time,9,46,Pro,Active
5181,2024-02-29,2026-01-08,23,High,Medium,Low,On-Time,10,15,Basic,Active
5182,2025-06-27,2026-01-30,1,High,High,Low,On-Time,7,12,Basic,Active
5183,2023-05-27,2025-10-20,103,Low,Low,Medium,Missed,6,20,Basic,Active
5184,2025-10-21,2026-01-29,2,Medium,High,Low,On-Time,10,10,Basic,Active
5185,2025-04-02,2026-01-01,30,High,High,Low,On-Time,8,59,Pro,Active
5186,2025-10-27,2025-11-08,84,Medium,Low,Low,On-Time,6,195,Enterprise,Active
5187,2025-01-10,2026-01-01,30,High,High,Medium,Delayed,8,15,Basic,Active
5188,2024-02-02,2026-01-04,27,Medium,High,Low,On-Time,7,64,Pro,Active
5189,2025-10-24,2026-01-09,22,Medium,High,High,On-Time,10,202,Enterprise,Active
5190,2023-10-29,2026-01-28,3,High,High,Medium,On-Time,9,16,Basic,Active
5191,2023-12-30,2025-10-09,114,Low,Low,Low,On-Time,6,27,Basic,Active
5192,2025-02-06,2025-12-31,31,High,Medium,Low,On-Time,8,16,Basic,Active
5193,2025-04-18,2026-01-05,26,High,High,Low,On-Time,7,66,Pro,Active
5194,2025-10-14,2026-01-29,2,High,Medium,Low,On-Time,8,19,Basic,Active
5195,2023-08-13,2025-12-31,31,Medium,Medium,Low,On-Time,8,14,Basic,Active
5196,2025-05-23,2026-01-04,27,Medium,Medium,Medium,On-Time,8,241,Enterprise,Active
5197,2025-03-19,2026-01-24,7,Medium,Medium,Medium,On-Time,8,11,Basic,Active
5198,2023-03-11,2025-12-20,42,High,Medium,Low,On-Time,10,16,Basic,Active
5199,2024-02-29,2026-01-04,27,High,High,Medium,Delayed,8,125,Enterprise,Active
5200,2023-11-06,2025-09-17,136,Low,Low,High,Delayed,5,26,Basic,Cancelled
5201,2023-11-30,2026-01-09,22,Medium,High,Medium,On-Time,7,72,Pro,Active
5202,2025-12-12,2026-01-09,22,Medium,Medium,High,On-Time,7,27,Basic,Active
5203,2024-12-04,2025-12-24,38,High,Medium,Low,On-Time,7,44,Pro,Active
5204,2025-02-24,2025-10-17,106,Low,Medium,Low,Delayed,7,17,Basic,Active
5205,2025-12-05,2026-01-03,28,High,High,Low,Delayed,9,52,Pro,Active
5206,2024-02-18,2026-01-11,20,Medium,Medium,High,On-Time,9,17,Basic,Active
5207,2025-05-28,2025-11-27,65,Low,Medium,Low,Delayed,5,22,Basic,Active
5208,2024-04-20,2026-01-19,12,Medium,High,High,On-Time,7,18,Basic,Active
5209,2025-08-10,2026-01-16,15,High,Medium,Medium,On-Time,10,11,Basic,Active
5210,2023-07-17,2025-12-30,32,Medium,Medium,Low,On-Time,10,26,Basic,Active
5211,2025-11-03,2025-10-31,92,Low,Low,Low,On-Time,7,27,Basic,Active
5212,2023-08-28,2026-01-16,15,Medium,High,Low,On-Time,7,21,Basic,Active
5213,2023-12-24,2026-01-10,21,High,High,Low,Delayed,8,28,Basic,Active
5214,2025-04-08,2025-12-29,33,High,High,Medium,On-Time,10,45,Pro,Active
5215,2024-03-07,2026-01-09,22,Medium,Medium,Medium,On-Time,7,64,Pro,Active
5216,2024-10-27,2026-01-19,12,Medium,High,Medium,On-Time,9,68,Pro,Active
5217,2024-05-01,2026-01-22,9,High,Medium,Medium,On-Time,7,28,Basic,Active
5218,2025-03-23,2025-12-24,38,Medium,Medium,High,On-Time,8,23,Basic,Active
5219,2023-09-08,2025-11-27,65,Low,Medium,Low,Delayed,4,67,Pro,Active
5220,2023-03-06,2025-12-26,36,High,Medium,Low,On-Time,9,13,Basic,Active
5221,2023-11-25,2026-01-29,2,High,High,Medium,On-Time,10,13,Basic,Active
5222,2024-06-03,2026-01-09,22,Medium,Medium,Low,On-Time,9,16,Basic,Active
5223,2023-07-03,2025-12-20,42,High,Medium,Low,On-Time,9,10,Basic,Active
5224,2024-01-24,2026-01-20,11,Medium,Medium,Medium,On-Time,10,28,Basic,Active
5225,2024-03-13,2026-01-10,21,Medium,High,Medium,On-Time,10,16,Basic,Active
5226,2023-03-04,2025-11-17,75,Low,Low,Medium,On-Time,4,173,Enterprise,Active
5227,2024-09-30,2026-01-08,23,High,High,High,On-Time,9,29,Basic,Active
5228,2025-08-26,2025-12-25,37,Medium,High,Low,On-Time,10,67,Pro,Active
5229,2023-06-16,2025-10-09,114,Low,Low,High,Missed,7,69,Pro,Active
5230,2024-10-16,2025-12-28,34,Medium,Medium,Low,On-Time,10,51,Pro,Active
5231,2024-12-28,2026-01-11,20,Medium,Medium,High,On-Time,8,77,Pro,Active
5232,2024-04-04,2025-12-15,47,Medium,Low,Low,Delayed,5,64,Pro,Active
5233,2025-02-06,2026-01-03,28,High,High,High,On-Time,7,12,Basic,Active
5234,2024-03-25,2026-01-29,2,Medium,High,Low,On-Time,8,41,Pro,Active
5235,2024-07-06,2025-11-14,78,Medium,Low,Medium,On-Time,5,266,Enterprise,Active
5236,2023-01-09,2026-01-23,8,High,High,Low,On-Time,9,75,Pro,Active
5237,2025-01-27,2025-12-27,35,Medium,Medium,Low,On-Time,8,20,Basic,Active
5238,2024-12-25,2026-01-27,4,High,Medium,Low,On-Time,8,122,Enterprise,Active
5239,2023-02-12,2025-12-27,35,Medium,High,Medium,On-Time,9,23,Basic,Active
5240,2024-02-08,2026-01-26,5,High,High,Low,On-Time,8,16,Basic,Active
5241,2025-12-08,2026-01-23,8,High,Medium,Low,On-Time,10,12,Basic,Active
5242,2024-04-05,2025-12-01,61,Low,Low,Low,Delayed,6,24,Basic,Active
5243,2024-07-03,2025-10-27,96,Low,Medium,Medium,On-Time,6,28,Basic,Active
5244,2025-09-23,2026-01-21,10,Medium,Medium,Low,On-Time,7,60,Pro,Active
5245,2025-02-24,2026-01-30,1,High,High,Medium,On-Time,7,27,Basic,Active
5246,2024-09-29,2025-10-09,114,Medium,Low,High,On-Time,4,62,Pro,Active
5247,2025-05-23,2025-11-04,88,Low,Low,High,On-Time,6,47,Pro,Active
5248,2025-08-04,2026-01-07,24,High,High,Low,On-Time,10,12,Basic,Active
5249,2024-05-15,2026-01-15,16,Medium,High,Low,Delayed,10,24,Basic,Active
5250,2024-06-04,2025-12-09,53,Low,Medium,Low,Missed,4,71,Pro,Active
5251,2024-02-27,2026-01-20,11,High,Medium,Medium,On-Time,9,13,Basic,Active
5252,2025-11-24,2026-01-31,0,High,Medium,Low,Delayed,8,18,Basic,Active
5253,2025-02-02,2025-11-24,68,Low,Low,Low,On-Time,6,63,Pro,Active
5254,2023-04-02,2025-12-25,37,High,Medium,Low,Delayed,8,29,Basic,Active
5255,2025-08-02,2025-12-27,35,High,High,Medium,On-Time,8,11,Basic,Active
5256,2024-06-10,2026-01-21,10,High,Medium,High,On-Time,9,245,Enterprise,Active
5257,2023-03-17,2026-01-13,18,High,High,Medium,On-Time,8,24,Basic,Active
5258,2024-08-24,2026-01-05,26,High,Medium,Medium,On-Time,8,21,Basic,Active
5259,2024-04-01,2026-01-23,8,Medium,Medium,Medium,On-Time,8,11,Basic,Active
5260,2025-08-19,2026-01-04,27,High,High,Medium,On-Time,10,45,Pro,Active
5261,2023-08-12,2025-12-05,57,Low,Low,Medium,On-Time,4,25,Basic,Active
5262,2025-06-23,2025-11-05,87,Medium,Low,Low,Delayed,7,25,Basic,Active
5263,2024-09-02,2025-12-07,55,Medium,Low,Low,Delayed,7,28,Basic,Active
5264,2023-03-01,2025-12-22,40,Medium,Medium,Medium,Delayed,8,13,Basic,Active
5265,2025-11-30,2026-01-03,28,High,High,Low,On-Time,10,224,Enterprise,Active
5266,2024-07-15,2025-12-27,35,Medium,Medium,Low,On-Time,7,24,Basic,Active
5267,2023-11-15,2025-10-11,112,Low,Low,Medium,On-Time,6,73,Pro,Active
5268,2024-05-29,2025-08-29,155,Low,Low,Medium,Missed,1,12,Basic,Cancelled
5269,2025-07-28,2025-05-26,250,Low,Low,Medium,Delayed,5,57,Pro,Cancelled
5270,2023-11-30,2025-11-07,85,Low,Low,Low,Delayed,7,53,Pro,Active
5271,2023-07-30,2026-01-24,7,High,High,Low,On-Time,9,19,Basic,Active
5272,2023-05-22,2025-12-23,39,High,High,Low,On-Time,9,53,Pro,Active
5273,2023-11-23,2025-12-28,34,High,High,Low,On-Time,7,28,Basic,Active
5274,2025-05-04,2026-01-17,14,High,Medium,Low,On-Time,10,78,Pro,Active
5275,2024-05-31,2026-01-10,21,High,High,Low,On-Time,7,50,Pro,Active
5276,2023-09-07,2025-10-26,97,Low,Low,Low,Delayed,5,41,Pro,Active
5277,2023-07-01,2025-10-11,112,Low,Low,Low,Missed,6,13,Basic,Active
5278,2023-12-31,2025-12-04,58,Medium,Low,Low,Delayed,7,12,Basic,Active
5279,2025-10-26,2026-01-23,8,Medium,Medium,Medium,On-Time,10,19,Basic,Active
5280,2024-01-11,2026-01-16,15,High,High,Medium,On-Time,10,22,Basic,Active
5281,2025-12-17,2025-11-25,67,Medium,Low,Low,Delayed,4,54,Pro,Active
5282,2024-06-15,2025-12-21,41,High,High,Medium,On-Time,8,26,Basic,Active
5283,2023-07-16,2026-01-28,3,High,High,Low,On-Time,8,22,Basic,Active
5284,2025-09-02,2026-01-07,24,High,High,High,On-Time,10,15,Basic,Active
5285,2024-05-19,2025-05-28,248,Low,Low,Low,Delayed,4,22,Basic,Cancelled
5286,2025-02-16,2025-05-12,264,Low,Low,Medium,Delayed,5,21,Basic,Active
5287,2025-12-13,2026-01-23,8,Medium,High,Low,Delayed,10,61,Pro,Active
5288,2023-02-24,2025-12-14,48,Low,Medium,High,Delayed,7,73,Pro,Active
5289,2023-04-16,2026-01-23,8,Medium,Medium,Medium,On-Time,10,69,Pro,Active
5290,2025-02-27,2026-01-10,21,High,High,Low,On-Time,8,21,Basic,Active
5291,2023-11-05,2026-01-15,16,Medium,High,Low,On-Time,7,18,Basic,Active
5292,2023-07-21,2026-01-23,8,High,Medium,Low,On-Time,10,67,Pro,Active
5293,2023-02-13,2026-01-28,3,Medium,High,Low,On-Time,10,12,Basic,Active
5294,2023-01-24,2026-01-05,26,Medium,Medium,Low,On-Time,9,17,Basic,Active
5295,2025-04-28,2025-12-27,35,High,High,Low,On-Time,8,74,Pro,Active
5296,2023-05-28,2026-01-30,1,Medium,Medium,Low,Delayed,8,25,Basic,Active
5297,2024-05-27,2025-12-25,37,High,Medium,Low,On-Time,9,43,Pro,Active
5298,2024-10-25,2025-09-01,152,Low,Low,Medium,Delayed,2,51,Pro,Cancelled
5299,2024-04-14,2025-12-20,42,High,High,Low,Delayed,9,54,Pro,Active
5300,2023-01-30,2026-01-18,13,Medium,Medium,Low,Delayed,9,16,Basic,Active
5301,2025-05-07,2025-12-30,32,High,High,Medium,On-Time,9,72,Pro,Active
5302,2023-01-12,2026-01-05,26,High,Medium,Low,On-Time,7,24,Basic,Active
5303,2025-04-14,2025-10-15,108,Low,Low,Low,Missed,6,25,Basic,Active
5304,2025-09-05,2025-12-23,39,Medium,High,Medium,Delayed,10,288,Enterprise,Active
5305,2024-04-18,2026-01-14,17,High,High,Low,On-Time,9,12,Basic,Active
5306,2024-08-09,2025-12-25,37,High,Medium,Low,On-Time,8,65,Pro,Active
5307,2024-06-06,2025-12-29,33,Medium,Medium,Medium,On-Time,10,43,Pro,Active
5308,2024-03-02,2026-01-18,13,High,Medium,High,On-Time,10,14,Basic,Active
5309,2025-08-29,2025-12-24,38,High,Medium,Medium,Delayed,10,27,Basic,Active
5310,2025-09-05,2026-01-23,8,High,Medium,Low,On-Time,7,21,Basic,Active
5311,2024-01-03,2026-01-23,8,Medium,Medium,Low,On-Time,7,18,Basic,Active
5312,2024-11-04,2025-10-29,94,Low,Low,Medium,Delayed,7,11,Basic,Active
5313,2025-10-11,2025-12-23,39,Medium,Medium,High,On-Time,10,60,Pro,Active
5314,2025-11-19,2025-12-26,36,High,High,Low,On-Time,7,24,Basic,Active
5315,2024-07-11,2025-05-03,273,Low,Low,High,Delayed,2,50,Pro,Cancelled
5316,2024-05-10,2026-01-20,11,Medium,High,Medium,On-Time,8,45,Pro,Active
5317,2023-11-02,2025-12-24,38,Medium,High,High,On-Time,10,49,Pro,Active
5318,2025-11-15,2025-10-23,100,Low,Low,Low,On-Time,5,41,Pro,Active
5319,2023-06-06,2026-01-16,15,High,High,Low,On-Time,8,79,Pro,Active
5320,2024-09-26,2026-01-16,15,Medium,High,Low,On-Time,10,12,Basic,Active
5321,2023-11-06,2026-01-28,3,Medium,Medium,Medium,On-Time,9,78,Pro,Active
5322,2023-11-02,2025-04-23,283,Low,Low,Medium,Delayed,3,47,Pro,Cancelled
5323,2024-03-19,2026-01-17,14,High,Medium,High,On-Time,7,65,Pro,Active
5324,2025-12-29,2026-01-15,16,High,Medium,Medium,On-Time,8,22,Basic,Active
5325,2023-03-02,2025-12-25,37,Medium,High,Low,On-Time,7,70,Pro,Active
5326,2024-09-25,2025-12-18,44,High,Medium,Low,On-Time,7,69,Pro,Active
5327,2023-04-01,2026-01-24,7,Medium,Medium,Low,On-Time,9,15,Basic,Active
5328,2023-06-19,2025-11-22,70,Low,Low,High,Missed,4,29,Basic,Active
5329,2024-04-26,2026-01-25,6,Medium,High,Low,On-Time,10,15,Basic,Active
5330,2024-07-12,2026-01-10,21,High,High,Medium,On-Time,8,10,Basic,Active
5331,2023-10-11,2026-01-05,26,High,High,Low,On-Time,8,22,Basic,Active
5332,2023-12-13,2026-01-25,6,High,High,Medium,On-Time,8,24,Basic,Active
5333,2023-04-06,2025-12-15,47,Medium,Low,Low,Delayed,7,20,Basic,Active
5334,2023-11-29,2026-01-10,21,High,High,Medium,On-Time,10,238,Enterprise,Active
5335,2025-11-24,2026-01-25,6,Medium,Medium,High,On-Time,8,58,Pro,Active
5336,2025-10-31,2026-01-19,12,High,High,Low,On-Time,10,21,Basic,Active
5337,2024-01-02,2026-01-20,11,High,High,Medium,On-Time,10,22,Basic,Active
5338,2024-09-17,2025-06-23,222,Low,Low,High,Missed,3,61,Pro,Cancelled
5339,2025-09-23,2025-11-11,81,Medium,Medium,Low,Delayed,4,62,Pro,Active
5340,2023-01-07,2025-12-22,40,High,High,Low,On-Time,8,29,Basic,Active
5341,2025-06-06,2026-01-09,22,High,High,Low,On-Time,10,27,Basic,Active
5342,2025-11-04,2025-09-10,143,Low,Low,High,Missed,2,58,Pro,Active
5343,2023-04-11,2026-01-12,19,High,High,Medium,On-Time,8,12,Basic,Active
5344,2023-06-26,2025-09-28,125,Low,Low,Medium,Missed,3,13,Basic,Cancelled
5345,2025-11-18,2026-01-30,1,High,High,Low,On-Time,10,22,Basic,Active
5346,2024-08-11,2026-01-20,11,High,Medium,High,On-Time,10,27,Basic,Active
5347,2023-01-16,2026-01-02,29,Medium,High,Low,On-Time,9,74,Pro,Active
5348,2023-10-10,2026-01-07,24,High,Medium,Low,On-Time,8,57,Pro,Active
5349,2024-05-07,2025-12-31,31,High,High,Low,On-Time,9,26,Basic,Active
5350,2025-01-28,2026-01-26,5,Medium,Medium,Low,On-Time,10,53,Pro,Active
5351,2025-03-13,2026-01-25,6,Medium,Medium,Low,On-Time,8,68,Pro,Active
5352,2025-12-25,2025-06-13,232,Low,Low,Medium,Missed,2,27,Basic,Cancelled
5353,2023-11-11,2026-01-10,21,Medium,Medium,High,On-Time,7,23,Basic,Active
5354,2024-08-12,2025-12-09,53,Medium,Medium,Low,On-Time,7,28,Basic,Active
5355,2024-08-06,2026-01-14,17,Medium,High,Low,On-Time,9,15,Basic,Active
5356,2024-03-20,2025-12-27,35,Medium,Medium,Low,Delayed,9,11,Basic,Active
5357,2023-07-05,2026-01-29,2,Medium,High,Low,On-Time,9,52,Pro,Active
5358,2025-12-06,2025-12-18,44,High,High,Medium,On-Time,8,139,Enterprise,Active
5359,2025-07-23,2026-01-04,27,Medium,High,Low,On-Time,8,48,Pro,Active
5360,2024-06-29,2026-01-26,5,Medium,Medium,Low,On-Time,10,28,Basic,Active
5361,2024-10-22,2025-05-26,250,Low,Low,Low,Delayed,3,57,Pro,Cancelled
5362,2023-09-06,2025-08-13,171,Low,Low,Low,Missed,3,49,Pro,Cancelled
5363,2024-08-18,2025-12-30,32,Medium,Medium,Low,On-Time,10,19,Basic,Active
5364,2025-01-30,2026-01-12,19,High,Medium,Low,Delayed,8,22,Basic,Active
5365,2024-07-18,2025-12-20,42,Medium,Medium,Medium,On-Time,9,17,Basic,Active
5366,2025-12-20,2026-01-20,11,Medium,High,Low,On-Time,10,19,Basic,Active
5367,2024-10-31,2025-11-08,84,Medium,Medium,High,On-Time,5,10,Basic,Active
5368,2024-02-11,2026-01-29,2,Medium,Medium,Low,On-Time,8,13,Basic,Active
5369,2025-04-25,2025-12-29,33,Medium,Medium,Medium,On-Time,7,170,Enterprise,Active
5370,2023-07-06,2026-01-11,20,Medium,High,Low,On-Time,8,40,Pro,Active
5371,2024-02-26,2025-12-23,39,Medium,Medium,Low,On-Time,8,42,Pro,Active
5372,2024-01-15,2026-01-07,24,High,High,Low,On-Time,9,16,Basic,Active
5373,2024-04-17,2026-01-16,15,Medium,Medium,Low,On-Time,9,22,Basic,Active
5374,2025-05-06,2026-01-29,2,High,Medium,Low,On-Time,10,212,Enterprise,Active
5375,2024-06-14,2026-01-11,20,High,Medium,Medium,Delayed,10,27,Basic,Active
5376,2025-05-19,2025-12-06,56,Low,Low,Low,Delayed,7,51,Pro,Active
5377,2024-09-23,2026-01-21,10,Medium,High,Medium,On-Time,7,41,Pro,Active
5378,2024-01-10,2025-12-12,50,Medium,Low,Low,Missed,4,11,Basic,Active
5379,2025-06-05,2026-01-11,20,Medium,High,Low,On-Time,10,17,Basic,Active
5380,2023-09-18,2025-12-31,31,Medium,High,Low,On-Time,9,76,Pro,Active
5381,2023-09-03,2026-01-13,18,Medium,Medium,Medium,On-Time,10,290,Enterprise,Active
5382,2024-07-06,2026-01-08,23,High,High,High,On-Time,9,73,Pro,Active
5383,2023-10-13,2026-01-19,12,Medium,High,Low,On-Time,10,73,Pro,Active
5384,2023-01-10,2026-01-08,23,High,Medium,Low,On-Time,7,62,Pro,Active
5385,2024-12-10,2026-01-20,11,Medium,Medium,Low,On-Time,9,19,Basic,Active
5386,2024-07-13,2026-01-02,29,High,Medium,Medium,On-Time,8,45,Pro,Active
5387,2024-05-02,2025-12-06,56,Medium,Low,Low,Delayed,6,46,Pro,Active
5388,2025-11-24,2025-12-23,39,High,High,Medium,On-Time,8,20,Basic,Active
5389,2024-09-17,2025-10-18,105,Medium,Low,High,On-Time,5,12,Basic,Active
5390,2025-08-03,2026-01-02,29,High,High,Medium,On-Time,9,23,Basic,Active
5391,2023-06-02,2025-10-31,92,Medium,Low,Medium,Delayed,6,76,Pro,Active
5392,2024-09-15,2025-11-02,90,Medium,Low,Medium,Missed,7,258,Enterprise,Active
5393,2025-08-08,2025-11-05,87,Low,Low,Low,On-Time,4,42,Pro,Active
5394,2024-09-30,2025-10-10,113,Low,Low,Low,On-Time,4,25,Basic,Active
5395,2025-02-25,2026-01-31,0,Medium,Medium,Medium,On-Time,10,28,Basic,Active
5396,2024-02-12,2026-01-03,28,High,Medium,Low,On-Time,10,17,Basic,Active
5397,2023-04-12,2026-01-31,0,Medium,High,Medium,On-Time,8,62,Pro,Active
5398,2024-05-16,2026-01-09,22,High,Medium,Low,On-Time,9,14,Basic,Active
5399,2024-03-07,2025-04-11,295,Low,Low,Low,Missed,5,26,Basic,Cancelled
5400,2025-08-07,2026-01-05,26,Medium,Medium,Medium,On-Time,8,20,Basic,Active
5401,2023-09-25,2026-01-09,22,Medium,Medium,Low,On-Time,9,52,Pro,Active
5402,2025-11-24,2026-01-27,4,High,High,High,Delayed,7,69,Pro,Active
5403,2025-11-15,2025-12-19,43,Medium,Medium,High,On-Time,9,29,Basic,Active
5404,2023-09-29,2025-11-18,74,Medium,Medium,Medium,Delayed,5,26,Basic,Active
5405,2024-01-17,2025-10-08,115,Low,Low,Low,Delayed,4,26,Basic,Active
5406,2025-09-07,2025-10-04,119,Medium,Medium,High,Delayed,5,40,Pro,Active
5407,2025-11-24,2025-12-05,57,Low,Medium,Medium,Delayed,4,27,Basic,Active
5408,2024-04-30,2025-08-08,176,Low,Low,Low,Missed,4,69,Pro,Cancelled
5409,2023-12-18,2026-01-08,23,High,Medium,Low,On-Time,8,210,Enterprise,Active
5410,2024-07-30,2026-01-30,1,Medium,High,Low,On-Time,10,15,Basic,Active
5411,2025-01-23,2025-10-05,118,Medium,Low,Low,On-Time,5,55,Pro,Active
5412,2023-10-27,2026-01-04,27,High,High,Low,Delayed,8,27,Basic,Active
5413,2025-03-17,2026-01-02,29,Medium,Medium,High,On-Time,9,14,Basic,Active
5414,2023-02-26,2026-01-07,24,High,High,Medium,On-Time,7,24,Basic,Active
5415,2023-02-23,2025-12-16,46,Medium,Low,Medium,Delayed,6,25,Basic,Active
5416,2024-02-27,2025-11-20,72,Medium,Low,Low,Delayed,5,16,Basic,Active
5417,2024-01-23,2025-12-22,40,High,High,Low,On-Time,9,67,Pro,Active
5418,2023-12-12,2025-04-21,285,Low,Low,Low,Missed,2,10,Basic,Cancelled
5419,2024-06-21,2026-01-23,8,Medium,High,Medium,On-Time,8,11,Basic,Active
5420,2023-12-18,2025-12-29,33,High,Medium,High,On-Time,9,16,Basic,Active
5421,2023-07-30,2026-01-14,17,High,Medium,Medium,On-Time,9,165,Enterprise,Active
5422,2023-12-05,2026-01-06,25,High,Medium,High,On-Time,8,45,Pro,Active
5423,2025-12-03,2026-01-19,12,Medium,Medium,Low,On-Time,10,28,Basic,Active
5424,2024-03-26,2025-12-18,44,High,High,Low,Delayed,7,24,Basic,Active
5425,2024-05-01,2026-01-04,27,Medium,Medium,Low,On-Time,7,25,Basic,Active
5426,2024-09-23,2025-11-11,81,Low,Low,Low,Delayed,7,69,Pro,Active
5427,2025-12-12,2026-01-09,22,High,Medium,Medium,On-Time,9,18,Basic,Active
5428,2023-09-22,2025-12-21,41,High,High,High,On-Time,10,12,Basic,Active
5429,2025-01-16,2026-01-12,19,High,High,Low,Delayed,10,24,Basic,Active
5430,2025-02-23,2026-01-19,12,Medium,High,High,On-Time,7,61,Pro,Active
5431,2024-10-27,2026-01-22,9,High,High,Low,On-Time,7,15,Basic,Active
5432,2023-04-07,2025-04-17,289,Low,Low,Medium,Missed,2,19,Basic,Cancelled
5433,2025-01-11,2026-01-11,20,Medium,Medium,Medium,Delayed,10,75,Pro,Active
5434,2023-03-12,2026-01-17,14,High,Medium,Low,On-Time,7,48,Pro,Active
5435,2024-10-14,2026-01-13,18,Medium,High,Medium,On-Time,7,29,Basic,Active
5436,2025-03-20,2026-01-07,24,Medium,High,Low,On-Time,8,15,Basic,Active
5437,2023-08-20,2026-01-04,27,Medium,Medium,Low,On-Time,8,16,Basic,Active
5438,2025-07-10,2025-12-31,31,High,Medium,Medium,On-Time,9,15,Basic,Active
5439,2023-02-03,2025-12-29,33,High,Medium,Low,On-Time,10,21,Basic,Active
5440,2025-07-12,2026-01-04,27,Medium,Medium,High,On-Time,8,21,Basic,Active
5441,2024-05-19,2025-12-20,42,Medium,High,High,On-Time,9,12,Basic,Active
5442,2023-08-27,2025-10-07,116,Medium,Low,Low,On-Time,4,22,Basic,Active
5443,2023-05-27,2025-11-20,72,Medium,Medium,Low,Delayed,7,27,Basic,Active
5444,2025-11-09,2025-11-27,65,Medium,Low,Low,Missed,7,17,Basic,Active
5445,2023-03-21,2026-01-09,22,High,Medium,Low,On-Time,8,13,Basic,Active
5446,2023-08-07,2026-01-01,30,High,Medium,Medium,On-Time,10,20,Basic,Active
5447,2024-01-16,2025-12-18,44,High,Medium,Low,On-Time,7,28,Basic,Active
5448,2024-11-10,2025-10-07,116,Low,Low,High,On-Time,5,27,Basic,Active
5449,2024-08-19,2025-12-22,40,High,Medium,Low,On-Time,7,68,Pro,Active
5450,2023-05-18,2025-07-29,186,Low,Low,Low,Delayed,3,76,Pro,Cancelled
5451,2023-11-14,2026-01-18,13,High,Medium,Medium,On-Time,7,52,Pro,Active
5452,2023-09-19,2025-10-20,103,Medium,Low,Medium,Delayed,4,232,Enterprise,Active
5453,2023-08-22,2025-12-26,36,High,Medium,High,On-Time,10,41,Pro,Active
5454,2024-03-26,2025-12-20,42,High,Medium,Medium,On-Time,9,14,Basic,Active
5455,2025-02-09,2025-12-23,39,Medium,Medium,Low,On-Time,7,10,Basic,Active
5456,2023-08-27,2026-01-14,17,High,High,High,On-Time,8,52,Pro,Active
5457,2024-02-06,2026-01-07,24,High,Medium,Low,On-Time,7,67,Pro,Active
5458,2024-03-04,2026-01-09,22,Medium,High,Medium,On-Time,8,61,Pro,Active
5459,2025-12-05,2025-12-13,49,Low,Low,Low,On-Time,7,12,Basic,Active
5460,2025-11-11,2026-01-27,4,High,High,Low,On-Time,10,28,Basic,Active
5461,2025-05-26,2025-11-24,68,Medium,Low,Medium,Delayed,7,70,Pro,Active
5462,2023-09-22,2025-12-22,40,High,Medium,Low,On-Time,8,28,Basic,Active
5463,2023-03-16,2026-01-01,30,High,High,Low,On-Time,9,27,Basic,Active
5464,2023-12-14,2026-01-01,30,High,High,Medium,Delayed,9,13,Basic,Active
5465,2023-10-20,2026-01-19,12,Medium,Medium,Low,On-Time,10,65,Pro,Active
5466,2024-07-07,2026-01-17,14,Medium,Medium,Low,On-Time,9,63,Pro,Active
5467,2025-05-01,2025-10-07,116,Low,Low,Low,On-Time,5,57,Pro,Active
5468,2025-07-28,2026-01-04,27,Medium,Medium,Medium,On-Time,7,13,Basic,Active
5469,2025-07-14,2026-01-12,19,Medium,High,Low,Delayed,7,10,Basic,Active
5470,2024-01-29,2026-01-20,11,High,High,Medium,On-Time,7,122,Enterprise,Active
5471,2025-01-22,2025-11-12,80,Medium,Low,Low,Delayed,5,14,Basic,Active
5472,2023-12-09,2025-11-23,69,Medium,Low,Low,On-Time,4,20,Basic,Active
5473,2023-03-08,2025-10-15,108,Medium,Medium,Low,Delayed,7,51,Pro,Active
5474,2025-02-07,2026-01-21,10,High,High,Medium,On-Time,8,69,Pro,Active
5475,2023-01-11,2026-01-10,21,Medium,Medium,Low,On-Time,7,15,Basic,Active
5476,2024-03-24,2025-11-21,71,Low,Low,Low,Missed,5,65,Pro,Active
5477,2023-12-27,2026-01-05,26,High,High,Low,On-Time,9,41,Pro,Active
5478,2025-01-29,2025-12-09,53,Medium,Low,Medium,On-Time,5,43,Pro,Active
5479,2025-04-19,2025-12-25,37,Medium,High,Medium,Delayed,7,28,Basic,Active
5480,2023-11-29,2025-08-16,168,Low,Low,Low,Delayed,2,67,Pro,Cancelled
5481,2025-06-07,2026-01-18,13,High,Medium,Low,On-Time,9,29,Basic,Active
5482,2023-11-18,2025-07-24,191,Low,Low,Medium,Delayed,3,22,Basic,Cancelled
5483,2024-05-03,2026-01-13,18,High,High,High,On-Time,9,46,Pro,Active
5484,2025-03-07,2026-01-18,13,High,Medium,Low,Delayed,8,25,Basic,Active
5485,2025-01-28,2025-12-30,32,Medium,High,Medium,On-Time,8,76,Pro,Active
5486,2025-12-17,2025-10-10,113,Low,Low,Medium,Delayed,4,73,Pro,Active
5487,2023-09-04,2025-11-11,81,Medium,Low,Low,On-Time,6,15,Basic,Active
5488,2024-12-26,2026-01-10,21,Medium,High,Low,On-Time,7,63,Pro,Active
5489,2024-10-29,2026-01-20,11,Medium,Medium,Low,Delayed,9,145,Enterprise,Active
5490,2025-09-29,2026-01-20,11,High,Medium,High,On-Time,8,46,Pro,Active
5491,2023-06-21,2025-12-24,38,Medium,High,Medium,On-Time,9,45,Pro,Active
5492,2025-04-03,2025-11-29,63,Low,Low,Low,Delayed,5,40,Pro,Active
5493,2024-09-14,2026-01-02,29,High,High,Low,Delayed,9,18,Basic,Active
5494,2023-10-28,2025-12-24,38,High,High,Medium,On-Time,10,21,Basic,Active
5495,2024-06-03,2026-01-26,5,High,High,Low,On-Time,9,232,Enterprise,Active
5496,2024-01-01,2025-07-15,200,Low,Low,Low,Missed,5,55,Pro,Cancelled
5497,2024-09-26,2026-01-20,11,Medium,High,Medium,On-Time,10,78,Pro,Active
5498,2025-08-31,2025-10-07,116,Medium,Medium,Low,Missed,6,266,Enterprise,Active
5499,2024-09-15,2025-12-18,44,High,Medium,Low,On-Time,7,56,Pro,Active
5500,2024-11-22,2025-12-21,41,High,High,Medium,On-Time,8,61,Pro,Active
5501,2024-07-22,2025-12-30,32,Medium,High,Medium,On-Time,10,44,Pro,Active
5502,2023-02-26,2025-12-22,40,High,Medium,Medium,On-Time,8,64,Pro,Active
5503,2023-09-12,2026-01-27,4,High,High,Medium,On-Time,8,20,Basic,Active
5504,2024-06-22,2025-11-24,68,Medium,Low,Low,Missed,5,10,Basic,Active
5505,2023-12-06,2026-01-31,0,High,High,Low,On-Time,7,25,Basic,Active
5506,2023-07-19,2026-01-01,30,High,High,Low,On-Time,7,64,Pro,Active
5507,2024-07-06,2025-12-21,41,High,Medium,Low,On-Time,10,21,Basic,Active
5508,2023-12-20,2026-01-23,8,High,High,High,Delayed,8,15,Basic,Active
5509,2023-10-10,2026-01-13,18,High,Medium,Low,On-Time,7,16,Basic,Active
5510,2024-05-23,2026-01-08,23,Medium,Medium,Low,On-Time,8,44,Pro,Active
5511,2023-05-26,2026-01-04,27,High,Medium,Low,On-Time,7,59,Pro,Active
5512,2025-10-12,2026-01-21,10,High,Medium,Low,Delayed,9,61,Pro,Active
5513,2025-08-08,2025-12-23,39,High,High,Low,On-Time,9,20,Basic,Active
5514,2025-02-13,2026-01-08,23,Medium,High,Low,On-Time,9,15,Basic,Active
5515,2023-04-27,2026-01-22,9,Medium,Medium,Low,On-Time,9,68,Pro,Active
5516,2025-04-29,2025-12-21,41,Medium,Medium,Low,On-Time,8,25,Basic,Active
5517,2025-06-03,2026-01-12,19,Medium,High,Medium,Delayed,8,185,Enterprise,Active
5518,2025-04-20,2026-01-09,22,High,High,Medium,On-Time,10,40,Pro,Active
5519,2023-05-05,2026-01-21,10,High,High,Low,On-Time,7,59,Pro,Active
5520,2024-12-06,2025-11-08,84,Low,Low,Medium,On-Time,4,16,Basic,Active
5521,2025-07-02,2025-10-15,108,Low,Medium,Low,On-Time,7,53,Pro,Active
5522,2024-09-24,2026-01-04,27,Medium,Medium,Low,On-Time,10,24,Basic,Active
5523,2024-12-08,2026-01-23,8,High,Medium,Medium,On-Time,10,22,Basic,Active
5524,2024-05-16,2025-12-22,40,High,High,High,On-Time,9,51,Pro,Active
5525,2024-08-01,2026-01-25,6,High,Medium,Low,Delayed,10,17,Basic,Active
5526,2023-02-07,2026-01-02,29,Medium,High,Medium,On-Time,9,15,Basic,Active
5527,2024-11-30,2025-11-02,90,Low,Low,Medium,On-Time,7,18,Basic,Active
5528,2023-03-31,2025-12-20,42,Medium,Medium,Medium,On-Time,10,12,Basic,Active
5529,2024-04-21,2025-12-28,34,Medium,High,Low,On-Time,8,17,Basic,Active
5530,2023-11-17,2025-04-21,285,Low,Low,Medium,Missed,5,22,Basic,Cancelled
5531,2024-08-20,2025-12-31,31,High,Medium,Low,Delayed,9,20,Basic,Active
5532,2023-05-27,2026-01-06,25,Medium,High,Low,Delayed,9,201,Enterprise,Active
5533,2025-01-27,2025-09-05,148,Low,Low,Medium,Missed,4,12,Basic,Cancelled
5534,2025-05-20,2025-12-01,61,Low,Low,Medium,On-Time,4,29,Basic,Active
5535,2023-06-28,2025-12-22,40,Medium,High,High,On-Time,10,21,Basic,Active
5536,2023-04-25,2026-01-09,22,Medium,Medium,Low,On-Time,10,23,Basic,Active
5537,2023-06-09,2026-01-18,13,High,Medium,Low,On-Time,9,70,Pro,Active
5538,2025-08-18,2025-12-22,40,High,High,Low,On-Time,8,77,Pro,Active
5539,2024-08-01,2026-01-07,24,High,Medium,Low,On-Time,10,13,Basic,Active
5540,2024-05-26,2026-01-16,15,Medium,High,Low,On-Time,9,17,Basic,Active
5541,2023-04-27,2026-01-18,13,Medium,High,Medium,On-Time,8,27,Basic,Active
5542,2024-12-12,2025-10-27,96,Low,Low,Low,Delayed,4,58,Pro,Active
5543,2025-08-08,2025-06-12,233,Low,Low,Medium,Missed,3,19,Basic,Cancelled
5544,2025-06-25,2026-01-13,18,High,High,Low,On-Time,10,29,Basic,Active
5545,2024-11-16,2025-06-23,222,Low,Low,Medium,Missed,1,26,Basic,Cancelled
5546,2023-03-24,2026-01-24,7,High,High,Medium,On-Time,7,69,Pro,Active
5547,2023-05-04,2026-01-19,12,High,High,Low,On-Time,10,20,Basic,Active
5548,2023-02-23,2026-01-31,0,High,Medium,Low,On-Time,9,22,Basic,Active
5549,2023-10-09,2026-01-04,27,High,High,Medium,On-Time,10,15,Basic,Active
5550,2023-05-29,2025-12-08,54,Low,Low,Medium,Delayed,4,26,Basic,Active
5551,2023-10-12,2025-12-26,36,Medium,High,Low,Delayed,10,73,Pro,Active
5552,2024-02-26,2025-10-30,93,Medium,Low,Low,On-Time,4,26,Basic,Active
5553,2025-10-29,2026-01-08,23,Medium,Medium,High,On-Time,8,77,Pro,Active
5554,2024-10-30,2025-12-10,52,Low,Low,Medium,On-Time,6,180,Enterprise,Active
5555,2025-07-03,2026-01-17,14,Medium,Medium,Medium,Delayed,9,43,Pro,Active
5556,2025-02-16,2026-01-01,30,Medium,Medium,Low,Delayed,7,237,Enterprise,Active
5557,2023-05-04,2026-01-03,28,High,High,Medium,On-Time,7,10,Basic,Active
5558,2025-03-16,2025-05-13,263,Low,Low,High,Missed,4,15,Basic,Cancelled
5559,2023-10-29,2026-01-03,28,Medium,High,Medium,On-Time,8,10,Basic,Active
5560,2024-11-30,2026-01-03,28,High,Medium,Low,On-Time,8,20,Basic,Active
5561,2024-01-09,2026-01-04,27,High,Medium,High,On-Time,10,14,Basic,Active
5562,2025-12-28,2026-01-28,3,Medium,High,Medium,On-Time,7,55,Pro,Active
5563,2023-10-16,2025-12-27,35,High,Medium,Low,On-Time,9,70,Pro,Active
5564,2023-11-02,2026-01-08,23,Medium,Medium,Medium,On-Time,10,60,Pro,Active
5565,2025-10-16,2026-01-27,4,High,High,Low,Delayed,7,18,Basic,Active
5566,2023-01-27,2026-01-14,17,Medium,Medium,Medium,On-Time,7,25,Basic,Active
5567,2025-02-01,2026-01-17,14,Medium,Medium,Medium,On-Time,8,10,Basic,Active
5568,2025-03-05,2025-10-15,108,Medium,Low,Medium,Missed,5,27,Basic,Active
5569,2025-07-04,2025-12-23,39,High,Medium,Low,On-Time,9,192,Enterprise,Active
5570,2025-12-03,2025-10-06,117,Low,Low,High,Delayed,5,59,Pro,Active
5571,2025-12-04,2026-01-17,14,High,High,High,Delayed,7,27,Basic,Active
5572,2023-03-13,2025-12-12,50,Medium,Low,Low,Missed,6,135,Enterprise,Active
5573,2025-06-18,2025-12-26,36,Medium,Medium,Low,On-Time,10,16,Basic,Active
5574,2024-12-08,2026-01-25,6,Medium,High,High,On-Time,9,57,Pro,Active
5575,2024-12-09,2025-12-23,39,High,Medium,Low,On-Time,10,23,Basic,Active
5576,2023-05-21,2026-01-26,5,High,Medium,Low,On-Time,9,27,Basic,Active
5577,2024-12-12,2026-01-04,27,High,High,Low,On-Time,9,56,Pro,Active
5578,2025-12-11,2025-10-23,100,Low,Low,Low,On-Time,6,10,Basic,Active
5579,2025-09-25,2025-10-16,107,Low,Low,Low,Delayed,6,22,Basic,Active
5580,2024-04-25,2026-01-13,18,Medium,High,Medium,On-Time,8,71,Pro,Active
5581,2023-02-13,2025-04-23,283,Low,Low,Low,Missed,4,20,Basic,Cancelled
5582,2024-02-01,2025-11-06,86,Medium,Low,Medium,On-Time,6,19,Basic,Active
5583,2025-06-23,2026-01-22,9,High,High,Low,On-Time,7,11,Basic,Active
5584,2025-02-07,2026-01-23,8,High,Medium,Low,On-Time,10,61,Pro,Active
5585,2024-05-17,2026-01-28,3,Medium,Medium,Medium,On-Time,9,77,Pro,Active
5586,2023-03-02,2026-01-25,6,Medium,Medium,Medium,On-Time,10,19,Basic,Active
5587,2024-04-12,2026-01-18,13,High,Medium,Medium,Delayed,10,18,Basic,Active
5588,2024-05-28,2025-12-26,36,High,Medium,Low,On-Time,9,27,Basic,Active
5589,2025-10-13,2026-01-24,7,High,High,Low,Delayed,8,21,Basic,Active
5590,2024-12-02,2025-12-24,38,High,High,Low,On-Time,10,25,Basic,Active
5591,2023-12-08,2026-01-24,7,High,High,Medium,Delayed,8,47,Pro,Active
5592,2024-07-29,2026-01-31,0,High,Medium,Low,On-Time,9,49,Pro,Active
5593,2023-03-14,2025-10-15,108,Medium,Low,High,Delayed,7,10,Basic,Active
5594,2025-11-30,2025-05-17,259,Low,Low,Medium,Delayed,1,54,Pro,Cancelled
5595,2024-01-30,2026-01-01,30,Medium,Medium,Low,On-Time,7,23,Basic,Active
5596,2024-06-07,2025-10-21,102,Medium,Low,High,Delayed,4,19,Basic,Active
5597,2024-01-25,2025-12-30,32,High,Medium,Low,On-Time,7,135,Enterprise,Active
5598,2025-01-17,2025-11-06,86,Low,Low,Low,Delayed,5,43,Pro,Active
5599,2024-12-26,2025-12-19,43,High,Medium,Medium,On-Time,7,74,Pro,Active
5600,2025-02-22,2026-01-31,0,Medium,High,Low,Delayed,7,67,Pro,Active
5601,2023-10-21,2025-12-14,48,Low,Low,Low,Delayed,4,21,Basic,Active
5602,2023-12-12,2025-11-23,69,Low,Low,Low,Delayed,5,10,Basic,Active
5603,2023-05-18,2025-12-10,52,Medium,Medium,Medium,Delayed,5,11,Basic,Active
5604,2024-12-18,2025-11-27,65,Medium,Low,Low,Missed,6,12,Basic,Active
5605,2023-02-13,2025-12-31,31,High,High,Medium,On-Time,8,25,Basic,Active
5606,2024-10-16,2025-12-07,55,Medium,Low,Low,Delayed,4,17,Basic,Active
5607,2025-08-10,2026-01-27,4,Medium,High,Medium,Delayed,7,16,Basic,Active
5608,2025-09-02,2026-01-31,0,High,Medium,Low,On-Time,7,13,Basic,Active
5609,2024-05-06,2026-01-04,27,Medium,Medium,High,On-Time,10,297,Enterprise,Active
5610,2024-05-17,2026-01-14,17,High,High,High,On-Time,9,57,Pro,Active
5611,2023-03-26,2026-01-26,5,Medium,High,High,Delayed,10,63,Pro,Active
5612,2025-01-04,2025-12-22,40,Medium,Medium,Low,Delayed,8,52,Pro,Active
5613,2025-06-18,2026-01-30,1,Medium,High,Low,On-Time,10,43,Pro,Active
5614,2023-09-25,2025-12-28,34,Medium,High,Low,On-Time,7,12,Basic,Active
5615,2024-04-06,2025-11-12,80,Medium,Medium,Medium,Delayed,7,10,Basic,Active
5616,2025-07-07,2025-12-28,34,Medium,Medium,Low,On-Time,8,28,Basic,Active
5617,2025-08-18,2026-01-12,19,High,High,Medium,On-Time,7,18,Basic,Active
5618,2023-09-24,2026-01-23,8,High,Medium,Medium,On-Time,7,50,Pro,Active
5619,2024-08-25,2026-01-02,29,High,Medium,Low,On-Time,9,13,Basic,Active
5620,2023-07-30,2026-01-26,5,High,Medium,Medium,On-Time,7,11,Basic,Active
5621,2023-04-22,2025-10-27,96,Low,Low,Low,On-Time,5,73,Pro,Active
5622,2025-09-24,2025-12-18,44,High,High,Low,On-Time,10,42,Pro,Active
5623,2025-06-17,2025-07-08,207,Low,Low,Low,Delayed,2,47,Pro,Cancelled
5624,2025-04-12,2026-01-07,24,High,High,Low,On-Time,7,234,Enterprise,Active
5625,2023-02-23,2025-11-30,62,Medium,Low,Low,Delayed,4,178,Enterprise,Active
5626,2025-07-12,2026-01-15,16,Medium,Medium,Medium,On-Time,10,18,Basic,Active
5627,2024-04-24,2025-08-10,174,Low,Low,High,Delayed,5,75,Pro,Cancelled
5628,2024-01-10,2026-01-08,23,High,Medium,Medium,On-Time,9,250,Enterprise,Active
5629,2024-08-21,2025-12-25,37,Medium,Medium,Low,On-Time,7,73,Pro,Active
5630,2023-04-11,2026-01-09,22,Medium,High,Low,On-Time,7,44,Pro,Active
5631,2025-04-08,2025-12-27,35,Medium,High,Medium,Delayed,10,53,Pro,Active
5632,2024-09-29,2025-11-03,89,Low,Low,High,Delayed,6,200,Enterprise,Active
5633,2023-07-24,2025-12-21,41,High,Medium,Low,On-Time,10,12,Basic,Active
5634,2023-07-26,2025-12-31,31,Medium,Medium,Low,On-Time,9,25,Basic,Active
5635,2023-07-21,2026-01-10,21,Medium,Medium,Low,On-Time,10,12,Basic,Active
5636,2023-03-04,2025-11-14,78,Low,Low,High,Delayed,5,68,Pro,Active
5637,2024-10-05,2026-01-18,13,High,High,Medium,On-Time,9,28,Basic,Active
5638,2025-07-09,2026-01-11,20,Medium,Medium,Medium,On-Time,7,24,Basic,Active
5639,2023-01-20,2026-01-12,19,High,High,Low,On-Time,10,54,Pro,Active
5640,2023-02-23,2026-01-07,24,High,High,Low,On-Time,9,10,Basic,Active
5641,2024-09-19,2026-01-18,13,High,High,Medium,Delayed,9,13,Basic,Active
5642,2025-06-16,2026-01-18,13,High,Medium,Medium,On-Time,8,15,Basic,Active
5643,2023-12-24,2025-12-23,39,High,High,High,On-Time,10,10,Basic,Active
5644,2024-01-18,2025-10-12,111,Medium,Low,Medium,On-Time,6,10,Basic,Active
5645,2024-10-14,2025-04-25,281,Low,Low,Low,Missed,2,11,Basic,Cancelled
5646,2023-10-28,2025-04-20,286,Low,Low,Medium,Delayed,4,18,Basic,Cancelled
5647,2023-01-30,2025-12-19,43,High,Medium,Medium,On-Time,7,22,Basic,Active
5648,2025-03-16,2026-01-13,18,High,High,Medium,On-Time,8,22,Basic,Active
5649,2024-11-16,2026-01-14,17,High,Medium,High,On-Time,9,69,Pro,Active
5650,2024-09-27,2025-12-21,41,High,High,Low,Delayed,9,25,Basic,Active
5651,2025-03-23,2025-10-21,102,Low,Low,Medium,Delayed,5,76,Pro,Active
5652,2025-01-09,2026-01-12,19,Medium,Medium,Low,On-Time,7,28,Basic,Active
5653,2023-08-14,2026-01-06,25,Medium,High,Low,On-Time,8,252,Enterprise,Active
5654,2024-01-21,2026-01-05,26,High,Medium,Low,On-Time,9,13,Basic,Active
5655,2023-05-19,2025-12-06,56,Medium,Low,Medium,Delayed,4,29,Basic,Active
5656,2023-05-23,2026-01-27,4,Medium,High,High,On-Time,10,24,Basic,Active
5657,2025-01-10,2026-01-28,3,Medium,High,Low,On-Time,8,10,Basic,Active
5658,2025-07-29,2026-01-26,5,High,Medium,Medium,On-Time,7,24,Basic,Active
5659,2025-11-20,2026-01-13,18,High,High,Low,On-Time,8,59,Pro,Active
5660,2024-11-19,2026-01-06,25,Medium,Medium,Low,On-Time,7,24,Basic,Active
5661,2023-07-21,2026-01-30,1,Medium,Medium,Medium,On-Time,7,15,Basic,Active
5662,2023-04-26,2026-01-09,22,High,Medium,Medium,On-Time,9,48,Pro,Active
5663,2025-06-09,2026-01-10,21,High,Medium,Low,On-Time,10,71,Pro,Active
5664,2024-09-25,2025-12-27,35,Medium,Medium,High,Delayed,7,230,Enterprise,Active
5665,2024-11-08,2025-12-29,33,Medium,Medium,Medium,Delayed,8,11,Basic,Active
5666,2025-05-05,2026-01-22,9,High,Medium,High,On-Time,7,12,Basic,Active
5667,2025-02-09,2025-12-18,44,High,High,Medium,Delayed,8,42,Pro,Active
5668,2025-07-02,2025-12-25,37,High,Medium,High,On-Time,9,71,Pro,Active
5669,2023-03-03,2025-11-13,79,Low,Low,Low,On-Time,4,64,Pro,Active
5670,2025-03-29,2026-01-01,30,High,Medium,High,Delayed,10,23,Basic,Active
5671,2025-07-20,2025-11-07,85,Low,Low,High,On-Time,6,74,Pro,Active
5672,2023-11-10,2026-01-11,20,Medium,High,Low,Delayed,7,29,Basic,Active
5673,2024-12-02,2026-01-09,22,High,High,High,On-Time,8,10,Basic,Active
5674,2023-12-11,2025-07-18,197,Low,Low,Medium,Delayed,4,60,Pro,Cancelled
5675,2025-11-14,2026-01-24,7,High,Medium,Medium,On-Time,8,13,Basic,Active
5676,2023-02-06,2025-12-24,38,High,High,Low,On-Time,9,20,Basic,Active
5677,2024-09-26,2025-12-02,60,Low,Medium,Low,Delayed,5,27,Basic,Active
5678,2023-07-02,2026-01-01,30,High,Medium,Medium,On-Time,9,42,Pro,Active
5679,2025-02-18,2026-01-28,3,Medium,High,Low,On-Time,10,22,Basic,Active
5680,2023-07-12,2025-12-26,36,Medium,Medium,Low,On-Time,10,26,Basic,Active
5681,2023-09-15,2025-08-04,180,Low,Low,Low,Delayed,4,28,Basic,Cancelled
5682,2024-06-25,2025-11-22,70,Low,Low,Medium,Delayed,7,25,Basic,Active
5683,2025-09-28,2026-01-08,23,Medium,Medium,Low,On-Time,7,58,Pro,Active
5684,2023-08-20,2026-01-07,24,High,Medium,Medium,On-Time,7,42,Pro,Active
5685,2023-06-07,2026-01-06,25,High,Medium,Medium,On-Time,8,19,Basic,Active
5686,2025-04-11,2025-12-19,43,Medium,Medium,Low,On-Time,8,23,Basic,Active
5687,2024-07-02,2025-12-06,56,Low,Low,Low,Missed,7,14,Basic,Active
5688,2025-09-25,2026-01-15,16,Medium,High,Low,On-Time,9,16,Basic,Active
5689,2023-06-10,2025-12-08,54,Medium,Low,High,Delayed,7,24,Basic,Active
5690,2024-12-08,2026-01-04,27,High,High,Low,On-Time,10,156,Enterprise,Active
5691,2023-09-13,2025-12-28,34,High,High,Medium,On-Time,10,13,Basic,Active
5692,2023-06-21,2026-01-17,14,Medium,Medium,Medium,On-Time,9,244,Enterprise,Active
5693,2025-01-18,2026-01-09,22,Medium,High,Low,On-Time,7,66,Pro,Active
5694,2024-10-12,2026-01-03,28,Medium,Medium,Medium,On-Time,9,143,Enterprise,Active
5695,2025-04-06,2025-12-29,33,High,Medium,Low,On-Time,10,68,Pro,Active
5696,2023-12-05,2026-01-21,10,High,Medium,Low,Delayed,8,24,Basic,Active
5697,2024-05-05,2025-11-21,71,Low,Low,Low,Missed,4,50,Pro,Active
5698,2024-03-19,2025-12-27,35,Medium,Medium,Low,On-Time,9,153,Enterprise,Active
5699,2025-12-13,2026-01-18,13,High,Medium,Low,On-Time,8,28,Basic,Active
5700,2023-11-17,2025-11-09,83,Low,Low,Low,Missed,6,71,Pro,Active
5701,2023-11-19,2026-01-07,24,High,High,Medium,On-Time,9,294,Enterprise,Active
5702,2024-01-24,2025-12-18,44,Medium,Medium,Low,On-Time,8,17,Basic,Active
5703,2024-09-10,2025-11-10,82,Low,Low,Medium,Delayed,5,15,Basic,Active
5704,2023-10-04,2026-01-23,8,High,High,Low,On-Time,9,16,Basic,Active
5705,2025-09-29,2025-12-28,34,Medium,Medium,Low,On-Time,8,247,Enterprise,Active
5706,2023-10-18,2025-06-13,232,Low,Low,Medium,Delayed,2,40,Pro,Cancelled
5707,2025-09-07,2026-01-06,25,High,Medium,Medium,On-Time,8,67,Pro,Active
5708,2023-04-24,2025-06-06,239,Low,Low,Low,Missed,5,10,Basic,Cancelled
5709,2024-12-19,2025-12-18,44,High,High,Medium,Delayed,9,29,Basic,Active
5710,2025-09-20,2025-05-07,269,Low,Low,Low,Missed,3,57,Pro,Cancelled
5711,2023-07-04,2025-12-22,40,Medium,Medium,Low,On-Time,7,52,Pro,Active
5712,2025-11-26,2026-01-06,25,Medium,Medium,Medium,Delayed,8,46,Pro,Active
5713,2024-05-10,2025-11-14,78,Medium,Low,Low,On-Time,7,77,Pro,Active
5714,2025-11-01,2025-11-29,63,Medium,Low,Low,On-Time,5,54,Pro,Active
5715,2025-01-11,2025-12-13,49,Medium,Low,Medium,Delayed,7,25,Basic,Active
5716,2023-11-27,2025-10-10,113,Low,Low,Low,Delayed,7,14,Basic,Active
5717,2023-07-26,2025-09-18,135,Low,Low,Medium,Delayed,5,58,Pro,Cancelled
5718,2023-11-29,2025-12-23,39,Medium,High,Low,On-Time,7,24,Basic,Active
5719,2023-04-12,2025-12-02,60,Medium,Low,Medium,Delayed,6,13,Basic,Active
5720,2023-06-07,2025-08-14,170,Low,Low,Low,Delayed,2,26,Basic,Active
5721,2023-04-25,2026-01-18,13,Medium,High,Low,On-Time,7,26,Basic,Active
5722,2024-04-08,2026-01-11,20,Medium,High,Medium,On-Time,8,23,Basic,Active
5723,2025-05-21,2025-12-16,46,Low,Low,Low,Missed,4,26,Basic,Active
5724,2023-06-04,2025-07-19,196,Low,Low,High,Missed,3,46,Pro,Cancelled
5725,2023-05-23,2025-07-24,191,Low,Low,Medium,Delayed,5,123,Enterprise,Cancelled
5726,2024-12-05,2025-09-16,137,Low,Low,Low,Delayed,4,18,Basic,Cancelled
5727,2023-08-04,2025-07-03,212,Low,Low,Low,Delayed,2,18,Basic,Cancelled
5728,2023-04-17,2025-08-05,179,Low,Low,Low,Missed,5,247,Enterprise,Active
5729,2023-07-02,2026-01-01,30,High,Medium,Medium,On-Time,10,79,Pro,Active
5730,2025-10-08,2026-01-24,7,High,Medium,Low,On-Time,8,142,Enterprise,Active
5731,2025-06-18,2026-01-15,16,Medium,Medium,Low,On-Time,10,48,Pro,Active
5732,2024-01-23,2026-01-06,25,High,High,Low,On-Time,10,23,Basic,Active
5733,2024-12-19,2025-12-08,54,Medium,Low,Low,Delayed,4,71,Pro,Active
5734,2024-08-11,2025-06-29,216,Low,Low,Low,Missed,4,14,Basic,Cancelled
5735,2025-01-11,2026-01-04,27,High,Medium,High,On-Time,9,21,Basic,Active
5736,2025-01-17,2026-01-22,9,High,High,Medium,On-Time,10,14,Basic,Active
5737,2024-11-19,2025-12-25,37,High,Medium,Medium,Delayed,9,69,Pro,Active
5738,2023-10-19,2026-01-25,6,Medium,Medium,Medium,On-Time,8,11,Basic,Active
5739,2023-02-12,2026-01-27,4,Medium,High,Low,Delayed,7,17,Basic,Active
5740,2024-05-13,2026-01-25,6,Medium,Medium,High,On-Time,8,16,Basic,Active
5741,2025-09-02,2026-01-15,16,High,Medium,Low,On-Time,9,18,Basic,Active
5742,2024-09-15,2025-12-20,42,High,Medium,Low,On-Time,7,18,Basic,Active
5743,2025-06-30,2025-12-19,43,High,High,Low,On-Time,8,14,Basic,Active
5744,2025-12-21,2025-11-16,76,Low,Low,Medium,On-Time,4,47,Pro,Active
5745,2023-06-29,2026-01-24,7,Medium,Medium,Low,On-Time,8,25,Basic,Active
5746,2025-01-27,2025-11-15,77,Medium,Low,Medium,Delayed,5,21,Basic,Active
5747,2025-01-08,2025-12-22,40,High,Medium,Low,Delayed,9,61,Pro,Active
5748,2025-12-09,2026-01-21,10,Medium,Medium,Medium,On-Time,7,182,Enterprise,Active
5749,2025-12-15,2025-12-29,33,Medium,High,Medium,On-Time,8,28,Basic,Active
5750,2025-01-21,2025-09-28,125,Low,Low,High,Missed,1,54,Pro,Cancelled
5751,2023-09-24,2025-12-19,43,High,High,Medium,On-Time,7,75,Pro,Active
5752,2025-05-24,2026-01-22,9,Medium,High,Medium,On-Time,8,240,Enterprise,Active
5753,2023-04-28,2025-08-27,157,Low,Low,High,Delayed,5,25,Basic,Cancelled
5754,2025-05-04,2026-01-20,11,High,High,Medium,On-Time,10,40,Pro,Active
5755,2025-09-23,2026-01-07,24,Medium,High,Medium,On-Time,9,65,Pro,Active
5756,2024-02-24,2025-10-31,92,Low,Medium,Low,Delayed,4,11,Basic,Active
5757,2024-11-21,2025-11-19,73,Low,Low,Low,On-Time,6,11,Basic,Active
5758,2024-04-16,2025-09-02,151,Low,Low,Low,Delayed,5,16,Basic,Cancelled
5759,2024-04-24,2025-10-02,121,Low,Low,Medium,Delayed,5,11,Basic,Cancelled
5760,2023-12-06,2026-01-25,6,Medium,High,Low,On-Time,9,68,Pro,Active
5761,2025-04-14,2026-01-12,19,High,High,Low,On-Time,8,51,Pro,Active
5762,2025-10-22,2026-01-25,6,Medium,High,Low,On-Time,7,15,Basic,Active
5763,2025-10-27,2026-01-22,9,Medium,High,Low,On-Time,7,55,Pro,Active
5764,2023-07-11,2025-12-23,39,High,Medium,Low,On-Time,10,58,Pro,Active
5765,2025-08-15,2026-01-24,7,Medium,Medium,Medium,On-Time,9,24,Basic,Active
5766,2025-03-18,2025-11-11,81,Medium,Medium,Low,On-Time,4,26,Basic,Active
5767,2023-10-04,2025-09-15,138,Low,Low,Low,Missed,4,50,Pro,Cancelled
5768,2023-03-15,2025-12-27,35,Medium,Medium,Low,Delayed,8,42,Pro,Active
5769,2023-10-21,2026-01-18,13,Medium,High,Low,On-Time,10,11,Basic,Active
5770,2025-09-25,2026-01-30,1,Medium,Medium,Low,Delayed,9,16,Basic,Active
5771,2024-11-24,2025-12-19,43,High,Medium,Low,On-Time,8,216,Enterprise,Active
5772,2025-02-28,2026-01-27,4,High,Medium,Low,On-Time,9,265,Enterprise,Active
5773,2023-10-09,2025-12-18,44,High,High,Low,On-Time,8,68,Pro,Active
5774,2025-02-26,2025-08-09,175,Low,Low,Low,Missed,5,18,Basic,Active
5775,2023-01-31,2026-01-25,6,Medium,Medium,Medium,On-Time,7,14,Basic,Active
5776,2024-02-15,2026-01-17,14,Medium,High,Low,On-Time,8,62,Pro,Active
5777,2024-11-17,2025-12-27,35,Medium,High,Medium,On-Time,9,70,Pro,Active
5778,2023-06-09,2025-11-29,63,Low,Low,Medium,Delayed,6,59,Pro,Active
5779,2025-06-20,2026-01-09,22,Medium,High,Low,On-Time,10,19,Basic,Active
5780,2023-09-15,2025-11-24,68,Low,Low,Low,Missed,5,40,Pro,Active
5781,2024-12-15,2025-04-28,278,Low,Low,Medium,Missed,1,55,Pro,Active
5782,2024-03-19,2025-12-26,36,Medium,Medium,Low,On-Time,7,20,Basic,Active
5783,2024-10-14,2025-08-25,159,Low,Low,Low,Delayed,5,255,Enterprise,Cancelled
5784,2023-04-28,2025-12-18,44,High,Medium,Medium,On-Time,7,76,Pro,Active
5785,2023-01-19,2025-10-08,115,Low,Low,Medium,On-Time,4,22,Basic,Active
5786,2025-09-22,2025-10-14,109,Low,Low,Low,Missed,6,48,Pro,Active
5787,2023-10-23,2026-01-22,9,High,Medium,High,On-Time,7,71,Pro,Active
5788,2025-06-16,2025-06-22,223,Low,Low,Medium,Missed,3,53,Pro,Cancelled
5789,2025-12-30,2026-01-15,16,Medium,Medium,Low,Delayed,8,43,Pro,Active
5790,2023-08-20,2026-01-26,5,High,Medium,Medium,On-Time,9,11,Basic,Active
5791,2023-10-18,2026-01-17,14,High,High,High,On-Time,10,14,Basic,Active
5792,2024-12-26,2026-01-19,12,High,High,Medium,On-Time,9,22,Basic,Active
5793,2025-11-23,2026-01-01,30,Medium,High,High,On-Time,10,10,Basic,Active
5794,2025-09-29,2025-10-29,94,Low,Low,Low,Delayed,6,74,Pro,Active
5795,2024-07-04,2026-01-26,5,Medium,High,Low,On-Time,7,61,Pro,Active
5796,2025-05-20,2025-12-18,44,Medium,Medium,Low,Delayed,10,261,Enterprise,Active
5797,2023-05-29,2026-01-28,3,High,High,Medium,On-Time,8,43,Pro,Active
5798,2025-12-06,2025-12-23,39,Medium,Medium,Low,On-Time,10,24,Basic,Active
5799,2025-11-21,2025-10-25,98,Low,Low,Low,Missed,5,65,Pro,Active
5800,2023-06-29,2025-10-16,107,Low,Medium,Low,Missed,6,15,Basic,Active
5801,2023-11-24,2026-01-22,9,High,High,Medium,On-Time,8,12,Basic,Active
5802,2023-04-20,2025-12-19,43,High,High,Medium,On-Time,7,18,Basic,Active
5803,2023-10-25,2025-09-20,133,Low,Low,Low,Missed,3,56,Pro,Cancelled
5804,2025-06-12,2026-01-18,13,Medium,Medium,Low,On-Time,9,79,Pro,Active
5805,2024-02-19,2026-01-22,9,High,High,Low,On-Time,7,14,Basic,Active
5806,2023-04-07,2026-01-29,2,High,High,Low,On-Time,7,54,Pro,Active
5807,2024-01-10,2025-12-25,37,High,Medium,Medium,On-Time,7,67,Pro,Active
5808,2025-12-10,2025-10-13,110,Medium,Low,Medium,On-Time,4,14,Basic,Active
5809,2024-11-20,2025-12-20,42,High,High,Medium,Delayed,10,19,Basic,Active
5810,2024-03-31,2026-01-19,12,High,High,Low,On-Time,9,49,Pro,Active
5811,2023-07-02,2025-06-17,228,Low,Low,Low,Missed,4,59,Pro,Cancelled
5812,2025-12-15,2025-10-25,98,Low,Medium,Low,Delayed,6,41,Pro,Active
5813,2025-06-17,2025-10-15,108,Medium,Medium,Low,Missed,7,19,Basic,Active
5814,2023-11-05,2025-11-22,70,Low,Low,Low,Delayed,4,75,Pro,Active
5815,2023-03-18,2026-01-10,21,High,High,Low,On-Time,8,28,Basic,Active
5816,2023-03-04,2025-10-25,98,Low,Low,Low,On-Time,6,159,Enterprise,Active
5817,2023-05-12,2025-08-22,162,Low,Low,Medium,Missed,3,11,Basic,Cancelled
5818,2024-09-27,2026-01-16,15,High,High,Medium,On-Time,7,69,Pro,Active
5819,2025-10-13,2026-01-06,25,High,High,Low,On-Time,7,68,Pro,Active
5820,2024-06-27,2026-01-07,24,High,Medium,Medium,On-Time,9,170,Enterprise,Active
5821,2025-07-12,2025-12-29,33,High,Medium,Low,On-Time,9,78,Pro,Active
5822,2024-05-03,2026-01-16,15,High,High,Low,On-Time,9,11,Basic,Active
5823,2025-02-14,2026-01-01,30,Medium,High,Medium,On-Time,8,73,Pro,Active
5824,2025-03-12,2025-12-19,43,High,Medium,Low,On-Time,10,25,Basic,Active
5825,2023-07-10,2025-11-21,71,Low,Medium,Medium,On-Time,4,73,Pro,Active
5826,2024-01-31,2026-01-17,14,Medium,Medium,High,On-Time,9,23,Basic,Active
5827,2024-11-28,2026-01-06,25,Medium,High,Low,On-Time,8,10,Basic,Active
5828,2023-03-19,2025-08-11,173,Low,Low,Medium,Missed,2,40,Pro,Cancelled
5829,2024-01-31,2025-10-05,118,Low,Low,Low,Delayed,7,23,Basic,Active
5830,2024-08-08,2025-12-05,57,Low,Medium,Low,Missed,6,15,Basic,Active
5831,2025-12-26,2025-10-08,115,Low,Low,Low,On-Time,7,215,Enterprise,Active
5832,2024-06-03,2026-01-12,19,High,Medium,Medium,On-Time,8,11,Basic,Active
5833,2025-06-12,2026-01-01,30,High,Medium,Low,On-Time,10,13,Basic,Active
5834,2024-04-18,2026-01-13,18,High,Medium,Low,On-Time,8,27,Basic,Active
5835,2025-05-22,2025-12-25,37,High,Medium,Low,Delayed,10,28,Basic,Active
5836,2024-10-13,2026-01-23,8,High,High,Low,On-Time,7,19,Basic,Active
5837,2025-08-28,2025-12-29,33,High,High,Low,On-Time,8,13,Basic,Active
5838,2024-03-25,2026-01-15,16,High,High,Medium,On-Time,7,74,Pro,Active
5839,2024-10-23,2025-11-04,88,Medium,Low,High,Delayed,6,209,Enterprise,Active
5840,2024-11-20,2025-10-19,104,Low,Low,Low,Delayed,7,19,Basic,Active
5841,2024-04-02,2025-12-18,44,Medium,High,Medium,On-Time,9,136,Enterprise,Active
5842,2023-06-08,2026-01-17,14,Medium,High,Medium,On-Time,8,19,Basic,Active
5843,2023-04-13,2025-09-15,138,Low,Low,Low,Missed,1,75,Pro,Cancelled
5844,2023-01-19,2025-12-03,59,Medium,Low,Low,On-Time,7,18,Basic,Active
5845,2025-08-14,2026-01-17,14,High,Medium,High,Delayed,7,73,Pro,Active
5846,2023-09-16,2026-01-30,1,High,High,High,On-Time,10,73,Pro,Active
5847,2023-08-20,2025-12-30,32,High,High,Low,On-Time,8,49,Pro,Active
5848,2025-03-16,2026-01-03,28,Medium,High,Medium,On-Time,8,12,Basic,Active
5849,2023-12-17,2025-06-22,223,Low,Low,Medium,Delayed,4,28,Basic,Active
5850,2024-07-08,2025-12-31,31,High,High,Medium,Delayed,8,226,Enterprise,Active
5851,2023-06-27,2026-01-05,26,High,High,Medium,Delayed,10,11,Basic,Active
5852,2025-11-16,2026-01-09,22,High,High,Medium,On-Time,10,25,Basic,Active
5853,2025-07-21,2026-01-27,4,Medium,Medium,Medium,On-Time,9,18,Basic,Active
5854,2025-08-03,2026-01-17,14,Medium,Medium,Medium,On-Time,7,29,Basic,Active
5855,2024-03-21,2025-10-09,114,Low,Low,Low,Delayed,6,17,Basic,Active
5856,2025-04-14,2025-08-21,163,Low,Low,Medium,Delayed,4,19,Basic,Cancelled
5857,2023-06-07,2026-01-03,28,High,Medium,Medium,On-Time,7,65,Pro,Active
5858,2023-01-10,2025-12-20,42,High,High,High,Delayed,9,168,Enterprise,Active
5859,2023-01-22,2026-01-02,29,Medium,High,High,On-Time,7,20,Basic,Active
5860,2024-10-04,2025-12-29,33,High,High,Medium,On-Time,9,63,Pro,Active
5861,2024-05-13,2026-01-26,5,Medium,Medium,Low,On-Time,8,17,Basic,Active
5862,2024-07-21,2025-04-14,292,Low,Low,Medium,Delayed,3,147,Enterprise,Cancelled
5863,2023-01-09,2026-01-07,24,High,High,Medium,Delayed,9,223,Enterprise,Active
5864,2024-04-07,2026-01-01,30,High,Medium,Medium,On-Time,10,67,Pro,Active
5865,2025-02-25,2025-12-12,50,Low,Low,Low,Delayed,5,21,Basic,Active
5866,2024-04-29,2026-01-02,29,High,Medium,Low,On-Time,8,235,Enterprise,Active
5867,2025-03-12,2026-01-08,23,Medium,High,Low,On-Time,10,28,Basic,Active
5868,2023-09-13,2025-12-19,43,Medium,Medium,Low,Delayed,7,49,Pro,Active
5869,2025-06-09,2025-07-02,213,Low,Low,Medium,Missed,2,18,Basic,Cancelled
5870,2024-10-06,2025-07-14,201,Low,Low,High,Delayed,4,46,Pro,Cancelled
5871,2023-08-19,2026-01-29,2,Medium,High,High,On-Time,7,71,Pro,Active
5872,2023-09-17,2026-01-12,19,High,High,Medium,On-Time,8,76,Pro,Active
5873,2024-11-18,2025-06-27,218,Low,Low,Medium,Delayed,5,18,Basic,Cancelled
5874,2025-06-27,2026-01-08,23,High,Medium,Medium,On-Time,9,18,Basic,Active
5875,2024-03-31,2025-12-09,53,Medium,Medium,Low,On-Time,6,120,Enterprise,Active
5876,2023-10-10,2025-11-25,67,Low,Medium,Low,Delayed,7,25,Basic,Active
5877,2025-08-07,2026-01-25,6,Medium,Medium,Medium,On-Time,7,59,Pro,Active
5878,2025-01-02,2025-12-31,31,High,High,Low,On-Time,7,64,Pro,Active
5879,2024-05-05,2025-11-02,90,Medium,Medium,Medium,Delayed,6,157,Enterprise,Active
5880,2024-06-18,2025-06-24,221,Low,Low,Medium,Missed,3,287,Enterprise,Active
5881,2023-08-12,2025-12-14,48,Low,Low,Medium,Delayed,6,26,Basic,Active
5882,2024-11-17,2026-01-28,3,Medium,Medium,Medium,On-Time,9,27,Basic,Active
5883,2024-01-28,2025-12-19,43,High,Medium,Medium,On-Time,8,23,Basic,Active
5884,2025-12-26,2026-01-27,4,High,High,Medium,On-Time,7,27,Basic,Active
5885,2024-06-09,2025-12-18,44,High,Medium,High,On-Time,7,62,Pro,Active
5886,2024-06-16,2025-04-07,299,Low,Low,High,Missed,5,12,Basic,Cancelled
5887,2024-09-11,2025-10-11,112,Low,Medium,Low,Delayed,5,58,Pro,Active
5888,2025-09-30,2025-10-04,119,Low,Low,High,Delayed,7,19,Basic,Active
5889,2025-05-26,2025-12-28,34,Medium,High,Low,On-Time,8,133,Enterprise,Active
5890,2024-05-08,2025-12-20,42,High,Medium,Medium,Delayed,10,48,Pro,Active
5891,2025-02-25,2026-01-12,19,Medium,Medium,High,On-Time,7,23,Basic,Active
5892,2024-10-03,2025-12-24,38,High,High,Low,On-Time,9,58,Pro,Active
5893,2024-06-23,2025-11-07,85,Medium,Low,High,Missed,6,21,Basic,Active
5894,2023-07-30,2025-09-02,151,Low,Low,High,Missed,4,13,Basic,Cancelled
5895,2024-05-23,2026-01-02,29,Medium,High,High,On-Time,8,23,Basic,Active
5896,2023-09-27,2025-08-18,166,Low,Low,Medium,Missed,2,58,Pro,Cancelled
5897,2025-09-28,2025-10-07,116,Medium,Low,Low,On-Time,6,25,Basic,Active
5898,2024-01-03,2025-10-13,110,Low,Low,Low,On-Time,6,172,Enterprise,Active
5899,2025-11-08,2025-07-10,205,Low,Low,Medium,Delayed,5,16,Basic,Cancelled
5900,2024-08-06,2025-12-21,41,Medium,High,Low,On-Time,9,18,Basic,Active
5901,2024-11-22,2026-01-22,9,High,Medium,High,On-Time,9,45,Pro,Active
5902,2024-08-17,2026-01-09,22,Medium,High,Low,Delayed,9,76,Pro,Active
5903,2023-05-22,2025-10-13,110,Low,Low,Medium,Delayed,6,14,Basic,Active
5904,2024-02-16,2025-10-17,106,Low,Low,Low,Delayed,5,49,Pro,Active
5905,2023-04-19,2026-01-14,17,Medium,Medium,Low,On-Time,8,40,Pro,Active
5906,2024-11-13,2026-01-17,14,High,High,Medium,On-Time,7,50,Pro,Active
5907,2024-05-04,2025-08-30,154,Low,Low,Medium,Delayed,2,40,Pro,Cancelled
5908,2025-05-01,2026-01-29,2,High,High,Low,On-Time,10,71,Pro,Active
5909,2023-08-30,2025-12-22,40,Medium,Medium,Low,On-Time,9,21,Basic,Active
5910,2023-06-30,2025-12-12,50,Low,Low,Medium,On-Time,4,25,Basic,Active
5911,2024-03-20,2026-01-04,27,Medium,Medium,Medium,On-Time,9,42,Pro,Active
5912,2025-10-11,2026-01-22,9,High,Medium,Low,On-Time,8,10,Basic,Active
5913,2025-02-16,2026-01-29,2,High,Medium,Medium,Delayed,9,28,Basic,Active
5914,2024-04-03,2025-11-17,75,Low,Low,Low,Delayed,5,25,Basic,Active
5915,2024-07-20,2025-11-07,85,Medium,Medium,High,Delayed,7,24,Basic,Active
5916,2023-04-03,2026-01-08,23,Medium,High,Low,On-Time,7,24,Basic,Active
5917,2025-12-14,2025-11-19,73,Low,Medium,Low,Delayed,7,68,Pro,Active
5918,2024-12-30,2026-01-22,9,Medium,Medium,Low,On-Time,10,16,Basic,Active
5919,2023-11-09,2025-10-27,96,Medium,Low,Medium,Delayed,5,21,Basic,Active
5920,2024-10-03,2026-01-05,26,Medium,High,High,Delayed,9,77,Pro,Active
5921,2023-04-30,2025-12-15,47,Low,Low,Medium,Delayed,6,23,Basic,Active
5922,2025-11-23,2025-12-24,38,Medium,Medium,Medium,On-Time,10,16,Basic,Active
5923,2023-07-11,2026-01-30,1,Medium,High,Low,On-Time,8,22,Basic,Active
5924,2024-12-10,2026-01-31,0,Medium,Medium,Low,On-Time,7,13,Basic,Active
5925,2023-09-26,2025-10-10,113,Medium,Medium,High,Delayed,4,21,Basic,Active
5926,2025-02-24,2026-01-23,8,High,High,Medium,On-Time,10,11,Basic,Active
5927,2025-04-30,2025-12-20,42,High,Medium,Low,Delayed,9,293,Enterprise,Active
5928,2025-01-07,2025-12-20,42,High,High,Medium,On-Time,9,53,Pro,Active
5929,2024-11-03,2025-10-15,108,Low,Low,Low,On-Time,5,178,Enterprise,Active
5930,2025-09-04,2026-01-06,25,High,Medium,High,On-Time,10,18,Basic,Active
5931,2023-03-28,2026-01-02,29,Medium,Medium,Medium,On-Time,9,25,Basic,Active
5932,2023-12-29,2025-05-18,258,Low,Low,Low,Delayed,3,259,Enterprise,Cancelled
5933,2023-09-29,2026-01-07,24,High,Medium,Low,On-Time,8,18,Basic,Active
5934,2025-12-17,2025-11-15,77,Low,Low,Medium,Delayed,4,24,Basic,Active
5935,2024-03-02,2026-01-08,23,High,High,Low,On-Time,9,52,Pro,Active
5936,2025-03-13,2025-11-27,65,Medium,Medium,Low,On-Time,4,28,Basic,Active
5937,2025-01-19,2025-10-27,96,Medium,Low,Low,On-Time,4,195,Enterprise,Active
5938,2023-08-21,2025-12-24,38,Medium,High,Low,On-Time,9,11,Basic,Active
5939,2023-09-19,2025-10-26,97,Medium,Medium,Medium,Delayed,4,54,Pro,Active
5940,2023-11-05,2025-10-06,117,Low,Low,Medium,Delayed,6,25,Basic,Active
5941,2024-03-26,2026-01-17,14,Medium,Medium,High,On-Time,7,18,Basic,Active
5942,2023-09-14,2026-01-01,30,Medium,Medium,Medium,On-Time,8,23,Basic,Active
5943,2023-01-22,2026-01-16,15,High,High,Medium,On-Time,9,26,Basic,Active
5944,2025-08-20,2025-11-11,81,Low,Medium,High,Delayed,7,21,Basic,Active
5945,2025-11-23,2026-01-20,11,Medium,High,High,On-Time,7,22,Basic,Active
5946,2024-01-10,2026-01-19,12,High,High,Medium,Delayed,8,29,Basic,Active
5947,2024-01-06,2025-12-19,43,Medium,High,Low,On-Time,9,63,Pro,Active
5948,2023-01-08,2025-12-27,35,Medium,Medium,Low,On-Time,10,68,Pro,Active
5949,2025-01-14,2026-01-23,8,High,High,Low,On-Time,7,46,Pro,Active
5950,2025-06-22,2026-01-25,6,High,High,High,Delayed,9,15,Basic,Active
5951,2023-06-10,2025-11-29,63,Low,Low,Low,Delayed,5,52,Pro,Active
5952,2023-06-24,2025-12-19,43,High,High,Medium,On-Time,8,20,Basic,Active
5953,2025-05-15,2025-05-30,246,Low,Low,Medium,Missed,5,21,Basic,Cancelled
5954,2024-11-05,2025-12-19,43,High,High,Medium,Delayed,7,11,Basic,Active
5955,2023-02-19,2026-01-12,19,High,Medium,Low,On-Time,8,168,Enterprise,Active
5956,2024-11-12,2025-12-27,35,Medium,High,Low,On-Time,8,24,Basic,Active
5957,2023-12-05,2026-01-14,17,High,High,Medium,On-Time,10,286,Enterprise,Active
5958,2024-02-08,2025-08-12,172,Low,Low,Medium,Missed,3,65,Pro,Cancelled
5959,2025-04-22,2026-01-30,1,High,High,Medium,On-Time,7,25,Basic,Active
5960,2025-06-06,2025-11-22,70,Low,Low,Low,Delayed,6,23,Basic,Active
5961,2024-03-14,2026-01-08,23,Medium,Medium,Low,Delayed,9,73,Pro,Active
5962,2025-11-03,2025-11-04,88,Low,Low,Low,Missed,6,52,Pro,Active
5963,2024-03-21,2026-01-16,15,Medium,Medium,Medium,On-Time,7,11,Basic,Active
5964,2025-04-25,2026-01-29,2,High,High,Medium,Delayed,8,42,Pro,Active
5965,2024-06-13,2025-12-18,44,High,High,High,On-Time,10,12,Basic,Active
5966,2025-09-09,2026-01-30,1,Medium,High,High,On-Time,7,21,Basic,Active
5967,2025-09-20,2025-11-25,67,Low,Low,Medium,On-Time,6,78,Pro,Active
5968,2023-04-06,2026-01-20,11,High,Medium,Medium,On-Time,10,17,Basic,Active
5969,2025-10-22,2026-01-15,16,High,High,Medium,Delayed,8,10,Basic,Active
5970,2025-06-22,2025-12-30,32,High,High,Medium,On-Time,9,19,Basic,Active
5971,2025-05-16,2025-12-09,53,Low,Low,Low,Delayed,6,18,Basic,Active
5972,2023-08-08,2025-07-17,198,Low,Low,Low,Missed,5,18,Basic,Cancelled
5973,2025-05-31,2026-01-07,24,High,High,Low,On-Time,9,56,Pro,Active
5974,2025-07-19,2025-10-19,104,Medium,Medium,High,On-Time,5,57,Pro,Active
5975,2023-11-13,2026-01-26,5,Medium,High,Medium,On-Time,10,77,Pro,Active
5976,2025-11-08,2026-01-13,18,High,Medium,Low,On-Time,8,17,Basic,Active
5977,2023-02-24,2026-01-23,8,Medium,Medium,Low,On-Time,9,27,Basic,Active
5978,2023-06-14,2025-04-08,298,Low,Low,Medium,Delayed,4,19,Basic,Cancelled
5979,2024-08-11,2026-01-04,27,High,Medium,Low,On-Time,10,26,Basic,Active
5980,2024-09-22,2025-10-13,110,Low,Medium,Low,Delayed,7,75,Pro,Active
5981,2024-12-07,2026-01-10,21,Medium,High,Medium,On-Time,7,203,Enterprise,Active
5982,2023-01-19,2026-01-09,22,High,Medium,Low,On-Time,7,48,Pro,Active
5983,2025-11-17,2026-01-10,21,High,High,Low,Delayed,7,175,Enterprise,Active
5984,2023-02-18,2026-01-16,15,High,High,High,On-Time,9,169,Enterprise,Active
5985,2023-06-06,2026-01-02,29,High,High,Medium,Delayed,9,17,Basic,Active
5986,2023-01-16,2025-12-25,37,High,High,Low,On-Time,10,58,Pro,Active
5987,2024-09-12,2026-01-21,10,Medium,High,High,On-Time,10,71,Pro,Active
5988,2025-10-17,2026-01-04,27,Medium,Medium,High,Delayed,9,56,Pro,Active
5989,2024-12-30,2026-01-27,4,High,High,Low,On-Time,10,73,Pro,Active
5990,2025-06-19,2026-01-08,23,Medium,High,Low,On-Time,8,14,Basic,Active
5991,2023-01-15,2025-11-02,90,Low,Low,Low,Missed,6,29,Basic,Active
5992,2024-08-16,2026-01-17,14,High,High,High,On-Time,7,29,Basic,Active
5993,2024-05-18,2026-01-21,10,Medium,High,Medium,On-Time,10,23,Basic,Active
5994,2024-06-30,2025-09-17,136,Low,Low,Low,Delayed,5,22,Basic,Cancelled
5995,2023-03-21,2026-01-09,22,High,High,Medium,On-Time,10,26,Basic,Active
5996,2025-01-19,2025-12-28,34,Medium,High,Medium,On-Time,7,15,Basic,Active
5997,2024-07-05,2026-01-02,29,Medium,Medium,Low,On-Time,8,22,Basic,Active
5998,2025-04-17,2026-01-28,3,High,High,Medium,On-Time,8,60,Pro,Active
5999,2024-06-15,2025-12-26,36,Medium,High,Low,On-Time,7,21,Basic,Active
6000,2023-06-13,2026-01-01,30,Medium,Medium,Low,On-Time,10,23,Basic,Active
6001,2024-12-10,2026-01-20,11,Medium,High,Low,On-Time,10,12,Basic,Active
6002,2023-07-08,2025-09-12,141,Low,Low,High,Missed,1,72,Pro,Cancelled
6003,2025-08-13,2026-01-22,9,High,Medium,High,On-Time,10,22,Basic,Active
6004,2024-11-02,2026-01-27,4,High,Medium,High,On-Time,7,29,Basic,Active
6005,2023-06-22,2025-05-13,263,Low,Low,High,Missed,2,13,Basic,Active
6006,2025-11-19,2026-01-24,7,High,Medium,Low,On-Time,9,68,Pro,Active
6007,2024-07-21,2025-11-11,81,Low,Medium,High,Delayed,5,18,Basic,Active
6008,2023-03-21,2025-10-16,107,Medium,Low,Low,Missed,5,53,Pro,Active
6009,2024-11-17,2026-01-12,19,Medium,Medium,Medium,On-Time,10,47,Pro,Active
6010,2023-10-05,2025-08-07,177,Low,Low,Medium,Missed,1,76,Pro,Cancelled
6011,2025-05-30,2026-01-20,11,Medium,High,Low,On-Time,7,149,Enterprise,Active
6012,2025-06-14,2026-01-30,1,High,Medium,Low,On-Time,10,41,Pro,Active
6013,2025-12-07,2025-12-26,36,Medium,High,Low,On-Time,9,26,Basic,Active
6014,2024-07-03,2026-01-24,7,High,Medium,Medium,On-Time,10,17,Basic,Active
6015,2024-05-13,2025-12-25,37,High,High,Medium,On-Time,8,15,Basic,Active
6016,2025-04-05,2025-11-16,76,Medium,Medium,Medium,On-Time,4,28,Basic,Active
6017,2023-05-26,2026-01-19,12,Medium,High,Low,On-Time,7,79,Pro,Active
6018,2024-08-21,2026-01-25,6,Medium,Medium,Medium,Delayed,7,13,Basic,Active
6019,2024-08-21,2026-01-17,14,High,Medium,Medium,On-Time,7,60,Pro,Active
6020,2023-04-08,2025-12-20,42,Medium,High,Low,On-Time,7,24,Basic,Active
6021,2024-04-02,2026-01-09,22,High,High,Low,Delayed,8,25,Basic,Active
6022,2025-07-23,2026-01-12,19,Medium,High,High,Delayed,7,44,Pro,Active
6023,2025-07-26,2026-01-22,9,Medium,Medium,Medium,On-Time,7,175,Enterprise,Active
6024,2023-04-19,2025-12-23,39,High,High,Low,On-Time,9,28,Basic,Active
6025,2023-04-10,2025-12-22,40,High,Medium,Low,On-Time,9,50,Pro,Active
6026,2023-10-15,2025-05-02,274,Low,Low,Low,Missed,2,52,Pro,Active
6027,2025-08-15,2025-07-30,185,Low,Low,Low,Missed,4,28,Basic,Cancelled
6028,2023-05-22,2026-01-06,25,High,High,Low,On-Time,7,17,Basic,Active
6029,2025-02-27,2026-01-03,28,Medium,Medium,Low,On-Time,9,74,Pro,Active
6030,2023-04-21,2026-01-23,8,Medium,Medium,Low,On-Time,10,77,Pro,Active
6031,2024-11-13,2026-01-14,17,High,Medium,Low,On-Time,10,70,Pro,Active
6032,2024-01-25,2026-01-09,22,Medium,High,Medium,On-Time,10,28,Basic,Active
6033,2025-05-13,2025-10-11,112,Low,Low,Low,Delayed,7,18,Basic,Active
6034,2023-09-13,2026-01-03,28,High,Medium,Medium,On-Time,7,28,Basic,Active
6035,2024-11-30,2026-01-11,20,Medium,High,Low,On-Time,10,23,Basic,Active
6036,2023-09-16,2026-01-18,13,Medium,Medium,Low,On-Time,7,13,Basic,Active
6037,2025-02-20,2026-01-15,16,High,Medium,Low,Delayed,7,18,Basic,Active
6038,2025-08-14,2025-10-23,100,Low,Low,Low,Delayed,7,11,Basic,Active
6039,2023-05-19,2026-01-23,8,High,Medium,High,On-Time,7,294,Enterprise,Active
6040,2025-08-06,2026-01-02,29,Medium,Medium,Low,On-Time,7,53,Pro,Active
6041,2024-10-11,2025-10-17,106,Low,Medium,Low,Missed,6,28,Basic,Active
6042,2023-05-20,2026-01-05,26,High,High,Low,Delayed,8,52,Pro,Active
6043,2024-04-13,2025-12-19,43,Medium,Medium,Low,On-Time,8,13,Basic,Active
6044,2023-06-26,2026-01-04,27,High,Medium,Medium,On-Time,8,49,Pro,Active
6045,2025-02-05,2026-01-20,11,High,Medium,Low,On-Time,10,27,Basic,Active
6046,2025-04-10,2026-01-19,12,Medium,Medium,Low,On-Time,10,18,Basic,Active
6047,2023-04-26,2026-01-12,19,High,Medium,Low,On-Time,8,27,Basic,Active
6048,2024-07-08,2025-12-18,44,High,Medium,Medium,On-Time,10,45,Pro,Active
6049,2025-06-11,2025-12-22,40,High,High,Medium,Delayed,7,29,Basic,Active
6050,2025-10-22,2026-01-16,15,High,High,Low,Delayed,9,21,Basic,Active
6051,2024-07-16,2025-06-04,241,Low,Low,Medium,Missed,3,47,Pro,Cancelled
6052,2025-11-06,2025-06-21,224,Low,Low,Low,Missed,4,16,Basic,Cancelled
6053,2024-08-09,2025-12-26,36,High,High,Low,On-Time,8,16,Basic,Active
6054,2024-03-07,2025-12-22,40,High,High,High,On-Time,7,55,Pro,Active
6055,2025-07-17,2025-11-29,63,Medium,Low,Low,Delayed,6,16,Basic,Active
6056,2024-06-23,2025-10-31,92,Medium,Low,Medium,Delayed,7,25,Basic,Active
6057,2024-05-31,2025-12-29,33,Medium,High,Low,On-Time,10,27,Basic,Active
6058,2024-06-20,2026-01-12,19,High,Medium,Low,On-Time,9,17,Basic,Active
6059,2025-07-16,2025-12-07,55,Low,Low,Medium,On-Time,4,76,Pro,Active
6060,2025-06-29,2025-11-29,63,Low,Low,Medium,Delayed,6,14,Basic,Active
6061,2024-03-17,2026-01-12,19,High,High,Medium,On-Time,8,59,Pro,Active
6062,2023-12-31,2025-12-25,37,Medium,Medium,Medium,On-Time,8,29,Basic,Active
6063,2024-06-22,2025-12-14,48,Low,Medium,Medium,Delayed,6,25,Basic,Active
6064,2024-09-19,2026-01-30,1,High,Medium,Medium,Delayed,10,65,Pro,Active
6065,2023-09-18,2025-05-23,253,Low,Low,Medium,Delayed,2,27,Basic,Cancelled
6066,2025-05-19,2025-12-18,44,High,Medium,High,On-Time,9,25,Basic,Active
6067,2024-06-16,2025-04-28,278,Low,Low,Medium,Delayed,4,16,Basic,Cancelled
6068,2024-01-01,2025-11-04,88,Low,Low,Low,On-Time,5,211,Enterprise,Active
6069,2023-04-27,2025-12-22,40,Medium,Medium,Low,On-Time,8,17,Basic,Active
6070,2023-09-19,2025-12-30,32,Medium,High,Low,On-Time,8,65,Pro,Active
6071,2025-11-05,2025-12-23,39,High,Medium,Low,On-Time,10,60,Pro,Active
6072,2023-12-01,2025-04-22,284,Low,Low,Low,Missed,1,22,Basic,Cancelled
6073,2023-07-04,2025-12-31,31,High,High,Low,On-Time,9,72,Pro,Active
6074,2024-05-19,2026-01-09,22,High,High,High,On-Time,7,79,Pro,Active
6075,2023-12-03,2026-01-25,6,Medium,High,Low,Delayed,9,44,Pro,Active
6076,2023-02-08,2025-12-03,59,Low,Low,Low,Delayed,6,12,Basic,Active
6077,2023-12-20,2025-12-27,35,High,Medium,Medium,On-Time,9,72,Pro,Active
6078,2024-08-18,2026-01-27,4,High,High,Low,On-Time,8,62,Pro,Active
6079,2024-08-27,2025-10-27,96,Low,Low,Medium,Missed,7,156,Enterprise,Active
6080,2024-01-26,2025-12-25,37,High,Medium,Medium,On-Time,10,78,Pro,Active
6081,2024-05-04,2026-01-23,8,High,Medium,Medium,On-Time,7,22,Basic,Active
6082,2025-11-23,2025-12-31,31,High,Medium,Low,On-Time,10,20,Basic,Active
6083,2024-02-18,2025-12-03,59,Low,Low,Low,On-Time,5,19,Basic,Active
6084,2023-10-10,2026-01-04,27,High,Medium,Low,On-Time,7,29,Basic,Active
6085,2023-09-24,2026-01-28,3,Medium,High,Medium,On-Time,8,24,Basic,Active
6086,2024-05-16,2025-12-19,43,High,High,High,Delayed,8,20,Basic,Active
6087,2025-04-11,2026-01-31,0,High,High,Medium,On-Time,8,15,Basic,Active
6088,2023-08-14,2025-06-17,228,Low,Low,Medium,Delayed,3,10,Basic,Active
6089,2025-02-15,2026-01-14,17,High,Medium,High,On-Time,8,73,Pro,Active
6090,2023-01-24,2025-11-19,73,Low,Low,Medium,On-Time,5,166,Enterprise,Active
6091,2024-04-03,2026-01-29,2,Medium,High,Medium,On-Time,10,23,Basic,Active
6092,2025-04-29,2025-11-15,77,Medium,Medium,Low,Delayed,4,15,Basic,Active
6093,2024-01-06,2025-12-27,35,Medium,Medium,Low,On-Time,10,215,Enterprise,Active
6094,2024-09-09,2025-08-01,183,Low,Low,Low,Missed,2,21,Basic,Cancelled
6095,2023-08-13,2026-01-03,28,Medium,High,Low,Delayed,10,42,Pro,Active
6096,2025-03-23,2025-12-19,43,High,High,Low,On-Time,8,20,Basic,Active
6097,2023-02-27,2025-12-26,36,Medium,High,High,On-Time,10,20,Basic,Active
6098,2025-07-22,2025-12-15,47,Medium,Low,Medium,Delayed,5,11,Basic,Active
6099,2023-08-06,2026-01-26,5,High,High,Medium,On-Time,9,16,Basic,Active
6100,2025-08-15,2025-11-11,81,Low,Low,Low,Delayed,6,43,Pro,Active
6101,2024-01-22,2026-01-17,14,Medium,High,Low,On-Time,8,75,Pro,Active
6102,2025-03-02,2026-01-30,1,High,High,Low,On-Time,7,214,Enterprise,Active
6103,2023-12-16,2025-12-29,33,Medium,Medium,Low,On-Time,8,72,Pro,Active
6104,2025-09-18,2025-12-25,37,High,Medium,Low,On-Time,7,13,Basic,Active
6105,2023-05-19,2026-01-07,24,High,High,Low,On-Time,9,20,Basic,Active
6106,2023-07-15,2026-01-07,24,High,High,Low,On-Time,7,13,Basic,Active
6107,2024-06-23,2025-12-08,54,Low,Low,Low,On-Time,4,55,Pro,Active
6108,2023-03-31,2026-01-24,7,High,High,Low,On-Time,7,22,Basic,Active
6109,2023-08-03,2026-01-21,10,High,Medium,Low,On-Time,7,11,Basic,Active
6110,2025-10-30,2025-06-11,234,Low,Low,High,Missed,4,63,Pro,Cancelled
6111,2025-12-05,2026-01-11,20,Medium,High,Medium,On-Time,7,23,Basic,Active
6112,2024-02-17,2026-01-03,28,Medium,Medium,Medium,On-Time,10,15,Basic,Active
6113,2025-10-07,2025-12-26,36,Medium,Medium,Medium,On-Time,9,51,Pro,Active
6114,2024-08-19,2025-12-26,36,Medium,Medium,Medium,On-Time,10,17,Basic,Active
6115,2023-10-23,2025-12-27,35,Medium,Medium,Medium,On-Time,7,11,Basic,Active
6116,2025-02-08,2026-01-16,15,High,High,High,On-Time,9,10,Basic,Active
6117,2024-12-22,2025-12-30,32,Medium,Medium,Low,On-Time,10,49,Pro,Active
6118,2025-12-19,2026-01-20,11,Medium,Medium,Medium,On-Time,9,14,Basic,Active
6119,2023-10-18,2026-01-06,25,Medium,Medium,High,On-Time,8,129,Enterprise,Active
6120,2025-01-05,2026-01-29,2,High,High,Low,Delayed,9,14,Basic,Active
6121,2023-02-26,2026-01-27,4,Medium,Medium,Low,On-Time,10,29,Basic,Active
6122,2023-05-05,2026-01-22,9,High,Medium,Low,On-Time,8,10,Basic,Active
6123,2023-01-05,2025-10-08,115,Low,Low,Medium,Delayed,5,66,Pro,Active
6124,2025-12-30,2026-01-28,3,High,Medium,Low,On-Time,7,21,Basic,Active
6125,2025-05-28,2026-01-31,0,Medium,Medium,Medium,Delayed,9,14,Basic,Active
6126,2025-05-11,2025-10-04,119,Low,Low,High,On-Time,7,200,Enterprise,Active
6127,2024-07-12,2025-12-19,43,Medium,Medium,Low,On-Time,7,21,Basic,Active
6128,2023-11-25,2025-12-20,42,High,Medium,Low,On-Time,8,20,Basic,Active
6129,2023-06-15,2026-01-19,12,High,Medium,High,Delayed,8,64,Pro,Active
6130,2023-11-08,2026-01-15,16,High,High,Medium,On-Time,9,64,Pro,Active
6131,2024-02-16,2026-01-26,5,High,Medium,Medium,On-Time,8,55,Pro,Active
6132,2025-04-08,2025-12-24,38,High,High,Low,On-Time,10,15,Basic,Active
6133,2024-08-13,2025-12-28,34,Medium,High,High,On-Time,8,64,Pro,Active
6134,2023-03-26,2026-01-20,11,Medium,Medium,High,On-Time,10,45,Pro,Active
6135,2023-01-20,2026-01-22,9,High,High,Medium,On-Time,7,21,Basic,Active
6136,2023-04-23,2025-12-21,41,High,High,Low,Delayed,10,70,Pro,Active
6137,2024-03-25,2026-01-22,9,High,High,Medium,On-Time,7,13,Basic,Active
6138,2025-10-18,2026-01-23,8,High,High,Low,Delayed,7,27,Basic,Active
6139,2024-11-28,2026-01-03,28,Medium,High,Low,On-Time,10,28,Basic,Active
6140,2025-05-27,2025-12-02,60,Low,Low,Medium,On-Time,6,53,Pro,Active
6141,2024-05-25,2026-01-16,15,High,High,Low,On-Time,8,234,Enterprise,Active
6142,2024-02-01,2025-12-01,61,Low,Low,Low,On-Time,6,64,Pro,Active
6143,2023-04-29,2025-10-28,95,Low,Medium,Medium,Missed,7,21,Basic,Active
6144,2025-08-17,2025-12-01,61,Medium,Low,Low,Delayed,4,49,Pro,Active
6145,2025-05-07,2026-01-08,23,High,Medium,Low,On-Time,7,15,Basic,Active
6146,2023-07-04,2025-06-25,220,Low,Low,Low,Delayed,3,14,Basic,Cancelled
6147,2024-07-14,2026-01-11,20,Medium,High,Medium,On-Time,7,29,Basic,Active
6148,2024-06-17,2026-01-29,2,Medium,High,Low,On-Time,10,271,Enterprise,Active
6149,2024-11-15,2026-01-01,30,High,High,Low,On-Time,9,10,Basic,Active
6150,2025-11-02,2025-07-25,190,Low,Low,Low,Delayed,2,57,Pro,Cancelled
6151,2024-09-26,2026-01-08,23,Medium,Medium,Low,On-Time,7,41,Pro,Active
6152,2024-08-14,2026-01-19,12,High,High,High,On-Time,10,44,Pro,Active
6153,2023-02-25,2025-10-08,115,Low,Medium,Low,Delayed,5,15,Basic,Active
6154,2023-03-10,2026-01-14,17,High,Medium,Medium,On-Time,8,15,Basic,Active
6155,2023-07-25,2025-07-31,184,Low,Low,Medium,Missed,2,41,Pro,Cancelled
6156,2023-02-05,2025-12-07,55,Low,Medium,Low,Missed,7,10,Basic,Active
6157,2025-03-24,2026-01-04,27,High,Medium,Low,On-Time,8,18,Basic,Active
6158,2025-03-03,2025-10-15,108,Low,Low,High,On-Time,7,29,Basic,Active
6159,2023-05-29,2026-01-05,26,High,Medium,Low,Delayed,7,67,Pro,Active
6160,2025-07-04,2025-12-19,43,Medium,Medium,Low,On-Time,8,282,Enterprise,Active
6161,2023-06-19,2026-01-08,23,High,High,Medium,Delayed,9,69,Pro,Active
6162,2023-11-26,2025-09-11,142,Low,Low,Low,Missed,2,156,Enterprise,Active
6163,2023-09-30,2025-10-31,92,Low,Low,Medium,Delayed,4,148,Enterprise,Active
6164,2024-02-12,2025-08-22,162,Low,Low,Low,Delayed,2,43,Pro,Cancelled
6165,2023-10-06,2025-10-21,102,Medium,Low,Medium,On-Time,5,17,Basic,Active
6166,2024-06-19,2025-04-13,293,Low,Low,Medium,Missed,5,71,Pro,Cancelled
6167,2024-03-22,2026-01-30,1,Medium,High,Medium,On-Time,9,168,Enterprise,Active
6168,2025-12-16,2025-11-19,73,Medium,Low,Low,Delayed,4,67,Pro,Active
6169,2023-03-03,2026-01-27,4,High,Medium,Medium,On-Time,10,61,Pro,Active
6170,2023-06-05,2026-01-22,9,High,High,Medium,On-Time,9,70,Pro,Active
6171,2023-02-27,2025-12-22,40,High,Medium,Low,On-Time,10,70,Pro,Active
6172,2024-11-16,2025-10-14,109,Low,Low,Low,Delayed,5,25,Basic,Active
6173,2023-03-01,2025-11-17,75,Low,Medium,Low,On-Time,6,29,Basic,Active
6174,2025-07-04,2026-01-22,9,High,High,Medium,On-Time,9,67,Pro,Active
6175,2024-07-14,2026-01-30,1,High,Medium,High,Delayed,8,52,Pro,Active
6176,2024-07-31,2025-11-22,70,Low,Low,Medium,Delayed,4,21,Basic,Active
6177,2024-09-06,2026-01-02,29,High,High,Medium,Delayed,9,18,Basic,Active
6178,2023-07-07,2025-08-01,183,Low,Low,Medium,Missed,4,283,Enterprise,Cancelled
6179,2023-08-05,2025-12-20,42,High,High,Low,On-Time,8,15,Basic,Active
6180,2023-12-16,2026-01-14,17,Medium,Medium,Low,Delayed,9,25,Basic,Active
6181,2024-10-11,2025-10-28,95,Low,Low,Low,Delayed,7,63,Pro,Active
6182,2023-08-19,2025-12-22,40,High,High,Medium,On-Time,9,28,Basic,Active
6183,2023-05-08,2025-11-11,81,Low,Medium,Low,Delayed,7,12,Basic,Active
6184,2025-11-28,2025-11-10,82,Medium,Low,Medium,On-Time,5,70,Pro,Active
6185,2023-01-25,2025-12-22,40,High,High,Low,On-Time,8,64,Pro,Active
6186,2025-05-28,2026-01-16,15,Medium,Medium,Medium,On-Time,9,79,Pro,Active
6187,2025-05-12,2026-01-06,25,High,High,High,On-Time,7,15,Basic,Active
6188,2023-11-22,2025-12-18,44,Medium,Medium,Low,On-Time,8,15,Basic,Active
6189,2023-05-29,2025-05-21,255,Low,Low,Medium,Missed,1,48,Pro,Cancelled
6190,2023-06-09,2026-01-14,17,High,Medium,Medium,On-Time,8,41,Pro,Active
6191,2025-02-02,2025-11-07,85,Low,Low,Low,Delayed,7,15,Basic,Active
6192,2024-12-04,2025-11-30,62,Medium,Low,Low,Delayed,6,53,Pro,Active
6193,2025-05-07,2026-01-16,15,High,Medium,Medium,On-Time,9,41,Pro,Active
6194,2025-10-23,2026-01-11,20,High,Medium,Medium,Delayed,9,74,Pro,Active
6195,2025-01-27,2025-12-09,53,Medium,Low,Medium,On-Time,7,50,Pro,Active
6196,2023-06-20,2026-01-24,7,Medium,Medium,High,On-Time,9,61,Pro,Active
6197,2023-09-24,2026-01-31,0,Medium,Medium,High,On-Time,8,15,Basic,Active
6198,2025-07-11,2026-01-12,19,Medium,Medium,High,On-Time,8,25,Basic,Active
6199,2023-08-18,2026-01-22,9,Medium,Medium,Low,On-Time,9,10,Basic,Active
6200,2023-03-21,2025-10-17,106,Medium,Low,Low,Delayed,5,24,Basic,Active
6201,2025-02-09,2026-01-22,9,Medium,Medium,Medium,On-Time,10,121,Enterprise,Active
6202,2024-03-16,2025-12-30,32,High,Medium,Medium,Delayed,9,20,Basic,Active
6203,2025-10-04,2026-01-14,17,Medium,Medium,Low,On-Time,7,74,Pro,Active
6204,2024-12-13,2025-12-09,53,Medium,Low,Low,Missed,4,25,Basic,Active
6205,2023-04-10,2025-11-07,85,Low,Low,High,Delayed,7,18,Basic,Active
6206,2025-11-03,2026-01-24,7,Medium,Medium,Low,Delayed,8,26,Basic,Active
6207,2023-10-11,2025-12-27,35,High,Medium,High,On-Time,8,26,Basic,Active
6208,2024-01-05,2025-12-19,43,High,High,Medium,On-Time,7,21,Basic,Active
6209,2024-03-16,2025-11-19,73,Low,Low,Medium,On-Time,5,18,Basic,Active
6210,2023-02-26,2026-01-15,16,High,High,Low,On-Time,8,67,Pro,Active
6211,2024-06-27,2026-01-17,14,High,Medium,Medium,On-Time,8,18,Basic,Active
6212,2023-05-16,2026-01-28,3,High,High,Medium,On-Time,7,192,Enterprise,Active
6213,2024-03-15,2026-01-22,9,Medium,Medium,Low,On-Time,8,40,Pro,Active
6214,2024-01-20,2026-01-03,28,Medium,High,Low,On-Time,7,66,Pro,Active
6215,2025-04-26,2025-10-22,101,Low,Low,Medium,On-Time,6,23,Basic,Active
6216,2025-05-29,2026-01-29,2,Medium,Medium,Low,On-Time,10,20,Basic,Active
6217,2023-06-17,2026-01-29,2,Medium,High,High,On-Time,10,14,Basic,Active
6218,2024-02-06,2025-08-29,155,Low,Low,High,Missed,3,26,Basic,Cancelled
6219,2024-02-13,2026-01-03,28,Medium,High,Low,On-Time,9,27,Basic,Active
6220,2023-06-15,2026-01-06,25,High,Medium,High,On-Time,10,74,Pro,Active
6221,2025-05-24,2025-12-01,61,Low,Low,Medium,Delayed,7,77,Pro,Active
6222,2025-02-13,2026-01-10,21,High,High,Low,On-Time,9,10,Basic,Active
6223,2023-07-28,2025-12-26,36,Medium,Medium,Low,On-Time,7,55,Pro,Active
6224,2024-02-06,2026-01-17,14,High,Medium,Low,On-Time,8,20,Basic,Active
6225,2023-04-26,2026-01-21,10,High,High,Medium,On-Time,7,11,Basic,Active
6226,2024-11-18,2025-12-21,41,Medium,Medium,Low,On-Time,8,49,Pro,Active
6227,2023-05-13,2025-10-11,112,Low,Low,Low,Delayed,6,15,Basic,Active
6228,2025-12-15,2025-11-11,81,Low,Low,Low,Delayed,6,16,Basic,Active
6229,2025-05-04,2026-01-28,3,High,High,Medium,Delayed,7,13,Basic,Active
6230,2024-03-03,2026-01-05,26,High,High,Medium,On-Time,10,77,Pro,Active
6231,2024-09-25,2025-10-04,119,Low,Medium,High,Missed,7,16,Basic,Active
6232,2025-09-24,2026-01-22,9,Medium,Medium,Low,On-Time,10,21,Basic,Active
6233,2024-08-29,2025-12-21,41,Medium,Medium,Low,Delayed,7,22,Basic,Active
6234,2023-07-11,2026-01-31,0,Medium,Medium,Medium,On-Time,7,67,Pro,Active
6235,2024-02-19,2025-11-12,80,Medium,Medium,Low,Delayed,5,76,Pro,Active
6236,2025-07-12,2026-01-11,20,Medium,High,Medium,Delayed,9,44,Pro,Active
6237,2024-12-06,2025-12-28,34,Medium,High,Low,On-Time,9,20,Basic,Active
6238,2024-12-13,2025-12-27,35,High,High,Low,On-Time,8,67,Pro,Active
6239,2025-08-07,2025-12-30,32,High,Medium,Medium,On-Time,10,58,Pro,Active
6240,2025-09-05,2026-01-27,4,Medium,High,Low,On-Time,10,298,Enterprise,Active
6241,2025-10-04,2026-01-01,30,High,High,Low,On-Time,7,67,Pro,Active
6242,2023-04-14,2026-01-30,1,High,Medium,Medium,On-Time,7,19,Basic,Active
6243,2024-08-18,2025-11-16,76,Low,Low,High,Delayed,7,61,Pro,Active
6244,2025-03-21,2026-01-11,20,High,High,Low,On-Time,8,12,Basic,Active
6245,2025-04-08,2025-12-09,53,Low,Low,Medium,Delayed,6,253,Enterprise,Active
6246,2024-10-26,2025-10-17,106,Low,Low,Low,On-Time,6,17,Basic,Active
6247,2023-07-02,2025-12-31,31,High,High,Low,Delayed,10,49,Pro,Active
6248,2025-05-23,2026-01-03,28,High,Medium,Low,On-Time,10,27,Basic,Active
6249,2025-02-27,2026-01-07,24,High,Medium,Medium,On-Time,10,48,Pro,Active
6250,2023-04-05,2025-10-04,119,Medium,Low,Low,Delayed,6,61,Pro,Active
6251,2024-05-22,2025-12-24,38,Medium,High,Medium,On-Time,10,29,Basic,Active
6252,2023-07-10,2026-01-13,18,High,High,High,Delayed,10,25,Basic,Active
6253,2024-01-05,2026-01-25,6,High,High,Medium,On-Time,8,41,Pro,Active
6254,2023-01-20,2025-12-20,42,High,High,High,On-Time,7,16,Basic,Active
6255,2024-03-14,2026-01-19,12,Medium,High,Low,On-Time,7,153,Enterprise,Active
6256,2024-08-25,2026-01-29,2,High,Medium,Low,On-Time,8,19,Basic,Active
6257,2024-11-09,2025-12-01,61,Medium,Low,Low,On-Time,6,27,Basic,Active
6258,2024-12-27,2025-12-20,42,High,High,Low,On-Time,10,58,Pro,Active
6259,2025-07-04,2025-08-09,175,Low,Low,Medium,Missed,1,14,Basic,Cancelled
6260,2023-08-24,2025-04-24,282,Low,Low,Medium,Missed,5,73,Pro,Cancelled
6261,2023-05-12,2026-01-11,20,Medium,High,Low,On-Time,7,45,Pro,Active
6262,2025-07-21,2025-10-21,102,Low,Medium,Medium,Delayed,5,14,Basic,Active
6263,2023-06-21,2026-01-22,9,Medium,High,Low,On-Time,10,220,Enterprise,Active
6264,2025-12-03,2026-01-30,1,Medium,High,Low,On-Time,9,29,Basic,Active
6265,2025-07-11,2026-01-03,28,High,High,Low,On-Time,7,13,Basic,Active
6266,2024-07-02,2026-01-13,18,Medium,Medium,Medium,On-Time,7,54,Pro,Active
6267,2025-12-10,2026-01-16,15,High,High,High,Delayed,8,75,Pro,Active
6268,2023-04-17,2025-11-04,88,Low,Medium,Low,Delayed,7,23,Basic,Active
6269,2023-11-28,2025-10-22,101,Low,Low,Medium,Missed,6,22,Basic,Active
6270,2024-11-29,2026-01-28,3,Medium,Medium,Medium,Delayed,8,46,Pro,Active
6271,2024-01-19,2026-01-16,15,Medium,Medium,Low,On-Time,9,21,Basic,Active
6272,2025-10-13,2025-12-30,32,High,High,High,On-Time,9,16,Basic,Active
6273,2023-03-13,2026-01-12,19,High,High,Low,Delayed,10,67,Pro,Active
6274,2024-08-24,2025-11-05,87,Medium,Low,High,Missed,6,229,Enterprise,Active
6275,2024-10-08,2026-01-11,20,High,Medium,Low,On-Time,7,43,Pro,Active
6276,2024-12-15,2025-12-21,41,Medium,High,Medium,On-Time,8,77,Pro,Active
6277,2023-10-07,2026-01-23,8,High,Medium,Medium,On-Time,9,76,Pro,Active
6278,2024-02-04,2025-12-26,36,High,Medium,Low,Delayed,10,26,Basic,Active
6279,2025-07-12,2026-01-07,24,High,High,Low,Delayed,9,272,Enterprise,Active
6280,2023-08-02,2026-01-18,13,Medium,Medium,Low,On-Time,10,63,Pro,Active
6281,2025-06-24,2026-01-07,24,High,Medium,Low,On-Time,10,72,Pro,Active
6282,2024-09-08,2026-01-09,22,High,High,Medium,Delayed,9,29,Basic,Active
6283,2025-04-14,2025-12-21,41,High,High,Medium,On-Time,7,28,Basic,Active
6284,2025-02-20,2025-12-02,60,Low,Medium,Low,On-Time,5,19,Basic,Active
6285,2023-08-16,2026-01-06,25,High,High,Low,On-Time,9,26,Basic,Active
6286,2024-09-14,2025-12-03,59,Low,Low,Low,On-Time,6,222,Enterprise,Active
6287,2025-08-08,2025-11-01,91,Medium,Low,Low,On-Time,5,13,Basic,Active
6288,2024-04-18,2025-12-18,44,High,High,High,On-Time,8,138,Enterprise,Active
6289,2025-11-24,2025-12-27,35,High,Medium,Low,On-Time,10,23,Basic,Active
6290,2024-05-10,2026-01-29,2,High,High,Low,On-Time,7,66,Pro,Active
6291,2023-06-06,2026-01-26,5,Medium,Medium,Low,On-Time,10,12,Basic,Active
6292,2024-03-02,2025-10-05,118,Medium,Low,Low,Delayed,7,196,Enterprise,Active
6293,2025-11-08,2026-01-02,29,High,Medium,Low,On-Time,7,42,Pro,Active
6294,2023-12-17,2025-12-23,39,Medium,Medium,Low,On-Time,9,57,Pro,Active
6295,2025-08-08,2026-01-01,30,High,High,Low,On-Time,8,205,Enterprise,Active
6296,2025-08-22,2026-01-29,2,Medium,Medium,Medium,On-Time,8,49,Pro,Active
6297,2024-01-19,2025-12-29,33,Medium,High,Low,On-Time,7,19,Basic,Active
6298,2023-04-02,2025-06-13,232,Low,Low,Medium,Missed,3,16,Basic,Cancelled
6299,2025-03-04,2025-10-30,93,Medium,Medium,Low,Delayed,4,18,Basic,Active
6300,2023-12-08,2026-01-08,23,Medium,Medium,Low,On-Time,9,10,Basic,Active
6301,2025-05-07,2026-01-14,17,Medium,High,Low,On-Time,8,25,Basic,Active
6302,2024-04-29,2026-01-14,17,High,High,Low,On-Time,9,184,Enterprise,Active
6303,2024-06-15,2026-01-19,12,Medium,High,Low,On-Time,9,17,Basic,Active
6304,2025-05-01,2025-10-06,117,Low,Low,High,On-Time,7,274,Enterprise,Active
6305,2024-02-23,2026-01-13,18,High,High,Low,On-Time,10,64,Pro,Active
6306,2024-04-30,2025-12-20,42,Medium,High,Low,On-Time,7,16,Basic,Active
6307,2024-02-16,2026-01-11,20,High,Medium,Medium,On-Time,9,69,Pro,Active
6308,2024-02-07,2026-01-17,14,Medium,High,Medium,On-Time,7,28,Basic,Active
6309,2024-07-29,2026-01-26,5,High,Medium,Medium,On-Time,9,18,Basic,Active
6310,2025-06-04,2026-01-24,7,Medium,High,Low,On-Time,10,24,Basic,Active
6311,2024-02-01,2025-12-18,44,High,Medium,Medium,Delayed,10,16,Basic,Active
6312,2024-07-28,2026-01-03,28,High,Medium,Medium,Delayed,9,40,Pro,Active
6313,2025-01-04,2025-11-15,77,Low,Low,Low,Missed,7,22,Basic,Active
6314,2023-10-23,2025-12-18,44,High,Medium,High,On-Time,8,64,Pro,Active
6315,2023-10-31,2026-01-25,6,High,Medium,Medium,Delayed,7,15,Basic,Active
6316,2025-10-19,2025-09-13,140,Low,Low,Medium,Missed,4,48,Pro,Cancelled
6317,2025-03-03,2026-01-17,14,High,High,Low,On-Time,8,20,Basic,Active
6318,2024-09-24,2025-12-19,43,Medium,Medium,High,On-Time,7,10,Basic,Active
6319,2024-12-10,2026-01-29,2,High,Medium,Low,On-Time,10,71,Pro,Active
6320,2023-02-02,2025-12-24,38,Medium,Medium,High,On-Time,8,297,Enterprise,Active
6321,2024-11-07,2026-01-14,17,High,Medium,Low,On-Time,9,17,Basic,Active
6322,2024-07-11,2026-01-10,21,Medium,High,High,On-Time,9,75,Pro,Active
6323,2024-08-20,2026-01-07,24,High,Medium,Medium,On-Time,7,43,Pro,Active
6324,2024-01-29,2026-01-31,0,High,Medium,Medium,Delayed,10,282,Enterprise,Active
6325,2023-03-31,2026-01-25,6,Medium,High,Low,On-Time,7,22,Basic,Active
6326,2023-07-31,2025-12-22,40,High,High,Low,On-Time,8,45,Pro,Active
6327,2025-11-07,2025-12-20,42,High,High,Medium,On-Time,10,10,Basic,Active
6328,2024-03-23,2026-01-06,25,High,Medium,Low,On-Time,10,14,Basic,Active
6329,2024-05-26,2026-01-10,21,High,High,Medium,Delayed,8,19,Basic,Active
6330,2023-02-27,2025-12-25,37,High,High,High,On-Time,8,26,Basic,Active
6331,2023-02-11,2025-07-11,204,Low,Low,Low,Delayed,3,78,Pro,Cancelled
6332,2025-02-24,2026-01-19,12,Medium,Medium,Low,Delayed,7,20,Basic,Active
6333,2024-08-12,2025-12-29,33,High,High,Low,Delayed,8,20,Basic,Active
6334,2024-07-11,2025-10-28,95,Low,Medium,Low,Delayed,7,22,Basic,Active
6335,2023-09-24,2026-01-13,18,High,High,Medium,Delayed,8,14,Basic,Active
6336,2025-03-26,2025-10-28,95,Low,Medium,Low,Missed,5,19,Basic,Active
6337,2023-07-04,2026-01-11,20,Medium,Medium,Low,On-Time,9,153,Enterprise,Active
6338,2023-07-27,2026-01-01,30,High,Medium,High,On-Time,7,44,Pro,Active
6339,2024-05-19,2026-01-19,12,High,High,Low,On-Time,7,12,Basic,Active
6340,2023-11-10,2025-06-03,242,Low,Low,High,Delayed,2,27,Basic,Active
6341,2023-09-28,2026-01-18,13,High,Medium,Low,On-Time,10,51,Pro,Active
6342,2024-12-07,2026-01-31,0,High,Medium,Low,Delayed,8,44,Pro,Active
6343,2024-12-13,2026-01-03,28,Medium,High,Low,On-Time,10,51,Pro,Active
6344,2025-06-21,2025-12-20,42,High,High,Low,On-Time,7,40,Pro,Active
6345,2024-04-02,2026-01-11,20,Medium,Medium,Medium,On-Time,7,68,Pro,Active
6346,2023-03-22,2025-11-29,63,Medium,Medium,Medium,On-Time,6,20,Basic,Active
6347,2023-10-27,2026-01-28,3,Medium,Medium,Medium,On-Time,8,72,Pro,Active
6348,2025-12-09,2026-01-12,19,High,High,Low,Delayed,8,22,Basic,Active
6349,2024-10-14,2025-12-13,49,Low,Medium,Medium,Delayed,7,74,Pro,Active
6350,2025-02-16,2026-01-31,0,Medium,High,Low,On-Time,8,18,Basic,Active
6351,2023-01-09,2025-12-26,36,High,Medium,Medium,On-Time,8,22,Basic,Active
6352,2024-07-21,2026-01-18,13,High,Medium,Low,On-Time,8,23,Basic,Active
6353,2023-02-11,2026-01-23,8,High,Medium,Low,Delayed,9,121,Enterprise,Active
6354,2024-09-15,2025-10-13,110,Low,Low,Medium,On-Time,5,18,Basic,Active
6355,2025-10-05,2025-10-25,98,Low,Medium,High,On-Time,7,13,Basic,Active
6356,2025-11-26,2026-01-15,16,High,Medium,Medium,On-Time,8,10,Basic,Active
6357,2024-08-14,2026-01-27,4,High,Medium,Medium,On-Time,8,10,Basic,Active
6358,2024-05-16,2026-01-31,0,High,Medium,High,On-Time,9,21,Basic,Active
6359,2025-10-31,2025-12-22,40,High,Medium,Medium,On-Time,8,29,Basic,Active
6360,2025-01-07,2026-01-20,11,Medium,High,Medium,Delayed,8,10,Basic,Active
6361,2023-03-13,2026-01-27,4,High,Medium,Medium,On-Time,10,14,Basic,Active
6362,2024-05-24,2026-01-15,16,High,Medium,High,On-Time,9,212,Enterprise,Active
6363,2023-09-21,2025-12-18,44,High,Medium,Medium,Delayed,9,22,Basic,Active
6364,2024-05-29,2025-11-14,78,Low,Medium,High,Delayed,5,13,Basic,Active
6365,2024-05-13,2026-01-24,7,High,Medium,Low,On-Time,7,23,Basic,Active
6366,2024-09-29,2025-12-28,34,Medium,High,High,On-Time,9,72,Pro,Active
6367,2024-01-26,2025-11-29,63,Low,Low,Low,Missed,7,197,Enterprise,Active
6368,2023-06-29,2026-01-08,23,High,High,Medium,On-Time,10,62,Pro,Active
6369,2024-07-05,2025-12-12,50,Medium,Medium,Medium,Delayed,5,227,Enterprise,Active
6370,2025-06-28,2025-12-30,32,High,Medium,Medium,On-Time,8,16,Basic,Active
6371,2024-12-28,2025-11-22,70,Low,Low,Low,Delayed,6,186,Enterprise,Active
6372,2024-01-06,2026-01-05,26,High,High,High,Delayed,7,19,Basic,Active
6373,2025-10-21,2026-01-27,4,Medium,High,Low,On-Time,8,58,Pro,Active
6374,2025-09-25,2025-06-13,232,Low,Low,Low,Missed,2,27,Basic,Cancelled
6375,2023-08-18,2026-01-15,16,High,Medium,Medium,On-Time,10,13,Basic,Active
6376,2023-02-13,2026-01-01,30,High,Medium,Medium,On-Time,9,13,Basic,Active
6377,2025-03-22,2026-01-06,25,Medium,High,Medium,On-Time,7,14,Basic,Active
6378,2025-06-25,2025-12-28,34,Medium,Medium,High,On-Time,9,22,Basic,Active
6379,2025-11-25,2026-01-28,3,High,Medium,Low,Delayed,10,14,Basic,Active
6380,2025-09-01,2026-01-22,9,High,High,Low,On-Time,8,123,Enterprise,Active
6381,2024-10-19,2025-12-19,43,High,High,High,On-Time,8,12,Basic,Active
6382,2024-08-03,2025-12-24,38,Medium,Medium,Medium,Delayed,7,21,Basic,Active
6383,2023-01-31,2026-01-29,2,High,Medium,High,On-Time,10,19,Basic,Active
6384,2023-09-28,2025-12-11,51,Medium,Low,High,Delayed,4,11,Basic,Active
6385,2024-05-18,2026-01-08,23,High,Medium,Medium,On-Time,10,25,Basic,Active
6386,2024-11-19,2026-01-25,6,Medium,High,Medium,On-Time,8,60,Pro,Active
6387,2024-09-02,2025-11-13,79,Medium,Medium,Low,On-Time,6,21,Basic,Active
6388,2025-03-24,2026-01-13,18,High,High,Low,On-Time,8,52,Pro,Active
6389,2023-11-03,2026-01-06,25,High,Medium,Medium,On-Time,8,28,Basic,Active
6390,2024-09-10,2026-01-30,1,Medium,High,Medium,On-Time,10,297,Enterprise,Active
6391,2023-04-07,2026-01-04,27,High,High,Medium,On-Time,7,70,Pro,Active
6392,2024-03-28,2025-10-19,104,Low,Low,Low,On-Time,6,14,Basic,Active
6393,2025-04-01,2025-12-30,32,Medium,High,Low,On-Time,8,62,Pro,Active
6394,2025-01-29,2025-07-23,192,Low,Low,Low,Delayed,1,11,Basic,Cancelled
6395,2025-12-20,2026-01-11,20,Medium,High,Medium,Delayed,10,10,Basic,Active
6396,2023-11-01,2026-01-26,5,High,Medium,Medium,Delayed,9,59,Pro,Active
6397,2024-06-29,2026-01-02,29,High,High,Low,Delayed,10,70,Pro,Active
6398,2023-12-27,2026-01-01,30,Medium,High,Medium,On-Time,8,48,Pro,Active
6399,2024-04-27,2026-01-18,13,Medium,High,Low,On-Time,7,44,Pro,Active
6400,2025-07-27,2026-01-09,22,High,High,Medium,Delayed,7,27,Basic,Active
6401,2025-01-19,2025-12-24,38,Medium,High,Low,On-Time,9,53,Pro,Active
6402,2025-08-24,2025-12-19,43,High,High,Medium,On-Time,8,252,Enterprise,Active
6403,2023-08-11,2025-12-30,32,Medium,Medium,Low,On-Time,10,29,Basic,Active
6404,2025-08-14,2026-01-07,24,High,High,Low,On-Time,10,12,Basic,Active
6405,2023-03-07,2025-12-20,42,Medium,High,Low,On-Time,7,21,Basic,Active
6406,2025-08-31,2025-11-14,78,Low,Medium,High,On-Time,7,15,Basic,Active
6407,2023-12-27,2026-01-31,0,Medium,Medium,Low,On-Time,8,10,Basic,Active
6408,2023-12-11,2025-05-05,271,Low,Low,Low,Missed,5,41,Pro,Cancelled
6409,2024-07-14,2026-01-29,2,High,High,Low,On-Time,10,59,Pro,Active
6410,2025-10-27,2026-01-08,23,Medium,High,High,Delayed,10,27,Basic,Active
6411,2023-02-22,2025-12-11,51,Low,Low,Low,Delayed,6,14,Basic,Active
6412,2024-01-21,2025-11-14,78,Low,Low,Low,Delayed,4,147,Enterprise,Active
6413,2025-07-26,2025-11-29,63,Medium,Medium,Low,Missed,4,10,Basic,Active
6414,2024-03-09,2026-01-29,2,High,Medium,High,Delayed,9,247,Enterprise,Active
6415,2023-08-07,2025-12-08,54,Low,Low,High,Delayed,6,61,Pro,Active
6416,2024-04-10,2025-06-13,232,Low,Low,Low,Delayed,2,25,Basic,Cancelled
6417,2024-02-27,2026-01-04,27,Medium,Medium,Medium,On-Time,9,23,Basic,Active
6418,2025-09-29,2025-05-03,273,Low,Low,Low,Missed,1,75,Pro,Cancelled
6419,2025-04-14,2025-11-23,69,Low,Low,Low,On-Time,6,76,Pro,Active
6420,2024-07-07,2026-01-03,28,Medium,Medium,Medium,On-Time,9,16,Basic,Active
6421,2025-12-18,2025-12-24,38,High,Medium,Low,On-Time,9,17,Basic,Active
6422,2024-05-24,2026-01-02,29,High,High,Low,Delayed,8,21,Basic,Active
6423,2023-03-05,2026-01-15,16,Medium,High,High,On-Time,10,40,Pro,Active
6424,2023-10-15,2026-01-31,0,Medium,Medium,Low,On-Time,7,12,Basic,Active
6425,2024-04-22,2026-01-15,16,Medium,High,Low,On-Time,7,18,Basic,Active
6426,2023-06-21,2025-08-14,170,Low,Low,Medium,Delayed,4,46,Pro,Cancelled
6427,2025-11-03,2025-04-26,280,Low,Low,Low,Delayed,3,16,Basic,Cancelled
6428,2025-04-19,2025-10-04,119,Low,Low,Low,On-Time,5,171,Enterprise,Active
6429,2023-10-21,2025-12-28,34,High,Medium,Low,On-Time,10,22,Basic,Active
6430,2024-10-08,2026-01-15,16,Medium,Medium,Low,On-Time,7,12,Basic,Active
6431,2025-02-28,2026-01-02,29,High,High,Low,On-Time,10,20,Basic,Active
6432,2025-10-27,2025-12-22,40,Medium,High,Low,On-Time,10,28,Basic,Active
6433,2025-08-23,2025-10-08,115,Medium,Low,Medium,On-Time,7,16,Basic,Active
6434,2024-07-18,2025-11-28,64,Low,Low,High,Delayed,7,11,Basic,Active
6435,2025-04-28,2025-12-26,36,Medium,Medium,Low,On-Time,9,13,Basic,Active
6436,2024-09-07,2025-12-29,33,High,High,Medium,On-Time,9,64,Pro,Active
6437,2024-08-28,2025-11-06,86,Low,Medium,Low,Delayed,4,16,Basic,Active
6438,2023-05-06,2026-01-27,4,High,High,High,On-Time,7,13,Basic,Active
6439,2023-05-19,2025-12-19,43,Medium,Medium,Medium,On-Time,9,25,Basic,Active
6440,2024-08-02,2026-01-18,13,Medium,High,Medium,On-Time,10,17,Basic,Active
6441,2023-10-22,2025-10-29,94,Low,Low,Low,Delayed,6,12,Basic,Active
6442,2023-01-24,2026-01-24,7,High,High,Low,On-Time,7,11,Basic,Active
6443,2025-03-02,2026-01-27,4,High,Medium,Low,On-Time,9,61,Pro,Active
6444,2023-02-05,2026-01-31,0,High,High,High,On-Time,7,21,Basic,Active
6445,2024-10-13,2025-04-26,280,Low,Low,Low,Missed,5,14,Basic,Cancelled
6446,2024-08-13,2025-04-16,290,Low,Low,Low,Missed,5,26,Basic,Cancelled
6447,2025-11-26,2026-01-04,27,High,Medium,Low,On-Time,8,67,Pro,Active
6448,2024-06-14,2025-12-30,32,Medium,Medium,Low,On-Time,9,18,Basic,Active
6449,2023-03-11,2026-01-17,14,High,Medium,Medium,On-Time,10,73,Pro,Active
6450,2024-08-27,2026-01-23,8,High,High,Medium,Delayed,10,28,Basic,Active
6451,2025-07-10,2025-12-04,58,Low,Low,Low,Delayed,4,173,Enterprise,Active
6452,2025-12-27,2026-01-24,7,High,Medium,Low,On-Time,8,11,Basic,Active
6453,2024-04-16,2026-01-16,15,High,Medium,Low,On-Time,8,59,Pro,Active
6454,2023-12-17,2026-01-21,10,High,High,Low,On-Time,7,79,Pro,Active
6455,2025-09-19,2025-12-19,43,High,Medium,High,On-Time,8,72,Pro,Active
6456,2023-07-29,2025-09-19,134,Low,Low,Medium,Missed,1,71,Pro,Cancelled
6457,2024-11-04,2025-09-03,150,Low,Low,High,Missed,3,16,Basic,Cancelled
6458,2024-03-20,2025-12-19,43,Medium,Medium,Low,On-Time,7,60,Pro,Active
6459,2023-02-14,2025-12-01,61,Low,Low,High,Delayed,7,23,Basic,Active
6460,2024-01-16,2025-12-27,35,High,Medium,Low,Delayed,9,50,Pro,Active
6461,2023-10-18,2025-07-17,198,Low,Low,Medium,Delayed,3,26,Basic,Cancelled
6462,2025-01-21,2026-01-18,13,High,High,Low,On-Time,8,55,Pro,Active
6463,2025-11-04,2025-12-29,33,Medium,High,Medium,On-Time,10,26,Basic,Active
6464,2023-10-21,2026-01-02,29,Medium,Medium,Low,On-Time,9,67,Pro,Active
6465,2025-06-07,2026-01-02,29,Medium,High,Medium,On-Time,10,13,Basic,Active
6466,2023-03-02,2026-01-21,10,High,High,High,On-Time,10,78,Pro,Active
6467,2024-08-12,2026-01-19,12,Medium,Medium,Medium,Delayed,9,26,Basic,Active
6468,2023-03-19,2026-01-12,19,Medium,Medium,High,On-Time,10,20,Basic,Active
6469,2025-10-19,2026-01-21,10,Medium,Medium,Low,On-Time,8,23,Basic,Active
6470,2025-04-19,2025-12-22,40,Medium,Medium,Low,On-Time,9,10,Basic,Active
6471,2024-12-21,2025-10-27,96,Low,Low,Medium,Delayed,6,203,Enterprise,Active
6472,2025-06-21,2025-12-31,31,High,High,Low,On-Time,7,62,Pro,Active
6473,2024-12-10,2025-09-16,137,Low,Low,Low,Missed,1,14,Basic,Cancelled
6474,2025-11-26,2025-12-24,38,High,Medium,Low,On-Time,10,165,Enterprise,Active
6475,2025-02-20,2025-12-29,33,Medium,Medium,Medium,On-Time,10,27,Basic,Active
6476,2025-10-09,2025-07-25,190,Low,Low,Medium,Missed,2,21,Basic,Cancelled
6477,2024-07-20,2025-12-01,61,Medium,Low,Medium,Delayed,5,72,Pro,Active
6478,2023-05-09,2026-01-23,8,High,Medium,Low,On-Time,9,294,Enterprise,Active
6479,2024-08-01,2026-01-15,16,High,Medium,Low,On-Time,7,74,Pro,Active
6480,2023-05-19,2026-01-17,14,High,High,Low,On-Time,8,27,Basic,Active
6481,2024-10-10,2026-01-25,6,High,High,Low,On-Time,7,61,Pro,Active
6482,2024-06-12,2026-01-02,29,Medium,High,Low,On-Time,7,23,Basic,Active
6483,2024-11-12,2025-09-10,143,Low,Low,High,Delayed,3,74,Pro,Cancelled
6484,2023-01-12,2026-01-27,4,Medium,Medium,High,Delayed,8,289,Enterprise,Active
6485,2023-08-02,2026-01-31,0,Medium,High,Medium,On-Time,8,61,Pro,Active
6486,2024-06-22,2026-01-03,28,Medium,Medium,Low,On-Time,8,14,Basic,Active
6487,2025-11-06,2026-01-22,9,Medium,High,Low,On-Time,10,25,Basic,Active
6488,2024-02-25,2025-09-23,130,Low,Low,Medium,Missed,4,73,Pro,Cancelled
6489,2024-04-09,2026-01-17,14,High,Medium,Low,On-Time,7,22,Basic,Active
6490,2025-02-21,2025-06-22,223,Low,Low,Medium,Delayed,3,49,Pro,Cancelled
6491,2024-10-23,2026-01-19,12,High,Medium,High,On-Time,10,15,Basic,Active
6492,2023-11-24,2026-01-10,21,Medium,Medium,Low,On-Time,9,21,Basic,Active
6493,2024-03-25,2026-01-07,24,High,Medium,Medium,On-Time,10,50,Pro,Active
6494,2023-08-27,2026-01-27,4,Medium,High,High,Delayed,10,43,Pro,Active
6495,2025-11-23,2026-01-11,20,High,Medium,Low,On-Time,9,12,Basic,Active
6496,2023-05-24,2025-12-23,39,High,Medium,Medium,On-Time,10,21,Basic,Active
6497,2024-02-12,2026-01-16,15,Medium,High,Medium,On-Time,8,181,Enterprise,Active
6498,2023-01-29,2026-01-09,22,Medium,Medium,High,On-Time,8,29,Basic,Active
6499,2023-08-31,2025-10-11,112,Low,Low,High,Missed,4,14,Basic,Active
6500,2025-05-04,2026-01-30,1,Medium,High,Medium,On-Time,10,28,Basic,Active
6501,2023-08-09,2026-01-31,0,Medium,High,Medium,On-Time,10,12,Basic,Active
6502,2023-03-29,2026-01-18,13,High,Medium,Low,On-Time,8,23,Basic,Active
6503,2024-06-03,2025-12-19,43,High,Medium,Medium,Delayed,7,130,Enterprise,Active
6504,2023-01-11,2025-12-26,36,High,High,Low,On-Time,8,221,Enterprise,Active
6505,2023-04-03,2026-01-12,19,Medium,Medium,Low,On-Time,9,40,Pro,Active
6506,2025-06-03,2025-10-20,103,Medium,Medium,Medium,Delayed,4,29,Basic,Active
6507,2025-04-24,2026-01-08,23,Medium,Medium,Medium,On-Time,10,29,Basic,Active
6508,2025-09-29,2025-11-14,78,Medium,Low,Low,Delayed,6,52,Pro,Active
6509,2025-07-24,2025-12-29,33,Medium,Medium,Low,On-Time,8,24,Basic,Active
6510,2025-01-18,2025-09-22,131,Low,Low,Low,Missed,2,28,Basic,Cancelled
6511,2023-02-27,2025-04-20,286,Low,Low,Low,Missed,2,26,Basic,Active
6512,2025-05-07,2026-01-07,24,High,High,Low,On-Time,7,241,Enterprise,Active
6513,2025-07-14,2026-01-22,9,High,Medium,Low,Delayed,8,12,Basic,Active
6514,2025-05-24,2026-01-23,8,High,Medium,Medium,On-Time,9,51,Pro,Active
6515,2024-07-10,2025-11-03,89,Low,Low,Low,On-Time,7,79,Pro,Active
6516,2023-09-13,2026-01-22,9,High,Medium,Low,On-Time,10,21,Basic,Active
6517,2025-07-14,2025-10-25,98,Medium,Low,High,Delayed,6,28,Basic,Active
6518,2025-03-07,2025-12-24,38,Medium,Medium,Medium,On-Time,8,25,Basic,Active
6519,2025-12-09,2026-01-11,20,Medium,High,Low,On-Time,9,60,Pro,Active
6520,2023-06-20,2025-11-13,79,Low,Medium,Low,Delayed,5,22,Basic,Active
6521,2023-09-05,2025-11-03,89,Low,Low,Medium,Delayed,5,28,Basic,Active
6522,2023-08-20,2025-10-26,97,Low,Low,Low,Missed,4,18,Basic,Active
6523,2025-05-17,2025-06-11,234,Low,Low,Medium,Delayed,1,53,Pro,Cancelled
6524,2023-07-24,2025-12-28,34,High,Medium,Low,On-Time,8,28,Basic,Active
6525,2023-03-14,2026-01-23,8,High,High,Low,On-Time,8,25,Basic,Active
6526,2025-12-29,2026-01-19,12,Medium,High,High,On-Time,9,42,Pro,Active
6527,2023-01-28,2026-01-13,18,High,High,Medium,On-Time,10,24,Basic,Active
6528,2025-07-03,2026-01-16,15,High,High,Low,Delayed,7,16,Basic,Active
6529,2024-02-05,2026-01-16,15,High,High,Medium,On-Time,7,21,Basic,Active
6530,2025-07-10,2026-01-24,7,Medium,High,High,On-Time,7,25,Basic,Active
6531,2024-08-30,2026-01-18,13,High,High,Low,Delayed,9,25,Basic,Active
6532,2025-09-14,2025-09-15,138,Low,Low,Low,Delayed,4,15,Basic,Cancelled
6533,2025-10-11,2026-01-02,29,High,Medium,High,On-Time,8,291,Enterprise,Active
6534,2023-01-10,2025-10-23,100,Medium,Low,Medium,On-Time,5,29,Basic,Active
6535,2023-03-24,2025-12-30,32,High,High,High,Delayed,9,29,Basic,Active
6536,2023-10-02,2026-01-15,16,Medium,Medium,Medium,Delayed,7,194,Enterprise,Active
6537,2025-01-02,2026-01-03,28,High,Medium,Low,Delayed,8,26,Basic,Active
6538,2025-08-30,2025-10-07,116,Medium,Low,Low,On-Time,7,67,Pro,Active
6539,2024-05-18,2025-11-05,87,Medium,Medium,Low,On-Time,7,61,Pro,Active
6540,2024-10-26,2026-01-28,3,High,Medium,Medium,On-Time,10,15,Basic,Active
6541,2023-07-26,2025-12-30,32,High,Medium,Low,On-Time,7,50,Pro,Active
6542,2025-05-31,2025-12-22,40,High,High,Medium,On-Time,8,28,Basic,Active
6543,2025-11-25,2026-01-26,5,High,Medium,Low,Delayed,10,18,Basic,Active
6544,2023-10-22,2025-11-08,84,Medium,Medium,Low,Missed,4,48,Pro,Active
6545,2024-06-25,2026-01-23,8,Medium,High,Low,On-Time,8,78,Pro,Active
6546,2023-04-05,2026-01-24,7,Medium,Medium,Low,On-Time,8,25,Basic,Active
6547,2024-09-04,2025-10-24,99,Low,Low,Medium,Missed,6,14,Basic,Active
6548,2024-07-04,2026-01-27,4,Medium,High,Medium,On-Time,7,48,Pro,Active
6549,2023-06-08,2025-12-03,59,Low,Medium,Low,Delayed,4,25,Basic,Active
6550,2024-04-29,2025-04-11,295,Low,Low,Low,Missed,3,53,Pro,Cancelled
6551,2024-01-01,2025-07-07,208,Low,Low,Low,Missed,1,28,Basic,Cancelled
6552,2024-07-25,2026-01-10,21,High,High,Medium,On-Time,7,17,Basic,Active
6553,2024-10-03,2026-01-21,10,High,High,Medium,On-Time,10,13,Basic,Active
6554,2023-01-10,2026-01-28,3,Medium,Medium,Low,Delayed,9,12,Basic,Active
6555,2025-04-13,2026-01-25,6,High,Medium,Low,On-Time,8,46,Pro,Active
6556,2025-02-19,2026-01-29,2,Medium,High,Medium,On-Time,10,13,Basic,Active
6557,2024-02-06,2025-08-12,172,Low,Low,Medium,Missed,2,29,Basic,Active
6558,2023-02-27,2026-01-04,27,High,Medium,Medium,On-Time,9,50,Pro,Active
6559,2025-04-06,2025-11-02,90,Low,Medium,Low,Missed,4,24,Basic,Active
6560,2025-11-11,2025-10-06,117,Low,Low,Medium,Missed,7,27,Basic,Active
6561,2023-09-20,2026-01-11,20,High,Medium,Low,On-Time,9,28,Basic,Active
6562,2023-12-21,2025-12-25,37,High,Medium,Low,On-Time,9,18,Basic,Active
6563,2023-07-21,2026-01-16,15,Medium,High,Low,On-Time,7,75,Pro,Active
6564,2024-09-23,2025-05-02,274,Low,Low,High,Missed,5,10,Basic,Active
6565,2023-06-19,2025-09-08,145,Low,Low,Medium,Delayed,4,14,Basic,Cancelled
6566,2024-01-26,2025-12-09,53,Medium,Low,Low,Delayed,6,246,Enterprise,Active
6567,2025-02-02,2026-01-29,2,High,Medium,High,On-Time,8,16,Basic,Active
6568,2024-09-05,2025-12-23,39,Medium,High,Medium,On-Time,7,233,Enterprise,Active
6569,2024-02-28,2025-11-28,64,Low,Medium,Low,Missed,7,62,Pro,Active
6570,2024-04-05,2025-12-02,60,Medium,Medium,High,Delayed,6,21,Basic,Active
6571,2024-09-07,2025-11-12,80,Low,Medium,Low,Delayed,5,28,Basic,Active
6572,2023-01-07,2026-01-10,21,High,High,Low,On-Time,10,17,Basic,Active
6573,2023-03-27,2025-12-25,37,Medium,Medium,Medium,On-Time,9,11,Basic,Active
6574,2025-08-22,2025-09-05,148,Low,Low,Medium,Missed,3,19,Basic,Cancelled
6575,2023-03-27,2026-01-13,18,High,Medium,Low,On-Time,7,13,Basic,Active
6576,2025-02-12,2025-09-29,124,Low,Low,Medium,Missed,4,288,Enterprise,Cancelled
6577,2025-10-04,2026-01-06,25,Medium,Medium,Medium,On-Time,10,13,Basic,Active
6578,2023-10-24,2026-01-08,23,High,High,High,Delayed,7,28,Basic,Active
6579,2024-02-10,2025-06-24,221,Low,Low,Low,Missed,5,247,Enterprise,Cancelled
6580,2024-09-14,2026-01-04,27,High,Medium,Medium,Delayed,8,26,Basic,Active
6581,2025-08-23,2025-09-23,130,Low,Low,Low,Delayed,1,17,Basic,Cancelled
6582,2025-10-28,2025-12-21,41,High,Medium,Low,On-Time,8,44,Pro,Active
6583,2025-03-20,2025-10-20,103,Medium,Low,Low,On-Time,4,18,Basic,Active
6584,2023-04-05,2025-12-01,61,Medium,Low,Low,On-Time,5,65,Pro,Active
6585,2025-01-02,2026-01-19,12,Medium,High,Low,Delayed,8,14,Basic,Active
6586,2024-03-25,2025-12-27,35,Medium,Medium,Low,On-Time,9,199,Enterprise,Active
6587,2024-05-30,2025-10-02,121,Low,Low,Low,Missed,3,52,Pro,Cancelled
6588,2023-02-23,2025-04-23,283,Low,Low,Low,Delayed,5,18,Basic,Cancelled
6589,2023-07-29,2026-01-08,23,Medium,Medium,Low,On-Time,8,23,Basic,Active
6590,2025-05-15,2026-01-17,14,High,High,Medium,On-Time,7,73,Pro,Active
6591,2024-05-12,2026-01-20,11,Medium,High,Low,On-Time,9,43,Pro,Active
6592,2023-11-27,2026-01-17,14,Medium,Medium,Low,On-Time,9,24,Basic,Active
6593,2024-02-25,2025-12-22,40,High,High,Low,On-Time,8,297,Enterprise,Active
6594,2025-07-24,2025-09-06,147,Low,Low,Medium,Missed,1,16,Basic,Cancelled
6595,2025-03-31,2026-01-27,4,Medium,High,Medium,On-Time,7,48,Pro,Active
6596,2023-10-26,2025-12-28,34,Medium,High,Low,On-Time,7,29,Basic,Active
6597,2023-05-09,2026-01-29,2,Medium,Medium,High,On-Time,9,11,Basic,Active
6598,2023-10-03,2025-10-29,94,Medium,Low,Medium,Delayed,7,73,Pro,Active
6599,2025-10-05,2026-01-13,18,High,Medium,Low,On-Time,9,44,Pro,Active
6600,2024-09-28,2025-12-25,37,High,Medium,Medium,On-Time,10,21,Basic,Active
6601,2024-08-07,2025-11-27,65,Medium,Low,High,Missed,5,77,Pro,Active
6602,2024-10-15,2025-10-12,111,Low,Medium,Medium,On-Time,7,291,Enterprise,Active
6603,2024-02-05,2025-12-21,41,High,Medium,High,On-Time,9,15,Basic,Active
6604,2025-06-02,2026-01-21,10,High,High,Low,On-Time,10,13,Basic,Active
6605,2024-07-26,2025-09-21,132,Low,Low,High,Missed,1,49,Pro,Cancelled
6606,2023-05-08,2026-01-04,27,Medium,High,Low,On-Time,9,288,Enterprise,Active
6607,2023-05-22,2026-01-06,25,Medium,High,Medium,Delayed,9,17,Basic,Active
6608,2024-08-10,2026-01-30,1,High,Medium,Low,On-Time,8,15,Basic,Active
6609,2025-10-22,2025-12-21,41,Medium,High,Low,On-Time,7,15,Basic,Active
6610,2023-12-04,2025-12-21,41,High,Medium,High,On-Time,9,125,Enterprise,Active
6611,2025-08-10,2026-01-28,3,High,High,Low,On-Time,10,78,Pro,Active
6612,2025-04-16,2026-01-12,19,Medium,Medium,High,On-Time,10,14,Basic,Active
6613,2023-09-29,2025-06-27,218,Low,Low,Low,Delayed,2,51,Pro,Cancelled
6614,2023-02-09,2026-01-04,27,Medium,Medium,Medium,On-Time,8,17,Basic,Active
6615,2023-04-22,2026-01-30,1,High,Medium,Low,On-Time,10,43,Pro,Active
6616,2025-03-08,2026-01-10,21,High,Medium,Medium,On-Time,9,16,Basic,Active
6617,2023-08-07,2025-08-10,174,Low,Low,Medium,Missed,2,29,Basic,Active
6618,2024-02-11,2025-11-17,75,Low,Low,Medium,On-Time,6,70,Pro,Active
6619,2024-07-03,2026-01-28,3,Medium,High,Low,On-Time,7,18,Basic,Active
6620,2025-03-05,2025-11-21,71,Low,Low,Low,On-Time,5,58,Pro,Active
6621,2023-05-04,2026-01-19,12,High,Medium,Low,On-Time,7,28,Basic,Active
6622,2024-03-20,2026-01-14,17,Medium,High,Medium,On-Time,9,19,Basic,Active
6623,2024-06-15,2026-01-28,3,Medium,Medium,Medium,Delayed,8,168,Enterprise,Active
6624,2024-08-15,2025-07-20,195,Low,Low,Medium,Missed,5,22,Basic,Cancelled
6625,2025-06-15,2025-12-05,57,Low,Medium,Low,On-Time,7,44,Pro,Active
6626,2023-07-07,2025-11-14,78,Low,Low,Low,Delayed,6,66,Pro,Active
6627,2025-06-03,2025-12-29,33,Medium,Medium,Medium,On-Time,10,62,Pro,Active
6628,2025-01-28,2025-04-24,282,Low,Low,Low,Delayed,2,18,Basic,Cancelled
6629,2024-08-31,2025-11-23,69,Low,Low,Low,Delayed,6,15,Basic,Active
6630,2025-02-04,2025-12-20,42,High,Medium,Low,On-Time,9,46,Pro,Active
6631,2024-03-27,2026-01-06,25,High,High,Medium,On-Time,9,40,Pro,Active
6632,2023-06-01,2025-12-24,38,High,Medium,Medium,Delayed,7,51,Pro,Active
6633,2024-12-30,2026-01-01,30,Medium,High,Low,On-Time,7,16,Basic,Active
6634,2024-07-28,2026-01-16,15,Medium,Medium,Low,On-Time,7,222,Enterprise,Active
6635,2024-12-01,2025-05-06,270,Low,Low,Low,Missed,3,25,Basic,Cancelled
6636,2024-01-06,2026-01-04,27,High,High,Low,On-Time,8,12,Basic,Active
6637,2025-09-20,2025-12-18,44,High,High,Medium,Delayed,9,26,Basic,Active
6638,2024-10-05,2026-01-07,24,High,High,Low,On-Time,10,15,Basic,Active
6639,2023-04-04,2026-01-31,0,High,High,Low,On-Time,10,19,Basic,Active
6640,2024-05-07,2025-12-31,31,High,High,Medium,On-Time,8,19,Basic,Active
6641,2025-04-08,2025-12-13,49,Medium,Low,High,On-Time,4,19,Basic,Active
6642,2025-05-19,2026-01-09,22,High,High,Low,On-Time,8,73,Pro,Active
6643,2024-06-25,2026-01-22,9,High,Medium,Low,On-Time,10,245,Enterprise,Active
6644,2025-09-06,2026-01-01,30,High,Medium,Low,Delayed,10,21,Basic,Active
6645,2023-10-21,2025-12-26,36,High,High,Low,On-Time,7,51,Pro,Active
6646,2024-03-25,2026-01-22,9,High,High,Medium,On-Time,10,12,Basic,Active
6647,2025-09-10,2026-01-05,26,Medium,Medium,Medium,On-Time,7,15,Basic,Active
6648,2025-09-08,2026-01-31,0,Medium,High,Low,On-Time,8,61,Pro,Active
6649,2025-01-20,2026-01-15,16,High,High,Low,On-Time,9,22,Basic,Active
6650,2025-07-29,2026-01-24,7,High,High,Low,On-Time,9,10,Basic,Active
6651,2023-04-08,2026-01-14,17,Medium,High,Low,On-Time,7,25,Basic,Active
6652,2025-08-05,2026-01-04,27,High,Medium,Medium,Delayed,10,169,Enterprise,Active
6653,2023-12-18,2026-01-18,13,High,High,Low,On-Time,8,74,Pro,Active
6654,2023-07-15,2026-01-30,1,High,Medium,Medium,On-Time,9,79,Pro,Active
6655,2023-09-20,2026-01-01,30,High,High,Low,On-Time,8,256,Enterprise,Active
6656,2024-04-02,2026-01-02,29,Medium,High,Medium,On-Time,9,63,Pro,Active
6657,2023-10-03,2026-01-09,22,High,High,Medium,On-Time,10,23,Basic,Active
6658,2023-12-18,2026-01-10,21,High,High,Low,On-Time,8,28,Basic,Active
6659,2023-05-28,2025-11-16,76,Medium,Low,Low,Delayed,7,172,Enterprise,Active
6660,2023-11-21,2026-01-02,29,High,High,Medium,On-Time,8,27,Basic,Active
6661,2024-09-18,2025-12-18,44,Medium,High,Low,On-Time,9,11,Basic,Active
6662,2024-04-28,2026-01-25,6,Medium,Medium,High,On-Time,9,15,Basic,Active
6663,2024-01-15,2025-12-05,57,Medium,Low,Low,Missed,7,10,Basic,Active
6664,2025-03-28,2026-01-03,28,High,High,Medium,Delayed,9,14,Basic,Active
6665,2025-09-05,2026-01-02,29,High,High,Medium,On-Time,8,10,Basic,Active
6666,2025-04-08,2025-12-30,32,High,High,Low,On-Time,7,66,Pro,Active
6667,2023-12-30,2025-07-11,204,Low,Low,Low,Delayed,4,19,Basic,Cancelled
6668,2025-03-26,2025-12-24,38,Medium,Medium,Low,On-Time,10,27,Basic,Active
6669,2023-06-16,2026-01-28,3,Medium,Medium,Medium,On-Time,10,52,Pro,Active
6670,2023-05-23,2026-01-10,21,Medium,High,Medium,Delayed,9,68,Pro,Active
6671,2024-01-14,2025-12-19,43,High,High,High,On-Time,9,18,Basic,Active
6672,2025-06-03,2025-10-30,93,Low,Low,Low,On-Time,4,15,Basic,Active
6673,2023-09-27,2025-11-22,70,Medium,Low,Medium,On-Time,6,26,Basic,Active
6674,2023-03-11,2026-01-11,20,High,High,Low,On-Time,7,50,Pro,Active
6675,2023-05-25,2025-12-29,33,Medium,High,Low,Delayed,8,13,Basic,Active
6676,2025-07-29,2025-12-22,40,High,High,Low,On-Time,9,123,Enterprise,Active
6677,2024-11-24,2026-01-21,10,Medium,High,Low,On-Time,8,74,Pro,Active
6678,2023-10-05,2025-09-16,137,Low,Low,Medium,Missed,3,49,Pro,Cancelled
6679,2024-08-31,2026-01-30,1,Medium,High,Medium,On-Time,9,29,Basic,Active
6680,2024-07-31,2026-01-25,6,Medium,Medium,Low,On-Time,9,13,Basic,Active
6681,2024-12-18,2025-09-30,123,Low,Low,Low,Delayed,2,24,Basic,Cancelled
6682,2023-09-13,2026-01-06,25,Medium,Medium,Low,On-Time,9,10,Basic,Active
6683,2025-08-04,2026-01-25,6,Medium,High,Medium,On-Time,10,20,Basic,Active
6684,2023-12-05,2025-11-05,87,Low,Medium,Medium,Missed,5,29,Basic,Active
6685,2025-01-30,2025-08-07,177,Low,Low,Medium,Delayed,2,19,Basic,Cancelled
6686,2023-01-18,2025-12-31,31,Medium,High,High,On-Time,8,65,Pro,Active
6687,2024-02-13,2025-11-21,71,Low,Medium,Low,On-Time,6,12,Basic,Active
6688,2024-01-21,2025-06-29,216,Low,Low,Medium,Delayed,4,26,Basic,Cancelled
6689,2024-08-18,2026-01-22,9,Medium,High,High,On-Time,7,147,Enterprise,Active
6690,2023-03-21,2025-12-28,34,Medium,High,Medium,On-Time,8,27,Basic,Active
6691,2025-05-15,2026-01-17,14,High,Medium,Low,On-Time,10,211,Enterprise,Active
6692,2023-08-27,2026-01-15,16,High,High,Low,On-Time,7,29,Basic,Active
6693,2025-01-11,2025-12-20,42,High,High,Medium,Delayed,7,50,Pro,Active
6694,2025-05-29,2026-01-20,11,Medium,Medium,Medium,On-Time,9,27,Basic,Active
6695,2024-09-07,2025-12-15,47,Medium,Low,Medium,Delayed,5,23,Basic,Active
6696,2025-03-22,2026-01-04,27,High,Medium,Medium,On-Time,9,45,Pro,Active
6697,2024-12-25,2026-01-15,16,High,Medium,High,On-Time,7,75,Pro,Active
6698,2024-01-25,2025-07-09,206,Low,Low,Medium,Missed,2,46,Pro,Active
6699,2025-06-04,2025-10-14,109,Low,Low,High,On-Time,4,24,Basic,Active
6700,2023-11-19,2025-10-10,113,Low,Low,Medium,Delayed,4,21,Basic,Active
6701,2024-09-17,2026-01-30,1,High,High,Medium,On-Time,8,11,Basic,Active
6702,2025-03-27,2025-12-27,35,High,High,High,On-Time,10,129,Enterprise,Active
6703,2024-02-19,2026-01-22,9,Medium,Medium,High,On-Time,7,17,Basic,Active
6704,2023-11-28,2026-01-01,30,Medium,High,Medium,On-Time,9,20,Basic,Active
6705,2024-05-17,2026-01-25,6,High,Medium,Medium,On-Time,7,52,Pro,Active
6706,2025-06-14,2026-01-24,7,Medium,Medium,Low,On-Time,9,284,Enterprise,Active
6707,2025-10-15,2025-06-10,235,Low,Low,Medium,Missed,1,69,Pro,Active
6708,2024-08-19,2025-06-25,220,Low,Low,Low,Missed,4,192,Enterprise,Cancelled
6709,2024-12-25,2026-01-07,24,Medium,Medium,Low,On-Time,7,13,Basic,Active
6710,2025-09-16,2025-12-28,34,Medium,High,Low,Delayed,8,67,Pro,Active
6711,2023-04-18,2025-12-15,47,Low,Low,Medium,On-Time,6,51,Pro,Active
6712,2023-09-12,2026-01-31,0,High,Medium,High,On-Time,9,14,Basic,Active
6713,2025-02-15,2026-01-27,4,High,High,Low,On-Time,9,19,Basic,Active
6714,2025-06-21,2026-01-28,3,High,High,Low,On-Time,8,20,Basic,Active
6715,2025-07-27,2025-10-19,104,Medium,Low,High,Delayed,7,266,Enterprise,Active
6716,2024-03-30,2026-01-01,30,High,High,Medium,On-Time,7,23,Basic,Active
6717,2023-04-08,2025-10-07,116,Medium,Low,Medium,Delayed,7,24,Basic,Active
6718,2024-04-24,2025-12-25,37,High,High,Medium,On-Time,9,77,Pro,Active
6719,2023-09-10,2026-01-07,24,Medium,Medium,Low,On-Time,9,25,Basic,Active
6720,2023-11-15,2025-12-25,37,High,Medium,Low,Delayed,10,18,Basic,Active
6721,2025-04-25,2026-01-24,7,High,High,High,Delayed,9,28,Basic,Active
6722,2023-03-24,2025-12-20,42,High,High,Medium,On-Time,7,23,Basic,Active
6723,2025-06-25,2026-01-30,1,High,High,Low,On-Time,9,41,Pro,Active
6724,2024-04-13,2025-11-26,66,Medium,Low,Low,Missed,5,12,Basic,Active
6725,2024-10-14,2026-01-25,6,Medium,Medium,Medium,On-Time,7,29,Basic,Active
6726,2023-04-09,2025-12-29,33,High,Medium,Low,On-Time,10,23,Basic,Active
6727,2024-01-05,2025-08-15,169,Low,Low,Low,Missed,5,68,Pro,Cancelled
6728,2023-04-09,2026-01-23,8,High,High,Low,On-Time,10,25,Basic,Active
6729,2025-11-18,2026-01-18,13,High,High,Low,On-Time,8,26,Basic,Active
6730,2025-06-02,2026-01-13,18,High,High,Medium,On-Time,7,27,Basic,Active
6731,2024-05-18,2026-01-18,13,High,High,High,On-Time,8,23,Basic,Active
6732,2023-09-02,2026-01-28,3,High,High,Low,On-Time,9,16,Basic,Active
6733,2025-10-19,2025-12-21,41,High,High,Low,On-Time,8,46,Pro,Active
6734,2024-01-13,2026-01-06,25,High,High,Low,On-Time,10,44,Pro,Active
6735,2023-06-26,2025-12-18,44,Medium,High,High,Delayed,7,69,Pro,Active
6736,2024-09-08,2026-01-24,7,High,Medium,Medium,On-Time,7,17,Basic,Active
6737,2025-10-30,2025-05-30,246,Low,Low,Low,Missed,5,14,Basic,Cancelled
6738,2023-01-05,2025-12-24,38,High,Medium,High,On-Time,7,15,Basic,Active
6739,2023-09-18,2025-12-19,43,Medium,High,Medium,Delayed,9,27,Basic,Active
6740,2025-10-24,2026-01-11,20,Medium,High,Low,On-Time,10,19,Basic,Active
6741,2023-07-07,2026-01-22,9,High,High,High,On-Time,9,16,Basic,Active
6742,2023-05-05,2025-12-29,33,High,Medium,Low,Delayed,7,66,Pro,Active
6743,2024-09-16,2026-01-08,23,Medium,Medium,Low,On-Time,10,13,Basic,Active
6744,2025-08-01,2026-01-31,0,Medium,Medium,Medium,On-Time,9,28,Basic,Active
6745,2024-06-06,2025-12-18,44,High,High,High,On-Time,8,76,Pro,Active
6746,2025-12-25,2025-06-29,216,Low,Low,High,Missed,1,64,Pro,Cancelled
6747,2025-01-13,2026-01-17,14,Medium,High,Medium,On-Time,10,57,Pro,Active
6748,2023-03-23,2025-11-19,73,Medium,Low,Low,On-Time,6,21,Basic,Active
6749,2025-12-23,2026-01-24,7,Medium,Medium,High,On-Time,7,27,Basic,Active
6750,2024-03-22,2025-04-26,280,Low,Low,Low,Delayed,1,18,Basic,Cancelled
6751,2023-11-11,2025-12-26,36,High,Medium,Medium,On-Time,10,140,Enterprise,Active
6752,2024-09-02,2026-01-20,11,Medium,Medium,Low,On-Time,8,79,Pro,Active
6753,2023-11-30,2025-06-27,218,Low,Low,Medium,Missed,1,174,Enterprise,Cancelled
6754,2023-04-05,2026-01-30,1,High,High,Low,On-Time,7,45,Pro,Active
6755,2023-01-02,2025-11-19,73,Low,Low,Medium,Delayed,4,29,Basic,Active
6756,2024-05-07,2026-01-10,21,Medium,High,Low,Delayed,7,44,Pro,Active
6757,2025-07-05,2026-01-22,9,High,High,Low,On-Time,10,26,Basic,Active
6758,2024-09-18,2025-11-01,91,Low,Low,Medium,Delayed,4,29,Basic,Active
6759,2025-12-30,2025-11-08,84,Medium,Low,Low,On-Time,6,17,Basic,Active
6760,2023-11-11,2026-01-17,14,High,High,Medium,On-Time,8,14,Basic,Active
6761,2023-11-04,2026-01-26,5,High,High,High,On-Time,10,72,Pro,Active
6762,2023-06-24,2025-12-25,37,High,High,Low,Delayed,10,20,Basic,Active
6763,2023-06-29,2026-01-07,24,High,Medium,Low,On-Time,9,56,Pro,Active
6764,2023-11-09,2026-01-24,7,High,High,High,On-Time,9,65,Pro,Active
6765,2025-05-18,2025-10-04,119,Medium,Low,Medium,Delayed,5,61,Pro,Active
6766,2025-09-18,2026-01-17,14,High,Medium,High,On-Time,8,132,Enterprise,Active
6767,2025-12-03,2025-12-25,37,Medium,High,High,On-Time,10,14,Basic,Active
6768,2023-09-12,2026-01-06,25,High,High,Low,On-Time,9,52,Pro,Active
6769,2025-08-23,2025-05-01,275,Low,Low,Low,Missed,2,20,Basic,Cancelled
6770,2023-12-26,2026-01-26,5,High,Medium,Low,On-Time,9,21,Basic,Active
6771,2023-05-04,2025-06-08,237,Low,Low,Low,Delayed,3,17,Basic,Cancelled
6772,2025-08-10,2025-12-27,35,High,High,Low,On-Time,10,78,Pro,Active
6773,2024-11-27,2026-01-24,7,Medium,High,High,On-Time,9,25,Basic,Active
6774,2023-06-30,2025-10-17,106,Medium,Low,Medium,Missed,6,45,Pro,Active
6775,2024-04-15,2025-06-09,236,Low,Low,Low,Missed,4,243,Enterprise,Cancelled
6776,2023-11-11,2025-12-29,33,High,Medium,Medium,On-Time,9,62,Pro,Active
6777,2025-03-17,2026-01-18,13,High,High,Low,On-Time,8,26,Basic,Active
6778,2024-05-11,2026-01-02,29,Medium,High,Low,Delayed,9,50,Pro,Active
6779,2025-12-19,2025-12-02,60,Medium,Medium,Low,Delayed,5,14,Basic,Active
6780,2023-03-01,2025-07-21,194,Low,Low,Medium,Delayed,5,14,Basic,Cancelled
6781,2024-01-24,2026-01-19,12,High,High,Medium,On-Time,9,167,Enterprise,Active
6782,2024-06-11,2025-12-09,53,Low,Low,Low,Delayed,5,58,Pro,Active
6783,2024-07-04,2026-01-08,23,High,High,Medium,On-Time,9,68,Pro,Active
6784,2023-12-12,2025-12-16,46,Low,Medium,Low,Missed,4,17,Basic,Active
6785,2025-03-09,2025-06-26,219,Low,Low,Low,Missed,3,24,Basic,Cancelled
6786,2025-08-15,2025-12-26,36,High,High,Low,On-Time,8,14,Basic,Active
6787,2025-10-24,2025-06-29,216,Low,Low,Low,Delayed,1,14,Basic,Cancelled
6788,2025-05-31,2026-01-12,19,Medium,Medium,Low,On-Time,7,24,Basic,Active
6789,2025-07-20,2025-10-07,116,Medium,Medium,Medium,Delayed,5,68,Pro,Active
6790,2024-08-25,2025-11-28,64,Low,Low,Low,Delayed,7,207,Enterprise,Active
6791,2025-06-23,2025-12-25,37,Medium,Medium,Low,On-Time,10,143,Enterprise,Active
6792,2023-11-29,2025-12-14,48,Medium,Low,High,Missed,7,23,Basic,Active
6793,2024-03-12,2025-11-12,80,Low,Low,Low,Missed,5,19,Basic,Active
6794,2023-12-14,2026-01-30,1,Medium,High,Medium,On-Time,8,16,Basic,Active
6795,2024-05-26,2026-01-23,8,High,Medium,Medium,On-Time,9,26,Basic,Active
6796,2023-11-09,2025-10-30,93,Low,Low,Low,Delayed,5,58,Pro,Active
6797,2025-11-18,2026-01-04,27,High,High,Low,On-Time,9,68,Pro,Active
6798,2023-12-09,2025-12-28,34,High,Medium,Low,Delayed,7,59,Pro,Active
6799,2023-04-18,2025-11-11,81,Low,Medium,Medium,Missed,5,54,Pro,Active
6800,2024-07-30,2026-01-31,0,High,High,Low,On-Time,7,20,Basic,Active
6801,2023-03-04,2026-01-16,15,Medium,High,Low,Delayed,9,23,Basic,Active
6802,2023-05-02,2026-01-22,9,Medium,Medium,Medium,On-Time,8,21,Basic,Active
6803,2023-08-29,2025-12-28,34,High,Medium,Medium,On-Time,9,49,Pro,Active
6804,2024-05-23,2026-01-02,29,Medium,High,High,On-Time,10,28,Basic,Active
6805,2024-04-19,2026-01-04,27,High,High,Medium,On-Time,10,21,Basic,Active
6806,2025-05-25,2025-11-21,71,Medium,Medium,Low,Delayed,4,48,Pro,Active
6807,2025-03-20,2026-01-07,24,Medium,High,Low,On-Time,9,10,Basic,Active
6808,2024-04-11,2025-12-18,44,Medium,High,Medium,On-Time,10,67,Pro,Active
6809,2024-01-01,2026-01-06,25,High,High,Low,On-Time,7,54,Pro,Active
6810,2023-12-13,2026-01-20,11,Medium,Medium,Medium,On-Time,9,44,Pro,Active
6811,2025-04-27,2025-12-28,34,Medium,High,Low,On-Time,10,44,Pro,Active
6812,2023-02-27,2026-01-25,6,Medium,High,High,On-Time,7,27,Basic,Active
6813,2023-01-15,2026-01-12,19,High,Medium,Medium,On-Time,8,14,Basic,Active
6814,2025-05-21,2025-12-25,37,High,Medium,Low,Delayed,7,13,Basic,Active
6815,2024-06-06,2026-01-05,26,Medium,Medium,High,On-Time,10,12,Basic,Active
6816,2023-05-24,2026-01-10,21,Medium,High,Low,On-Time,9,66,Pro,Active
6817,2023-09-15,2026-01-26,5,High,High,Low,On-Time,8,46,Pro,Active
6818,2025-10-18,2025-12-21,41,High,High,Medium,Delayed,9,25,Basic,Active
6819,2025-07-30,2026-01-13,18,Medium,High,High,Delayed,8,58,Pro,Active
6820,2025-02-16,2025-11-03,89,Medium,Low,Low,Missed,4,28,Basic,Active
6821,2024-06-12,2025-12-30,32,High,High,Medium,Delayed,7,72,Pro,Active
6822,2024-07-23,2025-12-21,41,High,Medium,Low,On-Time,9,72,Pro,Active
6823,2025-12-03,2026-01-15,16,Medium,High,Low,On-Time,10,28,Basic,Active
6824,2025-11-23,2025-12-21,41,High,Medium,Low,On-Time,8,23,Basic,Active
6825,2023-08-24,2025-11-10,82,Low,Low,Medium,Delayed,7,259,Enterprise,Active
6826,2025-06-07,2025-12-28,34,High,Medium,Low,On-Time,7,46,Pro,Active
6827,2023-08-04,2026-01-10,21,High,Medium,Low,On-Time,7,18,Basic,Active
6828,2023-08-22,2026-01-17,14,High,High,High,On-Time,9,69,Pro,Active
6829,2025-01-10,2026-01-13,18,High,High,Low,On-Time,8,27,Basic,Active
6830,2024-03-19,2026-01-11,20,High,Medium,Low,Delayed,7,18,Basic,Active
6831,2025-10-17,2026-01-07,24,High,High,Medium,On-Time,7,12,Basic,Active
6832,2023-04-08,2025-10-19,104,Medium,Medium,Low,Delayed,5,19,Basic,Active
6833,2024-07-14,2026-01-26,5,High,High,Low,On-Time,8,166,Enterprise,Active
6834,2025-10-02,2026-01-31,0,High,High,Medium,On-Time,10,210,Enterprise,Active
6835,2025-09-17,2026-01-22,9,Medium,High,Medium,On-Time,8,17,Basic,Active
6836,2023-06-21,2025-11-11,81,Medium,Medium,Medium,Delayed,7,25,Basic,Active
6837,2024-02-06,2026-01-27,4,High,High,Low,Delayed,7,12,Basic,Active
6838,2024-11-08,2026-01-31,0,High,High,High,On-Time,10,157,Enterprise,Active
6839,2023-06-24,2025-12-25,37,High,Medium,Medium,On-Time,8,23,Basic,Active
6840,2025-11-25,2026-01-29,2,High,Medium,Medium,Delayed,7,50,Pro,Active
6841,2025-09-28,2025-10-23,100,Low,Low,Low,Delayed,7,15,Basic,Active
6842,2023-07-02,2025-12-06,56,Low,Low,Medium,Delayed,7,22,Basic,Active
6843,2023-05-13,2025-08-12,172,Low,Low,Medium,Missed,3,18,Basic,Cancelled
6844,2023-04-04,2025-10-23,100,Medium,Low,Medium,Delayed,5,44,Pro,Active
6845,2025-09-22,2026-01-13,18,High,High,Medium,Delayed,8,14,Basic,Active
6846,2023-08-01,2026-01-26,5,Medium,Medium,Medium,On-Time,9,13,Basic,Active
6847,2024-03-31,2025-07-04,211,Low,Low,Medium,Delayed,2,58,Pro,Active
6848,2024-05-06,2026-01-25,6,High,High,Medium,On-Time,8,64,Pro,Active
6849,2024-10-17,2025-10-24,99,Medium,Low,Low,Delayed,6,70,Pro,Active
6850,2023-03-20,2026-01-04,27,Medium,Medium,Low,Delayed,10,64,Pro,Active
6851,2023-09-06,2026-01-13,18,Medium,High,High,On-Time,8,29,Basic,Active
6852,2025-10-16,2026-01-13,18,Medium,High,High,On-Time,10,271,Enterprise,Active
6853,2025-09-21,2025-12-24,38,High,Medium,Low,Delayed,9,77,Pro,Active
6854,2025-05-05,2026-01-09,22,High,High,High,On-Time,9,14,Basic,Active
6855,2023-01-22,2025-12-20,42,High,Medium,Low,On-Time,7,13,Basic,Active
6856,2023-12-25,2025-12-06,56,Medium,Low,Low,Delayed,7,12,Basic,Active
6857,2024-11-18,2026-01-31,0,Medium,Medium,Medium,On-Time,9,57,Pro,Active
6858,2023-10-29,2026-01-24,7,High,Medium,High,On-Time,9,199,Enterprise,Active
6859,2025-09-22,2025-12-19,43,Medium,High,Medium,On-Time,9,44,Pro,Active
6860,2024-11-25,2025-12-22,40,High,High,Low,On-Time,7,72,Pro,Active
6861,2023-03-20,2026-01-09,22,Medium,Medium,Low,On-Time,10,13,Basic,Active
6862,2025-09-22,2025-11-13,79,Low,Low,Medium,On-Time,4,15,Basic,Active
6863,2025-11-14,2025-09-12,141,Low,Low,Medium,Missed,5,18,Basic,Cancelled
6864,2023-03-27,2025-10-25,98,Low,Medium,Low,Delayed,4,22,Basic,Active
6865,2024-08-05,2026-01-18,13,Medium,Medium,Low,Delayed,8,68,Pro,Active
6866,2023-11-29,2025-12-19,43,High,Medium,High,On-Time,8,68,Pro,Active
6867,2024-03-06,2026-01-13,18,Medium,Medium,Low,Delayed,10,26,Basic,Active
6868,2023-07-16,2026-01-13,18,High,Medium,Low,Delayed,10,140,Enterprise,Active
6869,2024-09-24,2026-01-27,4,Medium,Medium,High,On-Time,9,15,Basic,Active
6870,2025-11-14,2026-01-14,17,High,Medium,Low,On-Time,7,20,Basic,Active
6871,2024-07-04,2025-12-07,55,Low,Low,Low,Missed,7,25,Basic,Active
6872,2023-04-01,2025-12-31,31,High,High,Low,On-Time,10,42,Pro,Active
6873,2024-11-09,2026-01-07,24,High,Medium,Low,On-Time,9,65,Pro,Active
6874,2024-01-08,2025-11-05,87,Low,Medium,Medium,Delayed,7,25,Basic,Active
6875,2025-07-26,2026-01-10,21,Medium,High,Medium,On-Time,10,276,Enterprise,Active
6876,2024-04-20,2026-01-10,21,Medium,High,Low,On-Time,8,67,Pro,Active
6877,2023-07-31,2026-01-23,8,Medium,Medium,Medium,On-Time,9,59,Pro,Active
6878,2023-07-29,2025-12-19,43,High,High,Low,On-Time,9,277,Enterprise,Active
6879,2025-04-21,2025-11-05,87,Low,Low,Medium,On-Time,4,26,Basic,Active
6880,2023-10-18,2026-01-25,6,Medium,High,Low,On-Time,7,11,Basic,Active
6881,2025-04-20,2025-10-07,116,Low,Medium,Low,On-Time,7,59,Pro,Active
6882,2023-08-14,2026-01-23,8,Medium,Medium,High,Delayed,7,16,Basic,Active
6883,2023-12-19,2026-01-16,15,High,Medium,Low,On-Time,8,29,Basic,Active
6884,2024-05-24,2025-11-05,87,Low,Low,Low,On-Time,5,13,Basic,Active
6885,2025-10-29,2025-05-22,254,Low,Low,Low,Missed,4,78,Pro,Cancelled
6886,2025-10-17,2025-12-19,43,High,High,Low,On-Time,8,67,Pro,Active
6887,2023-08-15,2026-01-17,14,Medium,High,Low,Delayed,8,72,Pro,Active
6888,2024-01-28,2025-09-30,123,Low,Low,Low,Missed,2,19,Basic,Cancelled
6889,2023-06-13,2026-01-12,19,Medium,Medium,High,On-Time,7,281,Enterprise,Active
6890,2024-07-12,2025-12-24,38,High,Medium,Medium,On-Time,7,26,Basic,Active
6891,2024-05-19,2026-01-02,29,Medium,High,Low,On-Time,7,65,Pro,Active
6892,2025-09-13,2025-12-19,43,Medium,Medium,Low,On-Time,9,25,Basic,Active
6893,2025-10-15,2025-11-16,76,Medium,Low,Low,Missed,5,16,Basic,Active
6894,2024-02-25,2025-12-28,34,Medium,High,Low,Delayed,9,199,Enterprise,Active
6895,2024-06-22,2025-10-29,94,Low,Medium,Low,Delayed,6,52,Pro,Active
6896,2025-09-08,2025-08-10,174,Low,Low,High,Missed,5,21,Basic,Active
6897,2025-06-02,2025-12-29,33,High,High,Low,On-Time,7,54,Pro,Active
6898,2023-01-05,2025-12-29,33,High,High,Low,Delayed,8,19,Basic,Active
6899,2023-12-17,2026-01-04,27,High,High,Low,On-Time,9,63,Pro,Active
6900,2024-04-06,2025-12-28,34,High,Medium,Medium,On-Time,7,27,Basic,Active
6901,2023-09-09,2025-12-19,43,Medium,High,Medium,Delayed,10,22,Basic,Active
6902,2023-08-07,2025-12-29,33,High,High,High,On-Time,8,10,Basic,Active
6903,2023-02-11,2025-05-22,254,Low,Low,Low,Delayed,3,61,Pro,Active
6904,2024-12-05,2025-10-16,107,Low,Medium,Low,Missed,7,20,Basic,Active
6905,2023-10-15,2026-01-01,30,High,Medium,Low,On-Time,10,52,Pro,Active
6906,2023-02-27,2025-06-29,216,Low,Low,Low,Delayed,3,18,Basic,Cancelled
6907,2023-09-10,2026-01-18,13,Medium,High,Medium,On-Time,10,22,Basic,Active
6908,2025-05-28,2026-01-02,29,Medium,Medium,Low,On-Time,10,62,Pro,Active
6909,2025-07-21,2025-10-30,93,Medium,Low,Medium,Delayed,5,74,Pro,Active
6910,2024-06-12,2025-12-18,44,Medium,Medium,Low,Delayed,9,64,Pro,Active
6911,2024-03-31,2025-12-09,53,Medium,Medium,Medium,Delayed,5,16,Basic,Active
6912,2025-12-06,2026-01-08,23,Medium,Medium,Medium,On-Time,9,13,Basic,Active
6913,2023-08-08,2025-11-03,89,Low,Medium,High,On-Time,5,17,Basic,Active
6914,2023-08-24,2026-01-15,16,High,Medium,Medium,On-Time,7,67,Pro,Active
6915,2023-11-16,2026-01-04,27,Medium,High,Low,On-Time,8,198,Enterprise,Active
6916,2023-07-09,2026-01-05,26,High,High,Medium,Delayed,9,14,Basic,Active
6917,2024-02-20,2025-12-23,39,High,High,Low,On-Time,9,137,Enterprise,Active
6918,2025-09-24,2026-01-18,13,High,Medium,Low,On-Time,7,58,Pro,Active
6919,2024-11-04,2026-01-21,10,High,High,Medium,On-Time,10,12,Basic,Active
6920,2024-03-27,2026-01-08,23,Medium,High,Low,On-Time,8,236,Enterprise,Active
6921,2025-10-20,2026-01-07,24,High,Medium,Medium,On-Time,7,144,Enterprise,Active
6922,2023-02-23,2025-12-12,50,Medium,Medium,High,Delayed,4,20,Basic,Active
6923,2023-08-19,2025-11-01,91,Medium,Medium,Low,Delayed,4,204,Enterprise,Active
6924,2024-09-11,2025-12-19,43,High,High,Medium,On-Time,8,11,Basic,Active
6925,2024-11-05,2025-12-26,36,High,High,Medium,On-Time,10,40,Pro,Active
6926,2023-02-13,2025-12-13,49,Medium,Low,High,On-Time,4,25,Basic,Active
6927,2024-03-17,2026-01-11,20,High,High,Low,On-Time,8,28,Basic,Active
6928,2024-12-11,2026-01-11,20,Medium,Medium,Low,On-Time,9,20,Basic,Active
6929,2025-02-03,2025-08-04,180,Low,Low,Medium,Delayed,1,68,Pro,Active
6930,2024-11-29,2026-01-15,16,Medium,Medium,Low,Delayed,10,53,Pro,Active
6931,2023-12-18,2025-11-08,84,Medium,Low,Low,On-Time,6,53,Pro,Active
6932,2023-04-13,2025-12-24,38,High,High,Low,On-Time,10,293,Enterprise,Active
6933,2024-04-12,2026-01-26,5,Medium,High,Low,On-Time,8,13,Basic,Active
6934,2023-05-21,2025-12-29,33,Medium,High,Medium,On-Time,9,79,Pro,Active
6935,2025-11-03,2026-01-09,22,High,High,Low,Delayed,8,190,Enterprise,Active
6936,2024-06-04,2025-08-03,181,Low,Low,Low,Delayed,5,27,Basic,Cancelled
6937,2023-12-14,2025-08-02,182,Low,Low,Low,Missed,4,45,Pro,Cancelled
6938,2025-04-19,2025-12-19,43,Medium,High,Low,On-Time,8,12,Basic,Active
6939,2024-06-29,2026-01-25,6,High,High,High,On-Time,9,266,Enterprise,Active
6940,2023-12-06,2025-12-23,39,Medium,High,High,On-Time,9,17,Basic,Active
6941,2025-06-08,2026-01-11,20,Medium,Medium,High,On-Time,10,19,Basic,Active
6942,2025-08-07,2026-01-13,18,Medium,Medium,Low,On-Time,10,24,Basic,Active
6943,2025-01-06,2025-10-21,102,Medium,Medium,Medium,Delayed,6,40,Pro,Active
6944,2023-02-21,2025-12-23,39,Medium,High,Medium,Delayed,8,29,Basic,Active
6945,2024-09-12,2025-12-26,36,High,High,Low,Delayed,8,236,Enterprise,Active
6946,2025-04-15,2026-01-05,26,Medium,High,Medium,On-Time,9,18,Basic,Active
6947,2023-05-30,2025-04-25,281,Low,Low,High,Missed,2,15,Basic,Cancelled
6948,2023-09-08,2025-12-31,31,Medium,Medium,Low,On-Time,8,55,Pro,Active
6949,2025-08-24,2026-01-27,4,High,High,Medium,Delayed,8,78,Pro,Active
6950,2023-01-23,2025-12-26,36,Medium,Medium,Medium,Delayed,8,218,Enterprise,Active
6951,2025-04-04,2026-01-29,2,Medium,High,Low,On-Time,8,12,Basic,Active
6952,2024-06-02,2026-01-29,2,Medium,High,Low,Delayed,9,76,Pro,Active
6953,2024-05-04,2026-01-10,21,Medium,High,Low,On-Time,9,14,Basic,Active
6954,2023-01-08,2026-01-03,28,High,High,Medium,On-Time,9,47,Pro,Active
6955,2025-06-16,2025-12-21,41,High,Medium,Low,On-Time,7,27,Basic,Active
6956,2024-01-30,2025-10-20,103,Medium,Low,Medium,Delayed,6,22,Basic,Active
6957,2024-08-15,2026-01-29,2,High,Medium,Medium,Delayed,7,59,Pro,Active
6958,2025-01-11,2026-01-26,5,Medium,High,High,On-Time,7,25,Basic,Active
6959,2025-02-08,2025-09-16,137,Low,Low,Low,Missed,2,77,Pro,Cancelled
6960,2025-11-12,2025-11-26,66,Medium,Low,Low,Delayed,7,76,Pro,Active
6961,2024-08-04,2025-05-24,252,Low,Low,Low,Delayed,5,25,Basic,Active
6962,2024-03-13,2026-01-02,29,Medium,High,Medium,On-Time,7,62,Pro,Active
6963,2025-11-10,2025-12-23,39,High,Medium,Low,On-Time,7,26,Basic,Active
6964,2024-12-04,2025-11-22,70,Low,Low,Low,Delayed,6,18,Basic,Active
6965,2023-11-23,2026-01-19,12,Medium,Medium,Medium,On-Time,7,67,Pro,Active
6966,2023-05-19,2026-01-06,25,High,Medium,Low,On-Time,9,53,Pro,Active
6967,2025-07-11,2026-01-25,6,Medium,Medium,Medium,On-Time,7,20,Basic,Active
6968,2024-02-01,2025-12-29,33,Medium,High,High,On-Time,8,25,Basic,Active
6969,2024-12-24,2025-11-06,86,Low,Low,Low,Delayed,5,45,Pro,Active
6970,2024-05-30,2026-01-01,30,Medium,Medium,Medium,On-Time,10,54,Pro,Active
6971,2023-08-06,2025-11-18,74,Medium,Low,Low,Delayed,6,21,Basic,Active
6972,2024-10-20,2025-12-18,44,Medium,Medium,Medium,On-Time,8,43,Pro,Active
6973,2023-03-08,2025-08-15,169,Low,Low,Medium,Missed,5,53,Pro,Cancelled
6974,2024-03-28,2026-01-30,1,Medium,High,Low,On-Time,9,22,Basic,Active
6975,2024-08-21,2025-10-26,97,Low,Medium,Medium,On-Time,5,61,Pro,Active
6976,2024-04-22,2026-01-11,20,High,High,Low,On-Time,8,23,Basic,Active
6977,2025-03-30,2026-01-02,29,Medium,Medium,High,Delayed,7,40,Pro,Active
6978,2025-06-25,2026-01-02,29,High,Medium,Low,On-Time,10,13,Basic,Active
6979,2025-04-24,2026-01-28,3,Medium,Medium,Low,On-Time,8,18,Basic,Active
6980,2023-02-12,2025-12-19,43,High,Medium,Low,On-Time,9,13,Basic,Active
6981,2023-08-01,2025-12-21,41,High,Medium,Medium,Delayed,8,13,Basic,Active
6982,2024-08-10,2026-01-05,26,Medium,High,Medium,On-Time,8,57,Pro,Active
6983,2025-10-20,2025-12-26,36,High,Medium,High,On-Time,7,73,Pro,Active
6984,2025-07-03,2026-01-26,5,High,Medium,Medium,On-Time,8,58,Pro,Active
6985,2025-07-11,2026-01-11,20,High,Medium,Low,On-Time,7,67,Pro,Active
6986,2023-11-29,2025-12-26,36,High,Medium,Medium,On-Time,7,11,Basic,Active
6987,2024-04-15,2026-01-04,27,High,Medium,Low,Delayed,9,18,Basic,Active
6988,2024-05-30,2026-01-18,13,Medium,Medium,Low,On-Time,7,50,Pro,Active
6989,2023-06-22,2026-01-05,26,High,Medium,Low,Delayed,8,49,Pro,Active
6990,2023-02-04,2025-12-15,47,Medium,Medium,Low,Delayed,4,45,Pro,Active
6991,2025-11-02,2026-01-22,9,Medium,High,Low,On-Time,8,14,Basic,Active
6992,2023-09-21,2025-11-22,70,Medium,Medium,Low,On-Time,7,29,Basic,Active
6993,2023-09-20,2025-12-22,40,High,Medium,Low,On-Time,7,72,Pro,Active
6994,2023-04-02,2026-01-15,16,Medium,Medium,Medium,On-Time,8,18,Basic,Active
6995,2025-10-13,2025-12-27,35,High,High,Low,On-Time,8,262,Enterprise,Active
6996,2024-09-26,2026-01-04,27,High,Medium,Medium,On-Time,9,20,Basic,Active
6997,2024-12-31,2025-08-24,160,Low,Low,Low,Missed,2,221,Enterprise,Cancelled
6998,2025-09-25,2026-01-22,9,High,High,High,On-Time,7,29,Basic,Active
6999,2024-01-14,2025-12-30,32,High,High,Low,On-Time,10,21,Basic,Active
7000,2024-11-11,2026-01-26,5,Medium,Medium,High,On-Time,10,22,Basic,Active
7001,2023-02-12,2026-01-26,5,Medium,Medium,Medium,On-Time,7,179,Enterprise,Active
7002,2023-07-24,2026-01-01,30,Medium,High,Medium,On-Time,9,46,Pro,Active
7003,2025-06-29,2025-12-10,52,Low,Low,Low,Delayed,4,76,Pro,Active
7004,2025-04-19,2025-12-22,40,Medium,High,Low,On-Time,9,217,Enterprise,Active
7005,2024-01-19,2026-01-28,3,Medium,Medium,High,On-Time,7,283,Enterprise,Active
7006,2024-02-17,2025-12-06,56,Low,Low,Low,Delayed,6,24,Basic,Active
7007,2024-08-07,2026-01-11,20,High,High,Low,On-Time,8,26,Basic,Active
7008,2023-01-01,2025-12-29,33,Medium,High,High,On-Time,7,14,Basic,Active
7009,2023-09-22,2025-12-29,33,High,Medium,Low,On-Time,9,14,Basic,Active
7010,2023-08-17,2026-01-10,21,High,High,Low,On-Time,8,46,Pro,Active
7011,2023-10-02,2025-10-18,105,Low,Low,Medium,Delayed,6,46,Pro,Active
7012,2025-06-01,2025-04-14,292,Low,Low,Medium,Missed,4,14,Basic,Cancelled
7013,2023-11-03,2025-11-25,67,Low,Low,Medium,On-Time,4,20,Basic,Active
7014,2023-07-29,2025-10-08,115,Low,Medium,High,Missed,4,19,Basic,Active
7015,2024-07-06,2026-01-14,17,Medium,High,Low,On-Time,10,28,Basic,Active
7016,2025-08-05,2025-12-23,39,High,Medium,Medium,Delayed,10,11,Basic,Active
7017,2023-09-22,2025-12-20,42,Medium,Medium,Low,On-Time,10,124,Enterprise,Active
7018,2023-03-27,2026-01-08,23,High,Medium,Medium,On-Time,8,28,Basic,Active
7019,2024-01-26,2025-12-29,33,High,Medium,Low,On-Time,9,43,Pro,Active
7020,2025-03-29,2025-08-20,164,Low,Low,Medium,Delayed,3,27,Basic,Cancelled
7021,2024-08-26,2025-11-19,73,Low,Medium,Low,Delayed,5,64,Pro,Active
7022,2025-06-13,2026-01-18,13,High,Medium,Medium,On-Time,10,22,Basic,Active
7023,2025-11-16,2025-12-24,38,Medium,Medium,Low,On-Time,10,27,Basic,Active
7024,2025-05-17,2026-01-09,22,High,Medium,High,Delayed,7,219,Enterprise,Active
7025,2024-10-23,2025-05-26,250,Low,Low,Medium,Delayed,3,233,Enterprise,Cancelled
7026,2024-06-24,2026-01-04,27,Medium,High,Medium,On-Time,8,20,Basic,Active
7027,2023-02-13,2025-12-06,56,Low,Low,High,On-Time,7,26,Basic,Active
7028,2025-12-13,2026-01-17,14,High,Medium,Low,On-Time,10,27,Basic,Active
7029,2024-02-24,2025-12-31,31,High,Medium,Medium,Delayed,7,64,Pro,Active
7030,2023-06-16,2026-01-09,22,High,High,Low,Delayed,9,74,Pro,Active
7031,2024-12-31,2026-01-27,4,Medium,Medium,Medium,On-Time,10,24,Basic,Active
7032,2023-11-08,2026-01-24,7,High,High,Low,Delayed,7,29,Basic,Active
7033,2024-10-03,2025-11-24,68,Low,Low,Medium,Delayed,6,24,Basic,Active
7034,2024-10-04,2025-12-26,36,High,Medium,High,Delayed,10,26,Basic,Active
7035,2024-05-03,2026-01-24,7,High,High,Low,Delayed,10,27,Basic,Active
7036,2025-07-04,2025-10-22,101,Low,Low,High,On-Time,4,21,Basic,Active
7037,2023-10-18,2026-01-24,7,Medium,High,Low,On-Time,9,45,Pro,Active
7038,2024-05-06,2026-01-24,7,High,Medium,Medium,On-Time,7,76,Pro,Active
7039,2024-08-11,2025-12-24,38,Medium,Medium,Low,On-Time,7,261,Enterprise,Active
7040,2024-12-27,2025-11-02,90,Low,Low,Low,Delayed,5,62,Pro,Active
7041,2025-05-08,2026-01-24,7,High,Medium,High,On-Time,7,13,Basic,Active
7042,2024-03-08,2026-01-07,24,Medium,High,High,On-Time,10,17,Basic,Active
7043,2024-12-08,2026-01-20,11,Medium,High,Low,On-Time,9,27,Basic,Active
7044,2023-06-14,2026-01-10,21,Medium,Medium,Medium,On-Time,10,181,Enterprise,Active
7045,2025-10-18,2025-10-14,109,Medium,Low,Low,Delayed,6,42,Pro,Active
7046,2024-02-24,2026-01-21,10,High,Medium,Low,On-Time,8,29,Basic,Active
7047,2025-03-09,2026-01-26,5,High,Medium,Medium,Delayed,10,199,Enterprise,Active
7048,2023-01-23,2026-01-30,1,Medium,Medium,Low,Delayed,7,12,Basic,Active
7049,2023-08-13,2025-11-07,85,Low,Medium,Medium,On-Time,7,13,Basic,Active
7050,2024-06-17,2025-05-05,271,Low,Low,Medium,Delayed,5,46,Pro,Cancelled
7051,2025-08-19,2025-12-23,39,High,Medium,Medium,On-Time,7,11,Basic,Active
7052,2024-07-31,2025-12-31,31,High,Medium,Low,On-Time,7,13,Basic,Active
7053,2025-10-15,2026-01-08,23,Medium,High,Medium,On-Time,7,14,Basic,Active
7054,2024-06-13,2025-12-24,38,High,High,Low,On-Time,7,47,Pro,Active
7055,2024-06-21,2025-05-15,261,Low,Low,Low,Missed,5,12,Basic,Active
7056,2023-05-12,2026-01-22,9,High,Medium,Low,On-Time,9,69,Pro,Active
7057,2025-05-28,2026-01-23,8,High,Medium,Medium,On-Time,10,50,Pro,Active
7058,2023-09-28,2026-01-15,16,Medium,Medium,Low,On-Time,8,19,Basic,Active
7059,2025-09-12,2026-01-31,0,High,Medium,Low,On-Time,8,170,Enterprise,Active
7060,2025-09-24,2026-01-18,13,Medium,High,Low,On-Time,8,23,Basic,Active
7061,2025-10-29,2026-01-24,7,High,High,Low,On-Time,8,54,Pro,Active
7062,2024-07-23,2025-12-19,43,Medium,Medium,High,On-Time,10,26,Basic,Active
7063,2025-01-11,2026-01-10,21,Medium,High,Medium,On-Time,7,24,Basic,Active
7064,2025-05-02,2026-01-30,1,High,High,Medium,On-Time,9,20,Basic,Active
7065,2023-05-24,2026-01-26,5,Medium,High,High,On-Time,7,125,Enterprise,Active
7066,2024-10-20,2025-12-25,37,High,Medium,Low,On-Time,7,20,Basic,Active
7067,2023-02-07,2025-12-21,41,High,Medium,High,On-Time,10,53,Pro,Active
7068,2024-06-28,2025-12-21,41,High,Medium,Medium,On-Time,9,12,Basic,Active
7069,2023-06-19,2026-01-10,21,Medium,Medium,High,On-Time,7,64,Pro,Active
7070,2023-07-20,2026-01-24,7,Medium,Medium,Low,On-Time,8,10,Basic,Active
7071,2024-02-04,2026-01-21,10,High,High,Low,Delayed,7,169,Enterprise,Active
7072,2024-04-18,2026-01-29,2,Medium,Medium,Low,On-Time,8,75,Pro,Active
7073,2024-11-13,2026-01-25,6,High,High,Medium,On-Time,9,291,Enterprise,Active
7074,2023-03-23,2025-11-10,82,Medium,Medium,Low,Missed,4,24,Basic,Active
7075,2024-07-05,2025-07-10,205,Low,Low,Medium,Missed,2,65,Pro,Cancelled
7076,2023-07-19,2025-09-11,142,Low,Low,Low,Missed,4,25,Basic,Cancelled
7077,2024-09-20,2025-11-06,86,Medium,Low,Low,On-Time,6,52,Pro,Active
7078,2024-11-28,2026-01-14,17,High,High,Low,On-Time,8,160,Enterprise,Active
7079,2024-09-01,2026-01-11,20,High,High,Medium,On-Time,9,65,Pro,Active
7080,2025-03-19,2025-12-25,37,Medium,High,High,On-Time,10,21,Basic,Active
7081,2024-01-03,2026-01-18,13,Medium,High,High,On-Time,7,25,Basic,Active
7082,2025-04-17,2025-04-18,288,Low,Low,Low,Missed,5,48,Pro,Cancelled
7083,2024-04-18,2025-10-09,114,Medium,Low,Low,Missed,4,18,Basic,Active
7084,2024-06-14,2026-01-09,22,High,High,Medium,On-Time,10,14,Basic,Active
7085,2024-12-10,2025-11-02,90,Medium,Low,Medium,Delayed,6,22,Basic,Active
7086,2023-01-21,2025-10-04,119,Medium,Low,Low,Delayed,7,76,Pro,Active
7087,2024-12-17,2026-01-20,11,High,Medium,High,On-Time,10,42,Pro,Active
7088,2024-11-08,2026-01-19,12,High,High,Low,Delayed,9,25,Basic,Active
7089,2023-12-06,2025-08-12,172,Low,Low,Medium,Delayed,3,13,Basic,Cancelled
7090,2023-04-04,2025-12-03,59,Medium,Medium,Low,On-Time,4,29,Basic,Active
7091,2023-04-10,2025-12-23,39,High,High,Medium,Delayed,10,41,Pro,Active
7092,2025-10-07,2025-10-13,110,Medium,Low,Low,Delayed,6,16,Basic,Active
7093,2025-01-24,2026-01-25,6,Medium,High,High,On-Time,10,27,Basic,Active
7094,2023-05-20,2026-01-20,11,High,High,Low,On-Time,10,19,Basic,Active
7095,2024-01-26,2025-12-27,35,Medium,High,High,On-Time,7,58,Pro,Active
7096,2024-10-10,2026-01-11,20,Medium,Medium,Low,On-Time,7,77,Pro,Active
7097,2025-07-03,2025-11-06,86,Medium,Low,Medium,Delayed,4,18,Basic,Active
7098,2023-02-17,2025-10-14,109,Medium,Low,Medium,On-Time,4,20,Basic,Active
7099,2023-09-17,2026-01-04,27,High,Medium,Medium,On-Time,7,20,Basic,Active
7100,2025-09-01,2026-01-25,6,High,Medium,Medium,On-Time,8,41,Pro,Active
7101,2023-01-11,2026-01-23,8,High,Medium,Medium,On-Time,7,22,Basic,Active
7102,2023-08-09,2025-12-19,43,Medium,High,Medium,On-Time,8,62,Pro,Active
7103,2025-11-16,2025-12-29,33,High,Medium,High,On-Time,7,77,Pro,Active
7104,2024-11-02,2026-01-01,30,High,High,Low,Delayed,8,28,Basic,Active
7105,2023-10-14,2026-01-04,27,Medium,Medium,Low,On-Time,8,27,Basic,Active
7106,2023-03-15,2025-09-19,134,Low,Low,Medium,Delayed,2,67,Pro,Cancelled
7107,2023-01-31,2026-01-09,22,High,Medium,Low,On-Time,10,61,Pro,Active
7108,2023-09-25,2026-01-07,24,Medium,Medium,Medium,On-Time,7,25,Basic,Active
7109,2025-08-23,2026-01-18,13,High,Medium,Low,On-Time,9,22,Basic,Active
7110,2024-03-31,2025-11-18,74,Low,Medium,Low,Delayed,5,13,Basic,Active
7111,2025-02-27,2025-12-18,44,Medium,High,Medium,On-Time,9,284,Enterprise,Active
7112,2025-10-02,2025-10-13,110,Medium,Low,Low,On-Time,7,17,Basic,Active
7113,2024-03-22,2025-11-02,90,Low,Low,Low,Delayed,5,25,Basic,Active
7114,2023-07-29,2025-12-18,44,Medium,Medium,Low,On-Time,9,51,Pro,Active
7115,2024-07-20,2025-11-18,74,Low,Low,Low,On-Time,4,13,Basic,Active
7116,2025-09-21,2025-12-06,56,Medium,Low,High,On-Time,7,279,Enterprise,Active
7117,2025-05-30,2026-01-22,9,High,Medium,Medium,On-Time,8,42,Pro,Active
7118,2023-03-14,2025-12-19,43,Medium,Medium,High,Delayed,8,11,Basic,Active
7119,2025-01-28,2025-12-25,37,High,High,Medium,On-Time,10,14,Basic,Active
7120,2024-09-18,2026-01-08,23,High,Medium,High,On-Time,8,258,Enterprise,Active
7121,2025-09-20,2025-10-10,113,Low,Medium,Medium,Delayed,7,43,Pro,Active
7122,2023-05-15,2025-12-21,41,High,High,Low,On-Time,7,54,Pro,Active
7123,2024-08-07,2026-01-25,6,Medium,High,Low,On-Time,10,19,Basic,Active
7124,2025-08-21,2025-12-29,33,Medium,Medium,Medium,Delayed,10,18,Basic,Active
7125,2024-03-24,2025-12-20,42,High,Medium,Low,On-Time,8,26,Basic,Active
7126,2024-06-11,2025-12-28,34,High,High,Low,On-Time,9,16,Basic,Active
7127,2023-03-19,2026-01-26,5,Medium,Medium,Low,On-Time,9,29,Basic,Active
7128,2023-11-01,2026-01-01,30,High,Medium,Low,On-Time,9,61,Pro,Active
7129,2023-12-22,2026-01-22,9,Medium,Medium,Medium,Delayed,10,68,Pro,Active
7130,2025-10-31,2026-01-21,10,Medium,High,High,On-Time,8,50,Pro,Active
7131,2023-11-06,2025-05-20,256,Low,Low,Low,Missed,4,15,Basic,Cancelled
7132,2024-05-19,2026-01-21,10,Medium,Medium,Low,Delayed,7,17,Basic,Active
7133,2025-01-05,2026-01-19,12,High,Medium,Medium,On-Time,10,40,Pro,Active
7134,2023-06-27,2025-11-28,64,Medium,Low,Low,Missed,7,17,Basic,Active
7135,2024-06-16,2026-01-11,20,High,High,Medium,On-Time,9,19,Basic,Active
7136,2025-03-19,2026-01-23,8,Medium,Medium,Medium,Delayed,9,62,Pro,Active
7137,2025-08-07,2026-01-19,12,Medium,Medium,Low,On-Time,9,56,Pro,Active
7138,2024-11-16,2025-10-24,99,Low,Low,Medium,On-Time,6,28,Basic,Active
7139,2025-01-02,2026-01-28,3,High,High,Low,On-Time,7,55,Pro,Active
7140,2023-05-19,2025-11-25,67,Low,Low,Low,Delayed,6,63,Pro,Active
7141,2025-11-01,2026-01-29,2,High,High,Low,On-Time,7,60,Pro,Active
7142,2023-05-26,2026-01-10,21,High,Medium,Medium,On-Time,10,62,Pro,Active
7143,2025-04-28,2025-12-26,36,High,High,Low,On-Time,8,292,Enterprise,Active
7144,2023-10-17,2026-01-22,9,High,Medium,Low,On-Time,7,269,Enterprise,Active
7145,2025-10-19,2026-01-03,28,High,Medium,Low,On-Time,9,11,Basic,Active
7146,2025-02-27,2025-08-18,166,Low,Low,Low,Missed,2,22,Basic,Cancelled
7147,2025-04-05,2025-12-11,51,Low,Low,Low,On-Time,5,53,Pro,Active
7148,2023-08-28,2026-01-05,26,Medium,High,Low,On-Time,9,13,Basic,Active
7149,2024-04-30,2026-01-17,14,High,Medium,Low,On-Time,7,18,Basic,Active
7150,2024-11-07,2025-12-28,34,High,High,Low,On-Time,9,19,Basic,Active
7151,2025-04-23,2025-10-06,117,Low,Low,Medium,Delayed,4,13,Basic,Active
7152,2023-04-24,2026-01-31,0,High,Medium,Low,On-Time,9,17,Basic,Active
7153,2025-11-19,2026-01-24,7,High,Medium,Medium,On-Time,8,26,Basic,Active
7154,2025-09-01,2026-01-07,24,Medium,Medium,Low,Delayed,10,69,Pro,Active
7155,2023-10-24,2026-01-17,14,Medium,Medium,Low,Delayed,8,28,Basic,Active
7156,2025-06-19,2025-10-20,103,Low,Low,Medium,On-Time,4,20,Basic,Active
7157,2024-07-21,2026-01-02,29,High,High,Low,On-Time,10,141,Enterprise,Active
7158,2024-05-20,2025-08-10,174,Low,Low,Low,Missed,4,77,Pro,Cancelled
7159,2023-12-11,2025-09-27,126,Low,Low,Medium,Missed,2,46,Pro,Cancelled
7160,2024-09-28,2026-01-03,28,High,High,Medium,On-Time,7,193,Enterprise,Active
7161,2025-03-10,2025-12-23,39,High,Medium,Medium,On-Time,7,14,Basic,Active
7162,2024-03-25,2026-01-07,24,High,High,High,Delayed,7,29,Basic,Active
7163,2024-11-19,2025-12-27,35,Medium,Medium,Medium,On-Time,10,20,Basic,Active
7164,2025-02-04,2026-01-22,9,High,Medium,Low,Delayed,7,59,Pro,Active
7165,2025-02-17,2026-01-19,12,Medium,High,Medium,On-Time,7,40,Pro,Active
7166,2023-02-26,2025-12-20,42,Medium,Medium,Medium,On-Time,10,69,Pro,Active
7167,2025-07-30,2025-10-14,109,Low,Medium,Medium,On-Time,6,15,Basic,Active
7168,2024-05-16,2026-01-29,2,Medium,High,Medium,On-Time,9,18,Basic,Active
7169,2023-10-15,2025-11-03,89,Low,Medium,Low,Delayed,4,23,Basic,Active
7170,2023-09-22,2025-12-23,39,Medium,High,Low,On-Time,9,16,Basic,Active
7171,2024-06-12,2025-12-21,41,High,Medium,Medium,On-Time,8,29,Basic,Active
7172,2025-08-29,2025-12-23,39,Medium,High,Medium,On-Time,9,40,Pro,Active
7173,2024-02-19,2026-01-17,14,High,Medium,Medium,On-Time,9,27,Basic,Active
7174,2025-03-31,2026-01-15,16,Medium,High,Low,Delayed,10,258,Enterprise,Active
7175,2023-04-17,2025-10-15,108,Medium,Low,Medium,Delayed,6,24,Basic,Active
7176,2024-06-05,2025-12-19,43,High,Medium,Low,Delayed,7,60,Pro,Active
7177,2025-12-21,2025-12-25,37,High,High,Medium,On-Time,7,67,Pro,Active
7178,2025-04-23,2026-01-24,7,High,High,Medium,On-Time,7,26,Basic,Active
7179,2023-08-19,2025-12-24,38,Medium,High,Medium,On-Time,8,168,Enterprise,Active
7180,2024-07-03,2026-01-01,30,Medium,Medium,Medium,On-Time,10,12,Basic,Active
7181,2023-09-13,2025-12-18,44,High,Medium,Medium,On-Time,10,20,Basic,Active
7182,2024-03-24,2026-01-21,10,Medium,High,Low,On-Time,7,13,Basic,Active
7183,2025-05-04,2026-01-17,14,High,Medium,Medium,On-Time,9,24,Basic,Active
7184,2025-04-24,2025-09-05,148,Low,Low,Low,Delayed,2,78,Pro,Cancelled
7185,2023-09-07,2025-11-27,65,Medium,Medium,Low,Missed,4,54,Pro,Active
7186,2025-10-06,2026-01-12,19,High,High,Low,On-Time,9,76,Pro,Active
7187,2024-10-10,2026-01-09,22,High,High,Medium,On-Time,9,51,Pro,Active
7188,2024-02-21,2026-01-08,23,High,High,Low,On-Time,7,15,Basic,Active
7189,2024-07-03,2025-10-16,107,Low,Low,Low,Delayed,7,12,Basic,Active
7190,2024-10-24,2026-01-10,21,Medium,High,Medium,On-Time,8,51,Pro,Active
7191,2024-09-05,2026-01-25,6,High,Medium,Low,On-Time,9,18,Basic,Active
7192,2024-06-16,2026-01-04,27,Medium,Medium,Low,On-Time,7,28,Basic,Active
7193,2024-07-06,2025-12-20,42,High,High,Medium,On-Time,8,10,Basic,Active
7194,2023-07-13,2025-11-24,68,Low,Low,Low,Missed,5,23,Basic,Active
7195,2025-06-08,2025-12-25,37,Medium,High,Medium,On-Time,7,51,Pro,Active
7196,2024-08-16,2025-12-12,50,Medium,Medium,Medium,On-Time,5,21,Basic,Active
7197,2023-05-24,2025-10-28,95,Low,Medium,Low,Delayed,6,62,Pro,Active
7198,2025-04-18,2026-01-08,23,High,High,Low,On-Time,10,13,Basic,Active
7199,2025-10-18,2026-01-25,6,High,High,Low,On-Time,9,10,Basic,Active
7200,2025-11-03,2025-11-09,83,Medium,Low,Medium,Delayed,4,23,Basic,Active
7201,2024-02-09,2025-12-05,57,Low,Medium,Medium,Delayed,4,198,Enterprise,Active
7202,2023-05-29,2026-01-22,9,High,High,Low,Delayed,10,27,Basic,Active
7203,2024-07-21,2025-08-22,162,Low,Low,Low,Missed,1,14,Basic,Cancelled
7204,2023-05-04,2025-08-08,176,Low,Low,Medium,Missed,1,15,Basic,Cancelled
7205,2025-10-19,2026-01-11,20,High,Medium,Medium,On-Time,7,28,Basic,Active
7206,2023-07-21,2026-01-25,6,High,Medium,Medium,On-Time,9,28,Basic,Active
7207,2023-10-04,2026-01-13,18,High,Medium,Low,On-Time,8,55,Pro,Active
7208,2024-03-21,2026-01-04,27,High,Medium,Medium,On-Time,7,74,Pro,Active
7209,2024-02-24,2025-08-22,162,Low,Low,Low,Delayed,3,12,Basic,Cancelled
7210,2025-05-20,2026-01-12,19,High,High,Low,On-Time,8,10,Basic,Active
7211,2024-05-14,2025-10-12,111,Medium,Low,High,On-Time,6,53,Pro,Active
7212,2023-07-06,2026-01-15,16,High,Medium,Low,On-Time,10,71,Pro,Active
7213,2023-10-20,2025-12-31,31,High,Medium,Low,On-Time,8,22,Basic,Active
7214,2024-07-11,2025-12-13,49,Medium,Low,Low,Delayed,6,62,Pro,Active
7215,2023-06-11,2025-12-24,38,High,High,Low,On-Time,8,64,Pro,Active
7216,2024-10-31,2026-01-18,13,High,Medium,Medium,On-Time,8,71,Pro,Active
7217,2024-09-11,2026-01-19,12,High,High,Low,On-Time,10,74,Pro,Active
7218,2025-02-21,2025-12-27,35,High,Medium,Medium,On-Time,8,77,Pro,Active
7219,2025-10-23,2026-01-22,9,High,High,Medium,On-Time,9,12,Basic,Active
7220,2025-09-25,2025-10-24,99,Low,Medium,Medium,Delayed,5,60,Pro,Active
7221,2025-11-01,2026-01-19,12,Medium,Medium,Low,On-Time,8,43,Pro,Active
7222,2023-09-25,2025-12-19,43,Medium,High,Low,On-Time,9,26,Basic,Active
7223,2023-05-25,2025-10-26,97,Medium,Medium,Medium,Delayed,7,55,Pro,Active
7224,2023-11-27,2025-12-27,35,High,Medium,Low,On-Time,10,26,Basic,Active
7225,2025-09-07,2026-01-30,1,Medium,High,High,On-Time,10,51,Pro,Active
7226,2025-11-30,2026-01-22,9,High,High,Medium,On-Time,9,16,Basic,Active
7227,2025-07-29,2026-01-31,0,Medium,High,Medium,On-Time,9,14,Basic,Active
7228,2023-05-01,2025-08-10,174,Low,Low,Medium,Delayed,1,46,Pro,Cancelled
7229,2025-11-03,2026-01-05,26,High,Medium,Low,On-Time,10,14,Basic,Active
7230,2024-04-08,2026-01-03,28,High,Medium,Low,On-Time,7,24,Basic,Active
7231,2023-01-11,2025-11-24,68,Medium,Low,High,Delayed,5,78,Pro,Active
7232,2024-04-29,2025-12-26,36,High,Medium,Low,On-Time,7,48,Pro,Active
7233,2023-02-20,2025-11-06,86,Medium,Low,Low,Delayed,4,20,Basic,Active
7234,2024-08-18,2025-12-23,39,High,High,High,On-Time,8,56,Pro,Active
7235,2024-01-06,2026-01-12,19,High,High,High,On-Time,9,51,Pro,Active
7236,2024-06-02,2026-01-01,30,High,High,Low,On-Time,9,15,Basic,Active
7237,2024-11-02,2026-01-04,27,High,Medium,Low,On-Time,8,15,Basic,Active
7238,2025-08-09,2026-01-27,4,High,Medium,Low,On-Time,10,47,Pro,Active
7239,2024-12-25,2025-06-17,228,Low,Low,Low,Missed,3,57,Pro,Cancelled
7240,2024-04-20,2025-12-24,38,High,Medium,Medium,On-Time,7,25,Basic,Active
7241,2025-06-16,2025-10-13,110,Medium,Low,Low,Delayed,6,50,Pro,Active
7242,2025-09-18,2026-01-15,16,High,High,Low,On-Time,9,64,Pro,Active
7243,2023-05-12,2025-11-12,80,Medium,Low,Low,Delayed,5,11,Basic,Active
7244,2024-08-05,2025-12-16,46,Low,Low,Low,On-Time,6,56,Pro,Active
7245,2023-11-08,2025-12-29,33,High,High,High,On-Time,7,18,Basic,Active
7246,2023-02-21,2025-12-30,32,High,Medium,Medium,On-Time,8,70,Pro,Active
7247,2025-01-02,2026-01-23,8,High,High,Medium,On-Time,8,19,Basic,Active
7248,2025-08-02,2025-12-25,37,Medium,High,High,On-Time,8,28,Basic,Active
7249,2023-06-28,2026-01-17,14,Medium,Medium,Low,On-Time,9,55,Pro,Active
7250,2025-06-08,2026-01-24,7,Medium,Medium,Low,On-Time,8,50,Pro,Active
7251,2025-07-23,2026-01-15,16,Medium,High,High,Delayed,10,21,Basic,Active
7252,2025-09-28,2026-01-25,6,Medium,High,Medium,On-Time,10,17,Basic,Active
7253,2023-10-18,2026-01-10,21,High,Medium,Medium,On-Time,10,11,Basic,Active
7254,2025-09-16,2025-12-25,37,High,High,Medium,On-Time,7,67,Pro,Active
7255,2023-12-18,2025-11-18,74,Low,Low,Low,Missed,4,41,Pro,Active
7256,2024-08-27,2025-12-24,38,High,Medium,High,On-Time,10,28,Basic,Active
7257,2023-02-25,2025-10-08,115,Medium,Medium,Medium,Delayed,5,57,Pro,Active
7258,2023-02-18,2026-01-28,3,High,Medium,Medium,On-Time,7,76,Pro,Active
7259,2025-02-27,2026-01-05,26,High,Medium,Low,Delayed,9,52,Pro,Active
7260,2024-05-01,2026-01-22,9,Medium,Medium,Low,On-Time,8,55,Pro,Active
7261,2023-10-08,2025-11-06,86,Medium,Low,Medium,Delayed,4,14,Basic,Active
7262,2023-07-28,2026-01-29,2,Medium,Medium,Low,On-Time,9,18,Basic,Active
7263,2025-01-03,2025-06-22,223,Low,Low,Low,Delayed,1,229,Enterprise,Cancelled
7264,2023-01-01,2025-11-01,91,Medium,Low,Low,On-Time,7,63,Pro,Active
7265,2025-06-01,2026-01-01,30,Medium,High,Low,On-Time,7,43,Pro,Active
7266,2023-03-28,2025-12-24,38,High,Medium,Medium,On-Time,9,28,Basic,Active
7267,2023-07-29,2025-12-28,34,High,High,Low,On-Time,9,14,Basic,Active
7268,2024-02-27,2025-12-18,44,High,Medium,High,On-Time,7,10,Basic,Active
7269,2024-06-14,2026-01-17,14,Medium,High,Low,On-Time,7,241,Enterprise,Active
7270,2024-01-24,2026-01-11,20,Medium,High,Medium,Delayed,9,10,Basic,Active
7271,2023-12-18,2025-08-24,160,Low,Low,Medium,Missed,1,12,Basic,Cancelled
7272,2025-11-21,2025-12-08,54,Low,Low,Medium,Missed,7,294,Enterprise,Active
7273,2024-12-03,2025-11-28,64,Medium,Medium,High,On-Time,7,18,Basic,Active
7274,2023-01-26,2026-01-07,24,Medium,Medium,Low,On-Time,9,12,Basic,Active
7275,2024-04-16,2025-11-06,86,Low,Low,High,Delayed,4,29,Basic,Active
7276,2025-08-16,2026-01-22,9,Medium,High,Low,On-Time,7,43,Pro,Active
7277,2023-11-27,2025-10-08,115,Low,Low,High,Delayed,5,15,Basic,Active
7278,2023-04-14,2025-12-26,36,High,Medium,Low,On-Time,10,43,Pro,Active
7279,2025-04-10,2025-11-20,72,Low,Medium,Low,Delayed,4,19,Basic,Active
7280,2024-10-25,2026-01-07,24,High,High,Medium,On-Time,7,16,Basic,Active
7281,2024-09-16,2025-12-25,37,High,High,Medium,On-Time,9,28,Basic,Active
7282,2023-02-28,2026-01-10,21,High,Medium,Low,On-Time,7,24,Basic,Active
7283,2023-06-03,2026-01-31,0,High,Medium,Medium,On-Time,10,46,Pro,Active
7284,2024-11-12,2026-01-05,26,High,Medium,Low,On-Time,7,19,Basic,Active
7285,2023-08-16,2025-12-21,41,Medium,Medium,Low,On-Time,7,14,Basic,Active
7286,2024-07-05,2026-01-22,9,Medium,Medium,Medium,On-Time,10,23,Basic,Active
7287,2024-08-19,2026-01-04,27,High,Medium,Low,Delayed,10,67,Pro,Active
7288,2023-11-07,2025-11-15,77,Low,Low,Low,Delayed,6,12,Basic,Active
7289,2025-11-04,2026-01-26,5,Medium,High,High,On-Time,10,71,Pro,Active
7290,2025-07-11,2026-01-03,28,Medium,High,Medium,On-Time,8,75,Pro,Active
7291,2025-03-01,2026-01-02,29,High,High,Low,Delayed,9,14,Basic,Active
7292,2023-03-27,2025-12-27,35,High,High,Medium,On-Time,7,12,Basic,Active
7293,2023-04-27,2025-12-27,35,High,Medium,Medium,On-Time,9,28,Basic,Active
7294,2024-06-23,2026-01-08,23,High,High,High,On-Time,8,53,Pro,Active
7295,2023-06-25,2026-01-10,21,High,High,Medium,On-Time,9,27,Basic,Active
7296,2025-12-07,2026-01-15,16,High,Medium,Medium,On-Time,8,44,Pro,Active
7297,2023-06-23,2026-01-15,16,High,Medium,Low,On-Time,7,19,Basic,Active
7298,2024-06-17,2025-05-27,249,Low,Low,Low,Missed,5,26,Basic,Cancelled
7299,2024-02-03,2026-01-17,14,High,High,Medium,Delayed,9,51,Pro,Active
7300,2024-12-01,2025-12-28,34,High,Medium,Medium,On-Time,7,77,Pro,Active
7301,2023-05-22,2025-08-11,173,Low,Low,Low,Missed,4,71,Pro,Cancelled
7302,2024-04-16,2026-01-29,2,High,Medium,High,On-Time,7,251,Enterprise,Active
7303,2023-10-28,2026-01-06,25,Medium,High,Low,On-Time,7,16,Basic,Active
7304,2025-08-30,2026-01-04,27,High,High,Low,On-Time,7,55,Pro,Active
7305,2023-02-14,2026-01-08,23,Medium,High,Low,On-Time,8,18,Basic,Active
7306,2025-09-27,2025-10-08,115,Low,Low,Medium,On-Time,4,77,Pro,Active
7307,2025-07-01,2025-12-13,49,Low,Medium,Low,Delayed,5,27,Basic,Active
7308,2023-11-22,2026-01-03,28,High,High,High,On-Time,9,23,Basic,Active
7309,2025-05-14,2026-01-13,18,Medium,High,High,On-Time,8,24,Basic,Active
7310,2023-02-04,2026-01-11,20,Medium,High,Low,On-Time,9,60,Pro,Active
7311,2025-11-24,2026-01-31,0,High,High,Low,On-Time,8,28,Basic,Active
7312,2024-07-30,2026-01-18,13,High,Medium,Low,On-Time,10,27,Basic,Active
7313,2023-11-29,2026-01-28,3,Medium,High,Low,On-Time,8,11,Basic,Active
7314,2024-02-02,2026-01-24,7,Medium,Medium,Medium,On-Time,8,28,Basic,Active
7315,2023-03-14,2026-01-29,2,High,Medium,Medium,On-Time,7,28,Basic,Active
7316,2025-12-19,2026-01-30,1,High,High,Low,On-Time,9,51,Pro,Active
7317,2023-02-13,2026-01-20,11,Medium,Medium,High,On-Time,7,50,Pro,Active
7318,2024-12-18,2025-12-28,34,Medium,High,High,Delayed,8,11,Basic,Active
7319,2024-04-29,2026-01-29,2,High,High,Medium,On-Time,9,29,Basic,Active
7320,2025-11-05,2025-12-25,37,Medium,High,Low,Delayed,7,22,Basic,Active
7321,2023-09-27,2025-11-29,63,Low,Medium,Medium,On-Time,5,42,Pro,Active
7322,2024-08-05,2025-10-20,103,Medium,Medium,Low,Delayed,5,18,Basic,Active
7323,2024-06-12,2025-08-06,178,Low,Low,Medium,Delayed,5,11,Basic,Cancelled
7324,2025-02-08,2026-01-10,21,Medium,High,Low,On-Time,10,27,Basic,Active
7325,2023-03-16,2025-12-15,47,Low,Low,Low,On-Time,7,22,Basic,Active
7326,2023-08-01,2025-09-29,124,Low,Low,Low,Delayed,3,17,Basic,Cancelled
7327,2023-08-23,2026-01-19,12,High,High,Low,On-Time,10,15,Basic,Active
7328,2025-03-19,2025-10-15,108,Medium,Low,Medium,On-Time,7,21,Basic,Active
7329,2023-07-27,2026-01-12,19,High,High,Medium,On-Time,8,18,Basic,Active
7330,2024-09-19,2025-10-26,97,Low,Low,Low,Delayed,4,41,Pro,Active
7331,2023-08-24,2025-10-31,92,Low,Low,Low,On-Time,6,27,Basic,Active
7332,2025-08-01,2026-01-03,28,High,Medium,High,On-Time,8,25,Basic,Active
7333,2025-10-28,2025-08-18,166,Low,Low,Medium,Delayed,1,14,Basic,Cancelled
7334,2024-07-21,2026-01-27,4,High,High,Medium,On-Time,9,51,Pro,Active
7335,2024-01-21,2026-01-03,28,Medium,Medium,Medium,On-Time,9,75,Pro,Active
7336,2023-09-14,2026-01-06,25,High,High,Low,On-Time,10,12,Basic,Active
7337,2023-02-24,2026-01-01,30,High,High,Low,On-Time,8,23,Basic,Active
7338,2023-10-22,2026-01-08,23,High,Medium,Low,On-Time,9,21,Basic,Active
7339,2024-12-17,2025-09-02,151,Low,Low,High,Missed,1,170,Enterprise,Active
7340,2024-08-07,2026-01-10,21,High,High,Medium,On-Time,8,13,Basic,Active
7341,2025-10-30,2026-01-05,26,High,Medium,High,Delayed,7,161,Enterprise,Active
7342,2024-03-09,2025-10-23,100,Medium,Medium,Low,Missed,4,164,Enterprise,Active
7343,2025-01-29,2026-01-24,7,High,Medium,Medium,On-Time,10,20,Basic,Active
7344,2024-06-19,2025-12-26,36,High,High,Low,Delayed,8,29,Basic,Active
7345,2024-07-15,2025-12-31,31,High,High,Medium,On-Time,8,64,Pro,Active
7346,2023-10-21,2025-11-17,75,Medium,Low,Low,Delayed,6,79,Pro,Active
7347,2024-05-13,2025-04-17,289,Low,Low,Medium,Delayed,2,19,Basic,Cancelled
7348,2024-05-30,2025-11-19,73,Medium,Low,Low,On-Time,7,25,Basic,Active
7349,2025-02-12,2025-12-11,51,Medium,Low,Low,Delayed,6,59,Pro,Active
7350,2025-10-27,2025-12-28,34,High,Medium,Low,On-Time,8,20,Basic,Active
7351,2023-12-27,2026-01-22,9,High,High,Low,On-Time,10,47,Pro,Active
7352,2023-02-16,2025-09-20,133,Low,Low,Low,Missed,2,144,Enterprise,Cancelled
7353,2024-06-27,2026-01-15,16,Medium,High,Medium,On-Time,10,16,Basic,Active
7354,2024-08-19,2026-01-30,1,Medium,Medium,Low,On-Time,8,28,Basic,Active
7355,2023-07-04,2025-05-10,266,Low,Low,Low,Missed,3,11,Basic,Cancelled
7356,2025-04-12,2026-01-26,5,Medium,Medium,Medium,On-Time,10,12,Basic,Active
7357,2025-12-14,2025-09-16,137,Low,Low,Low,Missed,5,27,Basic,Active
7358,2025-11-01,2026-01-18,13,Medium,Medium,Medium,On-Time,10,23,Basic,Active
7359,2023-08-04,2025-12-29,33,Medium,High,Low,On-Time,10,21,Basic,Active
7360,2025-08-16,2026-01-27,4,Medium,High,High,On-Time,9,44,Pro,Active
7361,2025-02-10,2025-12-03,59,Medium,Low,Medium,Delayed,5,19,Basic,Active
7362,2024-05-11,2026-01-09,22,High,High,Medium,On-Time,7,19,Basic,Active
7363,2024-08-14,2025-10-09,114,Low,Low,High,Delayed,6,11,Basic,Active
7364,2025-07-19,2025-12-22,40,High,High,High,On-Time,10,45,Pro,Active
7365,2024-06-09,2025-11-15,77,Low,Low,Low,On-Time,4,25,Basic,Active
7366,2024-02-13,2026-01-31,0,Medium,High,Low,Delayed,8,64,Pro,Active
7367,2024-06-24,2026-01-13,18,High,Medium,Low,Delayed,10,69,Pro,Active
7368,2024-09-26,2026-01-23,8,High,Medium,Low,On-Time,9,24,Basic,Active
7369,2023-07-27,2025-12-31,31,Medium,Medium,Medium,Delayed,9,73,Pro,Active
7370,2025-09-13,2025-12-31,31,High,High,Medium,On-Time,10,12,Basic,Active
7371,2025-01-08,2025-05-22,254,Low,Low,High,Missed,5,14,Basic,Cancelled
7372,2024-11-24,2026-01-22,9,High,High,Low,On-Time,9,22,Basic,Active
7373,2023-04-19,2025-12-06,56,Low,Low,Medium,Missed,5,219,Enterprise,Active
7374,2024-10-23,2026-01-13,18,High,High,Low,On-Time,8,54,Pro,Active
7375,2023-05-13,2026-01-01,30,High,High,Medium,On-Time,9,23,Basic,Active
7376,2023-03-28,2026-01-04,27,Medium,Medium,Medium,Delayed,7,18,Basic,Active
7377,2024-07-31,2026-01-23,8,Medium,High,Medium,On-Time,10,28,Basic,Active
7378,2024-03-17,2025-05-01,275,Low,Low,Medium,Missed,3,52,Pro,Cancelled
7379,2024-10-06,2025-12-31,31,Medium,High,Low,On-Time,7,78,Pro,Active
7380,2023-04-08,2026-01-25,6,Medium,High,Low,On-Time,7,12,Basic,Active
7381,2024-04-16,2025-10-11,112,Medium,Low,Low,Delayed,7,55,Pro,Active
7382,2023-07-11,2025-12-26,36,Medium,Medium,Medium,On-Time,10,12,Basic,Active
7383,2025-12-16,2026-01-22,9,Medium,Medium,Low,On-Time,8,52,Pro,Active
7384,2024-09-06,2026-01-31,0,Medium,High,Low,On-Time,8,12,Basic,Active
7385,2025-01-22,2025-11-09,83,Low,Medium,Medium,Delayed,4,238,Enterprise,Active
7386,2023-12-23,2025-07-16,199,Low,Low,Low,Missed,5,186,Enterprise,Active
7387,2023-04-14,2026-01-14,17,Medium,High,Low,On-Time,8,78,Pro,Active
7388,2025-12-04,2026-01-06,25,High,Medium,Medium,On-Time,7,69,Pro,Active
7389,2023-11-10,2026-01-17,14,Medium,Medium,High,On-Time,9,65,Pro,Active
7390,2024-04-09,2026-01-28,3,High,Medium,Low,Delayed,7,12,Basic,Active
7391,2024-12-12,2026-01-24,7,High,Medium,Medium,On-Time,8,27,Basic,Active
7392,2023-01-28,2026-01-31,0,Medium,Medium,Low,On-Time,9,18,Basic,Active
7393,2025-06-06,2025-12-21,41,High,Medium,Low,On-Time,7,54,Pro,Active
7394,2024-08-10,2025-12-22,40,High,High,Low,On-Time,10,15,Basic,Active
7395,2023-11-01,2026-01-23,8,Medium,Medium,Medium,On-Time,9,29,Basic,Active
7396,2023-03-09,2026-01-14,17,High,Medium,High,On-Time,10,27,Basic,Active
7397,2023-06-27,2025-12-27,35,Medium,High,Low,Delayed,10,245,Enterprise,Active
7398,2025-09-07,2025-08-20,164,Low,Low,Medium,Delayed,2,47,Pro,Active
7399,2025-01-21,2025-12-31,31,High,Medium,Low,On-Time,10,15,Basic,Active
7400,2023-10-01,2025-11-09,83,Low,Medium,High,On-Time,7,49,Pro,Active
7401,2023-03-13,2026-01-07,24,High,High,Low,Delayed,8,18,Basic,Active
7402,2025-01-26,2026-01-30,1,High,High,Medium,On-Time,9,51,Pro,Active
7403,2024-09-18,2026-01-04,27,High,High,Low,On-Time,9,43,Pro,Active
7404,2024-03-18,2026-01-03,28,High,Medium,High,On-Time,9,12,Basic,Active
7405,2024-02-03,2025-12-07,55,Medium,Low,Low,On-Time,5,73,Pro,Active
7406,2023-08-26,2026-01-20,11,High,Medium,Low,On-Time,9,54,Pro,Active
7407,2025-01-03,2026-01-23,8,Medium,Medium,Medium,On-Time,7,53,Pro,Active
7408,2025-11-28,2025-06-19,226,Low,Low,High,Delayed,3,268,Enterprise,Cancelled
7409,2023-07-12,2026-01-02,29,High,High,High,On-Time,8,55,Pro,Active
7410,2024-10-15,2025-12-27,35,High,Medium,Low,On-Time,7,19,Basic,Active
7411,2024-04-09,2026-01-10,21,High,High,Low,On-Time,10,17,Basic,Active
7412,2024-05-04,2026-01-11,20,High,Medium,High,On-Time,10,24,Basic,Active
7413,2023-10-06,2026-01-02,29,High,Medium,Low,On-Time,8,44,Pro,Active
7414,2025-06-22,2026-01-15,16,High,Medium,Medium,On-Time,9,27,Basic,Active
7415,2024-06-15,2026-01-14,17,High,High,Low,On-Time,7,251,Enterprise,Active
7416,2024-08-18,2025-10-04,119,Medium,Low,Medium,Delayed,6,48,Pro,Active
7417,2023-11-30,2025-12-30,32,High,High,Medium,On-Time,10,64,Pro,Active
7418,2023-07-19,2026-01-07,24,Medium,Medium,Medium,On-Time,9,79,Pro,Active
7419,2023-04-05,2026-01-31,0,High,Medium,Medium,On-Time,7,51,Pro,Active
7420,2025-02-20,2025-09-07,146,Low,Low,Medium,Missed,1,62,Pro,Cancelled
7421,2023-08-03,2026-01-08,23,Medium,Medium,Medium,On-Time,9,12,Basic,Active
7422,2025-01-25,2026-01-28,3,Medium,High,Medium,On-Time,8,71,Pro,Active
7423,2024-03-03,2025-12-18,44,Medium,High,Medium,Delayed,8,20,Basic,Active
7424,2024-03-31,2026-01-14,17,High,Medium,Medium,On-Time,9,70,Pro,Active
7425,2024-05-28,2025-12-31,31,Medium,High,Medium,Delayed,8,23,Basic,Active
7426,2024-02-07,2025-12-18,44,High,Medium,High,On-Time,8,286,Enterprise,Active
7427,2023-04-21,2025-07-11,204,Low,Low,Low,Delayed,1,25,Basic,Cancelled
7428,2023-12-06,2025-07-19,196,Low,Low,Medium,Missed,1,23,Basic,Cancelled
7429,2024-12-27,2025-12-07,55,Low,Low,High,Delayed,7,25,Basic,Active
7430,2024-12-30,2025-08-01,183,Low,Low,Low,Missed,4,29,Basic,Cancelled
7431,2023-11-10,2025-05-20,256,Low,Low,Medium,Missed,3,63,Pro,Cancelled
7432,2024-05-18,2026-01-01,30,High,Medium,Low,Delayed,9,48,Pro,Active
7433,2023-07-31,2026-01-07,24,Medium,High,Low,On-Time,7,21,Basic,Active
7434,2023-08-19,2026-01-09,22,High,Medium,Low,On-Time,9,75,Pro,Active
7435,2023-01-26,2026-01-06,25,Medium,Medium,Medium,On-Time,10,70,Pro,Active
7436,2025-09-08,2025-10-27,96,Low,Low,Low,Delayed,6,67,Pro,Active
7437,2023-08-19,2026-01-07,24,High,High,Low,On-Time,9,179,Enterprise,Active
7438,2023-09-07,2025-12-26,36,Medium,Medium,Low,Delayed,9,76,Pro,Active
7439,2023-11-03,2025-12-22,40,High,Medium,Low,On-Time,8,75,Pro,Active
7440,2023-05-20,2025-08-10,174,Low,Low,Medium,Missed,3,25,Basic,Cancelled
7441,2024-11-30,2025-12-03,59,Medium,Medium,Low,On-Time,4,40,Pro,Active
7442,2023-03-24,2026-01-14,17,High,High,High,On-Time,9,23,Basic,Active
7443,2023-05-27,2025-05-19,257,Low,Low,Low,Missed,4,43,Pro,Cancelled
7444,2024-12-07,2025-12-21,41,High,High,Medium,On-Time,7,16,Basic,Active
7445,2024-01-07,2025-12-27,35,Medium,High,Low,On-Time,8,78,Pro,Active
7446,2025-02-14,2025-05-12,264,Low,Low,High,Missed,2,15,Basic,Cancelled
7447,2024-09-02,2026-01-10,21,Medium,Medium,Low,On-Time,7,66,Pro,Active
7448,2023-10-08,2025-12-18,44,Medium,High,Medium,Delayed,9,65,Pro,Active
7449,2024-12-13,2025-09-02,151,Low,Low,Medium,Missed,1,12,Basic,Cancelled
7450,2023-05-08,2026-01-25,6,High,High,Low,On-Time,8,45,Pro,Active
7451,2024-08-10,2026-01-15,16,High,High,Low,On-Time,8,217,Enterprise,Active
7452,2024-04-23,2025-11-18,74,Low,Low,Low,Missed,6,61,Pro,Active
7453,2023-10-21,2025-12-11,51,Low,Medium,Medium,Delayed,7,20,Basic,Active
7454,2024-10-23,2026-01-24,7,Medium,High,Low,On-Time,9,23,Basic,Active
7455,2025-08-12,2025-12-20,42,High,Medium,Low,On-Time,8,18,Basic,Active
7456,2025-12-29,2026-01-28,3,High,High,Medium,On-Time,9,28,Basic,Active
7457,2024-10-27,2026-01-16,15,Medium,Medium,High,On-Time,7,59,Pro,Active
7458,2024-03-19,2026-01-31,0,Medium,Medium,Medium,On-Time,7,41,Pro,Active
7459,2023-09-04,2026-01-18,13,Medium,Medium,Low,On-Time,10,78,Pro,Active
7460,2023-10-09,2026-01-04,27,Medium,Medium,Low,On-Time,7,10,Basic,Active
7461,2024-06-09,2026-01-31,0,High,Medium,Low,On-Time,8,18,Basic,Active
7462,2024-02-07,2026-01-15,16,High,Medium,Low,On-Time,7,42,Pro,Active
7463,2025-09-27,2025-12-21,41,High,Medium,Low,On-Time,8,283,Enterprise,Active
7464,2024-02-08,2025-12-05,57,Medium,Low,Medium,On-Time,4,18,Basic,Active
7465,2024-02-13,2025-10-16,107,Low,Low,Medium,Missed,7,42,Pro,Active
7466,2024-02-24,2026-01-13,18,Medium,Medium,Medium,On-Time,8,28,Basic,Active
7467,2025-07-05,2025-12-26,36,High,High,Low,On-Time,10,29,Basic,Active
7468,2024-12-13,2025-06-02,243,Low,Low,Low,Missed,4,25,Basic,Cancelled
7469,2024-11-03,2025-10-25,98,Medium,Low,Low,On-Time,4,27,Basic,Active
7470,2024-01-01,2026-01-01,30,High,Medium,High,On-Time,7,14,Basic,Active
7471,2025-06-14,2025-07-01,214,Low,Low,Medium,Missed,2,22,Basic,Cancelled
7472,2023-02-12,2025-12-11,51,Low,Medium,Low,On-Time,6,44,Pro,Active
7473,2025-08-11,2026-01-05,26,Medium,High,Low,Delayed,8,23,Basic,Active
7474,2024-07-15,2026-01-11,20,High,Medium,Low,On-Time,10,71,Pro,Active
7475,2024-03-12,2025-10-15,108,Low,Low,High,Delayed,6,41,Pro,Active
7476,2024-06-28,2026-01-17,14,High,High,Low,On-Time,7,26,Basic,Active
7477,2024-12-31,2025-09-19,134,Low,Low,Low,Delayed,3,208,Enterprise,Cancelled
7478,2023-01-14,2025-11-25,67,Medium,Medium,Low,Missed,5,127,Enterprise,Active
7479,2025-08-12,2026-01-11,20,Medium,Medium,Low,On-Time,8,13,Basic,Active
7480,2024-05-04,2026-01-17,14,Medium,High,High,On-Time,9,11,Basic,Active
7481,2024-01-11,2026-01-16,15,Medium,Medium,Low,Delayed,10,129,Enterprise,Active
7482,2023-06-01,2025-10-28,95,Low,Low,Low,Missed,4,29,Basic,Active
7483,2024-04-26,2025-12-27,35,Medium,Medium,Low,On-Time,7,26,Basic,Active
7484,2024-06-27,2025-10-27,96,Low,Medium,Low,On-Time,7,25,Basic,Active
7485,2024-03-17,2026-01-28,3,Medium,Medium,Medium,On-Time,7,28,Basic,Active
7486,2025-01-13,2025-11-14,78,Medium,Low,Low,On-Time,7,15,Basic,Active
7487,2024-04-05,2025-05-09,267,Low,Low,Medium,Missed,5,149,Enterprise,Cancelled
7488,2025-11-18,2026-01-13,18,High,Medium,Medium,On-Time,9,54,Pro,Active
7489,2024-10-18,2025-12-24,38,High,Medium,Low,On-Time,10,23,Basic,Active
7490,2025-06-03,2025-12-20,42,High,High,Medium,Delayed,9,249,Enterprise,Active
7491,2023-04-30,2026-01-27,4,High,High,Medium,On-Time,8,52,Pro,Active
7492,2024-03-11,2026-01-01,30,Medium,Medium,Low,On-Time,10,265,Enterprise,Active
7493,2024-01-04,2026-01-12,19,High,High,Low,On-Time,7,23,Basic,Active
7494,2024-09-15,2026-01-18,13,Medium,High,Low,On-Time,7,26,Basic,Active
7495,2025-07-31,2026-01-02,29,High,Medium,Low,On-Time,9,24,Basic,Active
7496,2023-03-27,2025-12-13,49,Low,Low,Low,Delayed,7,167,Enterprise,Active
7497,2023-03-21,2025-12-26,36,High,High,Medium,On-Time,7,10,Basic,Active
7498,2025-07-20,2026-01-12,19,Medium,Medium,Low,Delayed,10,70,Pro,Active
7499,2023-08-22,2026-01-27,4,Medium,High,Medium,On-Time,8,22,Basic,Active
7500,2025-01-02,2025-12-26,36,Medium,High,Medium,On-Time,8,58,Pro,Active
7501,2024-08-17,2026-01-25,6,High,Medium,Low,On-Time,8,78,Pro,Active
7502,2025-07-01,2026-01-22,9,High,Medium,Low,On-Time,7,252,Enterprise,Active
7503,2023-05-17,2026-01-21,10,High,High,Low,On-Time,8,52,Pro,Active
7504,2023-05-23,2025-12-18,44,Medium,High,Low,On-Time,8,65,Pro,Active
7505,2024-09-01,2025-12-23,39,High,Medium,Medium,On-Time,10,11,Basic,Active
7506,2025-11-02,2025-10-06,117,Medium,Medium,Low,Delayed,4,11,Basic,Active
7507,2024-03-30,2026-01-11,20,Medium,High,Low,On-Time,9,21,Basic,Active
7508,2023-12-25,2025-12-25,37,Medium,Medium,Medium,On-Time,9,28,Basic,Active
7509,2024-10-26,2026-01-10,21,High,High,Medium,On-Time,8,14,Basic,Active
7510,2025-10-15,2025-11-05,87,Low,Medium,Low,Delayed,6,17,Basic,Active
7511,2025-07-05,2025-11-19,73,Medium,Low,Medium,On-Time,6,12,Basic,Active
7512,2025-12-26,2025-11-16,76,Low,Low,Low,Delayed,7,295,Enterprise,Active
7513,2023-01-25,2026-01-14,17,High,Medium,Low,On-Time,7,18,Basic,Active
7514,2023-05-04,2026-01-24,7,Medium,Medium,Low,On-Time,8,23,Basic,Active
7515,2024-10-29,2026-01-31,0,Medium,High,Medium,On-Time,10,28,Basic,Active
7516,2025-06-17,2025-12-25,37,High,High,Medium,On-Time,9,246,Enterprise,Active
7517,2023-11-09,2026-01-08,23,High,High,Medium,On-Time,7,24,Basic,Active
7518,2023-09-19,2025-05-26,250,Low,Low,Medium,Delayed,4,223,Enterprise,Cancelled
7519,2025-05-11,2025-12-31,31,High,High,Medium,Delayed,8,14,Basic,Active
7520,2023-03-03,2026-01-29,2,High,High,Low,On-Time,7,22,Basic,Active
7521,2024-02-09,2026-01-19,12,High,Medium,Low,On-Time,9,18,Basic,Active
7522,2024-07-07,2025-06-05,240,Low,Low,High,Missed,2,21,Basic,Cancelled
7523,2024-09-05,2025-12-21,41,Medium,Medium,Medium,On-Time,7,64,Pro,Active
7524,2025-03-08,2026-01-14,17,Medium,High,Medium,On-Time,7,28,Basic,Active
7525,2024-01-24,2026-01-17,14,Medium,High,Low,On-Time,8,48,Pro,Active
7526,2024-11-01,2025-12-25,37,High,High,Medium,On-Time,8,21,Basic,Active
7527,2024-10-02,2025-12-31,31,High,High,Medium,On-Time,9,14,Basic,Active
7528,2024-08-22,2025-06-16,229,Low,Low,Medium,Delayed,5,27,Basic,Cancelled
7529,2024-12-02,2025-12-27,35,Medium,Medium,Low,On-Time,9,25,Basic,Active
7530,2023-10-12,2026-01-12,19,Medium,High,Low,On-Time,10,24,Basic,Active
7531,2023-04-03,2026-01-06,25,Medium,Medium,Low,On-Time,7,10,Basic,Active
7532,2023-05-11,2026-01-26,5,High,High,Medium,On-Time,8,60,Pro,Active
7533,2023-09-03,2025-12-31,31,High,High,High,On-Time,8,27,Basic,Active
7534,2024-07-01,2026-01-31,0,Medium,High,Low,On-Time,9,26,Basic,Active
7535,2025-07-09,2026-01-25,6,Medium,Medium,Medium,On-Time,8,28,Basic,Active
7536,2025-02-06,2025-10-27,96,Low,Low,Low,Delayed,4,75,Pro,Active
7537,2025-05-13,2025-12-04,58,Medium,Low,Low,Delayed,5,203,Enterprise,Active
7538,2024-01-20,2025-07-25,190,Low,Low,Low,Missed,2,60,Pro,Cancelled
7539,2024-03-19,2026-01-26,5,High,Medium,Medium,On-Time,8,15,Basic,Active
7540,2024-03-07,2025-12-31,31,High,Medium,Low,On-Time,8,12,Basic,Active
7541,2023-07-30,2025-12-27,35,High,High,Medium,On-Time,9,43,Pro,Active
7542,2023-03-09,2025-11-23,69,Medium,Medium,Low,Missed,6,49,Pro,Active
7543,2024-10-09,2025-06-28,217,Low,Low,Medium,Delayed,4,17,Basic,Cancelled
7544,2025-12-19,2026-01-12,19,Medium,Medium,High,On-Time,9,69,Pro,Active
7545,2023-07-02,2026-01-04,27,High,Medium,High,On-Time,10,13,Basic,Active
7546,2023-02-21,2025-12-20,42,High,Medium,Medium,On-Time,8,58,Pro,Active
7547,2025-05-03,2026-01-29,2,High,High,Medium,On-Time,9,22,Basic,Active
7548,2023-10-04,2026-01-24,7,Medium,High,Medium,On-Time,8,248,Enterprise,Active
7549,2025-06-27,2025-12-19,43,Medium,Medium,Low,On-Time,7,10,Basic,Active
7550,2025-02-09,2025-12-01,61,Medium,Low,Low,Delayed,5,18,Basic,Active
7551,2025-11-01,2025-06-03,242,Low,Low,High,Missed,3,298,Enterprise,Active
7552,2024-03-23,2026-01-21,10,High,High,Medium,On-Time,9,58,Pro,Active
7553,2024-12-25,2025-12-25,37,High,High,Low,On-Time,7,78,Pro,Active
7554,2024-05-24,2026-01-12,19,High,High,Low,On-Time,10,23,Basic,Active
7555,2024-11-21,2025-11-03,89,Low,Low,Low,On-Time,7,29,Basic,Active
7556,2024-05-07,2026-01-24,7,High,Medium,Low,On-Time,10,11,Basic,Active
7557,2023-07-26,2026-01-22,9,High,High,High,On-Time,8,13,Basic,Active
7558,2024-07-10,2025-12-23,39,Medium,Medium,Low,Delayed,7,24,Basic,Active
7559,2024-08-01,2026-01-01,30,High,Medium,Low,On-Time,10,271,Enterprise,Active
7560,2025-06-06,2026-01-30,1,Medium,Medium,Low,On-Time,8,17,Basic,Active
7561,2025-03-16,2025-11-10,82,Low,Low,High,Delayed,6,29,Basic,Active
7562,2024-12-27,2025-12-18,44,High,Medium,High,On-Time,8,201,Enterprise,Active
7563,2023-05-05,2025-12-21,41,High,High,Low,On-Time,8,61,Pro,Active
7564,2025-02-28,2026-01-13,18,Medium,Medium,Medium,Delayed,8,211,Enterprise,Active
7565,2024-07-01,2025-12-18,44,Medium,High,High,On-Time,10,77,Pro,Active
7566,2025-09-06,2026-01-30,1,Medium,High,Low,On-Time,8,26,Basic,Active
7567,2025-10-04,2026-01-03,28,High,Medium,Low,On-Time,7,17,Basic,Active
7568,2023-03-02,2026-01-09,22,High,Medium,Medium,On-Time,8,270,Enterprise,Active
7569,2025-06-17,2025-12-10,52,Low,Low,Low,Delayed,7,203,Enterprise,Active
7570,2023-02-11,2025-12-05,57,Low,Medium,Low,On-Time,5,16,Basic,Active
7571,2024-02-07,2025-12-28,34,Medium,Medium,Medium,On-Time,10,29,Basic,Active
7572,2024-08-16,2026-01-15,16,High,High,High,On-Time,7,50,Pro,Active
7573,2023-06-12,2026-01-15,16,Medium,High,Medium,On-Time,9,58,Pro,Active
7574,2025-03-28,2025-12-07,55,Low,Low,Low,On-Time,6,19,Basic,Active
7575,2023-01-10,2025-07-17,198,Low,Low,Low,Missed,4,67,Pro,Cancelled
7576,2023-07-04,2025-12-25,37,High,Medium,Low,On-Time,9,22,Basic,Active
7577,2024-09-27,2026-01-28,3,Medium,Medium,Low,On-Time,10,75,Pro,Active
7578,2025-02-21,2025-12-15,47,Medium,Low,Low,Delayed,6,23,Basic,Active
7579,2025-09-30,2026-01-18,13,High,Medium,Low,Delayed,8,17,Basic,Active
7580,2025-02-11,2025-12-26,36,High,High,Low,On-Time,10,70,Pro,Active
7581,2025-01-05,2025-12-11,51,Medium,Low,Low,Delayed,7,47,Pro,Active
7582,2024-03-07,2026-01-03,28,High,High,Low,On-Time,7,18,Basic,Active
7583,2023-01-02,2026-01-01,30,High,Medium,Medium,On-Time,9,26,Basic,Active
7584,2023-05-12,2025-11-27,65,Medium,Medium,Medium,Delayed,6,79,Pro,Active
7585,2024-08-08,2025-11-11,81,Low,Medium,Medium,Missed,6,70,Pro,Active
7586,2025-01-09,2025-12-22,40,High,Medium,Low,On-Time,8,51,Pro,Active
7587,2024-04-02,2026-01-26,5,High,Medium,Low,On-Time,7,19,Basic,Active
7588,2025-03-11,2026-01-02,29,High,High,Low,On-Time,9,47,Pro,Active
7589,2024-07-25,2025-12-20,42,Medium,High,Low,On-Time,10,27,Basic,Active
7590,2023-03-23,2025-12-26,36,High,High,Low,On-Time,10,16,Basic,Active
7591,2023-07-30,2026-01-26,5,High,Medium,Low,Delayed,10,20,Basic,Active
7592,2025-07-08,2026-01-16,15,Medium,High,Medium,On-Time,10,71,Pro,Active
7593,2025-03-04,2026-01-28,3,Medium,High,Medium,On-Time,8,25,Basic,Active
7594,2025-09-06,2026-01-01,30,High,Medium,Low,On-Time,10,20,Basic,Active
7595,2023-05-09,2026-01-11,20,High,High,Low,On-Time,7,41,Pro,Active
7596,2025-12-20,2025-10-24,99,Low,Medium,Low,On-Time,4,22,Basic,Active
7597,2023-08-18,2026-01-20,11,Medium,High,Low,On-Time,7,23,Basic,Active
7598,2023-01-13,2025-10-16,107,Low,Low,Low,Delayed,5,67,Pro,Active
7599,2025-12-28,2026-01-31,0,Medium,Medium,Low,On-Time,8,24,Basic,Active
7600,2023-11-04,2025-12-31,31,High,High,Medium,On-Time,8,28,Basic,Active
7601,2025-01-01,2026-01-19,12,High,Medium,High,On-Time,9,70,Pro,Active
7602,2023-07-13,2025-12-13,49,Low,Low,Medium,Delayed,6,25,Basic,Active
7603,2024-09-27,2025-11-13,79,Low,Medium,Low,Delayed,4,11,Basic,Active
7604,2025-09-16,2025-12-30,32,Medium,High,Medium,On-Time,8,64,Pro,Active
7605,2023-12-17,2026-01-27,4,High,High,Low,On-Time,10,15,Basic,Active
7606,2025-01-03,2026-01-03,28,High,Medium,High,Delayed,8,27,Basic,Active
7607,2023-07-25,2026-01-23,8,Medium,Medium,Low,On-Time,10,10,Basic,Active
7608,2024-11-15,2025-12-08,54,Medium,Low,Medium,Delayed,5,29,Basic,Active
7609,2024-01-04,2025-12-23,39,High,High,Low,Delayed,8,22,Basic,Active
7610,2023-08-20,2026-01-04,27,High,High,Medium,On-Time,10,19,Basic,Active
7611,2023-12-09,2025-04-27,279,Low,Low,Low,Missed,5,21,Basic,Cancelled
7612,2023-07-15,2025-12-19,43,Medium,High,Low,On-Time,8,53,Pro,Active
7613,2025-09-14,2026-01-12,19,Medium,High,High,On-Time,9,11,Basic,Active
7614,2024-03-10,2026-01-14,17,Medium,High,Medium,On-Time,8,273,Enterprise,Active
7615,2023-09-26,2025-12-16,46,Low,Low,High,Missed,5,17,Basic,Active
7616,2024-05-06,2025-08-01,183,Low,Low,Low,Delayed,1,78,Pro,Cancelled
7617,2023-12-17,2026-01-19,12,High,Medium,Medium,On-Time,9,74,Pro,Active
7618,2025-03-26,2025-08-05,179,Low,Low,Medium,Missed,1,43,Pro,Cancelled
7619,2025-11-29,2026-01-26,5,High,Medium,Low,On-Time,10,58,Pro,Active
7620,2024-04-24,2025-11-20,72,Low,Low,Medium,Missed,6,25,Basic,Active
7621,2025-07-31,2025-10-20,103,Low,Low,Low,Missed,4,73,Pro,Active
7622,2024-09-11,2025-12-23,39,High,High,Low,On-Time,7,18,Basic,Active
7623,2023-06-22,2026-01-14,17,High,High,Low,On-Time,7,25,Basic,Active
7624,2025-01-26,2026-01-03,28,High,High,Low,On-Time,9,15,Basic,Active
7625,2024-07-16,2026-01-23,8,Medium,Medium,Low,On-Time,10,25,Basic,Active
7626,2024-12-13,2026-01-30,1,Medium,Medium,Medium,On-Time,8,17,Basic,Active
7627,2025-09-01,2025-08-12,172,Low,Low,Low,Delayed,1,69,Pro,Cancelled
7628,2024-04-27,2025-11-30,62,Medium,Low,Medium,Delayed,7,225,Enterprise,Active
7629,2025-09-13,2026-01-27,4,Medium,Medium,Low,On-Time,8,55,Pro,Active
7630,2025-04-01,2026-01-19,12,High,High,Medium,Delayed,8,10,Basic,Active
7631,2024-06-19,2025-12-21,41,Medium,Medium,Medium,On-Time,8,18,Basic,Active
7632,2024-10-22,2025-12-20,42,High,Medium,Medium,Delayed,9,13,Basic,Active
7633,2023-12-23,2025-12-24,38,High,Medium,Low,On-Time,8,29,Basic,Active
7634,2025-12-13,2026-01-13,18,High,High,Medium,On-Time,8,66,Pro,Active
7635,2024-12-31,2025-12-12,50,Low,Low,Medium,On-Time,4,17,Basic,Active
7636,2023-02-18,2025-10-11,112,Low,Low,High,On-Time,5,22,Basic,Active
7637,2023-12-24,2026-01-22,9,Medium,High,Medium,On-Time,8,199,Enterprise,Active
7638,2024-11-13,2025-11-24,68,Low,Low,Medium,Missed,5,29,Basic,Active
7639,2023-03-03,2025-12-25,37,Medium,High,Medium,On-Time,9,197,Enterprise,Active
7640,2023-01-27,2025-12-31,31,High,Medium,Low,Delayed,8,11,Basic,Active
7641,2024-05-07,2025-12-31,31,High,Medium,Medium,On-Time,8,51,Pro,Active
7642,2023-12-31,2025-12-24,38,High,High,Low,On-Time,7,29,Basic,Active
7643,2024-04-24,2025-10-30,93,Low,Low,Medium,Missed,4,21,Basic,Active
7644,2023-10-15,2025-06-01,244,Low,Low,Low,Delayed,3,24,Basic,Cancelled
7645,2023-06-30,2026-01-01,30,Medium,Medium,Medium,On-Time,8,23,Basic,Active
7646,2025-01-24,2026-01-11,20,High,High,Low,On-Time,9,14,Basic,Active
7647,2024-07-17,2025-12-20,42,Medium,High,Medium,Delayed,10,24,Basic,Active
7648,2023-08-08,2026-01-19,12,Medium,Medium,Low,On-Time,8,161,Enterprise,Active
7649,2023-12-16,2025-12-19,43,Medium,High,Medium,On-Time,7,22,Basic,Active
7650,2024-10-10,2026-01-29,2,High,High,Low,Delayed,8,188,Enterprise,Active
7651,2023-03-21,2025-10-22,101,Low,Low,Low,On-Time,5,11,Basic,Active
7652,2023-06-11,2025-12-23,39,Medium,High,Low,On-Time,9,14,Basic,Active
7653,2023-03-22,2026-01-17,14,Medium,Medium,Low,On-Time,10,17,Basic,Active
7654,2025-06-08,2025-12-20,42,High,Medium,Low,On-Time,8,19,Basic,Active
7655,2025-04-03,2025-11-30,62,Low,Medium,Low,On-Time,5,15,Basic,Active
7656,2025-04-04,2026-01-14,17,High,High,Low,On-Time,9,74,Pro,Active
7657,2025-02-23,2025-10-16,107,Medium,Medium,High,Delayed,4,73,Pro,Active
7658,2025-01-02,2026-01-10,21,High,Medium,Low,On-Time,7,77,Pro,Active
7659,2024-06-06,2026-01-02,29,High,High,Medium,On-Time,8,25,Basic,Active
7660,2024-12-04,2025-10-19,104,Medium,Low,Low,Missed,6,13,Basic,Active
7661,2023-02-12,2026-01-26,5,High,High,Medium,On-Time,9,55,Pro,Active
7662,2024-11-11,2025-08-13,171,Low,Low,Medium,Missed,1,60,Pro,Active
7663,2025-05-01,2026-01-15,16,High,High,Medium,On-Time,9,28,Basic,Active
7664,2024-07-01,2026-01-19,12,High,Medium,Low,On-Time,8,26,Basic,Active
7665,2024-01-27,2025-12-27,35,Medium,Medium,High,On-Time,7,54,Pro,Active
7666,2023-10-31,2025-08-19,165,Low,Low,Low,Missed,5,20,Basic,Cancelled
7667,2024-12-04,2025-12-27,35,High,Medium,Medium,On-Time,10,25,Basic,Active
7668,2025-01-28,2025-08-11,173,Low,Low,Medium,Delayed,1,19,Basic,Active
7669,2025-08-11,2025-08-13,171,Low,Low,High,Missed,1,28,Basic,Cancelled
7670,2024-01-10,2026-01-09,22,High,High,Low,On-Time,10,40,Pro,Active
7671,2025-04-22,2025-11-10,82,Low,Medium,Low,Delayed,5,11,Basic,Active
7672,2024-09-06,2025-12-27,35,Medium,Medium,Low,Delayed,8,12,Basic,Active
7673,2025-08-24,2025-12-30,32,High,High,High,On-Time,10,19,Basic,Active
7674,2024-07-31,2025-12-19,43,High,Medium,Low,On-Time,8,19,Basic,Active
7675,2024-07-20,2025-09-15,138,Low,Low,Low,Delayed,4,224,Enterprise,Cancelled
7676,2024-09-24,2025-11-07,85,Medium,Medium,Low,On-Time,5,50,Pro,Active
7677,2025-03-31,2025-12-31,31,High,Medium,Low,On-Time,8,29,Basic,Active
7678,2025-11-22,2025-12-24,38,High,High,Low,On-Time,10,19,Basic,Active
7679,2023-03-22,2025-04-11,295,Low,Low,Medium,Missed,3,21,Basic,Cancelled
7680,2023-02-28,2026-01-16,15,High,High,Low,On-Time,9,68,Pro,Active
7681,2025-10-23,2026-01-28,3,High,Medium,Low,On-Time,10,70,Pro,Active
7682,2024-08-03,2026-01-22,9,High,High,Low,On-Time,9,18,Basic,Active
7683,2024-11-04,2025-12-22,40,Medium,Medium,Medium,On-Time,9,74,Pro,Active
7684,2024-06-12,2025-11-27,65,Low,Medium,Medium,On-Time,6,17,Basic,Active
7685,2023-04-13,2026-01-14,17,Medium,Medium,Medium,Delayed,7,24,Basic,Active
7686,2025-04-21,2026-01-26,5,High,Medium,Medium,On-Time,8,29,Basic,Active
7687,2025-03-29,2025-10-16,107,Low,Low,High,On-Time,7,44,Pro,Active
7688,2023-12-08,2025-12-19,43,High,High,Low,On-Time,7,29,Basic,Active
7689,2023-12-02,2026-01-04,27,Medium,High,High,On-Time,7,159,Enterprise,Active
7690,2025-07-06,2026-01-23,8,Medium,Medium,Low,On-Time,7,28,Basic,Active
7691,2023-03-21,2026-01-30,1,Medium,Medium,Low,On-Time,9,72,Pro,Active
7692,2025-08-22,2025-12-30,32,Medium,High,Low,On-Time,9,26,Basic,Active
7693,2023-10-09,2026-01-27,4,High,High,Low,On-Time,7,45,Pro,Active
7694,2024-10-11,2026-01-09,22,High,High,Low,On-Time,8,194,Enterprise,Active
7695,2025-10-21,2025-07-24,191,Low,Low,High,Delayed,3,207,Enterprise,Cancelled
7696,2025-01-12,2025-12-19,43,Medium,High,Low,On-Time,7,21,Basic,Active
7697,2024-03-29,2026-01-15,16,Medium,Medium,Medium,On-Time,7,40,Pro,Active
7698,2025-01-25,2026-01-17,14,Medium,High,Medium,On-Time,9,15,Basic,Active
7699,2024-01-12,2025-12-08,54,Medium,Medium,Low,Delayed,6,23,Basic,Active
7700,2023-10-31,2026-01-11,20,High,High,Low,On-Time,7,12,Basic,Active
7701,2025-12-27,2025-08-06,178,Low,Low,Medium,Missed,4,78,Pro,Cancelled
7702,2025-04-02,2025-12-15,47,Low,Low,Low,Delayed,4,28,Basic,Active
7703,2024-12-06,2026-01-28,3,Medium,High,Medium,On-Time,10,29,Basic,Active
7704,2024-01-25,2025-10-31,92,Low,Medium,Low,Delayed,6,21,Basic,Active
7705,2023-02-23,2025-04-08,298,Low,Low,Low,Missed,1,22,Basic,Cancelled
7706,2023-02-04,2026-01-11,20,High,High,Medium,On-Time,10,58,Pro,Active
7707,2024-08-29,2026-01-29,2,High,Medium,High,On-Time,8,18,Basic,Active
7708,2025-04-14,2026-01-16,15,High,Medium,Low,On-Time,9,18,Basic,Active
7709,2024-08-11,2025-10-30,93,Medium,Low,Medium,Delayed,6,14,Basic,Active
7710,2025-07-09,2026-01-15,16,High,High,Medium,Delayed,9,26,Basic,Active
7711,2023-02-06,2025-12-28,34,Medium,High,Medium,On-Time,9,21,Basic,Active
7712,2024-02-06,2025-12-27,35,Medium,High,Low,On-Time,8,16,Basic,Active
7713,2023-09-17,2025-11-28,64,Low,Low,High,Missed,6,19,Basic,Active
7714,2024-05-04,2025-12-24,38,High,High,Low,On-Time,9,13,Basic,Active
7715,2023-03-21,2026-01-10,21,High,Medium,High,On-Time,9,255,Enterprise,Active
7716,2025-11-10,2025-12-22,40,High,High,Medium,On-Time,7,79,Pro,Active
7717,2023-09-02,2026-01-18,13,Medium,High,High,On-Time,9,65,Pro,Active
7718,2025-10-06,2026-01-19,12,Medium,High,Medium,On-Time,9,53,Pro,Active
7719,2024-04-11,2026-01-15,16,Medium,Medium,High,Delayed,9,27,Basic,Active
7720,2025-12-15,2025-10-11,112,Low,Low,Medium,Delayed,4,12,Basic,Active
7721,2024-08-29,2025-12-15,47,Low,Low,High,Delayed,7,16,Basic,Active
7722,2025-10-16,2025-04-24,282,Low,Low,Low,Missed,3,15,Basic,Cancelled
7723,2023-01-06,2026-01-23,8,Medium,Medium,High,On-Time,9,68,Pro,Active
7724,2025-03-30,2026-01-09,22,High,Medium,Low,On-Time,10,213,Enterprise,Active
7725,2025-09-15,2025-12-21,41,High,Medium,Medium,On-Time,9,75,Pro,Active
7726,2023-06-02,2025-12-10,52,Low,Low,Medium,Missed,6,27,Basic,Active
7727,2023-04-16,2026-01-20,11,High,High,Medium,On-Time,10,47,Pro,Active
7728,2024-04-09,2026-01-30,1,High,High,Medium,On-Time,7,53,Pro,Active
7729,2025-10-19,2025-10-05,118,Low,Medium,Low,Missed,6,13,Basic,Active
7730,2024-08-16,2026-01-18,13,Medium,High,Medium,On-Time,7,18,Basic,Active
7731,2024-07-31,2025-12-29,33,High,Medium,Low,On-Time,10,75,Pro,Active
7732,2023-06-04,2026-01-27,4,Medium,Medium,Medium,Delayed,9,43,Pro,Active
7733,2023-01-01,2025-09-17,136,Low,Low,Medium,Missed,5,77,Pro,Active
7734,2025-06-06,2025-12-29,33,Medium,Medium,Medium,On-Time,10,24,Basic,Active
7735,2023-04-06,2025-05-14,262,Low,Low,Medium,Delayed,1,144,Enterprise,Cancelled
7736,2024-11-25,2025-10-06,117,Medium,Low,Medium,Delayed,5,26,Basic,Active
7737,2025-09-28,2026-01-30,1,High,High,Low,On-Time,7,12,Basic,Active
7738,2023-08-17,2026-01-26,5,Medium,High,Medium,On-Time,7,16,Basic,Active
7739,2024-12-29,2025-12-21,41,Medium,High,Medium,On-Time,9,65,Pro,Active
7740,2023-03-28,2025-12-21,41,High,High,Low,On-Time,10,15,Basic,Active
7741,2024-10-23,2025-12-22,40,High,High,Low,On-Time,8,13,Basic,Active
7742,2023-06-29,2026-01-28,3,High,Medium,High,On-Time,8,23,Basic,Active
7743,2025-03-16,2026-01-29,2,Medium,Medium,Medium,On-Time,9,53,Pro,Active
7744,2023-11-26,2025-07-06,209,Low,Low,Medium,Missed,4,15,Basic,Cancelled
7745,2024-05-22,2026-01-05,26,High,Medium,Low,On-Time,8,71,Pro,Active
7746,2024-10-18,2025-10-24,99,Low,Medium,Medium,Delayed,5,20,Basic,Active
7747,2023-07-07,2025-11-15,77,Low,Medium,Low,On-Time,5,60,Pro,Active
7748,2025-03-23,2026-01-23,8,High,Medium,High,On-Time,7,26,Basic,Active
7749,2023-11-28,2025-11-01,91,Low,Medium,Low,On-Time,5,42,Pro,Active
7750,2024-12-26,2026-01-19,12,Medium,High,Medium,On-Time,9,16,Basic,Active
7751,2023-06-23,2025-12-29,33,Medium,High,Medium,On-Time,7,22,Basic,Active
7752,2025-01-23,2026-01-09,22,High,Medium,Medium,On-Time,10,24,Basic,Active
7753,2023-05-21,2026-01-11,20,Medium,Medium,Low,On-Time,9,56,Pro,Active
7754,2024-04-10,2025-12-04,58,Low,Medium,High,Missed,6,14,Basic,Active
7755,2023-09-28,2025-10-25,98,Low,Medium,Medium,Missed,7,15,Basic,Active
7756,2025-03-30,2026-01-09,22,Medium,Medium,Medium,Delayed,10,21,Basic,Active
7757,2023-10-14,2026-01-31,0,High,High,Low,Delayed,8,14,Basic,Active
7758,2025-08-23,2026-01-26,5,High,Medium,Medium,On-Time,10,70,Pro,Active
7759,2025-09-03,2025-12-22,40,Medium,Medium,Medium,On-Time,9,18,Basic,Active
7760,2023-08-04,2025-12-28,34,High,Medium,Medium,On-Time,8,46,Pro,Active
7761,2024-11-03,2025-12-28,34,Medium,High,Medium,On-Time,9,20,Basic,Active
7762,2023-04-07,2026-01-24,7,High,High,Medium,On-Time,9,21,Basic,Active
7763,2024-03-04,2025-11-24,68,Medium,Low,Low,On-Time,4,12,Basic,Active
7764,2025-02-20,2026-01-05,26,High,High,Low,On-Time,9,28,Basic,Active
7765,2024-12-23,2026-01-22,9,High,Medium,Medium,On-Time,7,20,Basic,Active
7766,2024-11-15,2025-12-24,38,High,Medium,High,On-Time,8,46,Pro,Active
7767,2023-11-06,2025-12-21,41,High,Medium,High,On-Time,8,40,Pro,Active
7768,2024-02-18,2026-01-03,28,High,High,Medium,On-Time,7,70,Pro,Active
7769,2023-04-23,2026-01-04,27,High,Medium,Low,On-Time,8,48,Pro,Active
7770,2025-02-26,2025-11-07,85,Medium,Low,Low,Missed,4,14,Basic,Active
7771,2024-07-05,2026-01-27,4,Medium,Medium,Low,On-Time,7,11,Basic,Active
7772,2025-02-15,2026-01-02,29,High,High,Low,On-Time,9,54,Pro,Active
7773,2023-09-30,2025-11-08,84,Low,Low,Low,Delayed,5,21,Basic,Active
7774,2023-12-22,2025-04-19,287,Low,Low,Low,Missed,3,222,Enterprise,Cancelled
7775,2024-01-01,2026-01-25,6,High,High,Low,On-Time,8,55,Pro,Active
7776,2023-01-29,2025-12-28,34,High,Medium,Medium,Delayed,10,14,Basic,Active
7777,2024-01-09,2025-11-22,70,Medium,Low,Low,Delayed,5,24,Basic,Active
7778,2025-05-29,2026-01-17,14,Medium,Medium,Low,On-Time,7,71,Pro,Active
7779,2025-09-09,2025-12-01,61,Low,Medium,Low,Delayed,4,26,Basic,Active
7780,2024-07-21,2026-01-28,3,High,High,Low,On-Time,7,25,Basic,Active
7781,2024-05-13,2025-06-08,237,Low,Low,Medium,Delayed,5,13,Basic,Cancelled
7782,2023-02-03,2026-01-30,1,High,Medium,Low,On-Time,9,59,Pro,Active
7783,2025-08-20,2025-10-18,105,Low,Low,Low,Delayed,4,20,Basic,Active
7784,2023-01-15,2025-06-04,241,Low,Low,Medium,Missed,4,12,Basic,Cancelled
7785,2025-10-31,2025-08-16,168,Low,Low,Low,Missed,5,18,Basic,Cancelled
7786,2024-06-19,2025-12-22,40,High,Medium,Medium,On-Time,8,62,Pro,Active
7787,2024-01-10,2025-11-21,71,Medium,Medium,Low,Missed,7,12,Basic,Active
7788,2025-10-09,2026-01-31,0,High,High,Low,Delayed,10,55,Pro,Active
7789,2023-01-27,2026-01-22,9,High,High,Low,On-Time,8,70,Pro,Active
7790,2024-09-28,2026-01-31,0,High,High,Low,On-Time,8,58,Pro,Active
7791,2024-08-24,2026-01-15,16,Medium,High,Low,On-Time,10,71,Pro,Active
7792,2023-08-29,2025-12-25,37,Medium,High,Low,On-Time,10,10,Basic,Active
7793,2024-04-14,2025-10-24,99,Medium,Medium,Medium,Delayed,4,60,Pro,Active
7794,2024-12-15,2026-01-16,15,High,Medium,Medium,On-Time,8,10,Basic,Active
7795,2025-03-07,2026-01-18,13,Medium,High,Low,On-Time,9,16,Basic,Active
7796,2023-01-01,2025-11-27,65,Medium,Medium,Medium,Delayed,5,66,Pro,Active
7797,2025-10-22,2026-01-30,1,High,High,High,On-Time,10,11,Basic,Active
7798,2023-06-30,2025-12-21,41,Medium,High,Low,On-Time,10,19,Basic,Active
7799,2023-09-13,2026-01-12,19,High,Medium,Low,On-Time,7,64,Pro,Active
7800,2023-10-16,2026-01-10,21,Medium,Medium,Medium,On-Time,10,21,Basic,Active
7801,2023-02-11,2025-12-19,43,High,Medium,Low,On-Time,7,42,Pro,Active
7802,2023-05-15,2025-12-31,31,Medium,High,Medium,On-Time,7,261,Enterprise,Active
7803,2025-12-16,2026-01-01,30,Medium,Medium,Low,On-Time,9,161,Enterprise,Active
7804,2023-12-12,2026-01-10,21,Medium,High,Low,On-Time,7,19,Basic,Active
7805,2023-05-07,2026-01-19,12,High,High,Low,On-Time,8,62,Pro,Active
7806,2023-04-28,2025-06-19,226,Low,Low,Medium,Missed,1,20,Basic,Cancelled
7807,2025-02-26,2026-01-19,12,High,High,Low,On-Time,7,76,Pro,Active
7808,2025-07-24,2026-01-21,10,Medium,Medium,Low,On-Time,7,73,Pro,Active
7809,2023-10-09,2025-10-24,99,Low,Medium,High,On-Time,6,22,Basic,Active
7810,2023-01-23,2026-01-07,24,Medium,Medium,Medium,On-Time,8,14,Basic,Active
7811,2023-09-02,2026-01-23,8,High,High,Medium,Delayed,10,53,Pro,Active
7812,2023-03-03,2025-12-24,38,High,High,Medium,On-Time,9,19,Basic,Active
7813,2023-04-24,2025-04-17,289,Low,Low,Low,Missed,1,50,Pro,Cancelled
7814,2024-04-17,2026-01-01,30,High,Medium,Medium,On-Time,9,71,Pro,Active
7815,2023-09-09,2025-12-01,61,Medium,Low,High,Missed,4,78,Pro,Active
7816,2024-07-18,2025-12-27,35,Medium,High,Medium,Delayed,8,29,Basic,Active
7817,2023-10-05,2025-12-23,39,Medium,Medium,Low,On-Time,8,13,Basic,Active
7818,2025-10-26,2026-01-30,1,Medium,High,Low,On-Time,10,28,Basic,Active
7819,2025-09-19,2026-01-07,24,High,Medium,Low,On-Time,10,10,Basic,Active
7820,2024-09-12,2025-07-27,188,Low,Low,Medium,Missed,5,28,Basic,Cancelled
7821,2024-01-24,2026-01-17,14,High,Medium,Low,On-Time,8,25,Basic,Active
7822,2024-02-22,2025-08-15,169,Low,Low,Low,Delayed,3,27,Basic,Cancelled
7823,2024-03-26,2026-01-19,12,Medium,Medium,Low,On-Time,9,16,Basic,Active
7824,2025-03-07,2025-06-18,227,Low,Low,Medium,Delayed,2,23,Basic,Cancelled
7825,2024-05-09,2026-01-13,18,Medium,High,Medium,On-Time,8,26,Basic,Active
7826,2025-07-27,2025-10-05,118,Medium,Low,Medium,Missed,6,26,Basic,Active
7827,2025-10-30,2025-10-30,93,Medium,Low,Low,Delayed,6,17,Basic,Active
7828,2024-01-03,2025-05-23,253,Low,Low,Low,Missed,5,21,Basic,Cancelled
7829,2024-09-05,2025-10-16,107,Medium,Medium,High,On-Time,4,16,Basic,Active
7830,2023-04-15,2026-01-30,1,High,High,Medium,On-Time,7,231,Enterprise,Active
7831,2023-08-08,2025-12-21,41,Medium,Medium,Medium,On-Time,10,157,Enterprise,Active
7832,2024-03-28,2025-12-26,36,Medium,Medium,Low,On-Time,10,29,Basic,Active
7833,2023-08-14,2026-01-15,16,High,Medium,Low,On-Time,8,70,Pro,Active
7834,2025-08-17,2026-01-23,8,Medium,High,Medium,Delayed,8,44,Pro,Active
7835,2023-06-23,2026-01-06,25,Medium,Medium,High,On-Time,7,50,Pro,Active
7836,2024-05-13,2025-05-25,251,Low,Low,Low,Delayed,5,54,Pro,Cancelled
7837,2024-10-25,2026-01-07,24,High,High,High,On-Time,7,21,Basic,Active
7838,2025-01-27,2025-10-08,115,Low,Medium,Low,On-Time,5,19,Basic,Active
7839,2024-02-24,2026-01-06,25,Medium,High,Low,Delayed,10,15,Basic,Active
7840,2025-08-09,2025-06-30,215,Low,Low,Low,Delayed,3,140,Enterprise,Cancelled
7841,2024-09-14,2025-10-05,118,Low,Low,Low,Missed,5,16,Basic,Active
7842,2024-04-26,2026-01-09,22,High,Medium,High,On-Time,10,27,Basic,Active
7843,2023-03-15,2025-12-25,37,Medium,High,Low,On-Time,7,27,Basic,Active
7844,2024-05-23,2025-11-11,81,Low,Medium,Low,Delayed,6,26,Basic,Active
7845,2025-06-17,2025-12-27,35,High,Medium,Low,On-Time,8,63,Pro,Active
7846,2024-11-03,2026-01-14,17,High,High,Low,On-Time,9,18,Basic,Active
7847,2025-06-30,2026-01-01,30,High,High,Low,On-Time,10,62,Pro,Active
7848,2024-06-24,2026-01-13,18,Medium,High,Low,On-Time,10,197,Enterprise,Active
7849,2023-05-10,2025-10-04,119,Low,Low,Low,Missed,6,40,Pro,Active
7850,2023-01-15,2025-12-24,38,High,Medium,Low,Delayed,10,67,Pro,Active
7851,2023-11-29,2026-01-25,6,High,Medium,High,On-Time,7,77,Pro,Active
7852,2025-02-03,2025-10-07,116,Medium,Low,Low,Delayed,6,24,Basic,Active
7853,2025-05-15,2026-01-13,18,Medium,High,Medium,On-Time,7,26,Basic,Active
7854,2023-11-20,2026-01-03,28,High,Medium,Medium,On-Time,9,52,Pro,Active
7855,2024-06-26,2026-01-22,9,High,Medium,High,Delayed,8,19,Basic,Active
7856,2024-04-06,2025-12-07,55,Low,Low,Low,Delayed,6,19,Basic,Active
7857,2024-03-25,2025-12-18,44,Medium,High,Medium,On-Time,9,15,Basic,Active
7858,2023-09-11,2026-01-03,28,High,Medium,Low,On-Time,10,14,Basic,Active
7859,2023-05-30,2025-12-25,37,High,Medium,Medium,On-Time,9,10,Basic,Active
7860,2023-08-04,2025-10-21,102,Low,Low,Low,On-Time,6,73,Pro,Active
7861,2023-03-02,2025-10-08,115,Medium,Medium,Low,Delayed,7,59,Pro,Active
7862,2023-08-05,2025-10-13,110,Medium,Low,Medium,On-Time,6,72,Pro,Active
7863,2023-01-11,2025-09-19,134,Low,Low,Low,Missed,5,190,Enterprise,Cancelled
7864,2024-11-17,2025-12-16,46,Medium,Low,High,On-Time,6,65,Pro,Active
7865,2023-12-13,2026-01-28,3,High,Medium,Low,On-Time,7,78,Pro,Active
7866,2025-12-01,2026-01-03,28,High,High,Medium,On-Time,8,18,Basic,Active
7867,2023-08-01,2025-12-25,37,Medium,Medium,Medium,On-Time,10,45,Pro,Active
7868,2024-01-14,2026-01-09,22,Medium,High,Low,On-Time,10,23,Basic,Active
7869,2024-01-27,2026-01-08,23,High,Medium,High,On-Time,10,75,Pro,Active
7870,2023-01-10,2026-01-27,4,Medium,High,Low,On-Time,9,18,Basic,Active
7871,2025-07-07,2026-01-16,15,High,Medium,High,On-Time,8,58,Pro,Active
7872,2023-02-05,2025-12-27,35,Medium,Medium,Low,On-Time,9,67,Pro,Active
7873,2025-10-26,2025-12-18,44,High,High,Medium,On-Time,8,22,Basic,Active
7874,2025-09-03,2026-01-01,30,High,High,Low,On-Time,9,22,Basic,Active
7875,2024-08-09,2025-11-04,88,Medium,Low,Low,Delayed,4,42,Pro,Active
7876,2024-08-18,2025-11-11,81,Low,Low,Low,Delayed,7,76,Pro,Active
7877,2024-12-16,2025-12-30,32,Medium,Medium,Low,On-Time,9,21,Basic,Active
7878,2024-02-28,2026-01-14,17,Medium,High,Low,On-Time,10,10,Basic,Active
7879,2024-12-09,2025-08-16,168,Low,Low,Medium,Missed,1,27,Basic,Cancelled
7880,2023-02-19,2025-04-16,290,Low,Low,Medium,Delayed,4,225,Enterprise,Cancelled
7881,2023-03-01,2026-01-19,12,Medium,High,Low,On-Time,7,29,Basic,Active
7882,2024-05-15,2025-08-30,154,Low,Low,Low,Missed,3,13,Basic,Cancelled
7883,2024-08-24,2026-01-18,13,Medium,High,Low,On-Time,7,48,Pro,Active
7884,2025-08-30,2025-12-27,35,Medium,High,Medium,On-Time,7,16,Basic,Active
7885,2023-04-25,2026-01-10,21,High,High,Low,On-Time,10,73,Pro,Active
7886,2025-06-19,2025-12-21,41,High,High,Medium,On-Time,8,14,Basic,Active
7887,2023-08-19,2025-11-20,72,Medium,Medium,Medium,Delayed,4,63,Pro,Active
7888,2024-03-07,2026-01-11,20,High,High,Medium,On-Time,9,164,Enterprise,Active
7889,2023-12-13,2026-01-23,8,High,Medium,Medium,On-Time,9,40,Pro,Active
7890,2024-03-14,2025-10-22,101,Low,Low,High,Delayed,7,11,Basic,Active
7891,2023-06-14,2026-01-28,3,Medium,Medium,High,On-Time,7,69,Pro,Active
7892,2024-07-05,2025-12-24,38,High,High,Medium,On-Time,7,74,Pro,Active
7893,2025-05-27,2025-12-21,41,High,Medium,Medium,On-Time,7,73,Pro,Active
7894,2024-04-28,2026-01-12,19,High,Medium,Medium,On-Time,9,163,Enterprise,Active
7895,2024-06-21,2025-11-17,75,Medium,Medium,Low,On-Time,5,122,Enterprise,Active
7896,2025-07-18,2025-12-19,43,Medium,Medium,Low,Delayed,7,29,Basic,Active
7897,2025-02-12,2026-01-02,29,Medium,High,Medium,On-Time,10,58,Pro,Active
7898,2024-06-21,2026-01-18,13,High,Medium,High,On-Time,8,193,Enterprise,Active
7899,2023-10-10,2025-12-24,38,Medium,Medium,Low,On-Time,8,24,Basic,Active
7900,2025-08-26,2026-01-07,24,High,Medium,Low,On-Time,10,193,Enterprise,Active
7901,2024-09-23,2025-11-14,78,Medium,Medium,Low,On-Time,7,277,Enterprise,Active
7902,2023-08-31,2026-01-15,16,High,Medium,Medium,On-Time,7,72,Pro,Active
7903,2023-10-22,2025-12-29,33,High,Medium,Low,On-Time,10,133,Enterprise,Active
7904,2025-05-29,2026-01-23,8,Medium,Medium,Medium,On-Time,10,64,Pro,Active
7905,2023-02-18,2026-01-07,24,High,High,Low,Delayed,10,55,Pro,Active
7906,2025-12-22,2026-01-01,30,High,Medium,High,On-Time,7,22,Basic,Active
7907,2023-05-23,2025-12-27,35,High,High,Low,On-Time,10,75,Pro,Active
7908,2025-05-21,2025-10-11,112,Low,Low,Medium,Delayed,5,60,Pro,Active
7909,2024-03-08,2026-01-10,21,Medium,Medium,Low,Delayed,9,24,Basic,Active
7910,2024-06-22,2026-01-26,5,High,Medium,Medium,On-Time,10,19,Basic,Active
7911,2025-08-22,2025-12-31,31,Medium,Medium,Low,On-Time,7,67,Pro,Active
7912,2024-03-28,2025-10-28,95,Medium,Low,High,On-Time,4,201,Enterprise,Active
7913,2024-08-11,2025-12-21,41,Medium,High,Medium,On-Time,7,59,Pro,Active
7914,2023-02-23,2025-09-19,134,Low,Low,Low,Missed,4,21,Basic,Cancelled
7915,2023-01-03,2025-11-05,87,Medium,Medium,Low,Delayed,4,69,Pro,Active
7916,2023-09-26,2026-01-08,23,High,Medium,Low,On-Time,8,59,Pro,Active
7917,2025-01-15,2025-08-09,175,Low,Low,Low,Delayed,3,67,Pro,Cancelled
7918,2023-05-13,2025-12-12,50,Low,Low,Medium,Delayed,7,16,Basic,Active
7919,2023-05-05,2026-01-23,8,High,High,High,On-Time,8,49,Pro,Active
7920,2024-03-26,2025-12-31,31,Medium,Medium,Medium,On-Time,10,16,Basic,Active
7921,2024-12-10,2026-01-06,25,High,High,Low,On-Time,9,26,Basic,Active
7922,2025-02-18,2026-01-22,9,High,High,Medium,Delayed,10,43,Pro,Active
7923,2023-07-15,2025-11-02,90,Medium,Low,Medium,Delayed,7,72,Pro,Active
7924,2023-03-29,2025-12-18,44,Medium,High,High,Delayed,9,16,Basic,Active
7925,2025-10-26,2025-08-30,154,Low,Low,Low,Delayed,5,28,Basic,Cancelled
7926,2023-10-13,2025-10-24,99,Low,Low,Medium,On-Time,6,79,Pro,Active
7927,2025-07-23,2026-01-28,3,High,High,Low,On-Time,7,79,Pro,Active
7928,2025-08-03,2025-06-05,240,Low,Low,Low,Delayed,4,23,Basic,Cancelled
7929,2025-04-25,2025-12-21,41,High,High,Medium,On-Time,9,59,Pro,Active
7930,2023-07-04,2025-12-25,37,High,High,Low,Delayed,8,18,Basic,Active
7931,2025-06-18,2026-01-08,23,High,High,Low,On-Time,7,18,Basic,Active
7932,2025-04-22,2026-01-14,17,Medium,Medium,Low,On-Time,8,22,Basic,Active
7933,2024-10-15,2025-12-22,40,Medium,Medium,Low,Delayed,9,56,Pro,Active
7934,2024-01-05,2025-11-28,64,Medium,Low,Medium,Delayed,5,75,Pro,Active
7935,2023-10-15,2026-01-12,19,High,Medium,Low,On-Time,8,77,Pro,Active
7936,2023-05-14,2025-05-22,254,Low,Low,Medium,Delayed,1,240,Enterprise,Cancelled
7937,2024-07-12,2026-01-17,14,Medium,Medium,Low,On-Time,7,63,Pro,Active
7938,2024-10-02,2025-11-10,82,Low,Medium,Low,On-Time,6,43,Pro,Active
7939,2024-01-29,2026-01-27,4,High,High,High,Delayed,9,13,Basic,Active
7940,2024-06-04,2025-12-30,32,High,High,Medium,Delayed,8,22,Basic,Active
7941,2024-02-03,2026-01-06,25,High,Medium,Medium,On-Time,8,53,Pro,Active
7942,2024-12-02,2025-10-29,94,Low,Low,Medium,Delayed,6,10,Basic,Active
7943,2025-09-13,2026-01-27,4,High,High,Low,On-Time,7,43,Pro,Active
7944,2023-06-29,2026-01-04,27,High,High,Medium,On-Time,8,26,Basic,Active
7945,2024-02-22,2026-01-23,8,Medium,Medium,Low,On-Time,8,16,Basic,Active
7946,2023-06-04,2026-01-19,12,Medium,High,Medium,On-Time,7,23,Basic,Active
7947,2024-11-15,2025-11-26,66,Low,Low,Medium,Delayed,6,20,Basic,Active
7948,2025-03-09,2026-01-11,20,Medium,Medium,Medium,On-Time,10,21,Basic,Active
7949,2025-10-17,2026-01-05,26,Medium,High,Medium,On-Time,7,46,Pro,Active
7950,2023-11-02,2026-01-02,29,High,High,Medium,Delayed,7,28,Basic,Active
7951,2025-11-06,2025-08-26,158,Low,Low,Low,Missed,4,28,Basic,Cancelled
7952,2023-03-11,2025-07-24,191,Low,Low,Low,Missed,1,74,Pro,Cancelled
7953,2024-10-22,2026-01-14,17,Medium,Medium,High,On-Time,9,13,Basic,Active
7954,2023-03-04,2025-11-18,74,Medium,Low,Low,Delayed,5,11,Basic,Active
7955,2025-09-05,2025-07-25,190,Low,Low,Low,Delayed,3,16,Basic,Active
7956,2024-08-03,2025-12-24,38,High,Medium,Low,On-Time,7,23,Basic,Active
7957,2025-01-02,2025-12-27,35,High,Medium,Low,On-Time,10,56,Pro,Active
7958,2025-06-29,2025-09-18,135,Low,Low,Medium,Missed,4,47,Pro,Cancelled
7959,2023-06-14,2025-11-15,77,Low,Medium,High,Missed,6,26,Basic,Active
7960,2023-02-12,2026-01-19,12,High,High,Low,On-Time,7,17,Basic,Active
7961,2025-08-20,2026-01-22,9,Medium,High,Medium,Delayed,10,77,Pro,Active
7962,2023-12-11,2026-01-22,9,Medium,Medium,Low,On-Time,9,15,Basic,Active
7963,2023-05-22,2025-11-09,83,Low,Low,Medium,On-Time,6,13,Basic,Active
7964,2024-05-27,2026-01-18,13,High,Medium,Medium,On-Time,10,15,Basic,Active
7965,2024-10-17,2025-12-31,31,High,High,Medium,On-Time,9,62,Pro,Active
7966,2023-02-03,2025-07-10,205,Low,Low,Low,Delayed,1,66,Pro,Cancelled
7967,2023-10-29,2026-01-19,12,High,Medium,Low,On-Time,9,24,Basic,Active
7968,2023-02-05,2025-11-22,70,Medium,Low,High,Delayed,6,163,Enterprise,Active
7969,2024-04-05,2026-01-27,4,High,High,Low,On-Time,7,24,Basic,Active
7970,2025-09-07,2025-11-05,87,Medium,Low,Low,Missed,4,280,Enterprise,Active
7971,2025-12-12,2025-12-28,34,High,High,Low,On-Time,9,79,Pro,Active
7972,2024-11-28,2025-12-29,33,Medium,High,Medium,On-Time,10,11,Basic,Active
7973,2023-06-26,2025-05-09,267,Low,Low,Medium,Delayed,3,195,Enterprise,Cancelled
7974,2025-09-18,2025-10-07,116,Medium,Low,Medium,On-Time,6,20,Basic,Active
7975,2024-07-19,2026-01-14,17,High,High,Medium,On-Time,9,16,Basic,Active
7976,2023-06-18,2025-12-30,32,High,Medium,Medium,On-Time,7,14,Basic,Active
7977,2025-10-06,2026-01-12,19,High,High,Low,On-Time,10,20,Basic,Active
7978,2025-04-09,2025-12-21,41,Medium,High,Low,On-Time,8,20,Basic,Active
7979,2025-03-12,2026-01-22,9,Medium,Medium,Low,On-Time,9,17,Basic,Active
7980,2025-02-15,2026-01-06,25,Medium,Medium,Low,On-Time,7,25,Basic,Active
7981,2023-08-08,2026-01-13,18,High,Medium,Low,Delayed,8,132,Enterprise,Active
7982,2023-08-20,2025-12-25,37,High,Medium,Medium,On-Time,8,26,Basic,Active
7983,2025-01-23,2025-12-18,44,High,High,High,On-Time,9,123,Enterprise,Active
7984,2023-08-29,2025-04-20,286,Low,Low,Medium,Missed,4,22,Basic,Cancelled
7985,2024-04-25,2025-08-27,157,Low,Low,Low,Delayed,3,26,Basic,Cancelled
7986,2025-05-06,2025-11-30,62,Low,Medium,Medium,On-Time,6,56,Pro,Active
7987,2025-05-08,2026-01-30,1,Medium,High,Medium,On-Time,9,21,Basic,Active
7988,2024-05-11,2026-01-19,12,High,Medium,Medium,Delayed,10,14,Basic,Active
7989,2025-05-17,2026-01-02,29,Medium,High,High,On-Time,8,64,Pro,Active
7990,2025-07-07,2026-01-28,3,High,High,Medium,On-Time,9,54,Pro,Active
7991,2024-12-17,2025-12-27,35,Medium,High,Medium,On-Time,9,14,Basic,Active
7992,2023-09-08,2026-01-30,1,High,High,Medium,On-Time,10,18,Basic,Active
7993,2023-10-28,2025-12-25,37,High,High,Medium,On-Time,9,61,Pro,Active
7994,2023-12-11,2025-12-23,39,Medium,Medium,Low,On-Time,8,123,Enterprise,Active
7995,2023-05-08,2025-12-22,40,High,High,Low,On-Time,10,41,Pro,Active
7996,2023-10-27,2026-01-19,12,Medium,High,Low,Delayed,10,20,Basic,Active
7997,2023-08-18,2025-11-19,73,Low,Low,Medium,Delayed,5,17,Basic,Active
7998,2024-05-13,2025-11-15,77,Low,Low,Low,On-Time,5,26,Basic,Active
7999,2025-09-21,2026-01-01,30,High,Medium,Low,On-Time,8,18,Basic,Active
8000,2023-04-25,2025-12-25,37,Medium,High,Low,Delayed,8,172,Enterprise,Active
8001,2025-02-27,2025-11-29,63,Low,Low,Low,Delayed,7,61,Pro,Active
8002,2025-01-22,2026-01-29,2,High,High,Low,On-Time,9,41,Pro,Active
8003,2023-04-15,2025-06-21,224,Low,Low,Medium,Missed,2,15,Basic,Cancelled
8004,2025-10-07,2026-01-26,5,High,High,Medium,On-Time,7,18,Basic,Active
8005,2024-09-14,2026-01-28,3,Medium,Medium,High,Delayed,9,68,Pro,Active
8006,2024-02-03,2025-12-19,43,High,Medium,Low,On-Time,7,28,Basic,Active
8007,2025-04-08,2026-01-29,2,High,Medium,Low,On-Time,10,14,Basic,Active
8008,2023-10-09,2025-12-31,31,High,Medium,Low,On-Time,10,73,Pro,Active
8009,2025-01-29,2025-10-23,100,Low,Medium,Low,Delayed,4,46,Pro,Active
8010,2023-02-13,2026-01-31,0,Medium,Medium,Low,On-Time,7,57,Pro,Active
8011,2025-07-08,2026-01-12,19,High,High,Low,On-Time,10,10,Basic,Active
8012,2024-05-05,2026-01-27,4,Medium,Medium,Medium,On-Time,7,16,Basic,Active
8013,2024-11-28,2025-10-20,103,Medium,Low,Low,Delayed,6,52,Pro,Active
8014,2023-08-31,2026-01-30,1,High,Medium,Low,Delayed,8,27,Basic,Active
8015,2025-01-11,2025-12-04,58,Medium,Low,Medium,Delayed,5,57,Pro,Active
8016,2025-04-25,2026-01-25,6,High,High,Medium,On-Time,9,41,Pro,Active
8017,2024-06-02,2025-12-21,41,High,High,Low,On-Time,8,17,Basic,Active
8018,2024-11-07,2026-01-01,30,High,Medium,High,Delayed,10,17,Basic,Active
8019,2024-05-14,2026-01-03,28,High,Medium,Low,On-Time,9,14,Basic,Active
8020,2025-09-06,2026-01-14,17,High,Medium,Low,On-Time,7,23,Basic,Active
8021,2024-06-29,2025-12-25,37,High,High,Low,Delayed,7,23,Basic,Active
8022,2025-07-10,2026-01-31,0,Medium,High,Low,On-Time,10,27,Basic,Active
8023,2025-05-27,2026-01-10,21,High,Medium,Low,On-Time,7,18,Basic,Active
8024,2024-03-25,2025-12-08,54,Medium,Low,Medium,Delayed,7,54,Pro,Active
8025,2023-09-09,2026-01-22,9,High,Medium,High,On-Time,7,72,Pro,Active
8026,2024-03-20,2025-12-22,40,High,Medium,Low,On-Time,8,15,Basic,Active
8027,2025-06-23,2026-01-05,26,High,Medium,Low,On-Time,9,16,Basic,Active
8028,2023-09-07,2026-01-05,26,High,High,High,On-Time,8,74,Pro,Active
8029,2024-07-28,2026-01-29,2,High,Medium,Low,Delayed,8,26,Basic,Active
8030,2025-06-01,2026-01-24,7,High,High,Low,On-Time,8,22,Basic,Active
8031,2024-01-23,2025-12-31,31,High,Medium,Low,On-Time,8,50,Pro,Active
8032,2024-12-04,2026-01-12,19,Medium,High,Low,On-Time,7,28,Basic,Active
8033,2023-09-26,2026-01-04,27,High,High,Low,Delayed,10,75,Pro,Active
8034,2023-04-30,2025-10-12,111,Low,Medium,Medium,Delayed,5,22,Basic,Active
8035,2025-05-19,2025-11-23,69,Medium,Medium,Low,Delayed,4,16,Basic,Active
8036,2023-04-19,2025-12-31,31,High,Medium,High,Delayed,8,28,Basic,Active
8037,2023-10-25,2025-12-22,40,Medium,Medium,Low,On-Time,10,48,Pro,Active
8038,2025-07-25,2026-01-07,24,High,Medium,Medium,On-Time,7,27,Basic,Active
8039,2024-01-15,2025-06-18,227,Low,Low,Low,Missed,1,56,Pro,Cancelled
8040,2025-12-01,2026-01-11,20,Medium,Medium,Low,On-Time,7,131,Enterprise,Active
8041,2025-12-08,2025-11-26,66,Low,Low,Low,On-Time,5,20,Basic,Active
8042,2023-10-21,2026-01-02,29,Medium,Medium,High,On-Time,10,17,Basic,Active
8043,2023-02-14,2025-12-24,38,High,Medium,Medium,On-Time,7,25,Basic,Active
8044,2025-02-11,2026-01-14,17,High,High,Low,On-Time,9,62,Pro,Active
8045,2024-05-08,2025-12-23,39,High,High,High,On-Time,10,15,Basic,Active
8046,2023-04-21,2026-01-09,22,High,Medium,Medium,On-Time,9,221,Enterprise,Active
8047,2025-02-13,2025-10-26,97,Medium,Low,High,On-Time,7,58,Pro,Active
8048,2023-02-04,2026-01-10,21,High,High,Medium,On-Time,9,16,Basic,Active
8049,2025-08-10,2026-01-10,21,Medium,Medium,Low,On-Time,7,28,Basic,Active
8050,2023-06-01,2025-12-09,53,Low,Medium,Medium,Delayed,6,58,Pro,Active
8051,2023-05-20,2026-01-11,20,High,High,High,On-Time,7,14,Basic,Active
8052,2023-07-12,2025-06-16,229,Low,Low,Low,Missed,1,18,Basic,Cancelled
8053,2025-11-17,2026-01-28,3,Medium,High,Medium,On-Time,7,51,Pro,Active
8054,2025-01-29,2025-12-28,34,Medium,High,Low,On-Time,8,17,Basic,Active
8055,2025-05-27,2026-01-31,0,Medium,High,Low,Delayed,10,79,Pro,Active
8056,2024-03-11,2025-12-23,39,Medium,High,Low,On-Time,10,16,Basic,Active
8057,2024-01-04,2026-01-29,2,High,High,Low,On-Time,10,10,Basic,Active
8058,2023-09-14,2025-05-01,275,Low,Low,Medium,Missed,5,28,Basic,Cancelled
8059,2024-06-10,2026-01-11,20,Medium,Medium,Low,On-Time,7,14,Basic,Active
8060,2024-08-27,2025-11-05,87,Low,Medium,Low,Delayed,4,71,Pro,Active
8061,2024-11-22,2025-12-28,34,High,High,Medium,On-Time,7,195,Enterprise,Active
8062,2023-10-09,2025-10-29,94,Low,Low,High,Delayed,6,41,Pro,Active
8063,2025-11-04,2025-12-24,38,High,Medium,Low,Delayed,8,19,Basic,Active
8064,2023-07-05,2025-12-18,44,High,High,Low,On-Time,10,293,Enterprise,Active
8065,2025-11-23,2025-10-23,100,Low,Low,Low,Delayed,5,27,Basic,Active
8066,2023-01-17,2026-01-01,30,Medium,High,Low,On-Time,8,57,Pro,Active
8067,2024-06-10,2026-01-16,15,Medium,Medium,Medium,On-Time,7,22,Basic,Active
8068,2024-01-01,2026-01-12,19,High,Medium,High,Delayed,10,12,Basic,Active
8069,2024-05-06,2026-01-29,2,High,Medium,Medium,Delayed,7,15,Basic,Active
8070,2024-09-16,2026-01-25,6,Medium,High,Low,On-Time,7,28,Basic,Active
8071,2024-04-21,2025-10-24,99,Medium,Medium,Medium,On-Time,5,25,Basic,Active
8072,2024-03-30,2025-11-25,67,Medium,Low,Low,On-Time,6,66,Pro,Active
8073,2025-03-13,2025-04-23,283,Low,Low,Low,Missed,2,12,Basic,Cancelled
8074,2025-01-21,2025-12-21,41,High,Medium,Medium,On-Time,10,68,Pro,Active
8075,2025-07-01,2025-12-18,44,High,Medium,Low,On-Time,8,19,Basic,Active
8076,2023-10-01,2026-01-16,15,High,High,Low,On-Time,8,28,Basic,Active
8077,2024-10-29,2025-10-26,97,Low,Low,Low,On-Time,7,42,Pro,Active
8078,2024-10-02,2026-01-12,19,Medium,Medium,High,On-Time,8,60,Pro,Active
8079,2024-02-09,2026-01-01,30,High,Medium,Low,On-Time,7,17,Basic,Active
8080,2024-06-16,2026-01-02,29,High,High,Low,On-Time,8,58,Pro,Active
8081,2023-12-10,2025-06-26,219,Low,Low,Low,Delayed,3,19,Basic,Cancelled
8082,2023-06-05,2026-01-04,27,High,Medium,Low,On-Time,9,23,Basic,Active
8083,2023-08-23,2025-12-26,36,High,Medium,Medium,On-Time,7,130,Enterprise,Active
8084,2023-04-26,2026-01-22,9,Medium,High,High,On-Time,10,189,Enterprise,Active
8085,2025-01-17,2026-01-04,27,High,Medium,Low,On-Time,8,19,Basic,Active
8086,2024-12-24,2026-01-24,7,Medium,High,Medium,On-Time,7,40,Pro,Active
8087,2025-11-06,2025-12-25,37,High,Medium,Low,On-Time,8,16,Basic,Active
8088,2025-03-09,2026-01-08,23,Medium,High,Low,On-Time,7,55,Pro,Active
8089,2023-02-26,2025-12-30,32,High,High,Low,On-Time,9,15,Basic,Active
8090,2025-08-26,2025-10-14,109,Low,Medium,Low,On-Time,4,169,Enterprise,Active
8091,2025-08-02,2025-07-23,192,Low,Low,High,Delayed,2,18,Basic,Active
8092,2024-04-30,2025-12-22,40,High,High,Low,Delayed,10,11,Basic,Active
8093,2024-10-03,2026-01-22,9,High,Medium,Medium,On-Time,10,208,Enterprise,Active
8094,2025-12-04,2025-12-18,44,High,Medium,High,On-Time,9,16,Basic,Active
8095,2024-08-05,2026-01-10,21,High,Medium,Low,On-Time,9,64,Pro,Active
8096,2025-09-18,2026-01-12,19,High,Medium,Low,On-Time,7,29,Basic,Active
8097,2023-04-01,2025-10-31,92,Low,Medium,Low,Delayed,4,11,Basic,Active
8098,2023-07-29,2025-10-13,110,Medium,Low,Low,On-Time,7,63,Pro,Active
8099,2024-04-27,2025-12-03,59,Low,Low,Medium,Delayed,6,16,Basic,Active
8100,2024-10-02,2026-01-07,24,Medium,High,Medium,Delayed,7,12,Basic,Active
8101,2025-06-12,2025-11-13,79,Low,Low,Medium,Delayed,5,71,Pro,Active
8102,2025-12-18,2026-01-01,30,Medium,Medium,Low,Delayed,10,58,Pro,Active
8103,2024-03-01,2026-01-25,6,High,Medium,Low,On-Time,7,41,Pro,Active
8104,2023-02-21,2026-01-24,7,High,High,Medium,On-Time,7,18,Basic,Active
8105,2025-05-27,2026-01-20,11,High,High,High,On-Time,8,24,Basic,Active
8106,2024-10-23,2026-01-18,13,High,Medium,Medium,On-Time,10,17,Basic,Active
8107,2023-08-06,2026-01-25,6,High,Medium,Low,On-Time,8,20,Basic,Active
8108,2024-06-25,2025-12-27,35,Medium,High,Low,Delayed,9,58,Pro,Active
8109,2025-03-23,2026-01-26,5,High,High,High,On-Time,8,57,Pro,Active
8110,2025-04-23,2025-10-18,105,Low,Low,Low,Delayed,5,18,Basic,Active
8111,2024-07-01,2025-11-14,78,Low,Low,Low,Delayed,5,136,Enterprise,Active
8112,2023-12-01,2026-01-07,24,High,High,Medium,On-Time,7,24,Basic,Active
8113,2025-12-02,2026-01-25,6,Medium,High,Low,Delayed,7,29,Basic,Active
8114,2024-12-27,2026-01-30,1,High,High,Low,On-Time,8,20,Basic,Active
8115,2024-03-23,2025-12-24,38,Medium,Medium,Low,On-Time,7,28,Basic,Active
8116,2023-11-04,2025-12-31,31,Medium,Medium,High,On-Time,7,230,Enterprise,Active
8117,2025-03-11,2025-10-21,102,Low,Medium,Low,Missed,4,10,Basic,Active
8118,2023-09-23,2025-11-01,91,Medium,Low,High,Missed,6,10,Basic,Active
8119,2023-07-08,2026-01-23,8,High,Medium,Low,On-Time,9,10,Basic,Active
8120,2024-08-03,2026-01-19,12,Medium,Medium,Medium,On-Time,10,16,Basic,Active
8121,2023-11-14,2025-05-22,254,Low,Low,High,Missed,2,201,Enterprise,Cancelled
8122,2024-11-19,2025-04-13,293,Low,Low,Medium,Missed,2,20,Basic,Cancelled
8123,2023-05-10,2026-01-19,12,High,Medium,Medium,On-Time,8,19,Basic,Active
8124,2024-12-18,2026-01-18,13,Medium,Medium,Low,On-Time,10,66,Pro,Active
8125,2023-11-07,2026-01-20,11,High,Medium,Low,On-Time,10,27,Basic,Active
8126,2023-01-01,2026-01-18,13,High,Medium,Medium,Delayed,9,16,Basic,Active
8127,2023-05-19,2025-12-18,44,Medium,High,High,On-Time,7,23,Basic,Active
8128,2025-10-19,2026-01-27,4,Medium,Medium,Medium,On-Time,10,17,Basic,Active
8129,2025-08-07,2026-01-21,10,Medium,High,Low,On-Time,7,59,Pro,Active
8130,2023-09-13,2025-12-06,56,Medium,Low,Low,Delayed,5,49,Pro,Active
8131,2025-05-02,2026-01-12,19,Medium,Medium,High,Delayed,7,20,Basic,Active
8132,2024-10-28,2025-12-16,46,Low,Low,Low,Missed,7,77,Pro,Active
8133,2025-11-29,2026-01-22,9,Medium,High,Low,On-Time,7,43,Pro,Active
8134,2024-02-14,2026-01-31,0,High,High,Low,Delayed,9,195,Enterprise,Active
8135,2025-01-16,2026-01-14,17,High,Medium,Low,On-Time,10,205,Enterprise,Active
8136,2023-03-11,2025-10-04,119,Medium,Low,Low,Missed,6,72,Pro,Active
8137,2024-03-09,2025-12-22,40,Medium,Medium,Medium,On-Time,7,195,Enterprise,Active
8138,2025-11-21,2026-01-26,5,High,High,Medium,On-Time,8,160,Enterprise,Active
8139,2024-08-13,2025-12-31,31,Medium,Medium,Medium,On-Time,8,22,Basic,Active
8140,2023-11-12,2026-01-14,17,Medium,High,Medium,On-Time,7,44,Pro,Active
8141,2023-05-12,2025-06-19,226,Low,Low,Medium,Delayed,5,48,Pro,Cancelled
8142,2025-02-09,2026-01-13,18,High,High,Low,Delayed,9,55,Pro,Active
8143,2024-12-07,2026-01-12,19,High,High,Medium,On-Time,7,169,Enterprise,Active
8144,2024-02-14,2025-11-27,65,Medium,Low,High,On-Time,7,28,Basic,Active
8145,2025-11-07,2026-01-30,1,High,High,Low,On-Time,10,18,Basic,Active
8146,2023-01-25,2025-10-25,98,Low,Low,High,Delayed,6,29,Basic,Active
8147,2023-11-29,2025-07-10,205,Low,Low,High,Missed,1,27,Basic,Cancelled
8148,2025-10-05,2025-12-18,44,High,Medium,Low,On-Time,7,20,Basic,Active
8149,2023-12-18,2025-12-18,44,Medium,High,High,On-Time,7,10,Basic,Active
8150,2023-10-04,2025-11-24,68,Low,Low,Medium,Delayed,6,60,Pro,Active
8151,2024-08-07,2026-01-31,0,High,High,Low,On-Time,10,78,Pro,Active
8152,2025-06-21,2026-01-01,30,High,Medium,Low,On-Time,7,13,Basic,Active
8153,2023-04-23,2026-01-18,13,Medium,High,Medium,On-Time,8,64,Pro,Active
8154,2025-10-29,2026-01-18,13,High,Medium,Medium,On-Time,8,11,Basic,Active
8155,2025-05-20,2026-01-24,7,Medium,Medium,Low,On-Time,7,11,Basic,Active
8156,2023-07-18,2026-01-28,3,High,Medium,Medium,On-Time,9,19,Basic,Active
8157,2025-02-18,2026-01-15,16,Medium,Medium,Medium,On-Time,10,66,Pro,Active
8158,2024-02-26,2025-09-17,136,Low,Low,Low,Delayed,5,76,Pro,Active
8159,2024-03-16,2025-12-21,41,High,High,High,Delayed,8,78,Pro,Active
8160,2025-05-07,2025-12-29,33,High,High,High,On-Time,9,274,Enterprise,Active
8161,2025-11-20,2025-12-05,57,Low,Low,Medium,Delayed,5,10,Basic,Active
8162,2023-05-19,2025-11-09,83,Medium,Medium,Low,Delayed,5,170,Enterprise,Active
8163,2024-04-05,2025-08-25,159,Low,Low,High,Missed,1,55,Pro,Cancelled
8164,2024-06-10,2026-01-07,24,Medium,High,Medium,On-Time,10,193,Enterprise,Active
8165,2024-02-17,2025-12-24,38,Medium,High,Low,On-Time,7,12,Basic,Active
8166,2024-02-02,2025-12-18,44,Medium,Medium,Medium,On-Time,7,27,Basic,Active
8167,2023-02-27,2026-01-03,28,High,Medium,Low,On-Time,10,182,Enterprise,Active
8168,2025-01-20,2025-12-23,39,Medium,Medium,Low,On-Time,8,22,Basic,Active
8169,2024-04-22,2026-01-07,24,Medium,Medium,Low,On-Time,7,20,Basic,Active
8170,2023-08-02,2025-12-19,43,High,High,Low,On-Time,7,41,Pro,Active
8171,2025-06-12,2025-12-12,50,Low,Medium,High,On-Time,6,17,Basic,Active
8172,2025-05-28,2026-01-19,12,High,High,Low,On-Time,8,66,Pro,Active
8173,2024-06-16,2026-01-03,28,Medium,High,Medium,On-Time,10,20,Basic,Active
8174,2023-11-23,2026-01-06,25,Medium,Medium,High,On-Time,8,76,Pro,Active
8175,2024-11-29,2026-01-28,3,High,High,Medium,Delayed,10,68,Pro,Active
8176,2023-11-12,2025-11-29,63,Medium,Low,Medium,Delayed,6,15,Basic,Active
8177,2023-09-16,2025-11-30,62,Low,Low,High,Delayed,5,55,Pro,Active
8178,2025-03-10,2025-12-27,35,High,High,Medium,On-Time,8,12,Basic,Active
8179,2023-02-14,2026-01-20,11,High,Medium,Medium,On-Time,9,21,Basic,Active
8180,2023-04-14,2025-12-18,44,High,High,Low,On-Time,7,67,Pro,Active
8181,2023-01-08,2026-01-17,14,High,Medium,Medium,On-Time,9,246,Enterprise,Active
8182,2023-06-17,2025-10-14,109,Low,Low,Low,Delayed,4,24,Basic,Active
8183,2023-03-17,2025-09-04,149,Low,Low,Medium,Missed,2,22,Basic,Cancelled
8184,2025-12-26,2025-11-27,65,Low,Medium,Low,Delayed,7,54,Pro,Active
8185,2023-11-13,2026-01-28,3,High,Medium,High,Delayed,10,62,Pro,Active
8186,2023-06-13,2025-11-23,69,Low,Medium,High,Delayed,4,190,Enterprise,Active
8187,2023-09-21,2025-12-27,35,High,Medium,Low,On-Time,9,22,Basic,Active
8188,2025-10-22,2025-12-18,44,High,High,Medium,On-Time,9,78,Pro,Active
8189,2024-07-23,2026-01-20,11,High,High,High,On-Time,8,28,Basic,Active
8190,2024-02-04,2026-01-12,19,High,Medium,Medium,On-Time,10,151,Enterprise,Active
8191,2025-08-14,2026-01-31,0,High,Medium,Medium,On-Time,7,71,Pro,Active
8192,2024-03-08,2025-10-17,106,Medium,Low,Low,Missed,5,26,Basic,Active
8193,2024-01-02,2025-05-16,260,Low,Low,Low,Missed,3,29,Basic,Active
8194,2023-08-15,2025-08-18,166,Low,Low,Low,Missed,5,51,Pro,Cancelled
8195,2024-02-18,2026-01-13,18,High,High,Low,On-Time,10,23,Basic,Active
8196,2023-12-13,2025-12-02,60,Low,Medium,High,Delayed,4,66,Pro,Active
8197,2025-01-11,2026-01-04,27,High,High,Low,On-Time,7,60,Pro,Active
8198,2023-11-14,2026-01-25,6,High,Medium,Low,Delayed,9,64,Pro,Active
8199,2024-09-24,2025-10-10,113,Medium,Low,Medium,Missed,5,29,Basic,Active
8200,2023-03-14,2025-11-06,86,Low,Medium,Medium,Delayed,5,13,Basic,Active
8201,2023-07-29,2025-12-28,34,High,Medium,Low,Delayed,7,18,Basic,Active
8202,2024-03-22,2026-01-18,13,High,High,High,On-Time,7,60,Pro,Active
8203,2025-10-22,2026-01-06,25,Medium,Medium,Medium,On-Time,9,17,Basic,Active
8204,2024-02-18,2025-12-24,38,High,Medium,High,On-Time,7,54,Pro,Active
8205,2024-12-28,2026-01-11,20,High,Medium,Medium,On-Time,8,27,Basic,Active
8206,2023-10-07,2026-01-09,22,High,High,Medium,On-Time,7,206,Enterprise,Active
8207,2023-05-20,2026-01-19,12,High,High,Low,On-Time,10,25,Basic,Active
8208,2023-03-06,2025-12-07,55,Low,Low,Low,Missed,5,16,Basic,Active
8209,2023-12-01,2025-10-05,118,Medium,Low,Low,Missed,4,55,Pro,Active
8210,2023-06-22,2025-10-19,104,Medium,Medium,Medium,Delayed,6,23,Basic,Active
8211,2023-07-10,2025-12-14,48,Medium,Low,Low,Delayed,7,16,Basic,Active
8212,2025-04-13,2025-12-25,37,High,High,High,On-Time,7,55,Pro,Active
8213,2023-01-18,2025-12-30,32,High,High,Medium,On-Time,7,21,Basic,Active
8214,2024-09-02,2025-12-18,44,High,Medium,Low,On-Time,8,249,Enterprise,Active
8215,2024-02-20,2026-01-15,16,High,Medium,Low,On-Time,10,17,Basic,Active
8216,2024-07-08,2025-12-23,39,High,Medium,Medium,Delayed,7,52,Pro,Active
8217,2024-09-08,2026-01-09,22,High,High,Medium,On-Time,7,17,Basic,Active
8218,2023-12-10,2026-01-20,11,High,High,Medium,On-Time,8,44,Pro,Active
8219,2023-11-20,2026-01-15,16,High,High,Medium,On-Time,7,46,Pro,Active
8220,2025-03-14,2025-11-03,89,Low,Low,Low,Missed,5,25,Basic,Active
8221,2025-08-12,2025-12-22,40,High,High,Medium,On-Time,9,24,Basic,Active
8222,2023-07-30,2026-01-30,1,Medium,High,Medium,On-Time,7,17,Basic,Active
8223,2023-04-17,2025-11-17,75,Medium,Low,Medium,Delayed,7,40,Pro,Active
8224,2025-09-10,2026-01-04,27,High,Medium,Low,On-Time,9,58,Pro,Active
8225,2024-01-19,2025-12-31,31,High,Medium,Medium,On-Time,10,70,Pro,Active
8226,2024-08-26,2026-01-05,26,Medium,High,High,On-Time,8,75,Pro,Active
8227,2024-01-29,2026-01-09,22,High,High,Low,On-Time,10,28,Basic,Active
8228,2023-05-18,2025-12-20,42,High,High,Medium,Delayed,7,14,Basic,Active
8229,2024-10-07,2025-12-18,44,High,Medium,Low,On-Time,10,27,Basic,Active
8230,2024-07-29,2026-01-09,22,High,Medium,Low,On-Time,10,26,Basic,Active
8231,2023-08-11,2025-12-23,39,Medium,Medium,Low,Delayed,8,18,Basic,Active
8232,2024-05-09,2026-01-15,16,High,Medium,High,On-Time,9,28,Basic,Active
8233,2025-05-22,2026-01-11,20,Medium,High,Low,On-Time,7,21,Basic,Active
8234,2024-10-08,2026-01-28,3,High,Medium,High,On-Time,7,10,Basic,Active
8235,2023-04-17,2025-05-16,260,Low,Low,Medium,Missed,3,13,Basic,Cancelled
8236,2024-08-23,2026-01-20,11,High,High,Low,Delayed,9,60,Pro,Active
8237,2025-02-08,2026-01-25,6,High,Medium,Low,On-Time,7,10,Basic,Active
8238,2025-05-18,2025-11-18,74,Low,Low,Low,Delayed,4,79,Pro,Active
8239,2024-11-19,2026-01-04,27,Medium,High,High,On-Time,10,12,Basic,Active
8240,2023-06-17,2025-10-07,116,Medium,Low,Low,Missed,4,76,Pro,Active
8241,2025-02-16,2025-12-21,41,High,Medium,Medium,On-Time,9,17,Basic,Active
8242,2025-01-11,2026-01-24,7,High,Medium,Low,Delayed,8,45,Pro,Active
8243,2023-01-27,2025-12-30,32,Medium,High,Low,On-Time,9,13,Basic,Active
8244,2024-03-26,2025-12-22,40,Medium,Medium,Medium,On-Time,8,23,Basic,Active
8245,2023-12-31,2025-12-22,40,High,High,Low,On-Time,7,20,Basic,Active
8246,2025-01-03,2025-11-06,86,Low,Low,Low,On-Time,7,23,Basic,Active
8247,2023-08-25,2026-01-16,15,Medium,High,Low,On-Time,9,71,Pro,Active
8248,2024-10-09,2025-11-08,84,Low,Medium,Low,On-Time,4,71,Pro,Active
8249,2025-09-26,2025-05-16,260,Low,Low,Medium,Missed,3,14,Basic,Cancelled
8250,2025-05-23,2025-11-07,85,Low,Low,Medium,On-Time,6,72,Pro,Active
8251,2025-10-05,2025-12-07,55,Low,Low,Medium,On-Time,5,18,Basic,Active
8252,2025-12-07,2025-11-28,64,Low,Medium,Low,On-Time,4,56,Pro,Active
8253,2023-01-12,2025-11-17,75,Medium,Low,Low,Delayed,6,51,Pro,Active
8254,2024-11-12,2026-01-25,6,High,High,Medium,On-Time,7,24,Basic,Active
8255,2024-03-28,2026-01-23,8,High,High,Low,On-Time,10,15,Basic,Active
8256,2025-07-30,2025-12-24,38,Medium,Medium,Low,On-Time,8,20,Basic,Active
8257,2023-10-03,2026-01-06,25,High,Medium,Low,On-Time,8,47,Pro,Active
8258,2025-12-10,2026-01-09,22,Medium,Medium,Low,On-Time,10,24,Basic,Active
8259,2024-11-03,2026-01-27,4,Medium,Medium,Medium,On-Time,8,267,Enterprise,Active
8260,2025-05-18,2026-01-11,20,High,High,Low,On-Time,9,13,Basic,Active
8261,2023-04-04,2025-12-19,43,High,Medium,Low,On-Time,8,13,Basic,Active
8262,2023-07-20,2025-05-30,246,Low,Low,Medium,Missed,3,13,Basic,Cancelled
8263,2025-04-10,2026-01-19,12,High,Medium,High,On-Time,9,10,Basic,Active
8264,2023-01-25,2026-01-06,25,High,Medium,Low,Delayed,8,73,Pro,Active
8265,2025-06-13,2026-01-27,4,High,Medium,Low,Delayed,9,20,Basic,Active
8266,2023-01-16,2025-07-04,211,Low,Low,Low,Missed,1,15,Basic,Cancelled
8267,2024-12-20,2025-12-21,41,Medium,Medium,Medium,On-Time,7,24,Basic,Active
8268,2024-02-04,2025-10-28,95,Low,Low,Low,On-Time,6,17,Basic,Active
8269,2024-10-31,2026-01-06,25,High,Medium,Low,On-Time,9,23,Basic,Active
8270,2025-02-01,2025-11-02,90,Low,Low,Low,On-Time,5,71,Pro,Active
8271,2024-01-11,2026-01-17,14,Medium,Medium,Medium,Delayed,7,76,Pro,Active
8272,2023-04-29,2026-01-30,1,High,High,Low,On-Time,7,60,Pro,Active
8273,2023-03-18,2026-01-04,27,Medium,High,Medium,On-Time,8,20,Basic,Active
8274,2024-10-06,2025-11-11,81,Medium,Medium,Low,Delayed,7,16,Basic,Active
8275,2024-07-24,2025-06-26,219,Low,Low,Medium,Missed,1,10,Basic,Cancelled
8276,2025-03-23,2026-01-25,6,High,Medium,High,On-Time,7,65,Pro,Active
8277,2024-07-12,2025-11-17,75,Low,Low,High,Missed,7,19,Basic,Active
8278,2024-04-07,2026-01-19,12,Medium,Medium,Low,On-Time,7,15,Basic,Active
8279,2024-03-11,2026-01-01,30,High,High,Low,On-Time,7,28,Basic,Active
8280,2023-01-29,2025-10-30,93,Low,Low,High,Delayed,7,23,Basic,Active
8281,2024-01-03,2025-12-26,36,High,High,Low,On-Time,9,73,Pro,Active
8282,2025-12-04,2025-10-19,104,Low,Low,High,Delayed,5,24,Basic,Active
8283,2025-08-14,2026-01-16,15,High,Medium,Medium,On-Time,7,20,Basic,Active
8284,2023-12-27,2026-01-08,23,High,Medium,High,Delayed,10,255,Enterprise,Active
8285,2024-10-05,2025-10-12,111,Low,Low,Medium,Delayed,6,59,Pro,Active
8286,2025-07-16,2026-01-06,25,Medium,High,High,On-Time,10,12,Basic,Active
8287,2024-04-28,2025-12-19,43,Medium,High,Low,On-Time,7,23,Basic,Active
8288,2023-01-20,2026-01-02,29,Medium,Medium,Low,On-Time,7,62,Pro,Active
8289,2023-03-23,2025-10-04,119,Medium,Low,Low,Delayed,5,29,Basic,Active
8290,2024-07-12,2025-12-02,60,Low,Low,Low,Delayed,6,10,Basic,Active
8291,2025-11-27,2026-01-25,6,Medium,High,Low,On-Time,10,18,Basic,Active
8292,2025-01-29,2025-12-24,38,High,Medium,High,On-Time,7,14,Basic,Active
8293,2023-03-19,2025-07-08,207,Low,Low,Medium,Missed,3,23,Basic,Cancelled
8294,2023-07-27,2025-12-25,37,High,Medium,Medium,On-Time,8,60,Pro,Active
8295,2025-04-24,2026-01-17,14,High,High,Low,On-Time,8,27,Basic,Active
8296,2025-07-10,2026-01-26,5,High,High,High,On-Time,7,18,Basic,Active
8297,2024-11-07,2026-01-21,10,Medium,High,Low,On-Time,10,61,Pro,Active
8298,2024-12-06,2025-12-18,44,High,High,Low,Delayed,7,79,Pro,Active
8299,2023-02-01,2025-10-04,119,Low,Low,Medium,On-Time,6,14,Basic,Active
8300,2025-06-26,2026-01-10,21,High,Medium,Medium,On-Time,9,29,Basic,Active
8301,2025-05-13,2026-01-30,1,Medium,Medium,Low,On-Time,7,19,Basic,Active
8302,2023-10-11,2025-12-29,33,Medium,High,Medium,On-Time,8,47,Pro,Active
8303,2025-02-15,2026-01-04,27,High,High,Low,On-Time,10,23,Basic,Active
8304,2023-08-24,2025-05-02,274,Low,Low,Low,Missed,1,21,Basic,Cancelled
8305,2023-02-14,2025-04-08,298,Low,Low,Medium,Delayed,4,60,Pro,Cancelled
8306,2023-08-09,2025-10-05,118,Medium,Medium,Medium,Delayed,6,70,Pro,Active
8307,2023-07-15,2025-05-18,258,Low,Low,Low,Missed,3,18,Basic,Cancelled
8308,2024-01-05,2025-11-28,64,Low,Medium,Low,On-Time,5,64,Pro,Active
8309,2024-04-03,2026-01-15,16,High,Medium,Low,Delayed,10,15,Basic,Active
8310,2024-07-10,2026-01-15,16,High,High,Medium,On-Time,8,155,Enterprise,Active
8311,2024-06-06,2025-12-25,37,High,High,High,On-Time,9,17,Basic,Active
8312,2023-10-24,2026-01-02,29,High,Medium,Medium,On-Time,7,14,Basic,Active
8313,2023-02-01,2026-01-10,21,High,High,Medium,Delayed,8,23,Basic,Active
8314,2024-10-24,2025-12-16,46,Medium,Medium,Low,Delayed,4,75,Pro,Active
8315,2024-03-09,2025-12-23,39,Medium,High,High,On-Time,8,25,Basic,Active
8316,2023-11-24,2025-06-30,215,Low,Low,Low,Delayed,4,15,Basic,Cancelled
8317,2025-08-07,2025-04-08,298,Low,Low,Low,Missed,3,71,Pro,Cancelled
8318,2025-03-28,2026-01-16,15,Medium,Medium,Low,On-Time,8,11,Basic,Active
8319,2025-07-28,2025-10-04,119,Low,Medium,Low,Delayed,6,207,Enterprise,Active
8320,2024-06-26,2026-01-29,2,Medium,Medium,High,Delayed,10,28,Basic,Active
8321,2023-05-24,2026-01-14,17,Medium,High,Low,On-Time,10,48,Pro,Active
8322,2025-02-01,2026-01-30,1,High,Medium,Medium,On-Time,9,252,Enterprise,Active
8323,2023-08-14,2026-01-14,17,Medium,High,Low,On-Time,9,22,Basic,Active
8324,2024-04-28,2026-01-02,29,Medium,Medium,Low,On-Time,8,25,Basic,Active
8325,2023-03-13,2025-11-06,86,Low,Medium,Medium,Delayed,4,45,Pro,Active
8326,2025-06-22,2025-07-14,201,Low,Low,Medium,Missed,2,50,Pro,Cancelled
8327,2023-05-18,2026-01-06,25,Medium,Medium,Low,On-Time,7,55,Pro,Active
8328,2025-09-15,2026-01-02,29,Medium,Medium,Medium,On-Time,8,59,Pro,Active
8329,2025-08-04,2025-10-30,93,Low,Medium,High,On-Time,6,205,Enterprise,Active
8330,2024-05-23,2026-01-24,7,High,High,High,On-Time,7,28,Basic,Active
8331,2025-03-26,2025-12-18,44,High,Medium,Low,On-Time,7,47,Pro,Active
8332,2024-11-09,2025-06-03,242,Low,Low,Low,Delayed,3,78,Pro,Cancelled
8333,2025-05-29,2026-01-08,23,Medium,High,Medium,On-Time,10,21,Basic,Active
8334,2024-04-17,2025-12-29,33,Medium,High,Medium,On-Time,7,48,Pro,Active
8335,2025-05-10,2026-01-01,30,High,Medium,Low,On-Time,7,51,Pro,Active
8336,2024-05-21,2025-10-21,102,Medium,Low,Low,Delayed,7,29,Basic,Active
8337,2025-10-27,2026-01-04,27,High,Medium,Medium,On-Time,10,12,Basic,Active
8338,2024-06-16,2025-05-12,264,Low,Low,Low,Missed,2,13,Basic,Cancelled
8339,2024-05-21,2026-01-05,26,High,Medium,Low,On-Time,10,17,Basic,Active
8340,2025-05-09,2025-12-15,47,Medium,Low,Medium,Delayed,6,78,Pro,Active
8341,2025-06-18,2025-10-27,96,Low,Low,Medium,Delayed,7,159,Enterprise,Active
8342,2024-08-30,2026-01-07,24,Medium,Medium,Low,On-Time,8,20,Basic,Active
8343,2023-07-16,2026-01-11,20,Medium,Medium,Medium,On-Time,8,74,Pro,Active
8344,2024-05-27,2025-12-26,36,Medium,Medium,Low,On-Time,8,178,Enterprise,Active
8345,2025-11-26,2025-10-15,108,Low,Low,Low,Missed,5,76,Pro,Active
8346,2025-04-04,2025-08-05,179,Low,Low,High,Missed,3,15,Basic,Cancelled
8347,2025-06-07,2025-12-27,35,High,High,Low,On-Time,7,12,Basic,Active
8348,2023-02-05,2026-01-03,28,Medium,Medium,Low,On-Time,9,25,Basic,Active
8349,2024-05-27,2025-10-12,111,Medium,Medium,Low,Missed,7,26,Basic,Active
8350,2024-12-09,2025-10-08,115,Low,Low,Low,Delayed,4,72,Pro,Active
8351,2025-06-27,2025-07-16,199,Low,Low,Low,Delayed,1,18,Basic,Cancelled
8352,2023-02-23,2025-12-30,32,High,High,High,On-Time,8,13,Basic,Active
8353,2025-07-22,2026-01-28,3,High,High,Low,On-Time,9,27,Basic,Active
8354,2024-08-23,2025-07-17,198,Low,Low,Low,Delayed,1,22,Basic,Cancelled
8355,2023-08-05,2026-01-18,13,High,High,High,On-Time,7,58,Pro,Active
8356,2023-12-14,2025-12-10,52,Low,Medium,Low,On-Time,4,49,Pro,Active
8357,2023-11-05,2025-12-04,58,Low,Medium,Medium,Missed,5,48,Pro,Active
8358,2024-08-04,2026-01-15,16,Medium,High,Low,On-Time,8,17,Basic,Active
8359,2023-02-26,2026-01-26,5,High,Medium,High,On-Time,9,65,Pro,Active
8360,2023-06-23,2026-01-23,8,High,Medium,Low,On-Time,10,125,Enterprise,Active
8361,2025-06-08,2025-12-03,59,Medium,Medium,Medium,Delayed,7,26,Basic,Active
8362,2023-05-26,2025-10-21,102,Low,Low,Medium,Missed,7,26,Basic,Active
8363,2023-09-13,2026-01-10,21,High,Medium,Low,On-Time,8,71,Pro,Active
8364,2024-05-11,2026-01-25,6,Medium,High,Medium,On-Time,7,45,Pro,Active
8365,2024-07-20,2026-01-21,10,Medium,Medium,Medium,On-Time,7,49,Pro,Active
8366,2025-04-16,2026-01-31,0,Medium,High,High,On-Time,8,123,Enterprise,Active
8367,2024-05-04,2026-01-04,27,High,High,High,On-Time,8,62,Pro,Active
8368,2025-05-14,2026-01-05,26,Medium,Medium,Low,On-Time,10,23,Basic,Active
8369,2024-11-08,2025-12-30,32,High,Medium,Medium,On-Time,7,15,Basic,Active
8370,2023-05-04,2026-01-28,3,High,Medium,High,Delayed,7,237,Enterprise,Active
8371,2023-06-21,2025-10-24,99,Low,Medium,Low,On-Time,6,28,Basic,Active
8372,2024-04-23,2025-07-12,203,Low,Low,Medium,Delayed,4,20,Basic,Cancelled
8373,2024-03-10,2025-12-25,37,High,High,Low,On-Time,7,27,Basic,Active
8374,2025-03-25,2026-01-05,26,Medium,Medium,Medium,On-Time,8,18,Basic,Active
8375,2024-09-27,2025-12-22,40,High,Medium,Medium,On-Time,10,67,Pro,Active
8376,2024-03-01,2026-01-30,1,High,High,Medium,On-Time,8,69,Pro,Active
8377,2023-07-06,2026-01-20,11,High,Medium,High,On-Time,7,230,Enterprise,Active
8378,2023-09-06,2026-01-04,27,High,Medium,Low,On-Time,8,199,Enterprise,Active
8379,2024-09-22,2025-08-16,168,Low,Low,Medium,Delayed,3,23,Basic,Cancelled
8380,2024-04-08,2025-09-24,129,Low,Low,Low,Missed,5,178,Enterprise,Cancelled
8381,2024-07-17,2026-01-21,10,High,Medium,High,On-Time,9,23,Basic,Active
8382,2023-07-06,2025-11-08,84,Medium,Low,High,Delayed,4,74,Pro,Active
8383,2024-12-26,2026-01-28,3,Medium,Medium,High,On-Time,9,58,Pro,Active
8384,2025-07-22,2026-01-05,26,Medium,High,High,Delayed,8,10,Basic,Active
8385,2023-10-10,2025-12-22,40,High,Medium,High,On-Time,9,63,Pro,Active
8386,2024-06-22,2025-12-27,35,High,Medium,High,On-Time,7,261,Enterprise,Active
8387,2025-12-04,2025-12-31,31,High,High,Low,On-Time,9,15,Basic,Active
8388,2023-12-31,2026-01-14,17,High,Medium,Low,On-Time,7,10,Basic,Active
8389,2024-10-13,2026-01-09,22,High,High,High,Delayed,8,72,Pro,Active
8390,2023-04-09,2026-01-18,13,High,High,Medium,On-Time,8,284,Enterprise,Active
8391,2024-10-25,2026-01-27,4,Medium,Medium,High,On-Time,7,11,Basic,Active
8392,2023-04-09,2026-01-27,4,High,Medium,Medium,On-Time,9,19,Basic,Active
8393,2025-11-16,2026-01-15,16,High,High,Low,On-Time,7,15,Basic,Active
8394,2025-02-22,2025-10-14,109,Low,Medium,High,Delayed,7,293,Enterprise,Active
8395,2025-05-13,2026-01-13,18,Medium,High,Medium,On-Time,10,20,Basic,Active
8396,2025-02-09,2025-12-07,55,Low,Medium,Medium,Delayed,4,69,Pro,Active
8397,2024-10-07,2025-12-19,43,High,High,Medium,On-Time,10,29,Basic,Active
8398,2024-05-07,2026-01-28,3,Medium,Medium,Medium,Delayed,7,17,Basic,Active
8399,2025-07-28,2026-01-14,17,High,Medium,Low,On-Time,9,27,Basic,Active
8400,2025-11-13,2026-01-25,6,Medium,High,Medium,Delayed,7,18,Basic,Active
8401,2024-06-30,2025-12-30,32,Medium,High,High,On-Time,7,11,Basic,Active
8402,2025-10-17,2026-01-07,24,Medium,Medium,Low,Delayed,9,136,Enterprise,Active
8403,2024-09-30,2026-01-03,28,High,High,Low,On-Time,9,128,Enterprise,Active
8404,2024-08-12,2025-12-30,32,High,Medium,Low,On-Time,7,23,Basic,Active
8405,2024-05-12,2025-07-14,201,Low,Low,Medium,Delayed,4,173,Enterprise,Active
8406,2023-08-18,2026-01-18,13,Medium,High,High,Delayed,10,157,Enterprise,Active
8407,2023-01-05,2025-05-18,258,Low,Low,Low,Missed,1,166,Enterprise,Cancelled
8408,2023-09-22,2025-12-31,31,Medium,Medium,Low,On-Time,9,61,Pro,Active
8409,2024-07-12,2025-06-16,229,Low,Low,High,Missed,1,17,Basic,Cancelled
8410,2024-02-21,2026-01-29,2,Medium,High,Low,On-Time,10,25,Basic,Active
8411,2024-05-06,2026-01-30,1,High,High,Low,On-Time,7,13,Basic,Active
8412,2025-12-09,2026-01-29,2,High,High,Low,On-Time,8,28,Basic,Active
8413,2024-01-19,2025-06-16,229,Low,Low,High,Missed,1,53,Pro,Cancelled
8414,2024-05-10,2026-01-26,5,High,High,Low,On-Time,8,25,Basic,Active
8415,2023-05-27,2025-10-30,93,Medium,Low,Low,On-Time,7,12,Basic,Active
8416,2023-02-22,2026-01-28,3,Medium,Medium,High,On-Time,9,50,Pro,Active
8417,2025-04-29,2026-01-27,4,High,High,Low,On-Time,8,13,Basic,Active
8418,2024-09-16,2025-11-30,62,Low,Low,Medium,Delayed,4,13,Basic,Active
8419,2025-04-12,2026-01-09,22,Medium,High,Low,On-Time,10,10,Basic,Active
8420,2023-06-14,2026-01-13,18,High,High,Medium,On-Time,10,74,Pro,Active
8421,2024-09-18,2025-11-13,79,Medium,Low,Low,On-Time,6,77,Pro,Active
8422,2023-10-05,2026-01-18,13,High,High,Medium,On-Time,9,26,Basic,Active
8423,2023-09-07,2025-05-12,264,Low,Low,Low,Missed,1,75,Pro,Cancelled
8424,2023-01-13,2025-12-22,40,High,High,Medium,On-Time,8,21,Basic,Active
8425,2023-05-23,2026-01-02,29,Medium,Medium,Medium,On-Time,7,11,Basic,Active
8426,2023-12-05,2025-11-09,83,Low,Low,High,On-Time,5,18,Basic,Active
8427,2023-05-08,2025-12-28,34,Medium,Medium,Low,On-Time,7,48,Pro,Active
8428,2025-12-15,2026-01-16,15,High,High,Medium,Delayed,10,77,Pro,Active
8429,2023-12-04,2026-01-14,17,Medium,High,High,On-Time,9,19,Basic,Active
8430,2023-05-23,2025-10-18,105,Low,Low,Low,On-Time,6,72,Pro,Active
8431,2023-08-06,2025-12-13,49,Medium,Low,Low,Delayed,7,18,Basic,Active
8432,2024-10-05,2026-01-20,11,Medium,High,Medium,On-Time,7,20,Basic,Active
8433,2023-03-12,2025-12-24,38,High,Medium,Low,On-Time,8,10,Basic,Active
8434,2025-08-02,2026-01-25,6,Medium,High,Low,On-Time,10,26,Basic,Active
8435,2025-11-18,2026-01-26,5,High,High,Medium,On-Time,8,11,Basic,Active
8436,2023-09-28,2026-01-31,0,High,Medium,High,On-Time,10,20,Basic,Active
8437,2024-05-07,2026-01-06,25,High,High,Low,On-Time,10,27,Basic,Active
8438,2023-01-25,2026-01-06,25,Medium,High,Low,On-Time,7,15,Basic,Active
8439,2024-12-02,2026-01-28,3,High,High,Low,On-Time,8,66,Pro,Active
8440,2024-03-29,2026-01-09,22,Medium,High,High,On-Time,10,61,Pro,Active
8441,2023-10-23,2025-12-22,40,High,High,Low,On-Time,8,71,Pro,Active
8442,2023-08-15,2026-01-15,16,Medium,Medium,Low,On-Time,8,11,Basic,Active
8443,2024-12-17,2026-01-30,1,High,Medium,High,On-Time,9,18,Basic,Active
8444,2024-03-31,2026-01-15,16,Medium,High,Medium,Delayed,7,18,Basic,Active
8445,2023-07-16,2025-12-20,42,High,High,Medium,Delayed,7,17,Basic,Active
8446,2025-01-24,2025-12-20,42,Medium,Medium,Low,On-Time,8,16,Basic,Active
8447,2024-09-10,2026-01-26,5,Medium,Medium,Low,On-Time,7,24,Basic,Active
8448,2025-07-29,2026-01-13,18,High,High,High,On-Time,7,21,Basic,Active
8449,2023-05-09,2026-01-06,25,High,High,High,On-Time,9,17,Basic,Active
8450,2025-05-10,2026-01-06,25,High,Medium,Medium,On-Time,7,75,Pro,Active
8451,2025-01-07,2026-01-16,15,Medium,High,High,On-Time,7,27,Basic,Active
8452,2023-05-06,2025-12-31,31,High,Medium,High,On-Time,10,70,Pro,Active
8453,2025-01-30,2026-01-20,11,High,Medium,Medium,On-Time,10,28,Basic,Active
8454,2024-04-28,2026-01-07,24,Medium,Medium,High,On-Time,10,53,Pro,Active
8455,2025-10-31,2025-12-21,41,Medium,High,Low,On-Time,10,60,Pro,Active
8456,2023-06-05,2026-01-11,20,High,High,High,On-Time,7,29,Basic,Active
8457,2024-12-04,2025-12-26,36,High,Medium,Low,On-Time,8,17,Basic,Active
8458,2024-02-23,2026-01-24,7,High,Medium,Low,On-Time,10,19,Basic,Active
8459,2025-11-13,2025-11-26,66,Medium,Low,Medium,On-Time,4,72,Pro,Active
8460,2023-12-28,2026-01-11,20,Medium,High,High,On-Time,8,143,Enterprise,Active
8461,2025-11-19,2025-12-21,41,High,High,Low,On-Time,8,26,Basic,Active
8462,2025-09-14,2026-01-27,4,High,High,Medium,On-Time,8,60,Pro,Active
8463,2023-10-24,2026-01-25,6,High,Medium,Medium,On-Time,9,23,Basic,Active
8464,2025-05-29,2025-12-19,43,High,High,Low,Delayed,8,54,Pro,Active
8465,2025-12-26,2025-11-11,81,Medium,Low,Low,Delayed,4,27,Basic,Active
8466,2023-10-04,2025-12-22,40,Medium,High,Low,On-Time,7,18,Basic,Active
8467,2024-04-23,2026-01-15,16,Medium,Medium,Low,On-Time,9,14,Basic,Active
8468,2024-07-23,2025-11-27,65,Medium,Low,Medium,On-Time,7,17,Basic,Active
8469,2023-11-19,2026-01-17,14,High,Medium,Low,On-Time,8,40,Pro,Active
8470,2023-01-17,2025-12-27,35,Medium,Medium,Medium,On-Time,10,24,Basic,Active
8471,2023-08-30,2025-12-25,37,High,Medium,Medium,On-Time,7,20,Basic,Active
8472,2023-11-05,2025-11-29,63,Low,Medium,High,Delayed,6,76,Pro,Active
8473,2024-04-30,2025-09-28,125,Low,Low,Medium,Missed,2,40,Pro,Cancelled
8474,2023-07-07,2025-10-05,118,Low,Low,Low,Delayed,5,16,Basic,Active
8475,2025-08-14,2026-01-17,14,High,High,Low,On-Time,10,53,Pro,Active
8476,2025-02-10,2025-12-16,46,Low,Low,Low,On-Time,7,29,Basic,Active
8477,2023-04-04,2025-12-19,43,High,High,Low,Delayed,9,77,Pro,Active
8478,2024-12-12,2025-06-24,221,Low,Low,Low,Missed,1,25,Basic,Cancelled
8479,2024-12-16,2026-01-19,12,Medium,Medium,Medium,On-Time,9,66,Pro,Active
8480,2025-11-13,2026-01-11,20,Medium,High,High,On-Time,7,156,Enterprise,Active
8481,2023-01-04,2026-01-19,12,High,Medium,Low,On-Time,10,13,Basic,Active
8482,2023-09-29,2026-01-27,4,Medium,Medium,Low,On-Time,10,236,Enterprise,Active
8483,2025-10-12,2026-01-12,19,High,High,High,On-Time,8,56,Pro,Active
8484,2025-10-17,2025-12-30,32,High,High,Medium,On-Time,7,25,Basic,Active
8485,2025-02-28,2026-01-08,23,Medium,Medium,Low,On-Time,8,10,Basic,Active
8486,2025-04-18,2026-01-14,17,Medium,High,Low,On-Time,10,26,Basic,Active
8487,2023-04-11,2026-01-19,12,Medium,Medium,Low,On-Time,10,21,Basic,Active
8488,2024-07-16,2025-12-08,54,Low,Low,Low,Delayed,6,204,Enterprise,Active
8489,2023-09-11,2025-12-26,36,High,Medium,High,On-Time,9,196,Enterprise,Active
8490,2023-07-18,2025-10-12,111,Low,Medium,Medium,Delayed,7,19,Basic,Active
8491,2025-06-06,2025-07-01,214,Low,Low,High,Delayed,5,18,Basic,Cancelled
8492,2023-05-28,2026-01-24,7,Medium,High,Medium,On-Time,10,16,Basic,Active
8493,2024-05-28,2025-10-13,110,Low,Low,Low,Delayed,6,76,Pro,Active
8494,2025-10-24,2025-12-15,47,Low,Low,Low,Delayed,7,263,Enterprise,Active
8495,2023-07-23,2025-08-15,169,Low,Low,High,Delayed,1,14,Basic,Active
8496,2025-12-06,2026-01-15,16,High,Medium,Low,Delayed,10,17,Basic,Active
8497,2025-12-24,2026-01-10,21,High,Medium,Low,On-Time,8,214,Enterprise,Active
8498,2024-08-31,2025-12-02,60,Low,Low,Low,On-Time,4,12,Basic,Active
8499,2023-07-06,2026-01-21,10,Medium,High,Medium,On-Time,7,26,Basic,Active
8500,2023-12-13,2025-12-27,35,Medium,High,Low,On-Time,8,25,Basic,Active
8501,2024-04-09,2025-12-26,36,Medium,Medium,Low,On-Time,10,26,Basic,Active
8502,2023-12-05,2025-12-25,37,Medium,Medium,Low,On-Time,8,20,Basic,Active
8503,2023-11-04,2025-12-23,39,High,High,Low,On-Time,10,28,Basic,Active
8504,2025-11-30,2025-10-20,103,Low,Low,Low,Delayed,5,54,Pro,Active
8505,2023-06-17,2026-01-10,21,High,Medium,Low,On-Time,8,234,Enterprise,Active
8506,2025-03-13,2025-04-13,293,Low,Low,Low,Missed,3,27,Basic,Cancelled
8507,2023-01-01,2026-01-27,4,Medium,Medium,Medium,On-Time,7,28,Basic,Active
8508,2024-10-14,2025-11-14,78,Low,Low,High,Delayed,7,53,Pro,Active
8509,2025-09-29,2026-01-06,25,High,Medium,Medium,Delayed,10,77,Pro,Active
8510,2023-11-12,2026-01-17,14,Medium,High,Medium,On-Time,7,12,Basic,Active
8511,2023-07-23,2026-01-18,13,High,Medium,Medium,On-Time,7,50,Pro,Active
8512,2024-12-14,2026-01-18,13,Medium,Medium,High,On-Time,9,75,Pro,Active
8513,2025-02-19,2026-01-22,9,High,High,High,On-Time,10,13,Basic,Active
8514,2025-01-23,2025-12-23,39,Medium,Medium,Medium,On-Time,8,18,Basic,Active
8515,2023-12-16,2026-01-16,15,Medium,Medium,Medium,On-Time,8,11,Basic,Active
8516,2023-10-04,2025-04-10,296,Low,Low,Low,Missed,1,76,Pro,Cancelled
8517,2025-11-12,2025-12-30,32,High,High,Low,On-Time,10,16,Basic,Active
8518,2025-10-08,2026-01-21,10,Medium,High,Low,On-Time,8,141,Enterprise,Active
8519,2024-05-15,2026-01-17,14,Medium,Medium,Medium,On-Time,7,19,Basic,Active
8520,2025-07-15,2025-10-23,100,Low,Low,Low,Delayed,7,47,Pro,Active
8521,2024-05-10,2025-05-21,255,Low,Low,Medium,Missed,4,48,Pro,Cancelled
8522,2024-04-09,2026-01-09,22,High,Medium,Low,On-Time,8,67,Pro,Active
8523,2023-06-21,2025-10-14,109,Medium,Low,Low,On-Time,6,42,Pro,Active
8524,2024-04-11,2026-01-04,27,High,Medium,Low,On-Time,9,77,Pro,Active
8525,2024-08-11,2026-01-29,2,High,Medium,Medium,On-Time,7,27,Basic,Active
8526,2023-01-25,2026-01-20,11,High,High,Low,Delayed,9,18,Basic,Active
8527,2024-05-01,2026-01-20,11,High,High,Low,On-Time,8,11,Basic,Active
8528,2025-05-05,2026-01-31,0,High,High,Medium,On-Time,8,44,Pro,Active
8529,2025-01-14,2025-11-30,62,Low,Low,High,Missed,6,44,Pro,Active
8530,2024-11-26,2025-12-31,31,High,High,Medium,On-Time,7,14,Basic,Active
8531,2025-09-22,2025-12-04,58,Medium,Medium,Medium,Delayed,4,65,Pro,Active
8532,2023-01-20,2025-10-31,92,Medium,Low,Medium,Missed,7,48,Pro,Active
8533,2024-09-01,2026-01-24,7,High,Medium,Medium,On-Time,10,16,Basic,Active
8534,2025-05-12,2026-01-24,7,Medium,Medium,Low,Delayed,10,75,Pro,Active
8535,2024-08-15,2026-01-03,28,High,Medium,Low,On-Time,9,18,Basic,Active
8536,2023-12-21,2025-12-22,40,High,Medium,High,On-Time,8,28,Basic,Active
8537,2023-05-30,2026-01-11,20,Medium,High,High,On-Time,9,65,Pro,Active
8538,2025-08-29,2026-01-27,4,Medium,Medium,Medium,On-Time,8,232,Enterprise,Active
8539,2024-05-30,2025-05-11,265,Low,Low,Medium,Missed,4,43,Pro,Cancelled
8540,2025-08-19,2026-01-22,9,High,Medium,Low,On-Time,7,12,Basic,Active
8541,2024-10-03,2026-01-14,17,High,Medium,Medium,On-Time,10,43,Pro,Active
8542,2025-01-08,2025-12-28,34,High,Medium,Low,On-Time,8,14,Basic,Active
8543,2025-05-30,2026-01-10,21,High,High,Low,On-Time,8,48,Pro,Active
8544,2024-12-22,2025-11-11,81,Medium,Low,Low,On-Time,4,17,Basic,Active
8545,2024-03-11,2025-12-20,42,High,Medium,Medium,On-Time,9,44,Pro,Active
8546,2024-07-16,2026-01-15,16,Medium,Medium,Low,On-Time,9,15,Basic,Active
8547,2025-05-29,2025-11-02,90,Low,Low,Low,Delayed,5,75,Pro,Active
8548,2024-02-14,2025-12-19,43,High,High,Medium,Delayed,7,72,Pro,Active
8549,2024-02-29,2025-12-12,50,Low,Medium,Medium,Delayed,6,12,Basic,Active
8550,2023-04-15,2025-10-04,119,Low,Medium,High,Delayed,7,126,Enterprise,Active
8551,2025-09-28,2026-01-14,17,Medium,Medium,Low,On-Time,10,19,Basic,Active
8552,2023-04-10,2025-11-26,66,Medium,Medium,Medium,Missed,7,74,Pro,Active
8553,2024-12-10,2026-01-12,19,High,Medium,High,On-Time,7,14,Basic,Active
8554,2024-03-28,2026-01-30,1,High,High,High,On-Time,8,57,Pro,Active
8555,2024-03-20,2025-12-02,60,Low,Low,Low,On-Time,7,17,Basic,Active
8556,2025-01-14,2026-01-04,27,High,High,Low,Delayed,8,22,Basic,Active
8557,2023-03-15,2025-11-09,83,Low,Medium,High,Delayed,4,52,Pro,Active
8558,2024-10-12,2026-01-11,20,High,High,Low,On-Time,8,19,Basic,Active
8559,2025-04-25,2026-01-14,17,Medium,High,Medium,On-Time,7,12,Basic,Active
8560,2025-06-25,2025-10-10,113,Medium,Medium,High,On-Time,7,45,Pro,Active
8561,2023-07-06,2026-01-30,1,Medium,Medium,Medium,On-Time,9,42,Pro,Active
8562,2025-09-09,2026-01-10,21,High,Medium,Medium,On-Time,7,13,Basic,Active
8563,2024-12-19,2025-10-25,98,Low,Medium,Low,Delayed,6,25,Basic,Active
8564,2025-08-23,2025-12-20,42,Medium,High,Low,On-Time,7,27,Basic,Active
8565,2024-06-15,2026-01-19,12,Medium,High,Medium,On-Time,8,67,Pro,Active
8566,2024-08-16,2025-12-28,34,Medium,Medium,Medium,Delayed,10,51,Pro,Active
8567,2025-10-03,2025-11-06,86,Low,Low,Low,Delayed,6,159,Enterprise,Active
8568,2025-09-12,2025-12-24,38,High,High,Low,On-Time,7,11,Basic,Active
8569,2024-05-05,2026-01-29,2,High,High,Low,On-Time,7,28,Basic,Active
8570,2023-10-28,2025-12-27,35,High,Medium,Medium,Delayed,7,72,Pro,Active
8571,2024-03-06,2025-12-25,37,High,High,Medium,On-Time,8,15,Basic,Active
8572,2024-02-29,2025-11-12,80,Medium,Medium,Low,Missed,4,24,Basic,Active
8573,2023-11-11,2026-01-31,0,Medium,Medium,Low,On-Time,10,133,Enterprise,Active
8574,2023-10-22,2025-10-28,95,Low,Low,Medium,On-Time,7,11,Basic,Active
8575,2025-07-31,2026-01-25,6,High,High,Low,On-Time,7,43,Pro,Active
8576,2023-03-18,2025-12-19,43,High,Medium,Low,On-Time,10,50,Pro,Active
8577,2025-01-11,2026-01-04,27,Medium,Medium,Low,Delayed,8,24,Basic,Active
8578,2023-07-09,2026-01-27,4,High,Medium,High,On-Time,8,68,Pro,Active
8579,2024-01-13,2026-01-31,0,High,High,Low,On-Time,7,54,Pro,Active
8580,2023-03-09,2025-12-30,32,High,High,Medium,On-Time,8,13,Basic,Active
8581,2023-10-23,2025-10-10,113,Medium,Low,Low,Delayed,4,22,Basic,Active
8582,2025-04-21,2025-09-06,147,Low,Low,Low,Delayed,5,19,Basic,Active
8583,2025-08-27,2025-10-13,110,Low,Low,Medium,Delayed,6,40,Pro,Active
8584,2023-08-31,2025-11-18,74,Low,Medium,Low,Delayed,6,11,Basic,Active
8585,2024-05-22,2025-12-31,31,Medium,Medium,High,On-Time,10,10,Basic,Active
8586,2024-05-30,2025-12-18,44,High,Medium,Medium,On-Time,9,12,Basic,Active
8587,2025-08-14,2026-01-02,29,High,High,Medium,On-Time,9,24,Basic,Active
8588,2025-04-15,2026-01-15,16,High,Medium,Medium,On-Time,9,46,Pro,Active
8589,2024-07-15,2025-11-18,74,Medium,Low,Low,On-Time,6,21,Basic,Active
8590,2025-01-04,2025-12-18,44,Medium,Medium,Medium,On-Time,9,56,Pro,Active
8591,2025-07-16,2026-01-08,23,High,Medium,Low,On-Time,10,73,Pro,Active
8592,2023-01-11,2026-01-21,10,Medium,Medium,Low,On-Time,9,63,Pro,Active
8593,2024-03-17,2025-12-05,57,Low,Low,Medium,On-Time,7,76,Pro,Active
8594,2025-09-20,2025-10-26,97,Low,Medium,Low,Delayed,4,49,Pro,Active
8595,2025-03-21,2026-01-26,5,High,High,Low,On-Time,7,11,Basic,Active
8596,2024-08-17,2026-01-09,22,Medium,High,Medium,On-Time,10,24,Basic,Active
8597,2024-08-02,2025-12-26,36,High,High,Medium,On-Time,10,41,Pro,Active
8598,2024-01-16,2026-01-31,0,High,Medium,High,On-Time,9,16,Basic,Active
8599,2024-07-23,2025-11-09,83,Low,Low,Medium,Delayed,6,17,Basic,Active
8600,2024-12-18,2025-12-27,35,Medium,High,Low,On-Time,10,18,Basic,Active
8601,2024-04-03,2025-08-09,175,Low,Low,Medium,Missed,4,70,Pro,Active
8602,2025-02-20,2026-01-07,24,High,High,High,On-Time,10,15,Basic,Active
8603,2025-08-01,2026-01-06,25,Medium,High,Medium,On-Time,10,60,Pro,Active
8604,2023-06-19,2026-01-25,6,High,Medium,Medium,On-Time,7,60,Pro,Active
8605,2024-05-09,2026-01-22,9,High,Medium,Low,On-Time,9,213,Enterprise,Active
8606,2024-03-22,2026-01-05,26,Medium,Medium,High,On-Time,10,15,Basic,Active
8607,2025-01-22,2025-12-28,34,High,High,Low,On-Time,7,23,Basic,Active
8608,2023-10-01,2025-10-16,107,Medium,Medium,Medium,Missed,6,17,Basic,Active
8609,2024-12-02,2026-01-07,24,Medium,Medium,Low,On-Time,10,24,Basic,Active
8610,2025-08-18,2025-11-27,65,Medium,Low,Low,Delayed,6,12,Basic,Active
8611,2024-04-02,2025-12-01,61,Low,Low,Low,Delayed,7,63,Pro,Active
8612,2025-09-24,2026-01-21,10,High,Medium,Low,On-Time,9,24,Basic,Active
8613,2025-12-23,2026-01-12,19,High,Medium,Medium,On-Time,7,53,Pro,Active
8614,2023-04-27,2026-01-16,15,High,High,High,On-Time,9,23,Basic,Active
8615,2023-09-13,2025-05-01,275,Low,Low,Low,Missed,2,25,Basic,Cancelled
8616,2025-11-06,2026-01-19,12,Medium,Medium,Medium,On-Time,7,283,Enterprise,Active
8617,2025-11-15,2025-11-30,62,Low,Low,Medium,Delayed,6,21,Basic,Active
8618,2023-04-17,2026-01-20,11,High,Medium,Low,On-Time,9,59,Pro,Active
8619,2023-01-17,2025-12-23,39,Medium,High,High,On-Time,10,16,Basic,Active
8620,2023-06-26,2025-11-12,80,Medium,Medium,Low,On-Time,5,15,Basic,Active
8621,2025-12-26,2025-07-27,188,Low,Low,High,Missed,4,251,Enterprise,Active
8622,2023-07-17,2025-12-29,33,High,Medium,High,On-Time,8,25,Basic,Active
8623,2024-07-04,2026-01-22,9,Medium,Medium,Low,On-Time,9,22,Basic,Active
8624,2025-07-18,2026-01-14,17,Medium,Medium,High,On-Time,10,73,Pro,Active
8625,2023-01-23,2025-08-27,157,Low,Low,Medium,Missed,4,28,Basic,Cancelled
8626,2024-10-23,2025-08-30,154,Low,Low,Medium,Delayed,3,53,Pro,Cancelled
8627,2023-10-31,2026-01-11,20,Medium,Medium,Low,On-Time,8,43,Pro,Active
8628,2025-08-02,2026-01-16,15,High,Medium,Medium,On-Time,8,11,Basic,Active
8629,2023-11-07,2025-08-25,159,Low,Low,Medium,Missed,1,63,Pro,Cancelled
8630,2025-01-21,2025-12-12,50,Low,Medium,Medium,Delayed,5,13,Basic,Active
8631,2025-01-08,2026-01-06,25,Medium,High,Medium,On-Time,9,16,Basic,Active
8632,2023-08-31,2026-01-24,7,Medium,Medium,Medium,Delayed,8,24,Basic,Active
8633,2023-02-08,2025-06-28,217,Low,Low,Low,Missed,5,19,Basic,Active
8634,2024-03-24,2026-01-28,3,High,High,High,Delayed,9,49,Pro,Active
8635,2023-11-13,2026-01-14,17,Medium,Medium,Low,Delayed,10,24,Basic,Active
8636,2025-06-04,2026-01-10,21,High,High,High,On-Time,8,22,Basic,Active
8637,2025-05-26,2025-07-06,209,Low,Low,Low,Missed,5,67,Pro,Cancelled
8638,2024-05-15,2025-12-18,44,Medium,Medium,High,On-Time,8,67,Pro,Active
8639,2024-10-26,2026-01-06,25,High,High,High,On-Time,8,158,Enterprise,Active
8640,2024-10-23,2026-01-04,27,High,Medium,Low,On-Time,9,53,Pro,Active
8641,2025-06-24,2025-11-20,72,Low,Medium,Medium,On-Time,7,62,Pro,Active
8642,2024-04-10,2025-11-26,66,Medium,Medium,Low,On-Time,4,24,Basic,Active
8643,2023-10-29,2025-12-20,42,Medium,High,Low,On-Time,10,21,Basic,Active
8644,2023-10-18,2025-09-08,145,Low,Low,Low,Missed,4,68,Pro,Active
8645,2024-08-10,2026-01-19,12,High,High,Low,On-Time,9,29,Basic,Active
8646,2024-05-06,2026-01-26,5,High,High,High,On-Time,10,17,Basic,Active
8647,2024-04-26,2026-01-11,20,Medium,Medium,Low,On-Time,7,57,Pro,Active
8648,2023-04-10,2025-11-05,87,Medium,Low,Low,Delayed,7,18,Basic,Active
8649,2025-02-25,2026-01-20,11,High,High,Medium,On-Time,9,59,Pro,Active
8650,2023-08-23,2025-12-21,41,Medium,High,High,On-Time,8,58,Pro,Active
8651,2023-08-04,2025-09-03,150,Low,Low,Low,Missed,2,43,Pro,Cancelled
8652,2024-03-27,2025-12-19,43,Medium,Medium,Low,On-Time,10,27,Basic,Active
8653,2023-09-07,2026-01-12,19,High,High,Medium,On-Time,10,23,Basic,Active
8654,2024-10-01,2025-11-03,89,Low,Medium,High,Delayed,5,19,Basic,Active
8655,2024-02-11,2025-12-26,36,High,High,High,On-Time,10,75,Pro,Active
8656,2024-05-06,2025-12-19,43,Medium,Medium,Medium,Delayed,7,226,Enterprise,Active
8657,2024-08-11,2025-10-15,108,Medium,Low,Low,On-Time,5,23,Basic,Active
8658,2023-08-11,2026-01-03,28,High,Medium,Medium,On-Time,10,48,Pro,Active
8659,2023-06-20,2026-01-01,30,High,High,Medium,On-Time,9,20,Basic,Active
8660,2025-08-22,2026-01-29,2,High,Medium,Medium,Delayed,8,24,Basic,Active
8661,2024-04-19,2026-01-20,11,High,Medium,Low,On-Time,9,25,Basic,Active
8662,2024-03-27,2025-05-06,270,Low,Low,Low,Missed,3,29,Basic,Cancelled
8663,2023-02-08,2025-12-19,43,Medium,Medium,Low,On-Time,8,11,Basic,Active
8664,2024-06-29,2026-01-08,23,Medium,Medium,Medium,On-Time,9,63,Pro,Active
8665,2024-08-29,2025-09-13,140,Low,Low,Medium,Delayed,5,48,Pro,Cancelled
8666,2024-09-03,2026-01-25,6,High,High,Low,On-Time,8,63,Pro,Active
8667,2025-02-13,2025-11-18,74,Medium,Low,Low,On-Time,7,26,Basic,Active
8668,2023-07-14,2025-12-22,40,High,Medium,High,On-Time,7,15,Basic,Active
8669,2023-10-04,2025-07-15,200,Low,Low,Low,Missed,5,51,Pro,Cancelled
8670,2025-06-06,2026-01-03,28,High,Medium,Medium,On-Time,8,25,Basic,Active
8671,2025-11-03,2026-01-07,24,Medium,Medium,Low,Delayed,9,40,Pro,Active
8672,2023-05-29,2026-01-21,10,High,High,Medium,On-Time,8,153,Enterprise,Active
8673,2024-06-28,2025-11-14,78,Low,Low,Low,Delayed,5,75,Pro,Active
8674,2023-08-23,2025-12-23,39,Medium,High,Medium,On-Time,8,28,Basic,Active
8675,2023-03-07,2025-12-14,48,Medium,Low,Medium,Delayed,6,66,Pro,Active
8676,2023-12-23,2026-01-13,18,High,High,High,On-Time,10,28,Basic,Active
8677,2023-06-07,2026-01-28,3,High,High,Medium,On-Time,9,16,Basic,Active
8678,2025-02-16,2026-01-03,28,High,Medium,Medium,On-Time,7,11,Basic,Active
8679,2024-08-07,2025-05-10,266,Low,Low,Low,Missed,1,20,Basic,Cancelled
8680,2023-06-07,2026-01-20,11,Medium,Medium,High,Delayed,7,57,Pro,Active
8681,2023-01-11,2025-07-20,195,Low,Low,Medium,Missed,5,65,Pro,Cancelled
8682,2025-06-03,2025-12-04,58,Medium,Low,Medium,Delayed,4,68,Pro,Active
8683,2023-07-12,2025-04-08,298,Low,Low,Low,Missed,4,23,Basic,Cancelled
8684,2024-10-25,2025-10-06,117,Medium,Low,Low,Delayed,6,169,Enterprise,Active
8685,2024-01-04,2026-01-16,15,High,High,Low,On-Time,10,43,Pro,Active
8686,2024-10-03,2025-12-14,48,Medium,Low,Low,On-Time,6,14,Basic,Active
8687,2023-12-12,2026-01-17,14,High,High,Medium,Delayed,9,50,Pro,Active
8688,2023-04-06,2026-01-27,4,High,Medium,Low,On-Time,7,23,Basic,Active
8689,2023-09-02,2025-10-31,92,Medium,Low,Low,Delayed,6,45,Pro,Active
8690,2023-07-25,2026-01-17,14,High,High,Low,On-Time,8,203,Enterprise,Active
8691,2024-04-13,2025-07-06,209,Low,Low,Low,Delayed,1,55,Pro,Cancelled
8692,2024-12-21,2026-01-23,8,Medium,High,Low,Delayed,7,16,Basic,Active
8693,2023-10-16,2025-12-26,36,High,Medium,High,On-Time,8,238,Enterprise,Active
8694,2023-01-14,2025-07-02,213,Low,Low,High,Missed,4,79,Pro,Cancelled
8695,2024-07-22,2026-01-06,25,High,High,Low,On-Time,8,10,Basic,Active
8696,2024-10-25,2025-08-09,175,Low,Low,Medium,Delayed,2,22,Basic,Cancelled
8697,2025-11-20,2026-01-22,9,High,Medium,Medium,On-Time,8,271,Enterprise,Active
8698,2024-10-07,2026-01-13,18,High,High,Low,On-Time,7,15,Basic,Active
8699,2024-05-30,2025-09-26,127,Low,Low,Medium,Missed,4,45,Pro,Active
8700,2024-09-19,2026-01-11,20,High,High,Medium,On-Time,9,224,Enterprise,Active
8701,2025-10-13,2026-01-27,4,High,High,Medium,Delayed,10,13,Basic,Active
8702,2025-06-26,2026-01-02,29,Medium,Medium,Medium,On-Time,10,167,Enterprise,Active
8703,2023-12-20,2025-12-05,57,Medium,Medium,Medium,Missed,7,15,Basic,Active
8704,2023-09-17,2026-01-27,4,Medium,Medium,Medium,Delayed,8,21,Basic,Active
8705,2023-10-15,2026-01-23,8,Medium,Medium,Medium,On-Time,9,27,Basic,Active
8706,2024-07-06,2025-12-22,40,Medium,Medium,Medium,On-Time,7,60,Pro,Active
8707,2025-03-25,2026-01-09,22,High,Medium,Low,On-Time,7,57,Pro,Active
8708,2024-07-05,2025-10-25,98,Medium,Low,Low,Missed,6,53,Pro,Active
8709,2023-03-16,2026-01-22,9,Medium,Medium,Medium,On-Time,8,43,Pro,Active
8710,2025-03-03,2026-01-27,4,Medium,High,Low,On-Time,7,79,Pro,Active
8711,2025-06-01,2025-10-29,94,Low,Medium,Low,On-Time,7,18,Basic,Active
8712,2023-11-14,2026-01-31,0,High,Medium,Low,Delayed,10,23,Basic,Active
8713,2024-12-28,2025-11-16,76,Low,Low,Low,On-Time,7,72,Pro,Active
8714,2024-04-12,2025-12-27,35,High,High,Low,On-Time,10,54,Pro,Active
8715,2025-08-31,2025-10-26,97,Medium,Low,Low,Delayed,6,14,Basic,Active
8716,2025-07-14,2026-01-14,17,Medium,High,Medium,On-Time,8,126,Enterprise,Active
8717,2024-07-29,2026-01-21,10,Medium,High,High,On-Time,10,162,Enterprise,Active
8718,2025-01-27,2026-01-03,28,High,Medium,High,On-Time,10,15,Basic,Active
8719,2025-08-25,2026-01-08,23,High,Medium,Medium,On-Time,7,20,Basic,Active
8720,2024-06-26,2025-10-19,104,Low,Medium,Medium,Missed,5,68,Pro,Active
8721,2023-12-10,2025-12-19,43,High,Medium,Medium,Delayed,8,77,Pro,Active
8722,2025-04-05,2025-12-27,35,High,Medium,Low,On-Time,8,11,Basic,Active
8723,2023-08-29,2025-09-18,135,Low,Low,Low,Delayed,4,29,Basic,Cancelled
8724,2024-03-01,2026-01-28,3,Medium,Medium,Low,On-Time,10,75,Pro,Active
8725,2025-08-05,2026-01-29,2,High,High,Medium,On-Time,9,27,Basic,Active
8726,2025-03-04,2026-01-17,14,Medium,High,Low,Delayed,8,46,Pro,Active
8727,2024-03-18,2025-11-23,69,Low,Low,Low,Delayed,4,73,Pro,Active
8728,2023-08-24,2026-01-05,26,Medium,High,Medium,On-Time,10,24,Basic,Active
8729,2024-01-25,2025-12-10,52,Low,Medium,Low,Missed,7,20,Basic,Active
8730,2023-11-08,2025-05-20,256,Low,Low,Low,Missed,5,24,Basic,Cancelled
8731,2023-07-12,2025-12-21,41,Medium,High,Medium,On-Time,8,70,Pro,Active
8732,2025-03-24,2025-12-29,33,Medium,Medium,Low,Delayed,9,23,Basic,Active
8733,2023-10-04,2026-01-21,10,Medium,Medium,Low,On-Time,8,27,Basic,Active
8734,2024-05-12,2025-04-23,283,Low,Low,Low,Missed,3,12,Basic,Cancelled
8735,2024-02-27,2026-01-17,14,High,High,Medium,On-Time,7,45,Pro,Active
8736,2025-12-11,2025-12-29,33,High,Medium,Low,On-Time,7,69,Pro,Active
8737,2024-03-04,2026-01-24,7,Medium,High,High,On-Time,7,21,Basic,Active
8738,2023-03-29,2025-12-20,42,Medium,Medium,Low,On-Time,8,20,Basic,Active
8739,2023-04-09,2026-01-17,14,Medium,High,Low,On-Time,10,66,Pro,Active
8740,2024-10-08,2025-07-20,195,Low,Low,Low,Delayed,1,25,Basic,Cancelled
8741,2024-10-18,2026-01-22,9,High,High,Medium,On-Time,9,11,Basic,Active
8742,2024-04-03,2025-12-25,37,Medium,High,High,On-Time,8,254,Enterprise,Active
8743,2024-04-17,2025-05-19,257,Low,Low,Low,Delayed,4,52,Pro,Cancelled
8744,2023-03-01,2025-05-04,272,Low,Low,Low,Missed,4,27,Basic,Cancelled
8745,2024-07-19,2026-01-15,16,High,High,Low,On-Time,9,65,Pro,Active
8746,2024-07-06,2026-01-29,2,High,Medium,High,On-Time,7,29,Basic,Active
8747,2023-06-13,2026-01-12,19,Medium,Medium,Low,On-Time,10,18,Basic,Active
8748,2023-04-24,2026-01-03,28,High,Medium,Medium,On-Time,10,16,Basic,Active
8749,2023-05-16,2026-01-08,23,Medium,High,Low,On-Time,7,62,Pro,Active
8750,2023-04-21,2025-07-15,200,Low,Low,Medium,Missed,2,61,Pro,Cancelled
8751,2024-10-29,2025-12-19,43,High,High,High,On-Time,8,54,Pro,Active
8752,2023-08-04,2025-09-06,147,Low,Low,Medium,Missed,3,289,Enterprise,Cancelled
8753,2023-10-03,2026-01-23,8,High,Medium,High,On-Time,9,13,Basic,Active
8754,2023-07-10,2025-10-15,108,Medium,Low,Medium,Delayed,7,207,Enterprise,Active
8755,2025-11-14,2026-01-12,19,High,High,High,Delayed,7,69,Pro,Active
8756,2025-07-24,2025-12-29,33,High,Medium,Medium,On-Time,10,14,Basic,Active
8757,2023-09-10,2025-11-14,78,Low,Low,Medium,Delayed,6,15,Basic,Active
8758,2023-12-25,2026-01-09,22,High,High,Medium,On-Time,7,29,Basic,Active
8759,2023-08-18,2025-12-28,34,Medium,High,Low,On-Time,7,12,Basic,Active
8760,2024-06-22,2025-06-21,224,Low,Low,Low,Missed,4,40,Pro,Cancelled
8761,2023-01-22,2025-05-13,263,Low,Low,Low,Missed,3,11,Basic,Cancelled
8762,2025-01-05,2025-10-04,119,Medium,Low,Low,On-Time,7,70,Pro,Active
8763,2024-07-26,2026-01-20,11,High,High,High,On-Time,8,21,Basic,Active
8764,2025-09-11,2025-11-09,83,Low,Medium,Low,Delayed,5,54,Pro,Active
8765,2023-06-30,2026-01-26,5,High,High,Low,On-Time,9,12,Basic,Active
8766,2025-05-30,2026-01-17,14,High,Medium,Low,On-Time,8,78,Pro,Active
8767,2025-05-17,2026-01-17,14,Medium,Medium,Medium,Delayed,8,51,Pro,Active
8768,2023-05-20,2025-10-24,99,Low,Medium,Medium,Missed,5,20,Basic,Active
8769,2024-03-12,2026-01-28,3,High,Medium,Medium,On-Time,7,28,Basic,Active
8770,2023-07-06,2025-12-24,38,High,Medium,Medium,On-Time,10,14,Basic,Active
8771,2023-10-06,2025-12-08,54,Medium,Low,Low,On-Time,7,48,Pro,Active
8772,2023-10-16,2025-05-14,262,Low,Low,High,Delayed,1,18,Basic,Cancelled
8773,2024-09-01,2026-01-05,26,High,High,Low,On-Time,7,73,Pro,Active
8774,2024-03-26,2026-01-02,29,High,High,Low,On-Time,8,280,Enterprise,Active
8775,2025-11-03,2026-01-31,0,High,Medium,Medium,On-Time,10,28,Basic,Active
8776,2023-05-19,2025-11-01,91,Medium,Low,Low,Delayed,5,18,Basic,Active
8777,2025-12-02,2026-01-31,0,High,High,Medium,On-Time,8,22,Basic,Active
8778,2023-09-10,2025-12-01,61,Medium,Low,Low,Delayed,7,15,Basic,Active
8779,2025-04-26,2025-12-22,40,High,High,Low,Delayed,7,290,Enterprise,Active
8780,2024-01-07,2025-10-10,113,Medium,Medium,Low,Delayed,4,73,Pro,Active
8781,2023-06-06,2025-06-20,225,Low,Low,Medium,Missed,4,48,Pro,Cancelled
8782,2025-07-28,2025-12-21,41,High,Medium,Low,On-Time,8,26,Basic,Active
8783,2023-12-05,2025-11-17,75,Low,Medium,Medium,Delayed,6,79,Pro,Active
8784,2024-12-22,2025-06-15,230,Low,Low,Medium,Missed,1,29,Basic,Cancelled
8785,2024-09-12,2025-07-06,209,Low,Low,Medium,Delayed,2,16,Basic,Cancelled
8786,2024-05-31,2026-01-03,28,Medium,Medium,Low,On-Time,7,29,Basic,Active
8787,2024-06-26,2025-11-05,87,Medium,Low,Low,Delayed,4,25,Basic,Active
8788,2025-03-12,2025-10-04,119,Low,Low,High,On-Time,5,59,Pro,Active
8789,2023-04-07,2025-11-05,87,Medium,Medium,Low,Delayed,5,28,Basic,Active
8790,2025-01-01,2025-12-12,50,Low,Low,High,Delayed,7,52,Pro,Active
8791,2025-09-07,2026-01-20,11,Medium,High,Low,On-Time,8,56,Pro,Active
8792,2023-03-05,2026-01-17,14,Medium,High,Low,On-Time,9,23,Basic,Active
8793,2023-06-04,2026-01-13,18,Medium,High,Low,On-Time,10,44,Pro,Active
8794,2025-02-23,2025-10-21,102,Medium,Low,Low,On-Time,5,10,Basic,Active
8795,2024-04-23,2025-10-24,99,Low,Medium,Medium,Delayed,6,55,Pro,Active
8796,2024-03-17,2025-11-11,81,Low,Low,Medium,Delayed,6,139,Enterprise,Active
8797,2023-05-30,2025-12-29,33,High,High,Low,On-Time,8,28,Basic,Active
8798,2024-07-08,2025-12-27,35,Medium,Medium,High,On-Time,8,53,Pro,Active
8799,2023-05-19,2026-01-05,26,High,Medium,Medium,On-Time,7,143,Enterprise,Active
8800,2024-06-05,2025-12-25,37,Medium,Medium,Low,On-Time,8,27,Basic,Active
8801,2025-04-16,2026-01-09,22,Medium,Medium,Low,On-Time,10,18,Basic,Active
8802,2023-10-10,2026-01-01,30,High,Medium,Low,On-Time,8,18,Basic,Active
8803,2024-06-10,2026-01-27,4,Medium,High,Medium,Delayed,8,46,Pro,Active
8804,2025-12-22,2026-01-17,14,High,High,Medium,On-Time,8,14,Basic,Active
8805,2025-01-21,2026-01-02,29,Medium,Medium,Low,On-Time,8,25,Basic,Active
8806,2025-07-10,2025-12-25,37,High,Medium,Medium,On-Time,9,11,Basic,Active
8807,2024-03-30,2025-12-29,33,Medium,Medium,High,On-Time,9,12,Basic,Active
8808,2025-04-20,2026-01-28,3,High,Medium,Medium,On-Time,9,27,Basic,Active
8809,2023-02-14,2026-01-24,7,Medium,High,Medium,Delayed,9,14,Basic,Active
8810,2023-05-15,2025-12-18,44,High,High,Low,On-Time,10,12,Basic,Active
8811,2023-08-11,2025-07-21,194,Low,Low,Low,Missed,5,261,Enterprise,Cancelled
8812,2024-03-16,2025-10-27,96,Low,Low,High,Delayed,4,237,Enterprise,Active
8813,2025-07-15,2026-01-04,27,High,High,Medium,On-Time,9,18,Basic,Active
8814,2024-01-15,2026-01-06,25,High,Medium,Medium,On-Time,9,65,Pro,Active
8815,2024-12-17,2026-01-08,23,High,Medium,Low,On-Time,10,79,Pro,Active
8816,2025-02-15,2026-01-14,17,High,Medium,Medium,Delayed,8,14,Basic,Active
8817,2024-10-03,2025-07-19,196,Low,Low,Medium,Delayed,2,51,Pro,Cancelled
8818,2024-01-27,2025-04-23,283,Low,Low,Medium,Delayed,1,24,Basic,Cancelled
8819,2024-09-23,2025-05-08,268,Low,Low,Medium,Delayed,5,60,Pro,Cancelled
8820,2024-01-10,2025-10-08,115,Medium,Low,High,On-Time,7,14,Basic,Active
8821,2023-04-02,2025-12-18,44,Medium,Medium,Low,Delayed,7,18,Basic,Active
8822,2025-12-23,2025-06-18,227,Low,Low,Low,Missed,4,10,Basic,Active
8823,2023-05-20,2025-12-07,55,Low,Low,High,On-Time,7,28,Basic,Active
8824,2023-03-21,2026-01-15,16,High,Medium,Low,On-Time,9,42,Pro,Active
8825,2025-08-19,2025-12-29,33,High,High,High,Delayed,9,298,Enterprise,Active
8826,2023-11-27,2025-10-30,93,Medium,Medium,Low,On-Time,5,41,Pro,Active
8827,2024-12-13,2026-01-18,13,High,High,Medium,On-Time,8,29,Basic,Active
8828,2023-12-27,2025-12-27,35,Medium,High,High,On-Time,9,70,Pro,Active
8829,2024-03-04,2025-12-21,41,High,Medium,Medium,On-Time,7,24,Basic,Active
8830,2023-10-15,2026-01-31,0,Medium,High,Medium,Delayed,10,51,Pro,Active
8831,2024-01-11,2026-01-21,10,High,Medium,Low,On-Time,9,28,Basic,Active
8832,2024-03-25,2025-12-29,33,High,Medium,Low,On-Time,10,59,Pro,Active
8833,2025-02-27,2025-12-06,56,Low,Low,High,On-Time,7,77,Pro,Active
8834,2024-07-14,2026-01-27,4,High,Medium,Medium,Delayed,9,25,Basic,Active
8835,2025-10-30,2025-12-31,31,High,Medium,Low,Delayed,7,10,Basic,Active
8836,2023-02-15,2025-06-21,224,Low,Low,Medium,Missed,3,69,Pro,Cancelled
8837,2024-07-04,2026-01-30,1,High,Medium,Low,On-Time,7,44,Pro,Active
8838,2024-10-01,2025-11-14,78,Low,Low,Medium,On-Time,4,69,Pro,Active
8839,2025-10-04,2025-07-01,214,Low,Low,Low,Missed,4,61,Pro,Cancelled
8840,2023-02-23,2026-01-24,7,Medium,Medium,Low,On-Time,7,10,Basic,Active
8841,2024-09-19,2026-01-02,29,High,Medium,Low,On-Time,10,75,Pro,Active
8842,2025-07-23,2025-10-15,108,Low,Low,Medium,Delayed,6,295,Enterprise,Active
8843,2023-09-22,2026-01-17,14,Medium,Medium,Medium,On-Time,8,41,Pro,Active
8844,2025-08-17,2026-01-11,20,Medium,Medium,Medium,On-Time,8,20,Basic,Active
8845,2023-01-21,2026-01-16,15,High,High,Low,On-Time,10,55,Pro,Active
8846,2025-03-13,2026-01-23,8,High,Medium,Low,On-Time,8,28,Basic,Active
8847,2025-10-18,2026-01-09,22,Medium,Medium,Low,On-Time,8,22,Basic,Active
8848,2024-12-20,2025-12-12,50,Low,Medium,High,Delayed,7,17,Basic,Active
8849,2024-04-25,2026-01-24,7,High,High,High,On-Time,7,16,Basic,Active
8850,2023-02-19,2025-10-18,105,Medium,Low,Medium,Delayed,7,59,Pro,Active
8851,2025-10-04,2026-01-10,21,High,High,Low,On-Time,9,49,Pro,Active
8852,2024-05-29,2025-10-06,117,Low,Low,Medium,Delayed,7,10,Basic,Active
8853,2023-02-01,2026-01-15,16,Medium,High,Low,Delayed,10,19,Basic,Active
8854,2025-01-25,2026-01-03,28,Medium,High,Medium,On-Time,8,75,Pro,Active
8855,2024-06-11,2026-01-13,18,High,Medium,Medium,On-Time,8,169,Enterprise,Active
8856,2023-05-17,2026-01-19,12,High,High,Low,Delayed,9,18,Basic,Active
8857,2023-08-23,2025-12-23,39,High,High,Medium,On-Time,10,64,Pro,Active
8858,2023-03-12,2026-01-14,17,Medium,Medium,Low,On-Time,7,69,Pro,Active
8859,2024-09-20,2026-01-11,20,High,Medium,Low,On-Time,7,13,Basic,Active
8860,2024-11-12,2025-12-05,57,Low,Low,Low,Delayed,5,20,Basic,Active
8861,2024-07-07,2025-10-31,92,Low,Low,Medium,Missed,7,54,Pro,Active
8862,2025-06-13,2025-12-20,42,High,Medium,Low,On-Time,7,268,Enterprise,Active
8863,2025-07-31,2026-01-29,2,Medium,Medium,Low,Delayed,7,48,Pro,Active
8864,2024-11-05,2025-12-31,31,High,Medium,High,On-Time,7,77,Pro,Active
8865,2023-01-14,2025-12-20,42,High,High,High,On-Time,7,16,Basic,Active
8866,2025-01-31,2026-01-17,14,High,High,Medium,On-Time,7,75,Pro,Active
8867,2024-04-02,2025-12-21,41,Medium,High,Medium,Delayed,10,179,Enterprise,Active
8868,2024-09-11,2026-01-27,4,High,Medium,High,Delayed,10,20,Basic,Active
8869,2024-12-11,2025-11-01,91,Low,Low,Medium,Missed,4,16,Basic,Active
8870,2024-01-19,2025-12-30,32,Medium,High,Low,On-Time,7,287,Enterprise,Active
8871,2025-10-01,2026-01-23,8,Medium,Medium,Low,Delayed,10,15,Basic,Active
8872,2023-05-27,2025-10-16,107,Medium,Low,Medium,Delayed,5,27,Basic,Active
8873,2025-01-05,2025-12-10,52,Low,Low,Medium,Delayed,4,60,Pro,Active
8874,2023-01-05,2026-01-18,13,Medium,Medium,High,On-Time,7,23,Basic,Active
8875,2025-10-09,2026-01-12,19,High,Medium,Medium,On-Time,9,17,Basic,Active
8876,2023-05-04,2025-11-04,88,Medium,Low,Medium,Delayed,4,63,Pro,Active
8877,2023-04-14,2025-11-09,83,Low,Medium,Low,Delayed,6,68,Pro,Active
8878,2023-12-31,2025-12-29,33,High,High,Medium,On-Time,7,22,Basic,Active
8879,2024-02-14,2025-06-15,230,Low,Low,Low,Missed,3,66,Pro,Cancelled
8880,2023-08-23,2025-11-10,82,Medium,Low,Low,Delayed,4,52,Pro,Active
8881,2024-10-02,2026-01-15,16,Medium,High,Medium,On-Time,8,40,Pro,Active
8882,2024-04-29,2025-09-19,134,Low,Low,Low,Delayed,2,23,Basic,Active
8883,2023-02-07,2025-12-03,59,Low,Low,Medium,Delayed,6,40,Pro,Active
8884,2023-12-17,2025-10-05,118,Low,Low,Medium,Delayed,5,152,Enterprise,Active
8885,2025-06-06,2026-01-31,0,High,High,Low,On-Time,8,221,Enterprise,Active
8886,2025-01-25,2025-10-16,107,Medium,Medium,Low,Delayed,6,60,Pro,Active
8887,2025-03-04,2025-12-09,53,Low,Medium,Low,On-Time,7,20,Basic,Active
8888,2025-02-03,2026-01-13,18,Medium,High,Low,On-Time,10,29,Basic,Active
8889,2023-12-07,2025-12-06,56,Low,Low,Low,Delayed,4,18,Basic,Active
8890,2023-04-20,2025-12-27,35,Medium,Medium,Low,On-Time,8,28,Basic,Active
8891,2023-10-26,2026-01-09,22,Medium,Medium,High,On-Time,10,18,Basic,Active
8892,2025-06-29,2025-12-23,39,Medium,Medium,Medium,Delayed,8,29,Basic,Active
8893,2025-12-09,2026-01-05,26,High,High,Low,On-Time,10,17,Basic,Active
8894,2024-06-24,2025-12-15,47,Low,Low,High,Delayed,6,24,Basic,Active
8895,2023-01-11,2026-01-24,7,High,Medium,Medium,On-Time,10,24,Basic,Active
8896,2023-06-03,2026-01-18,13,High,Medium,Low,Delayed,10,247,Enterprise,Active
8897,2023-12-19,2026-01-31,0,High,High,Medium,On-Time,8,12,Basic,Active
8898,2024-09-25,2026-01-14,17,High,Medium,Low,On-Time,9,58,Pro,Active
8899,2023-03-24,2025-12-18,44,Medium,High,Medium,On-Time,7,258,Enterprise,Active
8900,2025-10-29,2025-11-16,76,Low,Low,Medium,Delayed,6,59,Pro,Active
8901,2024-02-04,2026-01-19,12,Medium,Medium,Low,On-Time,9,44,Pro,Active
8902,2025-09-26,2025-12-31,31,High,High,High,On-Time,7,151,Enterprise,Active
8903,2025-05-04,2025-04-29,277,Low,Low,Low,Missed,1,51,Pro,Cancelled
8904,2025-04-07,2026-01-04,27,High,Medium,Medium,On-Time,9,46,Pro,Active
8905,2024-10-26,2026-01-02,29,High,High,High,On-Time,7,270,Enterprise,Active
8906,2024-11-17,2026-01-28,3,Medium,Medium,Low,On-Time,7,14,Basic,Active
8907,2024-11-29,2026-01-27,4,High,High,Medium,Delayed,8,12,Basic,Active
8908,2024-11-19,2026-01-05,26,Medium,High,High,Delayed,8,74,Pro,Active
8909,2024-08-29,2026-01-31,0,High,High,High,On-Time,8,54,Pro,Active
8910,2025-12-16,2025-11-19,73,Low,Low,Medium,On-Time,6,52,Pro,Active
8911,2025-03-12,2025-12-14,48,Low,Medium,Low,Delayed,5,40,Pro,Active
8912,2025-04-30,2026-01-20,11,High,High,Low,On-Time,10,199,Enterprise,Active
8913,2025-08-13,2026-01-02,29,High,Medium,Low,On-Time,10,22,Basic,Active
8914,2023-08-25,2025-08-17,167,Low,Low,Medium,Missed,3,25,Basic,Cancelled
8915,2023-04-02,2025-11-20,72,Low,Low,Low,Delayed,5,286,Enterprise,Active
8916,2024-06-12,2025-10-17,106,Low,Low,High,Missed,7,24,Basic,Active
8917,2024-07-16,2025-10-14,109,Low,Low,Low,Delayed,5,74,Pro,Active
8918,2025-06-26,2025-12-29,33,High,High,Low,On-Time,9,57,Pro,Active
8919,2024-04-30,2025-10-29,94,Medium,Low,Low,Delayed,7,28,Basic,Active
8920,2024-09-17,2025-12-26,36,Medium,Medium,Low,On-Time,8,170,Enterprise,Active
8921,2024-07-31,2025-09-05,148,Low,Low,Low,Delayed,2,54,Pro,Cancelled
8922,2023-02-11,2026-01-13,18,High,High,Low,On-Time,9,68,Pro,Active
8923,2024-11-04,2026-01-06,25,Medium,Medium,Low,On-Time,7,21,Basic,Active
8924,2025-06-25,2026-01-13,18,High,Medium,Low,On-Time,8,13,Basic,Active
8925,2023-06-22,2025-12-23,39,High,Medium,Medium,On-Time,8,22,Basic,Active
8926,2024-10-12,2026-01-25,6,High,Medium,Low,On-Time,10,16,Basic,Active
8927,2024-10-12,2026-01-17,14,High,High,Medium,On-Time,9,74,Pro,Active
8928,2023-06-29,2025-11-29,63,Low,Low,Low,On-Time,5,49,Pro,Active
8929,2023-05-16,2026-01-22,9,Medium,Medium,Low,On-Time,9,24,Basic,Active
8930,2025-12-09,2026-01-01,30,High,High,Medium,On-Time,10,25,Basic,Active
8931,2024-03-07,2026-01-08,23,Medium,High,Low,On-Time,10,24,Basic,Active
8932,2023-09-07,2026-01-15,16,Medium,High,Low,On-Time,8,22,Basic,Active
8933,2023-07-07,2026-01-17,14,High,High,Medium,On-Time,8,17,Basic,Active
8934,2025-01-01,2025-12-20,42,High,High,Low,On-Time,9,10,Basic,Active
8935,2024-10-29,2025-12-11,51,Medium,Low,Low,On-Time,7,20,Basic,Active
8936,2024-12-05,2025-12-25,37,Medium,Medium,Low,Delayed,8,16,Basic,Active
8937,2023-04-07,2026-01-18,13,Medium,High,Low,On-Time,7,57,Pro,Active
8938,2025-09-05,2025-08-17,167,Low,Low,Low,Delayed,2,48,Pro,Cancelled
8939,2024-03-02,2026-01-24,7,High,Medium,Low,Delayed,10,49,Pro,Active
8940,2023-12-10,2025-10-19,104,Medium,Low,Low,Delayed,5,24,Basic,Active
8941,2024-05-21,2026-01-17,14,High,High,Low,On-Time,10,228,Enterprise,Active
8942,2024-03-03,2026-01-27,4,High,Medium,Low,On-Time,7,65,Pro,Active
8943,2025-08-03,2025-12-31,31,High,Medium,Medium,On-Time,8,11,Basic,Active
8944,2025-10-14,2026-01-17,14,Medium,Medium,High,On-Time,8,28,Basic,Active
8945,2023-11-29,2025-05-16,260,Low,Low,Low,Missed,2,15,Basic,Cancelled
8946,2025-08-04,2025-10-20,103,Low,Medium,Low,Delayed,4,13,Basic,Active
8947,2025-05-05,2026-01-05,26,Medium,Medium,Medium,On-Time,10,72,Pro,Active
8948,2025-10-16,2026-01-15,16,High,High,Medium,On-Time,7,25,Basic,Active
8949,2023-09-27,2026-01-04,27,Medium,Medium,Medium,Delayed,10,50,Pro,Active
8950,2024-09-23,2026-01-10,21,High,High,Low,On-Time,8,22,Basic,Active
8951,2023-10-28,2025-12-24,38,Medium,Medium,Medium,On-Time,7,21,Basic,Active
8952,2025-06-21,2025-10-14,109,Low,Low,Low,On-Time,4,260,Enterprise,Active
8953,2023-01-06,2026-01-27,4,High,High,Low,On-Time,8,20,Basic,Active
8954,2024-09-10,2025-10-20,103,Low,Medium,Medium,On-Time,6,10,Basic,Active
8955,2024-01-07,2026-01-28,3,High,High,Low,On-Time,7,25,Basic,Active
8956,2023-12-20,2025-12-19,43,Medium,High,Low,On-Time,8,22,Basic,Active
8957,2024-12-07,2025-12-07,55,Low,Low,High,Delayed,7,29,Basic,Active
8958,2025-07-21,2026-01-26,5,High,Medium,Medium,On-Time,8,197,Enterprise,Active
8959,2024-10-29,2026-01-17,14,High,Medium,Medium,On-Time,8,62,Pro,Active
8960,2025-07-23,2025-10-24,99,Medium,Low,Low,Delayed,6,20,Basic,Active
8961,2023-10-17,2026-01-28,3,High,High,Low,On-Time,7,18,Basic,Active
8962,2024-07-22,2026-01-22,9,Medium,Medium,Low,On-Time,9,75,Pro,Active
8963,2024-05-08,2026-01-28,3,Medium,High,Medium,Delayed,7,52,Pro,Active
8964,2023-01-13,2025-12-18,44,High,High,Low,On-Time,7,77,Pro,Active
8965,2024-09-01,2025-12-20,42,High,High,Low,On-Time,10,26,Basic,Active
8966,2024-12-25,2026-01-29,2,High,Medium,Medium,On-Time,9,20,Basic,Active
8967,2024-10-10,2025-12-29,33,Medium,Medium,Medium,On-Time,9,17,Basic,Active
8968,2025-03-17,2025-12-24,38,Medium,Medium,High,Delayed,10,58,Pro,Active
8969,2024-09-17,2026-01-30,1,High,High,Low,Delayed,10,12,Basic,Active
8970,2023-03-15,2025-12-29,33,Medium,Medium,Low,Delayed,8,69,Pro,Active
8971,2023-05-08,2025-05-27,249,Low,Low,High,Delayed,3,41,Pro,Cancelled
8972,2024-10-15,2026-01-08,23,High,High,Medium,On-Time,7,24,Basic,Active
8973,2023-10-29,2025-12-23,39,High,High,Low,On-Time,8,16,Basic,Active
8974,2023-03-29,2025-12-31,31,Medium,High,Medium,On-Time,10,19,Basic,Active
8975,2024-04-15,2025-09-23,130,Low,Low,Low,Delayed,5,26,Basic,Cancelled
8976,2024-08-29,2025-12-21,41,Medium,Medium,Low,On-Time,7,29,Basic,Active
8977,2023-12-26,2026-01-04,27,Medium,Medium,Low,On-Time,7,16,Basic,Active
8978,2025-02-27,2026-01-30,1,High,Medium,Low,On-Time,10,70,Pro,Active
8979,2024-12-05,2025-12-23,39,Medium,High,Low,On-Time,8,19,Basic,Active
8980,2023-12-31,2025-12-23,39,Medium,Medium,Low,On-Time,8,48,Pro,Active
8981,2025-04-06,2025-12-31,31,Medium,High,Low,On-Time,7,21,Basic,Active
8982,2024-12-11,2025-11-11,81,Low,Low,Low,On-Time,6,59,Pro,Active
8983,2024-11-29,2026-01-28,3,High,Medium,Medium,Delayed,8,47,Pro,Active
8984,2024-08-29,2026-01-18,13,High,High,Low,On-Time,7,12,Basic,Active
8985,2023-01-13,2026-01-25,6,High,Medium,High,Delayed,10,16,Basic,Active
8986,2025-02-01,2025-08-02,182,Low,Low,Medium,Delayed,2,70,Pro,Cancelled
8987,2024-02-16,2025-05-21,255,Low,Low,Medium,Delayed,1,10,Basic,Cancelled
8988,2025-10-29,2026-01-16,15,Medium,High,Low,Delayed,7,26,Basic,Active
8989,2025-06-14,2025-12-25,37,High,High,Low,On-Time,7,137,Enterprise,Active
8990,2024-10-05,2025-06-06,239,Low,Low,Low,Delayed,2,12,Basic,Cancelled
8991,2023-10-04,2025-12-28,34,High,High,Low,On-Time,7,69,Pro,Active
8992,2023-08-12,2025-08-14,170,Low,Low,Low,Missed,2,24,Basic,Cancelled
8993,2024-01-08,2025-10-24,99,Medium,Low,Low,Delayed,5,19,Basic,Active
8994,2024-06-05,2025-10-04,119,Medium,Low,Medium,On-Time,5,49,Pro,Active
8995,2023-11-21,2025-10-24,99,Medium,Medium,Low,On-Time,5,17,Basic,Active
8996,2024-07-17,2026-01-19,12,High,Medium,Medium,Delayed,8,48,Pro,Active
8997,2023-07-01,2025-12-20,42,Medium,High,Low,On-Time,7,16,Basic,Active
8998,2025-12-06,2025-10-26,97,Medium,Medium,Medium,On-Time,7,13,Basic,Active
8999,2023-04-29,2026-01-15,16,Medium,High,Low,On-Time,7,12,Basic,Active
9000,2025-10-17,2025-12-22,40,High,Medium,Low,On-Time,10,15,Basic,Active
9001,2025-09-27,2026-01-26,5,Medium,Medium,Low,On-Time,7,21,Basic,Active
9002,2024-07-29,2025-12-19,43,Medium,Medium,Medium,On-Time,9,45,Pro,Active
9003,2025-03-04,2025-12-05,57,Low,Low,Low,On-Time,7,19,Basic,Active
9004,2024-04-22,2026-01-29,2,Medium,High,Low,On-Time,10,54,Pro,Active
9005,2024-11-20,2025-11-16,76,Low,Low,Low,On-Time,4,48,Pro,Active
9006,2024-01-08,2026-01-05,26,High,Medium,Medium,On-Time,7,25,Basic,Active
9007,2023-11-26,2025-12-20,42,Medium,High,Low,On-Time,10,22,Basic,Active
9008,2024-09-25,2026-01-14,17,Medium,High,Medium,On-Time,10,25,Basic,Active
9009,2024-06-29,2025-12-28,34,High,High,Low,On-Time,7,79,Pro,Active
9010,2024-09-26,2026-01-09,22,Medium,High,Low,On-Time,8,15,Basic,Active
9011,2023-11-10,2026-01-25,6,Medium,High,Medium,On-Time,8,20,Basic,Active
9012,2024-02-06,2025-12-19,43,High,High,Low,On-Time,10,268,Enterprise,Active
9013,2023-04-02,2026-01-01,30,High,High,Medium,On-Time,7,123,Enterprise,Active
9014,2023-02-27,2026-01-22,9,Medium,Medium,Low,On-Time,8,11,Basic,Active
9015,2023-10-05,2025-12-05,57,Medium,Low,Low,On-Time,4,68,Pro,Active
9016,2023-03-23,2025-11-22,70,Low,Low,Medium,Delayed,4,29,Basic,Active
9017,2023-04-24,2025-12-21,41,Medium,High,High,On-Time,10,178,Enterprise,Active
9018,2025-06-09,2026-01-07,24,High,High,Low,On-Time,10,23,Basic,Active
9019,2023-02-12,2025-09-15,138,Low,Low,Medium,Missed,5,41,Pro,Cancelled
9020,2024-12-22,2026-01-24,7,High,Medium,Medium,On-Time,10,76,Pro,Active
9021,2023-10-26,2026-01-07,24,High,High,Medium,On-Time,8,11,Basic,Active
9022,2025-08-12,2026-01-29,2,Medium,High,High,On-Time,8,23,Basic,Active
9023,2024-06-15,2026-01-10,21,Medium,Medium,Medium,On-Time,9,77,Pro,Active
9024,2023-12-01,2026-01-17,14,Medium,Medium,Medium,On-Time,9,24,Basic,Active
9025,2024-07-20,2026-01-12,19,Medium,High,Low,On-Time,7,251,Enterprise,Active
9026,2024-02-23,2025-12-23,39,High,High,Low,Delayed,10,21,Basic,Active
9027,2024-09-09,2026-01-10,21,High,High,Medium,On-Time,9,24,Basic,Active
9028,2023-05-06,2026-01-24,7,Medium,Medium,Medium,On-Time,10,17,Basic,Active
9029,2025-12-27,2026-01-05,26,High,Medium,Medium,On-Time,8,10,Basic,Active
9030,2024-04-10,2025-11-25,67,Medium,Low,Low,Delayed,5,52,Pro,Active
9031,2024-01-17,2025-08-04,180,Low,Low,Medium,Missed,3,127,Enterprise,Active
9032,2025-02-16,2025-11-14,78,Medium,Low,Low,On-Time,5,27,Basic,Active
9033,2024-02-03,2026-01-10,21,High,High,High,On-Time,7,48,Pro,Active
9034,2025-07-01,2025-11-11,81,Medium,Low,Low,Delayed,4,22,Basic,Active
9035,2024-05-12,2025-11-04,88,Medium,Low,Low,Delayed,6,14,Basic,Active
9036,2025-02-26,2025-12-08,54,Low,Low,Low,Delayed,7,21,Basic,Active
9037,2023-04-28,2025-12-27,35,Medium,Medium,Low,On-Time,7,75,Pro,Active
9038,2025-07-15,2025-05-22,254,Low,Low,High,Delayed,1,68,Pro,Cancelled
9039,2025-03-16,2025-06-17,228,Low,Low,Medium,Delayed,2,62,Pro,Cancelled
9040,2023-08-20,2026-01-12,19,Medium,High,Medium,On-Time,10,17,Basic,Active
9041,2023-06-09,2025-12-31,31,High,High,Low,On-Time,7,13,Basic,Active
9042,2023-12-13,2025-12-29,33,Medium,Medium,Low,On-Time,9,28,Basic,Active
9043,2025-12-04,2026-01-07,24,High,Medium,Medium,Delayed,9,17,Basic,Active
9044,2023-10-09,2025-11-22,70,Low,Low,Medium,On-Time,7,52,Pro,Active
9045,2024-05-14,2025-12-20,42,High,Medium,High,On-Time,7,65,Pro,Active
9046,2023-02-02,2026-01-20,11,High,Medium,Medium,Delayed,9,49,Pro,Active
9047,2024-03-10,2026-01-01,30,High,High,Low,Delayed,7,25,Basic,Active
9048,2024-09-17,2025-07-15,200,Low,Low,High,Missed,2,239,Enterprise,Cancelled
9049,2025-11-09,2025-12-11,51,Low,Low,High,On-Time,5,24,Basic,Active
9050,2024-07-19,2025-04-10,296,Low,Low,High,Missed,4,57,Pro,Cancelled
9051,2025-06-15,2026-01-31,0,High,Medium,Medium,On-Time,10,15,Basic,Active
9052,2024-08-22,2025-11-20,72,Low,Low,Low,On-Time,4,24,Basic,Active
9053,2023-02-14,2025-11-10,82,Low,Medium,Low,Delayed,6,62,Pro,Active
9054,2023-12-11,2026-01-10,21,Medium,High,Medium,On-Time,10,21,Basic,Active
9055,2024-09-22,2026-01-24,7,High,High,Low,On-Time,10,23,Basic,Active
9056,2025-11-06,2026-01-29,2,High,High,High,On-Time,10,27,Basic,Active
9057,2025-07-29,2025-10-21,102,Low,Medium,Low,Missed,5,13,Basic,Active
9058,2023-09-08,2025-11-05,87,Low,Low,Low,Delayed,7,151,Enterprise,Active
9059,2023-08-30,2026-01-27,4,High,High,Low,On-Time,8,15,Basic,Active
9060,2023-08-09,2026-01-29,2,High,Medium,Low,Delayed,10,14,Basic,Active
9061,2025-10-07,2026-01-19,12,High,High,Medium,On-Time,9,56,Pro,Active
9062,2025-07-22,2026-01-02,29,High,Medium,Medium,On-Time,7,56,Pro,Active
9063,2025-04-28,2025-12-22,40,High,Medium,Low,Delayed,7,20,Basic,Active
9064,2024-03-06,2025-10-07,116,Medium,Medium,Medium,Missed,5,17,Basic,Active
9065,2024-07-06,2025-06-22,223,Low,Low,Low,Missed,5,25,Basic,Cancelled
9066,2024-05-23,2025-10-26,97,Low,Low,Low,On-Time,4,154,Enterprise,Active
9067,2023-10-05,2025-12-31,31,High,Medium,Medium,On-Time,7,10,Basic,Active
9068,2024-07-07,2026-01-25,6,Medium,High,Medium,Delayed,8,27,Basic,Active
9069,2023-02-03,2025-07-05,210,Low,Low,High,Delayed,5,28,Basic,Active
9070,2023-05-25,2026-01-19,12,High,High,Low,On-Time,8,62,Pro,Active
9071,2025-08-28,2025-11-24,68,Low,Low,Low,On-Time,4,22,Basic,Active
9072,2025-04-03,2026-01-31,0,High,High,High,On-Time,8,29,Basic,Active
9073,2024-04-08,2026-01-16,15,High,Medium,Low,On-Time,8,66,Pro,Active
9074,2024-07-20,2025-10-24,99,Medium,Medium,Low,Delayed,7,193,Enterprise,Active
9075,2024-02-10,2025-12-30,32,Medium,High,High,On-Time,9,121,Enterprise,Active
9076,2025-03-22,2026-01-26,5,High,Medium,Medium,On-Time,7,12,Basic,Active
9077,2025-05-08,2025-12-23,39,High,Medium,Low,On-Time,8,19,Basic,Active
9078,2025-04-15,2025-12-11,51,Low,Low,Medium,Delayed,7,15,Basic,Active
9079,2025-03-02,2026-01-22,9,Medium,Medium,Medium,On-Time,8,12,Basic,Active
9080,2023-08-12,2025-12-23,39,Medium,Medium,High,On-Time,10,26,Basic,Active
9081,2024-01-06,2026-01-08,23,High,Medium,Low,On-Time,8,148,Enterprise,Active
9082,2024-05-29,2025-11-14,78,Low,Medium,Medium,Delayed,6,67,Pro,Active
9083,2023-12-29,2026-01-09,22,Medium,High,High,Delayed,8,17,Basic,Active
9084,2025-04-06,2026-01-07,24,High,Medium,Low,Delayed,9,11,Basic,Active
9085,2023-12-27,2026-01-26,5,Medium,Medium,Low,Delayed,9,16,Basic,Active
9086,2023-06-01,2025-12-20,42,Medium,High,Low,On-Time,8,13,Basic,Active
9087,2024-03-12,2025-12-18,44,Medium,Medium,Medium,On-Time,7,29,Basic,Active
9088,2025-12-09,2025-12-24,38,High,Medium,Medium,On-Time,8,79,Pro,Active
9089,2023-09-05,2026-01-29,2,High,High,Low,On-Time,7,22,Basic,Active
9090,2024-11-01,2026-01-03,28,Medium,Medium,Low,On-Time,10,29,Basic,Active
9091,2024-04-19,2026-01-17,14,Medium,High,Medium,On-Time,10,25,Basic,Active
9092,2023-03-19,2025-09-01,152,Low,Low,Low,Delayed,1,154,Enterprise,Active
9093,2024-06-18,2025-08-17,167,Low,Low,Low,Missed,5,40,Pro,Cancelled
9094,2025-02-07,2025-12-26,36,Medium,High,Medium,On-Time,9,15,Basic,Active
9095,2024-07-15,2025-11-29,63,Low,Medium,Low,Delayed,6,62,Pro,Active
9096,2025-08-12,2026-01-18,13,Medium,Medium,Medium,On-Time,7,10,Basic,Active
9097,2023-11-13,2025-04-07,299,Low,Low,Low,Delayed,2,19,Basic,Cancelled
9098,2023-04-05,2026-01-12,19,High,Medium,Low,On-Time,7,28,Basic,Active
9099,2025-10-22,2025-12-21,41,High,Medium,Low,On-Time,9,16,Basic,Active
9100,2024-02-19,2025-12-23,39,High,Medium,Medium,Delayed,9,17,Basic,Active
9101,2024-09-23,2026-01-13,18,High,High,High,On-Time,8,21,Basic,Active
9102,2025-05-17,2026-01-20,11,High,High,Medium,On-Time,8,56,Pro,Active
9103,2023-12-22,2026-01-06,25,High,High,Low,On-Time,10,25,Basic,Active
9104,2025-02-23,2025-12-29,33,Medium,High,Medium,On-Time,9,203,Enterprise,Active
9105,2023-05-29,2025-04-14,292,Low,Low,Medium,Missed,4,60,Pro,Cancelled
9106,2023-11-15,2025-12-29,33,High,High,High,On-Time,10,41,Pro,Active
9107,2023-06-08,2026-01-07,24,Medium,Medium,Low,On-Time,8,75,Pro,Active
9108,2025-06-07,2025-10-29,94,Low,Medium,Low,On-Time,4,28,Basic,Active
9109,2023-09-01,2025-12-20,42,High,Medium,Low,On-Time,8,19,Basic,Active
9110,2025-02-24,2026-01-25,6,Medium,High,Low,On-Time,8,14,Basic,Active
9111,2025-10-29,2025-07-12,203,Low,Low,Medium,Missed,2,11,Basic,Cancelled
9112,2024-07-31,2025-12-29,33,Medium,High,Low,On-Time,9,172,Enterprise,Active
9113,2024-08-14,2026-01-24,7,High,Medium,Low,Delayed,7,29,Basic,Active
9114,2024-05-19,2026-01-03,28,Medium,High,Low,On-Time,8,17,Basic,Active
9115,2023-12-23,2026-01-14,17,High,Medium,Low,On-Time,10,19,Basic,Active
9116,2024-06-04,2025-12-22,40,Medium,High,Low,On-Time,10,16,Basic,Active
9117,2024-10-22,2026-01-21,10,High,High,Low,On-Time,10,49,Pro,Active
9118,2025-12-15,2026-01-08,23,High,Medium,Medium,On-Time,10,16,Basic,Active
9119,2025-10-23,2025-12-19,43,Medium,Medium,High,On-Time,8,13,Basic,Active
9120,2025-08-02,2025-12-19,43,Medium,Medium,Low,On-Time,10,71,Pro,Active
9121,2025-08-31,2026-01-12,19,Medium,Medium,High,On-Time,10,26,Basic,Active
9122,2024-05-27,2025-10-09,114,Medium,Medium,Low,On-Time,7,40,Pro,Active
9123,2024-12-20,2026-01-01,30,High,High,Medium,Delayed,9,63,Pro,Active
9124,2025-09-07,2025-05-02,274,Low,Low,Medium,Missed,4,171,Enterprise,Active
9125,2024-03-06,2026-01-14,17,High,High,Low,On-Time,7,19,Basic,Active
9126,2025-11-19,2025-06-22,223,Low,Low,Medium,Missed,1,26,Basic,Cancelled
9127,2024-03-31,2025-10-18,105,Low,Low,High,On-Time,7,11,Basic,Active
9128,2024-10-20,2026-01-11,20,High,Medium,High,Delayed,7,14,Basic,Active
9129,2025-02-16,2025-12-30,32,High,High,Medium,On-Time,10,25,Basic,Active
9130,2025-11-06,2026-01-11,20,High,Medium,Medium,Delayed,8,43,Pro,Active
9131,2023-09-25,2026-01-02,29,Medium,Medium,Low,On-Time,7,42,Pro,Active
9132,2025-03-28,2025-12-05,57,Low,Low,Low,Delayed,7,41,Pro,Active
9133,2024-07-24,2026-01-19,12,Medium,High,Low,On-Time,8,10,Basic,Active
9134,2023-10-22,2026-01-26,5,High,Medium,Medium,On-Time,10,43,Pro,Active
9135,2025-04-30,2026-01-24,7,High,High,Low,Delayed,8,24,Basic,Active
9136,2024-08-27,2025-12-20,42,Medium,High,Medium,On-Time,8,49,Pro,Active
9137,2024-12-24,2025-10-22,101,Medium,Medium,Low,On-Time,7,68,Pro,Active
9138,2023-12-20,2025-05-25,251,Low,Low,Medium,Delayed,1,72,Pro,Cancelled
9139,2024-06-10,2026-01-28,3,High,Medium,Medium,On-Time,8,69,Pro,Active
9140,2024-11-07,2025-05-30,246,Low,Low,Medium,Missed,1,27,Basic,Cancelled
9141,2024-03-19,2025-12-22,40,High,High,Medium,On-Time,9,23,Basic,Active
9142,2023-08-06,2026-01-24,7,High,Medium,Medium,On-Time,8,68,Pro,Active
9143,2025-11-18,2026-01-26,5,High,High,Medium,On-Time,7,27,Basic,Active
9144,2024-07-14,2026-01-26,5,High,Medium,Low,Delayed,10,52,Pro,Active
9145,2025-03-14,2025-12-24,38,Medium,Medium,Medium,On-Time,10,291,Enterprise,Active
9146,2024-03-26,2025-11-28,64,Low,Low,Low,On-Time,5,29,Basic,Active
9147,2024-01-24,2025-12-30,32,High,High,Medium,Delayed,9,24,Basic,Active
9148,2024-03-21,2026-01-10,21,High,Medium,Low,Delayed,7,28,Basic,Active
9149,2024-03-24,2026-01-18,13,Medium,Medium,High,On-Time,7,42,Pro,Active
9150,2024-08-18,2025-12-24,38,Medium,High,Medium,On-Time,8,49,Pro,Active
9151,2024-08-18,2025-11-26,66,Low,Low,Low,Missed,6,12,Basic,Active
9152,2024-06-28,2025-07-22,193,Low,Low,Low,Missed,1,41,Pro,Cancelled
9153,2023-05-28,2026-01-21,10,High,Medium,Medium,On-Time,10,25,Basic,Active
9154,2024-06-27,2026-01-09,22,High,High,Low,On-Time,10,29,Basic,Active
9155,2023-07-05,2025-12-30,32,High,High,Medium,On-Time,7,77,Pro,Active
9156,2023-05-19,2026-01-08,23,Medium,Medium,Low,On-Time,9,26,Basic,Active
9157,2025-10-18,2025-11-22,70,Low,Low,Medium,Delayed,7,27,Basic,Active
9158,2024-10-24,2026-01-31,0,High,Medium,Low,On-Time,8,79,Pro,Active
9159,2024-12-23,2025-12-31,31,High,High,Low,On-Time,10,66,Pro,Active
9160,2024-03-15,2026-01-25,6,High,High,Medium,On-Time,8,206,Enterprise,Active
9161,2025-09-22,2025-12-08,54,Medium,Low,Low,Delayed,6,226,Enterprise,Active
9162,2024-11-29,2025-12-24,38,Medium,High,High,On-Time,7,29,Basic,Active
9163,2025-04-22,2026-01-07,24,High,High,Low,On-Time,9,65,Pro,Active
9164,2024-02-08,2026-01-24,7,Medium,Medium,Low,On-Time,7,61,Pro,Active
9165,2025-11-17,2026-01-17,14,High,Medium,Medium,On-Time,9,193,Enterprise,Active
9166,2025-06-17,2025-12-25,37,High,Medium,High,On-Time,7,28,Basic,Active
9167,2025-07-24,2025-12-24,38,Medium,High,High,On-Time,7,10,Basic,Active
9168,2023-07-08,2026-01-15,16,High,Medium,Low,On-Time,10,29,Basic,Active
9169,2023-10-24,2025-09-14,139,Low,Low,Low,Missed,5,21,Basic,Active
9170,2023-11-09,2025-12-08,54,Low,Medium,High,On-Time,6,17,Basic,Active
9171,2023-10-24,2026-01-26,5,Medium,Medium,Low,On-Time,9,54,Pro,Active
9172,2025-07-25,2025-12-30,32,High,High,Medium,Delayed,7,70,Pro,Active
9173,2023-02-04,2025-12-19,43,High,Medium,Low,On-Time,8,67,Pro,Active
9174,2023-03-25,2026-01-16,15,High,High,Low,On-Time,8,221,Enterprise,Active
9175,2023-10-27,2025-10-20,103,Low,Medium,High,Delayed,7,78,Pro,Active
9176,2023-08-07,2025-12-28,34,High,Medium,Medium,Delayed,8,10,Basic,Active
9177,2023-09-11,2025-12-23,39,High,Medium,Medium,On-Time,10,21,Basic,Active
9178,2025-05-23,2026-01-20,11,High,Medium,Low,On-Time,9,29,Basic,Active
9179,2024-09-08,2026-01-10,21,High,High,Low,On-Time,10,21,Basic,Active
9180,2023-01-07,2026-01-12,19,High,High,Low,On-Time,7,50,Pro,Active
9181,2024-04-15,2026-01-13,18,Medium,High,High,Delayed,9,18,Basic,Active
9182,2024-03-22,2026-01-25,6,High,Medium,Medium,On-Time,8,10,Basic,Active
9183,2023-05-05,2026-01-10,21,Medium,Medium,Low,On-Time,10,57,Pro,Active
9184,2025-01-10,2025-12-23,39,Medium,High,Low,On-Time,10,27,Basic,Active
9185,2025-02-07,2026-01-11,20,Medium,Medium,Medium,On-Time,7,17,Basic,Active
9186,2025-02-28,2025-12-29,33,Medium,High,Low,Delayed,10,64,Pro,Active
9187,2025-03-08,2026-01-02,29,High,Medium,Low,On-Time,7,19,Basic,Active
9188,2023-01-01,2025-09-03,150,Low,Low,Medium,Missed,4,10,Basic,Cancelled
9189,2025-11-10,2026-01-01,30,High,Medium,Low,On-Time,9,27,Basic,Active
9190,2025-06-10,2026-01-03,28,High,Medium,Low,Delayed,9,21,Basic,Active
9191,2025-09-16,2025-11-12,80,Low,Low,High,On-Time,6,26,Basic,Active
9192,2023-01-18,2025-09-27,126,Low,Low,Medium,Delayed,2,13,Basic,Cancelled
9193,2025-10-19,2025-12-19,43,Medium,High,Medium,On-Time,9,15,Basic,Active
9194,2025-06-05,2026-01-09,22,High,High,Medium,On-Time,9,46,Pro,Active
9195,2025-07-05,2025-10-13,110,Medium,Medium,Low,Delayed,6,19,Basic,Active
9196,2023-04-13,2026-01-31,0,Medium,Medium,Medium,On-Time,10,19,Basic,Active
9197,2025-03-19,2025-12-30,32,Medium,Medium,Low,Delayed,8,291,Enterprise,Active
9198,2025-11-17,2026-01-26,5,Medium,High,High,On-Time,8,23,Basic,Active
9199,2025-01-13,2025-12-22,40,Medium,Medium,Low,On-Time,7,41,Pro,Active
9200,2024-09-16,2026-01-05,26,High,High,High,Delayed,10,28,Basic,Active
9201,2025-11-01,2025-12-30,32,Medium,High,Medium,On-Time,10,50,Pro,Active
9202,2024-04-30,2026-01-10,21,High,High,Low,On-Time,8,16,Basic,Active
9203,2024-10-18,2025-09-03,150,Low,Low,Low,Delayed,3,41,Pro,Cancelled
9204,2024-06-05,2025-11-21,71,Low,Low,Low,Missed,4,170,Enterprise,Active
9205,2025-10-18,2025-10-20,103,Medium,Medium,Low,On-Time,4,28,Basic,Active
9206,2023-03-25,2025-12-03,59,Medium,Low,Medium,Missed,7,12,Basic,Active
9207,2024-07-02,2025-05-18,258,Low,Low,Medium,Missed,4,79,Pro,Cancelled
9208,2025-01-22,2026-01-11,20,High,Medium,Medium,On-Time,9,21,Basic,Active
9209,2025-05-17,2025-12-18,44,Medium,Medium,Low,On-Time,7,13,Basic,Active
9210,2024-09-30,2025-12-22,40,Medium,Medium,Low,Delayed,9,15,Basic,Active
9211,2025-09-22,2025-12-25,37,Medium,Medium,Medium,On-Time,10,17,Basic,Active
9212,2025-10-28,2025-12-23,39,High,High,Medium,On-Time,7,55,Pro,Active
9213,2023-03-12,2025-10-26,97,Low,Low,Low,Missed,6,19,Basic,Active
9214,2024-03-16,2026-01-17,14,High,Medium,Low,On-Time,9,64,Pro,Active
9215,2023-01-26,2025-11-13,79,Medium,Low,Low,On-Time,6,20,Basic,Active
9216,2023-12-27,2026-01-28,3,Medium,High,Low,On-Time,7,12,Basic,Active
9217,2024-08-10,2026-01-03,28,Medium,Medium,Medium,On-Time,10,16,Basic,Active
9218,2025-09-24,2025-11-24,68,Medium,Medium,Low,Delayed,7,18,Basic,Active
9219,2025-07-15,2026-01-09,22,High,Medium,High,On-Time,9,18,Basic,Active
9220,2023-05-20,2025-11-11,81,Low,Low,Low,Delayed,5,295,Enterprise,Active
9221,2023-04-12,2026-01-04,27,Medium,High,Low,On-Time,10,245,Enterprise,Active
9222,2024-10-07,2026-01-11,20,Medium,High,Low,On-Time,10,69,Pro,Active
9223,2024-08-05,2025-12-24,38,Medium,High,Low,On-Time,8,297,Enterprise,Active
9224,2023-10-19,2025-12-21,41,High,High,Medium,On-Time,9,16,Basic,Active
9225,2025-09-11,2026-01-17,14,High,Medium,High,On-Time,8,56,Pro,Active
9226,2025-10-12,2026-01-03,28,Medium,Medium,Low,On-Time,8,16,Basic,Active
9227,2024-03-16,2026-01-05,26,Medium,High,Low,Delayed,7,60,Pro,Active
9228,2025-09-01,2026-01-02,29,Medium,High,High,On-Time,10,13,Basic,Active
9229,2024-02-25,2025-12-28,34,High,High,Low,On-Time,9,49,Pro,Active
9230,2025-03-17,2026-01-04,27,High,High,Medium,On-Time,7,22,Basic,Active
9231,2024-06-05,2025-12-23,39,Medium,Medium,Medium,On-Time,9,11,Basic,Active
9232,2023-05-15,2026-01-23,8,Medium,High,Low,On-Time,10,11,Basic,Active
9233,2025-10-13,2025-10-04,119,Low,Low,Low,Delayed,7,16,Basic,Active
9234,2024-05-12,2026-01-29,2,High,Medium,Medium,On-Time,8,23,Basic,Active
9235,2025-03-15,2026-01-02,29,High,High,Medium,On-Time,10,71,Pro,Active
9236,2024-02-07,2025-11-10,82,Low,Low,Low,Delayed,7,59,Pro,Active
9237,2023-01-21,2025-11-11,81,Low,Low,Low,On-Time,7,76,Pro,Active
9238,2023-04-21,2025-12-07,55,Low,Medium,Medium,Delayed,6,247,Enterprise,Active
9239,2024-06-27,2025-12-27,35,High,Medium,Medium,Delayed,8,27,Basic,Active
9240,2025-01-25,2025-12-23,39,Medium,High,Medium,On-Time,10,74,Pro,Active
9241,2024-01-02,2025-12-07,55,Low,Medium,Low,Delayed,5,61,Pro,Active
9242,2025-01-31,2025-12-19,43,High,Medium,High,On-Time,8,47,Pro,Active
9243,2025-02-04,2026-01-20,11,High,Medium,Low,On-Time,10,22,Basic,Active
9244,2025-02-09,2025-10-31,92,Medium,Low,Low,Delayed,6,50,Pro,Active
9245,2024-06-23,2025-10-21,102,Low,Low,Low,Delayed,5,40,Pro,Active
9246,2025-09-28,2025-12-30,32,High,Medium,Medium,On-Time,8,71,Pro,Active
9247,2024-06-19,2025-11-20,72,Low,Low,Low,Delayed,6,65,Pro,Active
9248,2024-05-08,2025-05-09,267,Low,Low,High,Missed,5,11,Basic,Cancelled
9249,2023-08-07,2026-01-13,18,High,High,Medium,On-Time,9,10,Basic,Active
9250,2023-12-03,2026-01-17,14,High,Medium,Medium,On-Time,7,73,Pro,Active
9251,2023-02-16,2025-12-24,38,High,High,Medium,On-Time,10,76,Pro,Active
9252,2024-11-24,2026-01-24,7,High,High,Low,On-Time,9,19,Basic,Active
9253,2023-09-30,2025-04-13,293,Low,Low,Medium,Delayed,1,19,Basic,Active
9254,2023-11-30,2026-01-09,22,Medium,Medium,High,On-Time,10,77,Pro,Active
9255,2025-04-24,2026-01-24,7,High,High,Low,On-Time,7,42,Pro,Active
9256,2023-12-25,2025-05-21,255,Low,Low,Medium,Delayed,5,13,Basic,Cancelled
9257,2023-09-23,2026-01-27,4,Medium,Medium,Medium,On-Time,9,27,Basic,Active
9258,2023-07-05,2026-01-27,4,High,Medium,Medium,On-Time,9,287,Enterprise,Active
9259,2025-04-28,2025-12-24,38,Medium,Medium,Low,On-Time,9,298,Enterprise,Active
9260,2023-05-23,2026-01-10,21,Medium,High,Low,Delayed,9,17,Basic,Active
9261,2024-05-11,2026-01-02,29,High,High,Low,On-Time,9,163,Enterprise,Active
9262,2024-07-09,2026-01-08,23,High,High,Low,On-Time,7,78,Pro,Active
9263,2025-01-22,2025-10-14,109,Low,Medium,High,Delayed,6,10,Basic,Active
9264,2024-11-24,2026-01-11,20,High,Medium,Low,On-Time,10,24,Basic,Active
9265,2025-06-06,2025-05-12,264,Low,Low,Medium,Missed,4,24,Basic,Cancelled
9266,2023-02-19,2025-09-03,150,Low,Low,Low,Missed,4,65,Pro,Cancelled
9267,2023-11-21,2026-01-10,21,High,Medium,Low,On-Time,8,66,Pro,Active
9268,2023-11-03,2025-12-01,61,Low,Medium,Low,Delayed,5,78,Pro,Active
9269,2023-06-09,2025-09-30,123,Low,Low,Medium,Missed,2,21,Basic,Active
9270,2023-11-13,2026-01-01,30,High,Medium,Medium,On-Time,10,49,Pro,Active
9271,2023-12-06,2026-01-23,8,Medium,High,Low,On-Time,8,25,Basic,Active
9272,2024-07-25,2026-01-31,0,Medium,High,Medium,Delayed,9,26,Basic,Active
9273,2024-12-27,2026-01-26,5,Medium,Medium,High,On-Time,7,21,Basic,Active
9274,2024-02-22,2026-01-20,11,High,Medium,Low,Delayed,8,70,Pro,Active
9275,2025-02-26,2026-01-28,3,Medium,Medium,High,On-Time,10,64,Pro,Active
9276,2024-01-04,2025-06-17,228,Low,Low,Low,Missed,2,52,Pro,Active
9277,2023-11-14,2025-12-18,44,High,High,High,On-Time,8,75,Pro,Active
9278,2024-08-15,2025-12-22,40,High,Medium,High,On-Time,9,69,Pro,Active
9279,2023-01-26,2025-12-21,41,High,High,Low,On-Time,8,11,Basic,Active
9280,2023-03-29,2025-10-22,101,Medium,Low,Medium,Delayed,7,19,Basic,Active
9281,2024-04-02,2026-01-14,17,Medium,Medium,Medium,On-Time,10,72,Pro,Active
9282,2025-10-29,2025-12-13,49,Low,Low,Low,Missed,6,45,Pro,Active
9283,2025-03-01,2025-08-16,168,Low,Low,High,Delayed,2,26,Basic,Cancelled
9284,2023-04-07,2025-09-16,137,Low,Low,Medium,Missed,1,68,Pro,Cancelled
9285,2025-07-15,2026-01-08,23,Medium,Medium,Low,On-Time,9,190,Enterprise,Active
9286,2025-03-12,2025-10-10,113,Low,Medium,Low,Delayed,4,20,Basic,Active
9287,2024-10-30,2025-12-29,33,High,High,Medium,On-Time,7,49,Pro,Active
9288,2025-06-17,2025-11-16,76,Medium,Medium,Low,Missed,6,295,Enterprise,Active
9289,2024-03-18,2026-01-06,25,Medium,High,Low,On-Time,9,20,Basic,Active
9290,2023-08-31,2025-12-19,43,High,High,High,On-Time,8,16,Basic,Active
9291,2024-07-14,2026-01-26,5,High,High,Medium,On-Time,7,58,Pro,Active
9292,2024-08-23,2025-12-19,43,High,High,Medium,On-Time,10,135,Enterprise,Active
9293,2024-08-12,2025-12-24,38,High,Medium,Low,On-Time,9,77,Pro,Active
9294,2024-09-10,2026-01-17,14,High,High,Low,On-Time,10,62,Pro,Active
9295,2025-11-04,2025-12-29,33,High,Medium,Low,On-Time,7,174,Enterprise,Active
9296,2025-09-14,2026-01-11,20,High,High,Medium,On-Time,9,68,Pro,Active
9297,2025-08-16,2026-01-29,2,High,Medium,Low,On-Time,8,29,Basic,Active
9298,2025-05-27,2025-12-26,36,Medium,Medium,Low,On-Time,8,15,Basic,Active
9299,2025-10-30,2025-11-21,71,Low,Medium,High,Missed,4,73,Pro,Active
9300,2023-04-18,2026-01-25,6,High,Medium,Medium,On-Time,9,69,Pro,Active
9301,2023-10-18,2026-01-28,3,High,High,Medium,On-Time,7,55,Pro,Active
9302,2024-06-26,2026-01-08,23,High,High,Low,On-Time,9,43,Pro,Active
9303,2025-07-15,2026-01-19,12,High,Medium,Low,On-Time,7,18,Basic,Active
9304,2024-07-07,2026-01-03,28,High,High,Low,On-Time,10,77,Pro,Active
9305,2025-03-30,2025-04-30,276,Low,Low,High,Missed,3,21,Basic,Cancelled
9306,2023-06-02,2026-01-31,0,Medium,High,Low,On-Time,10,28,Basic,Active
9307,2023-10-04,2025-12-25,37,Medium,High,Medium,On-Time,10,28,Basic,Active
9308,2025-03-12,2025-12-11,51,Low,Low,Low,Delayed,5,13,Basic,Active
9309,2023-06-30,2026-01-25,6,High,Medium,Medium,Delayed,8,28,Basic,Active
9310,2024-01-20,2025-07-20,195,Low,Low,Low,Missed,2,206,Enterprise,Cancelled
9311,2023-10-18,2025-08-23,161,Low,Low,Low,Missed,2,281,Enterprise,Active
9312,2024-01-19,2025-12-22,40,High,High,Low,On-Time,9,20,Basic,Active
9313,2025-02-14,2025-12-29,33,Medium,Medium,Low,On-Time,8,21,Basic,Active
9314,2024-02-07,2026-01-11,20,High,Medium,Medium,On-Time,7,47,Pro,Active
9315,2024-08-31,2025-11-21,71,Low,Low,Medium,Delayed,6,198,Enterprise,Active
9316,2023-04-20,2026-01-25,6,High,High,Low,On-Time,10,42,Pro,Active
9317,2025-05-31,2025-11-03,89,Low,Medium,Medium,Delayed,7,50,Pro,Active
9318,2024-02-10,2025-12-25,37,Medium,High,Low,On-Time,8,29,Basic,Active
9319,2024-12-11,2026-01-23,8,High,High,Low,On-Time,9,62,Pro,Active
9320,2025-03-05,2025-12-24,38,High,High,Low,On-Time,8,54,Pro,Active
9321,2023-08-18,2026-01-15,16,High,Medium,Medium,On-Time,7,73,Pro,Active
9322,2025-08-26,2026-01-29,2,Medium,High,Low,On-Time,10,239,Enterprise,Active
9323,2024-11-05,2026-01-12,19,High,High,Low,On-Time,10,73,Pro,Active
9324,2024-04-14,2026-01-11,20,High,Medium,High,On-Time,10,11,Basic,Active
9325,2023-07-19,2026-01-12,19,Medium,High,Low,On-Time,7,12,Basic,Active
9326,2025-10-28,2026-01-16,15,High,High,Low,Delayed,10,65,Pro,Active
9327,2025-04-06,2025-12-29,33,Medium,Medium,Medium,On-Time,7,66,Pro,Active
9328,2023-08-16,2026-01-26,5,High,High,Low,On-Time,10,27,Basic,Active
9329,2024-01-05,2026-01-26,5,High,Medium,Low,On-Time,10,71,Pro,Active
9330,2025-06-05,2026-01-19,12,High,Medium,High,On-Time,7,194,Enterprise,Active
9331,2025-01-31,2026-01-25,6,High,High,High,On-Time,8,63,Pro,Active
9332,2025-04-18,2026-01-31,0,High,High,Low,On-Time,9,19,Basic,Active
9333,2024-04-28,2025-07-29,186,Low,Low,Low,Missed,5,57,Pro,Cancelled
9334,2025-02-23,2025-06-29,216,Low,Low,Medium,Missed,3,77,Pro,Cancelled
9335,2024-02-28,2026-01-25,6,High,High,Low,On-Time,9,11,Basic,Active
9336,2023-08-20,2026-01-16,15,High,Medium,Low,On-Time,9,28,Basic,Active
9337,2024-11-23,2026-01-04,27,Medium,High,Low,On-Time,9,62,Pro,Active
9338,2025-12-04,2026-01-16,15,Medium,Medium,Low,Delayed,8,73,Pro,Active
9339,2023-12-07,2025-12-28,34,High,High,High,On-Time,8,25,Basic,Active
9340,2024-05-19,2025-12-31,31,Medium,High,Low,On-Time,7,29,Basic,Active
9341,2025-01-08,2025-12-26,36,Medium,High,Low,On-Time,7,11,Basic,Active
9342,2024-08-15,2026-01-06,25,High,High,Medium,On-Time,9,22,Basic,Active
9343,2025-07-12,2026-01-28,3,High,High,Low,On-Time,9,134,Enterprise,Active
9344,2025-04-14,2025-10-15,108,Low,Medium,Medium,Delayed,6,225,Enterprise,Active
9345,2023-03-05,2025-12-06,56,Medium,Medium,Low,Delayed,6,55,Pro,Active
9346,2025-12-29,2026-01-01,30,High,High,Medium,On-Time,8,11,Basic,Active
9347,2025-04-03,2025-12-22,40,High,Medium,Medium,On-Time,7,56,Pro,Active
9348,2025-08-03,2025-12-25,37,High,Medium,Low,On-Time,8,61,Pro,Active
9349,2024-12-14,2026-01-11,20,Medium,High,Low,On-Time,10,132,Enterprise,Active
9350,2025-07-26,2026-01-17,14,High,High,Medium,On-Time,10,15,Basic,Active
9351,2023-05-04,2026-01-08,23,High,High,Low,On-Time,8,50,Pro,Active
9352,2024-01-16,2026-01-27,4,High,Medium,Low,On-Time,10,283,Enterprise,Active
9353,2025-08-17,2025-11-06,86,Low,Low,High,Delayed,4,158,Enterprise,Active
9354,2023-08-09,2025-12-26,36,Medium,High,High,On-Time,9,24,Basic,Active
9355,2023-03-27,2026-01-13,18,High,High,Low,On-Time,9,24,Basic,Active
9356,2025-05-12,2025-12-20,42,High,Medium,Medium,On-Time,9,26,Basic,Active
9357,2025-07-03,2025-12-19,43,High,High,Low,Delayed,8,29,Basic,Active
9358,2023-06-28,2026-01-01,30,Medium,Medium,Low,On-Time,9,16,Basic,Active
9359,2025-07-24,2025-12-23,39,High,High,Low,On-Time,7,124,Enterprise,Active
9360,2025-01-22,2025-12-24,38,High,High,Medium,On-Time,7,220,Enterprise,Active
9361,2024-07-23,2025-08-28,156,Low,Low,Low,Missed,3,21,Basic,Cancelled
9362,2025-06-28,2026-01-07,24,High,High,Medium,On-Time,7,27,Basic,Active
9363,2024-04-04,2025-12-20,42,Medium,High,Low,Delayed,9,48,Pro,Active
9364,2023-08-01,2025-12-29,33,High,Medium,Medium,On-Time,10,47,Pro,Active
9365,2023-11-08,2025-12-29,33,High,High,Medium,On-Time,8,60,Pro,Active
9366,2024-07-07,2025-12-28,34,High,Medium,Medium,On-Time,10,25,Basic,Active
9367,2024-08-04,2026-01-01,30,Medium,High,Low,On-Time,8,13,Basic,Active
9368,2025-06-01,2026-01-01,30,Medium,Medium,High,Delayed,10,55,Pro,Active
9369,2025-05-16,2026-01-22,9,High,Medium,Low,On-Time,10,71,Pro,Active
9370,2024-09-28,2026-01-19,12,Medium,High,Medium,On-Time,10,71,Pro,Active
9371,2025-05-04,2026-01-29,2,High,Medium,Medium,On-Time,10,23,Basic,Active
9372,2023-07-29,2026-01-17,14,Medium,Medium,Low,On-Time,9,25,Basic,Active
9373,2023-02-24,2026-01-17,14,High,High,Low,On-Time,9,71,Pro,Active
9374,2025-08-14,2026-01-20,11,High,High,Low,Delayed,8,24,Basic,Active
9375,2023-03-24,2026-01-11,20,High,High,Low,On-Time,7,17,Basic,Active
9376,2023-09-28,2025-10-04,119,Medium,Low,High,Missed,6,40,Pro,Active
9377,2025-01-31,2026-01-01,30,Medium,High,Medium,On-Time,10,75,Pro,Active
9378,2024-03-24,2026-01-14,17,Medium,Medium,Low,On-Time,8,22,Basic,Active
9379,2025-08-17,2026-01-16,15,High,Medium,Medium,On-Time,7,46,Pro,Active
9380,2023-11-23,2025-12-20,42,High,Medium,High,On-Time,7,11,Basic,Active
9381,2023-01-13,2025-12-04,58,Medium,Medium,High,On-Time,6,277,Enterprise,Active
9382,2023-11-26,2025-12-30,32,Medium,Medium,Low,Delayed,7,275,Enterprise,Active
9383,2024-09-24,2026-01-11,20,High,High,Medium,On-Time,8,13,Basic,Active
9384,2024-02-16,2025-12-29,33,High,Medium,High,On-Time,7,61,Pro,Active
9385,2024-08-08,2025-10-23,100,Medium,Low,Low,On-Time,6,49,Pro,Active
9386,2025-08-17,2026-01-26,5,High,High,High,On-Time,7,62,Pro,Active
9387,2025-09-26,2025-10-23,100,Low,Low,High,Delayed,5,22,Basic,Active
9388,2023-10-19,2026-01-07,24,Medium,Medium,Medium,On-Time,8,193,Enterprise,Active
9389,2024-05-21,2025-11-08,84,Low,Medium,Medium,On-Time,5,49,Pro,Active
9390,2024-08-24,2026-01-24,7,Medium,High,Low,Delayed,7,19,Basic,Active
9391,2025-11-05,2025-12-24,38,Medium,High,High,On-Time,8,67,Pro,Active
9392,2025-12-29,2025-12-16,46,Low,Low,Medium,On-Time,5,23,Basic,Active
9393,2023-09-15,2026-01-14,17,High,High,Medium,On-Time,8,17,Basic,Active
9394,2025-03-07,2026-01-29,2,High,High,Medium,On-Time,7,23,Basic,Active
9395,2024-02-18,2026-01-28,3,Medium,Medium,High,On-Time,8,163,Enterprise,Active
9396,2023-01-09,2026-01-21,10,High,Medium,Medium,On-Time,9,26,Basic,Active
9397,2023-01-11,2026-01-22,9,High,High,Low,On-Time,7,16,Basic,Active
9398,2024-05-19,2026-01-25,6,High,Medium,Medium,On-Time,9,25,Basic,Active
9399,2024-06-18,2025-12-22,40,Medium,High,Medium,On-Time,10,18,Basic,Active
9400,2023-01-25,2026-01-05,26,High,High,Medium,On-Time,7,79,Pro,Active
9401,2025-01-22,2025-11-21,71,Low,Medium,High,Delayed,7,67,Pro,Active
9402,2023-11-18,2025-10-18,105,Low,Medium,High,Delayed,4,12,Basic,Active
9403,2024-09-05,2025-05-11,265,Low,Low,Medium,Missed,1,155,Enterprise,Active
9404,2023-11-26,2025-12-23,39,Medium,Medium,Low,On-Time,9,155,Enterprise,Active
9405,2023-07-03,2025-12-13,49,Medium,Low,Low,Delayed,4,75,Pro,Active
9406,2024-03-21,2025-11-24,68,Medium,Low,Medium,On-Time,6,42,Pro,Active
9407,2023-09-12,2025-12-10,52,Medium,Low,Low,On-Time,4,23,Basic,Active
9408,2024-08-08,2026-01-22,9,Medium,Medium,Medium,On-Time,9,27,Basic,Active
9409,2023-08-06,2025-10-06,117,Low,Low,Medium,Delayed,5,19,Basic,Active
9410,2024-07-10,2026-01-09,22,High,High,Low,On-Time,10,65,Pro,Active
9411,2023-06-22,2025-10-11,112,Low,Low,Low,Missed,7,53,Pro,Active
9412,2025-01-04,2026-01-30,1,High,High,High,On-Time,10,25,Basic,Active
9413,2025-04-05,2026-01-03,28,High,High,Medium,Delayed,8,14,Basic,Active
9414,2023-05-01,2026-01-24,7,Medium,Medium,Low,On-Time,10,58,Pro,Active
9415,2024-05-27,2025-12-26,36,Medium,High,Medium,On-Time,8,15,Basic,Active
9416,2023-03-19,2025-12-27,35,Medium,Medium,Medium,On-Time,7,59,Pro,Active
9417,2024-10-17,2026-01-06,25,High,Medium,Low,On-Time,9,20,Basic,Active
9418,2023-10-17,2025-10-11,112,Medium,Low,Medium,Delayed,6,23,Basic,Active
9419,2024-07-31,2026-01-23,8,High,Medium,Low,On-Time,10,21,Basic,Active
9420,2024-07-20,2026-01-01,30,Medium,Medium,Medium,On-Time,8,18,Basic,Active
9421,2025-10-09,2025-08-19,165,Low,Low,High,Missed,2,21,Basic,Cancelled
9422,2024-08-24,2025-12-31,31,Medium,Medium,Low,On-Time,9,49,Pro,Active
9423,2024-09-30,2026-01-02,29,High,Medium,High,On-Time,8,13,Basic,Active
9424,2024-03-15,2025-05-25,251,Low,Low,High,Delayed,3,57,Pro,Active
9425,2025-11-05,2025-12-12,50,Low,Low,Low,Missed,5,40,Pro,Active
9426,2025-05-01,2025-11-13,79,Medium,Medium,Low,Delayed,6,13,Basic,Active
9427,2023-11-09,2025-11-06,86,Low,Medium,Medium,Delayed,5,25,Basic,Active
9428,2025-07-13,2025-12-22,40,Medium,Medium,Low,On-Time,10,10,Basic,Active
9429,2024-04-18,2025-12-09,53,Low,Low,Low,On-Time,4,43,Pro,Active
9430,2025-06-26,2025-10-05,118,Medium,Low,Low,On-Time,6,13,Basic,Active
9431,2025-06-20,2026-01-31,0,High,High,Low,On-Time,9,40,Pro,Active
9432,2023-07-26,2026-01-09,22,High,Medium,Low,On-Time,10,11,Basic,Active
9433,2025-02-06,2026-01-17,14,Medium,Medium,Medium,On-Time,10,25,Basic,Active
9434,2023-11-15,2025-12-18,44,High,Medium,Medium,On-Time,7,17,Basic,Active
9435,2023-11-22,2025-12-18,44,High,Medium,Low,On-Time,10,11,Basic,Active
9436,2023-11-21,2025-11-05,87,Medium,Low,Medium,Delayed,5,54,Pro,Active
9437,2025-03-05,2026-01-09,22,High,Medium,High,On-Time,10,10,Basic,Active
9438,2023-09-09,2026-01-18,13,Medium,Medium,High,On-Time,9,72,Pro,Active
9439,2023-01-01,2025-12-23,39,High,High,Medium,On-Time,10,79,Pro,Active
9440,2025-02-22,2025-10-21,102,Low,Medium,Low,On-Time,5,27,Basic,Active
9441,2023-07-07,2025-10-06,117,Low,Medium,Low,Missed,7,46,Pro,Active
9442,2023-04-25,2026-01-15,16,Medium,High,High,On-Time,8,43,Pro,Active
9443,2023-09-18,2026-01-18,13,Medium,Medium,High,On-Time,9,44,Pro,Active
9444,2024-02-20,2026-01-26,5,Medium,Medium,Medium,On-Time,7,49,Pro,Active
9445,2024-06-05,2026-01-28,3,High,Medium,Medium,Delayed,9,17,Basic,Active
9446,2023-02-18,2025-10-13,110,Low,Medium,Medium,On-Time,7,24,Basic,Active
9447,2025-11-28,2025-10-08,115,Low,Low,Low,Missed,7,24,Basic,Active
9448,2025-02-23,2025-10-08,115,Low,Low,Low,On-Time,7,73,Pro,Active
9449,2023-12-20,2026-01-16,15,Medium,High,Low,On-Time,9,64,Pro,Active
9450,2023-12-15,2025-12-25,37,Medium,Medium,Medium,Delayed,9,58,Pro,Active
9451,2024-05-06,2025-11-14,78,Medium,Medium,Medium,Delayed,6,20,Basic,Active
9452,2024-11-16,2025-12-30,32,High,High,Low,On-Time,8,22,Basic,Active
9453,2023-06-10,2026-01-04,27,Medium,Medium,Low,On-Time,9,11,Basic,Active
9454,2023-07-26,2026-01-25,6,High,High,High,Delayed,8,256,Enterprise,Active
9455,2025-07-30,2026-01-11,20,Medium,Medium,Low,On-Time,7,13,Basic,Active
9456,2023-10-08,2026-01-28,3,High,Medium,High,On-Time,9,55,Pro,Active
9457,2024-02-21,2026-01-04,27,High,Medium,Medium,On-Time,7,12,Basic,Active
9458,2025-08-12,2025-12-29,33,Medium,High,Low,On-Time,10,11,Basic,Active
9459,2024-12-27,2025-11-17,75,Medium,Low,Low,Delayed,4,24,Basic,Active
9460,2024-01-10,2026-01-24,7,Medium,High,Medium,On-Time,8,67,Pro,Active
9461,2025-01-18,2025-04-29,277,Low,Low,Medium,Missed,3,20,Basic,Cancelled
9462,2023-01-22,2026-01-21,10,High,Medium,Low,On-Time,10,55,Pro,Active
9463,2025-03-16,2025-12-30,32,High,Medium,Low,On-Time,10,56,Pro,Active
9464,2024-06-17,2026-01-25,6,High,Medium,Low,Delayed,10,75,Pro,Active
9465,2025-06-09,2026-01-25,6,High,High,Medium,On-Time,8,25,Basic,Active
9466,2025-11-11,2026-01-03,28,Medium,High,Low,On-Time,7,285,Enterprise,Active
9467,2025-10-10,2025-11-11,81,Low,Low,Medium,On-Time,7,69,Pro,Active
9468,2025-09-22,2025-12-27,35,High,Medium,High,Delayed,7,69,Pro,Active
9469,2024-07-14,2025-11-16,76,Low,Low,Low,Delayed,7,13,Basic,Active
9470,2024-01-30,2026-01-27,4,High,High,Low,On-Time,7,25,Basic,Active
9471,2024-05-24,2025-10-23,100,Low,Low,Low,Missed,7,67,Pro,Active
9472,2025-01-25,2025-12-19,43,High,High,Low,On-Time,8,14,Basic,Active
9473,2025-08-25,2026-01-09,22,Medium,High,Low,On-Time,9,251,Enterprise,Active
9474,2023-08-15,2025-11-20,72,Low,Medium,Low,Delayed,7,185,Enterprise,Active
9475,2025-10-02,2025-12-13,49,Medium,Low,Medium,Delayed,5,10,Basic,Active
9476,2025-06-11,2025-10-05,118,Low,Low,Low,Delayed,5,75,Pro,Active
9477,2025-12-07,2026-01-01,30,High,High,Low,On-Time,7,28,Basic,Active
9478,2025-08-21,2025-07-22,193,Low,Low,High,Delayed,3,25,Basic,Cancelled
9479,2023-11-03,2025-10-23,100,Medium,Low,Medium,On-Time,6,41,Pro,Active
9480,2023-04-27,2026-01-01,30,High,High,High,Delayed,10,53,Pro,Active
9481,2023-05-03,2025-10-12,111,Low,Low,Low,Delayed,4,27,Basic,Active
9482,2023-11-15,2026-01-09,22,High,High,Low,On-Time,8,66,Pro,Active
9483,2024-11-03,2026-01-16,15,High,Medium,Medium,On-Time,8,166,Enterprise,Active
9484,2025-05-30,2025-10-04,119,Medium,Low,Low,Delayed,6,29,Basic,Active
9485,2025-09-11,2025-12-06,56,Low,Low,High,On-Time,5,19,Basic,Active
9486,2024-11-14,2025-12-20,42,Medium,High,Medium,On-Time,9,77,Pro,Active
9487,2023-01-07,2026-01-08,23,Medium,High,Medium,Delayed,9,15,Basic,Active
9488,2023-07-24,2025-12-21,41,Medium,High,Low,On-Time,10,23,Basic,Active
9489,2023-04-20,2026-01-07,24,High,High,Medium,On-Time,7,29,Basic,Active
9490,2024-02-02,2026-01-30,1,Medium,High,Medium,On-Time,8,73,Pro,Active
9491,2024-07-02,2025-11-26,66,Low,Low,Low,Missed,6,27,Basic,Active
9492,2023-02-17,2025-10-08,115,Medium,Low,Medium,Delayed,7,18,Basic,Active
9493,2024-01-17,2026-01-24,7,Medium,Medium,Medium,On-Time,10,74,Pro,Active
9494,2023-07-16,2026-01-03,28,High,High,High,On-Time,8,214,Enterprise,Active
9495,2024-12-09,2026-01-27,4,Medium,High,High,Delayed,10,72,Pro,Active
9496,2024-05-23,2025-08-25,159,Low,Low,Low,Delayed,5,14,Basic,Cancelled
9497,2024-06-26,2026-01-26,5,Medium,Medium,High,On-Time,9,274,Enterprise,Active
9498,2024-04-13,2026-01-07,24,High,High,High,On-Time,7,15,Basic,Active
9499,2025-11-12,2025-12-28,34,High,High,Low,On-Time,7,56,Pro,Active
9500,2023-08-24,2026-01-15,16,High,High,Medium,On-Time,7,42,Pro,Active
9501,2024-07-19,2025-12-15,47,Low,Medium,Low,Missed,4,61,Pro,Active
9502,2025-03-16,2025-10-12,111,Low,Low,Low,On-Time,4,55,Pro,Active
9503,2024-09-01,2025-11-15,77,Low,Medium,Medium,Missed,7,67,Pro,Active
9504,2025-10-14,2026-01-03,28,Medium,Medium,Low,Delayed,10,19,Basic,Active
9505,2024-02-18,2025-05-29,247,Low,Low,Medium,Missed,5,23,Basic,Active
9506,2024-05-22,2025-11-02,90,Medium,Low,Low,Missed,7,170,Enterprise,Active
9507,2023-04-07,2026-01-04,27,Medium,Medium,Medium,On-Time,9,42,Pro,Active
9508,2024-10-28,2026-01-25,6,High,High,Low,Delayed,7,20,Basic,Active
9509,2023-11-12,2025-10-09,114,Medium,Low,Medium,Delayed,6,18,Basic,Active
9510,2023-06-25,2025-11-22,70,Medium,Low,Medium,Missed,6,45,Pro,Active
9511,2024-08-19,2026-01-15,16,Medium,High,High,On-Time,7,23,Basic,Active
9512,2024-08-05,2025-12-19,43,High,Medium,High,On-Time,10,18,Basic,Active
9513,2023-03-25,2026-01-05,26,High,Medium,Low,On-Time,7,28,Basic,Active
9514,2025-02-03,2025-12-23,39,Medium,Medium,Medium,On-Time,7,51,Pro,Active
9515,2024-11-14,2025-12-30,32,Medium,Medium,Low,On-Time,10,18,Basic,Active
9516,2023-07-26,2025-10-10,113,Medium,Medium,Medium,Delayed,7,283,Enterprise,Active
9517,2024-05-29,2025-10-07,116,Low,Low,Low,Delayed,4,26,Basic,Active
9518,2025-02-27,2026-01-01,30,High,High,Low,On-Time,9,63,Pro,Active
9519,2024-08-02,2026-01-02,29,Medium,High,Medium,On-Time,8,11,Basic,Active
9520,2024-03-09,2026-01-12,19,Medium,High,Low,On-Time,7,69,Pro,Active
9521,2023-12-19,2026-01-15,16,High,High,Low,On-Time,10,29,Basic,Active
9522,2024-10-30,2025-12-01,61,Medium,Medium,High,Delayed,7,13,Basic,Active
9523,2025-10-25,2026-01-07,24,High,Medium,Low,On-Time,10,10,Basic,Active
9524,2025-01-05,2025-07-31,184,Low,Low,Medium,Missed,2,65,Pro,Cancelled
9525,2023-03-23,2026-01-12,19,Medium,High,Medium,On-Time,7,14,Basic,Active
9526,2024-05-19,2025-10-05,118,Low,Low,High,Delayed,7,175,Enterprise,Active
9527,2025-09-02,2025-11-29,63,Low,Low,Medium,Missed,5,29,Basic,Active
9528,2023-04-14,2026-01-19,12,High,High,Low,On-Time,7,68,Pro,Active
9529,2025-12-18,2026-01-01,30,High,High,High,On-Time,9,21,Basic,Active
9530,2025-11-05,2025-11-15,77,Low,Low,Medium,On-Time,4,72,Pro,Active
9531,2023-03-27,2025-10-21,102,Low,Medium,Low,Missed,7,15,Basic,Active
9532,2025-10-19,2025-12-29,33,High,Medium,Low,On-Time,10,26,Basic,Active
9533,2024-02-02,2025-12-22,40,High,Medium,Low,On-Time,8,58,Pro,Active
9534,2025-07-13,2025-07-06,209,Low,Low,Low,Missed,5,21,Basic,Cancelled
9535,2024-04-03,2025-12-28,34,Medium,Medium,Medium,On-Time,7,21,Basic,Active
9536,2024-04-27,2025-12-24,38,High,Medium,Low,On-Time,7,21,Basic,Active
9537,2024-11-25,2026-01-20,11,Medium,Medium,Low,Delayed,10,25,Basic,Active
9538,2025-04-28,2025-12-16,46,Medium,Low,Low,Delayed,4,10,Basic,Active
9539,2023-02-06,2025-12-25,37,High,Medium,Low,On-Time,7,209,Enterprise,Active
9540,2024-10-11,2026-01-15,16,High,High,Low,Delayed,9,26,Basic,Active
9541,2023-07-24,2025-12-20,42,Medium,High,High,On-Time,8,64,Pro,Active
9542,2024-01-14,2025-08-20,164,Low,Low,Low,Missed,5,15,Basic,Cancelled
9543,2024-01-17,2026-01-03,28,High,Medium,High,On-Time,9,74,Pro,Active
9544,2024-05-28,2026-01-19,12,Medium,Medium,High,On-Time,7,18,Basic,Active
9545,2024-01-01,2025-12-25,37,High,High,Medium,On-Time,7,77,Pro,Active
9546,2023-04-28,2026-01-09,22,High,High,Low,On-Time,10,24,Basic,Active
9547,2023-06-09,2026-01-18,13,High,High,Low,Delayed,10,75,Pro,Active
9548,2023-02-06,2025-07-02,213,Low,Low,Low,Missed,3,18,Basic,Cancelled
9549,2024-05-29,2025-11-21,71,Low,Low,Medium,On-Time,6,53,Pro,Active
9550,2025-11-11,2025-12-22,40,High,Medium,Low,On-Time,7,18,Basic,Active
9551,2023-05-07,2026-01-19,12,Medium,Medium,Low,On-Time,8,22,Basic,Active
9552,2025-11-02,2025-05-23,253,Low,Low,Low,Missed,4,47,Pro,Cancelled
9553,2025-03-14,2025-10-29,94,Low,Medium,Low,Delayed,4,12,Basic,Active
9554,2024-11-29,2026-01-25,6,High,Medium,Low,On-Time,8,23,Basic,Active
9555,2024-12-07,2026-01-14,17,Medium,High,Low,Delayed,7,169,Enterprise,Active
9556,2025-06-24,2026-01-18,13,Medium,High,Low,On-Time,8,26,Basic,Active
9557,2023-04-28,2025-11-20,72,Low,Low,Medium,Delayed,4,50,Pro,Active
9558,2024-07-06,2025-12-06,56,Low,Medium,Low,Delayed,7,20,Basic,Active
9559,2025-02-02,2025-12-30,32,High,High,Medium,Delayed,7,13,Basic,Active
9560,2024-10-04,2025-12-29,33,Medium,Medium,Medium,On-Time,9,76,Pro,Active
9561,2025-06-30,2025-11-25,67,Low,Low,Medium,Delayed,4,58,Pro,Active
9562,2023-03-21,2026-01-21,10,Medium,Medium,Low,On-Time,7,17,Basic,Active
9563,2025-01-26,2025-12-21,41,High,High,High,On-Time,10,60,Pro,Active
9564,2024-08-07,2026-01-10,21,High,Medium,Low,On-Time,8,10,Basic,Active
9565,2024-02-20,2026-01-22,9,High,Medium,Medium,On-Time,7,21,Basic,Active
9566,2024-01-08,2026-01-29,2,Medium,Medium,Low,On-Time,7,18,Basic,Active
9567,2024-11-10,2026-01-09,22,Medium,High,High,On-Time,7,146,Enterprise,Active
9568,2025-09-02,2025-12-31,31,Medium,Medium,Low,On-Time,7,24,Basic,Active
9569,2024-06-27,2026-01-02,29,High,Medium,Low,Delayed,8,66,Pro,Active
9570,2025-06-22,2026-01-07,24,High,Medium,Low,Delayed,7,60,Pro,Active
9571,2024-03-16,2025-06-07,238,Low,Low,Medium,Missed,5,18,Basic,Cancelled
9572,2023-04-23,2026-01-18,13,High,Medium,Low,On-Time,7,171,Enterprise,Active
9573,2023-03-09,2026-01-03,28,High,Medium,Medium,Delayed,10,12,Basic,Active
9574,2023-02-26,2026-01-16,15,High,Medium,High,On-Time,8,47,Pro,Active
9575,2024-02-21,2026-01-23,8,Medium,Medium,Low,On-Time,10,19,Basic,Active
9576,2024-01-05,2026-01-10,21,High,Medium,Low,On-Time,9,151,Enterprise,Active
9577,2025-02-25,2026-01-13,18,High,Medium,Medium,On-Time,9,46,Pro,Active
9578,2025-03-24,2025-12-25,37,High,Medium,Low,On-Time,9,20,Basic,Active
9579,2023-02-25,2025-12-30,32,Medium,Medium,High,On-Time,7,13,Basic,Active
9580,2023-08-31,2025-12-20,42,High,Medium,Medium,On-Time,9,14,Basic,Active
9581,2023-10-28,2025-06-23,222,Low,Low,Low,Missed,4,18,Basic,Cancelled
9582,2024-08-22,2025-12-26,36,High,Medium,Low,Delayed,7,20,Basic,Active
9583,2023-06-08,2025-12-25,37,High,High,Medium,On-Time,7,51,Pro,Active
9584,2023-05-27,2026-01-15,16,High,High,High,On-Time,8,72,Pro,Active
9585,2025-10-30,2026-01-10,21,High,Medium,Low,On-Time,8,76,Pro,Active
9586,2025-05-30,2025-12-11,51,Low,Medium,Low,Delayed,6,155,Enterprise,Active
9587,2023-07-17,2026-01-24,7,High,High,High,On-Time,9,11,Basic,Active
9588,2024-03-21,2025-12-25,37,High,High,Medium,On-Time,9,66,Pro,Active
9589,2024-01-25,2026-01-28,3,High,High,Low,On-Time,8,26,Basic,Active
9590,2025-05-16,2025-11-25,67,Low,Low,Low,On-Time,5,281,Enterprise,Active
9591,2024-07-12,2026-01-21,10,High,High,High,On-Time,8,29,Basic,Active
9592,2023-05-20,2025-12-27,35,High,Medium,Medium,On-Time,8,157,Enterprise,Active
9593,2025-03-20,2026-01-13,18,High,Medium,Low,On-Time,8,12,Basic,Active
9594,2024-03-10,2026-01-12,19,High,Medium,Low,On-Time,9,43,Pro,Active
9595,2023-10-15,2025-11-10,82,Low,Medium,Medium,Delayed,6,22,Basic,Active
9596,2024-02-16,2025-07-02,213,Low,Low,Low,Delayed,3,25,Basic,Cancelled
9597,2024-06-29,2026-01-30,1,High,Medium,Medium,On-Time,10,77,Pro,Active
9598,2024-01-11,2026-01-22,9,High,Medium,Medium,On-Time,7,46,Pro,Active
9599,2023-09-22,2026-01-26,5,Medium,High,Medium,On-Time,10,180,Enterprise,Active
9600,2024-03-12,2025-12-22,40,High,Medium,Low,On-Time,9,75,Pro,Active
9601,2023-01-21,2026-01-23,8,High,High,Medium,On-Time,10,63,Pro,Active
9602,2025-04-25,2026-01-18,13,High,High,Medium,On-Time,10,58,Pro,Active
9603,2023-07-07,2026-01-21,10,Medium,Medium,Low,On-Time,8,24,Basic,Active
9604,2023-02-18,2026-01-22,9,High,Medium,Low,On-Time,9,58,Pro,Active
9605,2024-12-16,2026-01-18,13,High,High,Low,On-Time,10,62,Pro,Active
9606,2025-04-27,2025-12-20,42,High,Medium,Low,On-Time,10,54,Pro,Active
9607,2025-06-10,2026-01-15,16,High,High,Medium,On-Time,10,23,Basic,Active
9608,2024-06-24,2025-12-21,41,High,High,Medium,On-Time,7,26,Basic,Active
9609,2023-08-13,2025-12-23,39,Medium,High,High,Delayed,8,12,Basic,Active
9610,2025-03-18,2025-10-25,98,Medium,Low,Medium,On-Time,6,18,Basic,Active
9611,2025-02-05,2026-01-24,7,Medium,Medium,Medium,On-Time,9,12,Basic,Active
9612,2023-09-27,2025-07-24,191,Low,Low,Low,Delayed,1,50,Pro,Cancelled
9613,2025-09-16,2025-11-23,69,Low,Low,Low,Delayed,5,68,Pro,Active
9614,2023-04-25,2025-11-16,76,Medium,Low,Low,Delayed,5,21,Basic,Active
9615,2025-12-12,2025-12-27,35,High,Medium,Low,On-Time,7,237,Enterprise,Active
9616,2025-07-30,2026-01-28,3,Medium,High,Medium,On-Time,8,13,Basic,Active
9617,2025-01-23,2025-12-24,38,Medium,High,Medium,On-Time,10,10,Basic,Active
9618,2025-10-24,2026-01-04,27,High,High,Low,On-Time,9,72,Pro,Active
9619,2025-03-01,2025-10-31,92,Low,Low,Low,Delayed,4,62,Pro,Active
9620,2023-07-28,2026-01-25,6,Medium,Medium,Low,On-Time,7,65,Pro,Active
9621,2024-04-29,2025-12-29,33,High,Medium,Low,Delayed,8,45,Pro,Active
9622,2023-03-20,2025-12-25,37,Medium,High,Low,On-Time,7,44,Pro,Active
9623,2024-03-02,2025-10-21,102,Low,Low,Low,Delayed,6,29,Basic,Active
9624,2025-03-23,2025-10-08,115,Medium,Low,Medium,Missed,6,26,Basic,Active
9625,2024-02-28,2025-12-21,41,High,High,Medium,On-Time,8,17,Basic,Active
9626,2023-12-28,2026-01-08,23,Medium,Medium,Low,Delayed,9,29,Basic,Active
9627,2024-10-13,2026-01-31,0,Medium,High,High,Delayed,7,13,Basic,Active
9628,2025-08-13,2025-05-20,256,Low,Low,Low,Delayed,5,74,Pro,Active
9629,2023-02-22,2026-01-19,12,Medium,Medium,High,On-Time,9,48,Pro,Active
9630,2024-02-27,2025-10-04,119,Medium,Low,Medium,Delayed,4,50,Pro,Active
9631,2023-06-23,2025-12-31,31,Medium,High,Low,On-Time,10,20,Basic,Active
9632,2025-01-31,2025-12-31,31,High,Medium,Low,On-Time,10,17,Basic,Active
9633,2023-04-26,2025-12-15,47,Low,Medium,High,Delayed,4,75,Pro,Active
9634,2024-12-28,2026-01-10,21,Medium,High,Low,On-Time,7,40,Pro,Active
9635,2023-11-10,2026-01-06,25,Medium,High,Medium,On-Time,10,69,Pro,Active
9636,2023-08-06,2026-01-19,12,Medium,High,Medium,On-Time,7,16,Basic,Active
9637,2025-10-22,2026-01-06,25,Medium,Medium,High,On-Time,7,19,Basic,Active
9638,2023-01-21,2025-12-28,34,Medium,High,Low,On-Time,10,16,Basic,Active
9639,2024-04-24,2025-12-23,39,High,High,High,On-Time,10,16,Basic,Active
9640,2023-01-24,2026-01-16,15,High,High,High,On-Time,10,27,Basic,Active
9641,2024-06-13,2025-12-26,36,High,Medium,Low,On-Time,10,13,Basic,Active
9642,2024-07-02,2026-01-19,12,Medium,High,Medium,On-Time,9,68,Pro,Active
9643,2023-12-19,2025-10-23,100,Low,Low,Low,Missed,7,238,Enterprise,Active
9644,2023-05-25,2026-01-12,19,Medium,Medium,Low,On-Time,7,15,Basic,Active
9645,2024-02-17,2025-12-19,43,High,Medium,Medium,Delayed,8,15,Basic,Active
9646,2025-01-06,2026-01-19,12,High,High,Medium,On-Time,7,11,Basic,Active
9647,2025-05-06,2026-01-13,18,High,Medium,Medium,On-Time,8,28,Basic,Active
9648,2024-08-04,2025-12-20,42,Medium,High,Medium,On-Time,9,15,Basic,Active
9649,2024-10-07,2025-12-21,41,Medium,Medium,Medium,On-Time,8,24,Basic,Active
9650,2023-08-08,2025-12-20,42,Medium,Medium,Low,On-Time,10,21,Basic,Active
9651,2023-11-11,2026-01-18,13,Medium,High,Medium,On-Time,7,26,Basic,Active
9652,2023-06-27,2025-11-10,82,Low,Low,Medium,On-Time,6,27,Basic,Active
9653,2023-09-30,2026-01-10,21,Medium,Medium,Low,On-Time,8,58,Pro,Active
9654,2023-09-04,2025-12-08,54,Medium,Low,Low,Delayed,6,288,Enterprise,Active
9655,2024-07-22,2025-06-10,235,Low,Low,Low,Missed,4,19,Basic,Cancelled
9656,2024-09-08,2026-01-27,4,High,High,High,Delayed,8,23,Basic,Active
9657,2025-10-31,2025-11-01,91,Medium,Low,Low,Missed,6,60,Pro,Active
9658,2023-08-03,2025-12-22,40,Medium,Medium,Low,Delayed,7,25,Basic,Active
9659,2024-12-03,2025-12-27,35,Medium,Medium,Medium,On-Time,10,76,Pro,Active
9660,2025-06-13,2026-01-10,21,High,High,High,On-Time,10,25,Basic,Active
9661,2024-09-05,2026-01-22,9,High,Medium,Low,On-Time,8,235,Enterprise,Active
9662,2023-10-07,2025-12-11,51,Medium,Low,Low,Missed,5,16,Basic,Active
9663,2023-10-15,2025-05-25,251,Low,Low,Low,Missed,3,55,Pro,Active
9664,2023-02-12,2026-01-27,4,Medium,Medium,Low,On-Time,7,21,Basic,Active
9665,2023-12-01,2026-01-11,20,Medium,Medium,Low,On-Time,8,25,Basic,Active
9666,2025-03-26,2026-01-26,5,High,High,Low,On-Time,7,52,Pro,Active
9667,2023-02-22,2026-01-03,28,Medium,Medium,Low,Delayed,10,17,Basic,Active
9668,2023-08-29,2025-12-20,42,High,Medium,High,Delayed,8,22,Basic,Active
9669,2025-02-12,2025-12-22,40,Medium,High,Medium,On-Time,7,12,Basic,Active
9670,2025-05-07,2025-07-09,206,Low,Low,Medium,Missed,5,15,Basic,Cancelled
9671,2024-05-13,2026-01-25,6,High,Medium,Low,On-Time,8,10,Basic,Active
9672,2025-02-03,2026-01-16,15,Medium,Medium,Medium,On-Time,8,17,Basic,Active
9673,2024-02-29,2025-10-27,96,Low,Low,Low,Delayed,6,221,Enterprise,Active
9674,2023-06-25,2025-11-22,70,Low,Medium,Low,Delayed,5,16,Basic,Active
9675,2024-03-11,2026-01-17,14,High,High,Medium,On-Time,9,20,Basic,Active
9676,2024-09-27,2025-12-19,43,Medium,High,Medium,On-Time,8,10,Basic,Active
9677,2025-11-04,2026-01-20,11,High,High,High,On-Time,7,25,Basic,Active
9678,2023-03-17,2026-01-31,0,High,High,Medium,On-Time,9,56,Pro,Active
9679,2024-07-09,2025-06-13,232,Low,Low,Medium,Delayed,4,24,Basic,Cancelled
9680,2023-12-27,2025-10-23,100,Low,Low,Low,On-Time,5,20,Basic,Active
9681,2024-07-10,2026-01-19,12,High,High,Medium,Delayed,8,13,Basic,Active
9682,2023-01-27,2026-01-10,21,High,High,High,On-Time,8,71,Pro,Active
9683,2023-12-09,2025-06-07,238,Low,Low,Medium,Missed,2,49,Pro,Cancelled
9684,2025-06-16,2025-12-24,38,High,High,Medium,On-Time,10,76,Pro,Active
9685,2024-08-29,2026-01-12,19,High,Medium,High,Delayed,7,16,Basic,Active
9686,2024-05-08,2025-11-18,74,Medium,Low,Low,On-Time,5,50,Pro,Active
9687,2023-11-09,2025-12-29,33,High,High,Medium,On-Time,8,22,Basic,Active
9688,2023-11-23,2026-01-06,25,High,Medium,Low,Delayed,10,11,Basic,Active
9689,2024-02-24,2025-12-26,36,High,Medium,Low,On-Time,7,26,Basic,Active
9690,2025-07-03,2025-12-22,40,Medium,Medium,Medium,On-Time,10,41,Pro,Active
9691,2025-11-25,2026-01-30,1,High,High,Low,On-Time,8,22,Basic,Active
9692,2024-04-25,2025-05-05,271,Low,Low,High,Missed,5,68,Pro,Cancelled
9693,2024-03-06,2025-12-20,42,High,Medium,Low,On-Time,10,40,Pro,Active
9694,2025-07-15,2025-11-11,81,Low,Low,Low,Delayed,5,78,Pro,Active
9695,2024-04-12,2025-12-25,37,High,High,Low,On-Time,9,44,Pro,Active
9696,2024-08-27,2026-01-14,17,High,High,High,On-Time,8,56,Pro,Active
9697,2023-09-10,2025-11-04,88,Medium,Low,Low,Delayed,4,283,Enterprise,Active
9698,2025-03-25,2025-07-16,199,Low,Low,Medium,Missed,1,69,Pro,Cancelled
9699,2024-08-05,2025-12-19,43,High,Medium,High,On-Time,10,17,Basic,Active
9700,2025-06-04,2026-01-24,7,High,Medium,Low,On-Time,7,21,Basic,Active
9701,2025-05-04,2026-01-21,10,Medium,High,Low,Delayed,8,74,Pro,Active
9702,2023-08-24,2025-12-06,56,Low,Medium,Low,On-Time,5,59,Pro,Active
9703,2025-02-22,2025-12-05,57,Low,Low,Low,Delayed,6,26,Basic,Active
9704,2025-05-26,2025-10-05,118,Medium,Medium,Low,On-Time,7,79,Pro,Active
9705,2024-01-14,2026-01-17,14,High,High,Low,On-Time,7,45,Pro,Active
9706,2023-07-09,2025-10-28,95,Low,Low,High,On-Time,4,282,Enterprise,Active
9707,2023-01-03,2026-01-31,0,High,High,Medium,On-Time,7,27,Basic,Active
9708,2024-05-08,2026-01-13,18,High,Medium,Medium,Delayed,9,15,Basic,Active
9709,2024-01-21,2026-01-01,30,Medium,Medium,High,On-Time,8,132,Enterprise,Active
9710,2024-08-30,2025-11-23,69,Low,Low,Low,On-Time,4,23,Basic,Active
9711,2023-07-25,2025-12-18,44,High,High,Medium,On-Time,7,21,Basic,Active
9712,2025-07-30,2025-10-29,94,Low,Low,Low,On-Time,6,48,Pro,Active
9713,2023-10-10,2026-01-08,23,Medium,Medium,Low,On-Time,9,21,Basic,Active
9714,2023-09-05,2025-04-28,278,Low,Low,Low,Missed,1,165,Enterprise,Cancelled
9715,2024-06-10,2025-05-23,253,Low,Low,Low,Delayed,5,56,Pro,Cancelled
9716,2024-06-30,2026-01-27,4,High,High,Medium,On-Time,8,18,Basic,Active
9717,2023-08-24,2025-12-21,41,High,High,Low,On-Time,10,16,Basic,Active
9718,2023-10-25,2026-01-23,8,Medium,High,Medium,On-Time,8,24,Basic,Active
9719,2023-07-05,2026-01-09,22,Medium,High,Low,On-Time,10,67,Pro,Active
9720,2025-02-25,2025-11-11,81,Medium,Low,Low,Delayed,7,17,Basic,Active
9721,2025-04-23,2026-01-28,3,High,Medium,Low,On-Time,7,17,Basic,Active
9722,2024-05-21,2025-09-27,126,Low,Low,Medium,Missed,3,63,Pro,Cancelled
9723,2025-02-20,2025-12-18,44,High,Medium,Low,On-Time,10,218,Enterprise,Active
9724,2025-03-16,2025-12-27,35,High,High,Medium,On-Time,10,70,Pro,Active
9725,2023-06-01,2025-12-26,36,Medium,Medium,Low,On-Time,10,257,Enterprise,Active
9726,2025-11-23,2025-12-03,59,Low,Medium,Low,On-Time,4,21,Basic,Active
9727,2025-06-18,2025-12-31,31,Medium,High,Low,Delayed,10,26,Basic,Active
9728,2023-08-12,2025-12-31,31,Medium,Medium,Medium,On-Time,10,218,Enterprise,Active
9729,2023-07-23,2025-12-20,42,High,Medium,Low,Delayed,7,12,Basic,Active
9730,2023-05-18,2026-01-31,0,Medium,High,Low,On-Time,8,64,Pro,Active
9731,2023-06-01,2026-01-04,27,Medium,High,Low,On-Time,7,14,Basic,Active
9732,2025-03-30,2025-08-25,159,Low,Low,Medium,Missed,5,19,Basic,Cancelled
9733,2024-05-29,2025-12-26,36,High,High,High,On-Time,9,25,Basic,Active
9734,2025-05-07,2026-01-24,7,High,High,Low,On-Time,7,20,Basic,Active
9735,2025-03-28,2026-01-10,21,Medium,High,Low,On-Time,7,44,Pro,Active
9736,2024-10-24,2026-01-30,1,Medium,High,Low,On-Time,10,24,Basic,Active
9737,2025-01-21,2025-07-07,208,Low,Low,High,Delayed,2,296,Enterprise,Cancelled
9738,2023-01-21,2025-12-24,38,Medium,Medium,Low,Delayed,7,69,Pro,Active
9739,2023-12-08,2026-01-31,0,High,Medium,High,On-Time,8,66,Pro,Active
9740,2024-11-29,2025-12-18,44,High,High,Low,On-Time,8,27,Basic,Active
9741,2023-01-11,2025-12-28,34,High,High,High,On-Time,8,66,Pro,Active
9742,2023-02-06,2026-01-17,14,Medium,Medium,High,On-Time,8,217,Enterprise,Active
9743,2025-07-21,2026-01-22,9,Medium,High,Low,On-Time,9,190,Enterprise,Active
9744,2025-01-19,2025-09-24,129,Low,Low,Medium,Missed,2,40,Pro,Cancelled
9745,2023-10-18,2025-10-09,114,Medium,Low,Medium,Missed,6,20,Basic,Active
9746,2025-01-23,2025-04-26,280,Low,Low,Low,Missed,5,143,Enterprise,Cancelled
9747,2025-05-17,2025-12-31,31,High,Medium,Low,On-Time,8,66,Pro,Active
9748,2023-12-02,2025-12-24,38,High,High,High,On-Time,9,43,Pro,Active
9749,2023-02-09,2025-11-12,80,Low,Medium,High,On-Time,6,27,Basic,Active
9750,2025-10-18,2025-12-24,38,Medium,Medium,High,Delayed,9,28,Basic,Active
9751,2024-01-13,2025-12-31,31,Medium,High,High,On-Time,7,24,Basic,Active
9752,2023-04-27,2026-01-01,30,High,Medium,Medium,On-Time,7,69,Pro,Active
9753,2024-06-22,2025-12-29,33,High,Medium,Low,On-Time,8,71,Pro,Active
9754,2025-04-21,2025-10-31,92,Medium,Low,Medium,Missed,7,24,Basic,Active
9755,2023-08-31,2026-01-07,24,High,High,Low,On-Time,9,60,Pro,Active
9756,2023-10-23,2025-05-24,252,Low,Low,Low,Delayed,3,44,Pro,Cancelled
9757,2023-09-23,2025-11-22,70,Low,Low,Medium,Delayed,6,29,Basic,Active
9758,2025-12-21,2025-12-25,37,High,Medium,Medium,On-Time,7,27,Basic,Active
9759,2023-08-05,2026-01-17,14,Medium,High,Medium,On-Time,8,15,Basic,Active
9760,2024-09-22,2025-12-26,36,Medium,Medium,Low,On-Time,9,64,Pro,Active
9761,2025-10-10,2025-10-31,92,Medium,Low,High,Delayed,4,12,Basic,Active
9762,2023-06-10,2025-10-07,116,Low,Low,Low,Delayed,4,58,Pro,Active
9763,2025-11-29,2025-12-27,35,Medium,Medium,Medium,On-Time,10,11,Basic,Active
9764,2025-11-03,2026-01-03,28,High,Medium,Low,On-Time,8,18,Basic,Active
9765,2025-08-26,2026-01-10,21,High,Medium,Medium,On-Time,9,20,Basic,Active
9766,2023-08-23,2025-12-18,44,High,High,Low,On-Time,9,22,Basic,Active
9767,2024-11-25,2025-11-10,82,Medium,Low,Low,Delayed,6,21,Basic,Active
9768,2025-04-13,2026-01-05,26,High,High,High,On-Time,8,44,Pro,Active
9769,2025-12-15,2026-01-18,13,Medium,Medium,High,On-Time,8,41,Pro,Active
9770,2023-07-17,2025-12-21,41,Medium,Medium,Medium,On-Time,9,68,Pro,Active
9771,2025-04-18,2025-06-28,217,Low,Low,Low,Delayed,4,79,Pro,Cancelled
9772,2024-01-06,2025-11-08,84,Low,Low,Medium,Delayed,6,21,Basic,Active
9773,2023-07-12,2025-12-30,32,High,High,Low,Delayed,10,26,Basic,Active
9774,2024-04-06,2025-12-23,39,High,High,Medium,Delayed,8,135,Enterprise,Active
9775,2025-05-19,2025-12-27,35,Medium,High,Low,On-Time,9,27,Basic,Active
9776,2024-05-24,2026-01-24,7,High,Medium,Low,On-Time,9,19,Basic,Active
9777,2024-08-11,2025-12-27,35,High,Medium,Medium,On-Time,9,207,Enterprise,Active
9778,2025-12-25,2025-12-28,34,Medium,Medium,Low,On-Time,8,19,Basic,Active
9779,2024-03-13,2025-05-15,261,Low,Low,Medium,Missed,4,197,Enterprise,Active
9780,2024-11-04,2025-12-30,32,High,Medium,Low,On-Time,9,50,Pro,Active
9781,2024-02-04,2026-01-03,28,Medium,High,Medium,On-Time,7,190,Enterprise,Active
9782,2024-03-06,2025-12-21,41,Medium,High,Low,Delayed,10,79,Pro,Active
9783,2025-01-31,2025-10-13,110,Low,Low,Medium,Missed,5,21,Basic,Active
9784,2025-10-23,2025-12-29,33,Medium,Medium,Low,On-Time,8,71,Pro,Active
9785,2024-08-16,2025-12-20,42,High,Medium,Low,On-Time,9,21,Basic,Active
9786,2025-04-21,2026-01-08,23,Medium,Medium,Low,On-Time,7,23,Basic,Active
9787,2023-04-08,2025-12-16,46,Medium,Low,Medium,Missed,7,25,Basic,Active
9788,2023-08-20,2025-11-15,77,Low,Low,Low,Missed,5,11,Basic,Active
9789,2024-07-03,2025-06-07,238,Low,Low,Low,Missed,5,18,Basic,Cancelled
9790,2023-01-22,2025-10-31,92,Low,Low,Low,Delayed,6,23,Basic,Active
9791,2023-10-04,2026-01-15,16,Medium,High,Low,On-Time,10,287,Enterprise,Active
9792,2024-07-20,2026-01-22,9,High,High,Low,On-Time,9,18,Basic,Active
9793,2023-01-17,2026-01-12,19,Medium,Medium,Low,On-Time,7,204,Enterprise,Active
9794,2023-10-17,2026-01-01,30,High,High,Low,On-Time,7,26,Basic,Active
9795,2024-07-16,2026-01-25,6,High,High,Medium,Delayed,7,40,Pro,Active
9796,2024-09-19,2026-01-24,7,High,High,Low,On-Time,8,25,Basic,Active
9797,2025-10-10,2026-01-19,12,High,High,Low,Delayed,8,43,Pro,Active
9798,2024-12-07,2026-01-08,23,Medium,High,Medium,On-Time,8,49,Pro,Active
9799,2024-03-30,2025-06-13,232,Low,Low,Medium,Missed,5,23,Basic,Cancelled
9800,2025-10-15,2026-01-23,8,Medium,High,Low,Delayed,8,28,Basic,Active
9801,2025-05-09,2025-11-15,77,Medium,Medium,Medium,On-Time,4,65,Pro,Active
9802,2023-08-08,2026-01-25,6,High,Medium,Low,On-Time,7,19,Basic,Active
9803,2023-05-24,2025-05-20,256,Low,Low,Medium,Delayed,3,25,Basic,Active
9804,2025-01-10,2026-01-09,22,Medium,Medium,Low,On-Time,9,15,Basic,Active
9805,2024-09-05,2025-12-30,32,Medium,High,High,On-Time,9,12,Basic,Active
9806,2025-05-14,2026-01-30,1,Medium,High,Medium,Delayed,9,10,Basic,Active
9807,2025-03-19,2025-08-04,180,Low,Low,Low,Delayed,5,65,Pro,Cancelled
9808,2024-11-15,2025-06-30,215,Low,Low,Low,Missed,4,277,Enterprise,Cancelled
9809,2025-12-16,2026-01-18,13,High,Medium,Medium,On-Time,9,26,Basic,Active
9810,2024-08-07,2026-01-10,21,High,High,Low,On-Time,9,29,Basic,Active
9811,2023-05-04,2025-07-19,196,Low,Low,Low,Delayed,3,21,Basic,Cancelled
9812,2025-06-25,2025-11-27,65,Medium,Medium,Low,Delayed,7,13,Basic,Active
9813,2023-10-03,2026-01-18,13,High,High,Low,On-Time,8,62,Pro,Active
9814,2025-05-01,2025-11-26,66,Low,Medium,Low,On-Time,7,27,Basic,Active
9815,2025-11-14,2026-01-23,8,Medium,High,Medium,On-Time,10,18,Basic,Active
9816,2025-02-01,2026-01-17,14,Medium,Medium,Medium,On-Time,8,10,Basic,Active
9817,2024-10-14,2025-12-29,33,High,Medium,Medium,Delayed,8,72,Pro,Active
9818,2024-05-19,2026-01-18,13,High,High,Low,On-Time,8,160,Enterprise,Active
9819,2024-02-04,2025-12-31,31,High,Medium,Medium,On-Time,8,27,Basic,Active
9820,2024-01-22,2026-01-14,17,High,Medium,High,On-Time,10,73,Pro,Active
9821,2024-11-27,2026-01-15,16,Medium,Medium,Low,On-Time,7,24,Basic,Active
9822,2025-04-02,2025-12-18,44,High,Medium,Medium,On-Time,9,22,Basic,Active
9823,2025-01-12,2026-01-31,0,High,Medium,Medium,On-Time,9,45,Pro,Active
9824,2023-08-06,2025-10-27,96,Low,Medium,Medium,Missed,6,26,Basic,Active
9825,2024-06-24,2025-06-11,234,Low,Low,Low,Delayed,2,14,Basic,Cancelled
9826,2025-05-16,2026-01-17,14,High,Medium,Low,Delayed,9,67,Pro,Active
9827,2024-06-04,2025-11-17,75,Low,Medium,Low,Missed,7,17,Basic,Active
9828,2024-08-10,2025-05-02,274,Low,Low,Low,Missed,3,156,Enterprise,Cancelled
9829,2025-04-24,2026-01-06,25,High,Medium,High,Delayed,8,27,Basic,Active
9830,2024-12-25,2025-12-18,44,High,Medium,Low,Delayed,9,17,Basic,Active
9831,2024-03-24,2025-12-24,38,Medium,Medium,Medium,On-Time,7,13,Basic,Active
9832,2025-09-07,2025-12-25,37,High,Medium,Medium,On-Time,10,67,Pro,Active
9833,2023-06-28,2026-01-01,30,High,Medium,Low,On-Time,8,77,Pro,Active
9834,2025-12-26,2026-01-16,15,Medium,High,High,On-Time,7,45,Pro,Active
9835,2023-05-11,2026-01-23,8,Medium,Medium,Medium,On-Time,9,46,Pro,Active
9836,2023-01-17,2025-12-18,44,Medium,Medium,Low,On-Time,7,24,Basic,Active
9837,2025-09-01,2026-01-30,1,Medium,Medium,Low,On-Time,7,20,Basic,Active
9838,2023-09-26,2026-01-03,28,Medium,Medium,Low,Delayed,10,65,Pro,Active
9839,2025-03-10,2025-06-20,225,Low,Low,Low,Missed,3,20,Basic,Cancelled
9840,2025-06-07,2025-12-23,39,Medium,Medium,Low,Delayed,8,78,Pro,Active
9841,2025-07-29,2025-12-29,33,High,High,Medium,On-Time,7,18,Basic,Active
9842,2025-12-21,2026-01-24,7,High,Medium,Low,On-Time,9,14,Basic,Active
9843,2023-11-18,2025-10-10,113,Low,Low,Medium,On-Time,4,23,Basic,Active
9844,2025-02-16,2026-01-05,26,High,High,Low,On-Time,9,285,Enterprise,Active
9845,2023-05-07,2026-01-25,6,High,High,Low,On-Time,8,62,Pro,Active
9846,2024-03-21,2025-12-29,33,High,High,Low,Delayed,8,66,Pro,Active
9847,2025-07-17,2025-12-26,36,High,High,High,On-Time,8,53,Pro,Active
9848,2024-02-07,2026-01-19,12,Medium,Medium,Low,On-Time,8,14,Basic,Active
9849,2024-10-09,2025-10-12,111,Low,Low,Medium,Delayed,6,16,Basic,Active
9850,2024-07-05,2025-12-04,58,Medium,Low,Low,Delayed,7,22,Basic,Active
9851,2024-12-08,2026-01-11,20,Medium,High,Low,Delayed,7,18,Basic,Active
9852,2025-12-01,2025-10-04,119,Low,Low,Medium,Delayed,6,76,Pro,Active
9853,2023-03-03,2025-10-26,97,Low,Low,High,Missed,6,55,Pro,Active
9854,2024-09-20,2026-01-23,8,Medium,Medium,Medium,On-Time,10,47,Pro,Active
9855,2025-08-03,2026-01-31,0,Medium,High,Medium,On-Time,10,21,Basic,Active
9856,2024-06-11,2026-01-18,13,High,Medium,Low,On-Time,10,29,Basic,Active
9857,2023-03-27,2025-12-26,36,High,High,Low,On-Time,10,57,Pro,Active
9858,2024-09-05,2026-01-28,3,High,High,Low,On-Time,9,10,Basic,Active
9859,2023-12-30,2025-12-12,50,Medium,Medium,Low,Delayed,6,25,Basic,Active
9860,2023-06-19,2026-01-29,2,High,High,Low,On-Time,10,76,Pro,Active
9861,2025-07-18,2026-01-03,28,Medium,Medium,Low,On-Time,9,25,Basic,Active
9862,2024-07-25,2025-12-23,39,High,Medium,Low,On-Time,10,214,Enterprise,Active
9863,2025-10-18,2026-01-21,10,High,High,Medium,On-Time,8,25,Basic,Active
9864,2025-06-01,2026-01-13,18,High,Medium,Low,On-Time,9,20,Basic,Active
9865,2025-01-28,2025-10-18,105,Low,Medium,Low,Delayed,4,50,Pro,Active
9866,2023-01-06,2026-01-22,9,High,Medium,Medium,On-Time,9,25,Basic,Active
9867,2024-04-13,2025-12-31,31,High,High,High,On-Time,8,69,Pro,Active
9868,2023-08-05,2026-01-11,20,High,High,Medium,On-Time,10,71,Pro,Active
9869,2025-09-24,2026-01-12,19,High,High,Low,Delayed,7,245,Enterprise,Active
9870,2023-07-11,2026-01-08,23,Medium,High,Low,On-Time,7,41,Pro,Active
9871,2023-11-10,2026-01-21,10,High,Medium,Low,On-Time,7,215,Enterprise,Active
9872,2024-07-19,2026-01-16,15,High,Medium,Low,On-Time,9,75,Pro,Active
9873,2023-10-16,2026-01-25,6,High,High,Low,Delayed,8,11,Basic,Active
9874,2023-08-18,2025-11-23,69,Medium,Medium,Low,Delayed,7,25,Basic,Active
9875,2024-10-18,2025-12-28,34,Medium,Medium,Low,On-Time,9,49,Pro,Active
9876,2023-04-08,2026-01-08,23,Medium,Medium,Low,On-Time,8,25,Basic,Active
9877,2023-03-05,2025-05-06,270,Low,Low,Low,Delayed,3,19,Basic,Cancelled
9878,2024-02-12,2025-12-24,38,High,High,Medium,On-Time,7,61,Pro,Active
9879,2025-02-28,2025-12-30,32,Medium,High,Low,On-Time,9,71,Pro,Active
9880,2024-08-30,2026-01-09,22,Medium,Medium,Low,On-Time,9,192,Enterprise,Active
9881,2024-04-08,2025-04-09,297,Low,Low,Medium,Missed,1,28,Basic,Cancelled
9882,2024-09-11,2025-05-25,251,Low,Low,Medium,Missed,1,27,Basic,Cancelled
9883,2024-02-05,2025-12-01,61,Low,Low,Low,On-Time,6,79,Pro,Active
9884,2025-10-22,2025-12-30,32,High,High,Low,On-Time,8,18,Basic,Active
9885,2023-03-02,2025-12-22,40,High,Medium,Medium,On-Time,7,24,Basic,Active
9886,2025-01-07,2025-11-11,81,Medium,Low,Medium,Delayed,5,29,Basic,Active
9887,2025-09-02,2025-11-04,88,Low,Low,Low,On-Time,4,21,Basic,Active
9888,2025-05-30,2025-05-26,250,Low,Low,Low,Delayed,3,66,Pro,Cancelled
9889,2023-07-21,2025-12-23,39,High,High,Medium,On-Time,10,75,Pro,Active
9890,2023-11-21,2025-09-20,133,Low,Low,Low,Missed,2,14,Basic,Active
9891,2025-02-24,2025-08-17,167,Low,Low,Low,Delayed,2,62,Pro,Cancelled
9892,2023-04-03,2025-10-24,99,Low,Low,Medium,Delayed,4,53,Pro,Active
9893,2025-06-07,2026-01-15,16,High,High,Low,On-Time,10,148,Enterprise,Active
9894,2025-02-26,2025-10-24,99,Low,Low,Low,Missed,4,24,Basic,Active
9895,2025-03-09,2025-07-14,201,Low,Low,Medium,Missed,3,25,Basic,Cancelled
9896,2023-04-20,2026-01-31,0,High,High,Medium,On-Time,7,273,Enterprise,Active
9897,2025-02-24,2026-01-30,1,Medium,High,Low,On-Time,7,10,Basic,Active
9898,2025-01-14,2025-06-23,222,Low,Low,High,Missed,3,58,Pro,Cancelled
9899,2025-06-28,2026-01-31,0,Medium,Medium,Low,On-Time,9,13,Basic,Active
9900,2023-02-15,2026-01-03,28,Medium,High,Medium,On-Time,7,11,Basic,Active
9901,2023-01-26,2025-05-20,256,Low,Low,Medium,Delayed,2,44,Pro,Cancelled
9902,2024-02-13,2025-11-10,82,Medium,Medium,Medium,Missed,7,43,Pro,Active
9903,2023-06-12,2026-01-15,16,Medium,High,Low,On-Time,9,69,Pro,Active
9904,2024-09-03,2025-12-09,53,Low,Low,Low,On-Time,4,14,Basic,Active
9905,2025-10-01,2026-01-14,17,High,Medium,Medium,On-Time,8,12,Basic,Active
9906,2024-03-04,2026-01-07,24,Medium,Medium,Medium,On-Time,10,27,Basic,Active
9907,2025-07-14,2025-10-30,93,Low,Low,Low,On-Time,7,46,Pro,Active
9908,2023-01-01,2026-01-11,20,High,Medium,Medium,On-Time,10,28,Basic,Active
9909,2023-07-04,2025-12-26,36,High,High,Medium,On-Time,8,60,Pro,Active
9910,2023-02-03,2025-07-19,196,Low,Low,Low,Missed,4,20,Basic,Cancelled
9911,2023-12-26,2025-11-03,89,Low,Low,High,Delayed,7,57,Pro,Active
9912,2025-09-21,2026-01-06,25,Medium,Medium,Low,On-Time,9,25,Basic,Active
9913,2023-04-17,2026-01-13,18,Medium,Medium,Low,On-Time,9,10,Basic,Active
9914,2024-10-26,2025-12-18,44,Medium,High,Low,On-Time,10,61,Pro,Active
9915,2024-05-09,2025-12-23,39,Medium,High,High,Delayed,8,51,Pro,Active
9916,2025-10-24,2026-01-06,25,Medium,High,Low,Delayed,7,60,Pro,Active
9917,2023-05-15,2025-11-09,83,Low,Low,Medium,Delayed,5,61,Pro,Active
9918,2023-08-21,2026-01-21,10,High,Medium,Medium,On-Time,10,13,Basic,Active
9919,2023-02-02,2026-01-20,11,High,High,Low,Delayed,8,27,Basic,Active
9920,2024-04-20,2025-12-25,37,Medium,High,Low,On-Time,8,64,Pro,Active
9921,2023-11-01,2026-01-15,16,Medium,High,Low,On-Time,10,42,Pro,Active
9922,2025-08-10,2025-12-27,35,High,High,Low,On-Time,10,222,Enterprise,Active
9923,2024-10-24,2025-12-28,34,Medium,High,Medium,Delayed,7,27,Basic,Active
9924,2024-11-03,2026-01-22,9,High,Medium,High,On-Time,7,65,Pro,Active
9925,2024-08-05,2025-11-06,86,Medium,Low,High,Missed,6,14,Basic,Active
9926,2023-04-11,2025-11-22,70,Low,Low,Low,Delayed,7,24,Basic,Active
9927,2024-05-02,2026-01-05,26,Medium,High,Medium,On-Time,9,12,Basic,Active
9928,2025-12-30,2025-12-31,31,Medium,High,Medium,On-Time,7,53,Pro,Active
9929,2025-07-03,2026-01-27,4,High,High,Medium,On-Time,7,21,Basic,Active
9930,2025-09-05,2025-07-26,189,Low,Low,Low,Missed,2,22,Basic,Cancelled
9931,2025-06-20,2026-01-22,9,Medium,Medium,Low,On-Time,10,11,Basic,Active
9932,2023-04-23,2026-01-29,2,High,Medium,High,Delayed,9,16,Basic,Active
9933,2023-09-07,2026-01-10,21,Medium,High,Medium,On-Time,10,26,Basic,Active
9934,2023-01-04,2026-01-12,19,High,High,Medium,On-Time,9,58,Pro,Active
9935,2023-11-29,2026-01-10,21,Medium,Medium,Medium,Delayed,10,74,Pro,Active
9936,2023-04-29,2026-01-27,4,Medium,High,Low,Delayed,9,70,Pro,Active
9937,2024-06-01,2025-11-28,64,Low,Medium,Medium,Delayed,5,50,Pro,Active
9938,2025-01-11,2025-12-30,32,Medium,Medium,Low,Delayed,7,16,Basic,Active
9939,2025-08-15,2025-10-19,104,Low,Medium,Low,Delayed,7,12,Basic,Active
9940,2025-03-31,2025-12-24,38,Medium,Medium,Low,On-Time,8,21,Basic,Active
9941,2025-10-24,2025-11-22,70,Medium,Low,Low,Delayed,7,61,Pro,Active
9942,2023-03-01,2026-01-01,30,Medium,High,Medium,On-Time,9,56,Pro,Active
9943,2023-01-14,2026-01-31,0,High,High,Medium,On-Time,10,18,Basic,Active
9944,2024-12-25,2026-01-08,23,High,High,Medium,On-Time,9,11,Basic,Active
9945,2023-11-13,2025-10-01,122,Low,Low,Low,Missed,5,44,Pro,Cancelled
9946,2023-10-05,2025-12-18,44,Medium,Medium,High,On-Time,7,51,Pro,Active
9947,2023-12-29,2025-12-18,44,High,Medium,Medium,On-Time,8,59,Pro,Active
9948,2023-10-23,2025-12-20,42,High,Medium,Low,Delayed,9,28,Basic,Active
9949,2024-07-14,2025-10-28,95,Medium,Low,Low,Delayed,6,237,Enterprise,Active
9950,2024-04-26,2025-12-19,43,Medium,Medium,Medium,Delayed,10,45,Pro,Active
9951,2024-07-15,2025-10-30,93,Medium,Medium,Low,Delayed,6,14,Basic,Active
9952,2025-01-06,2026-01-22,9,High,Medium,Low,On-Time,9,13,Basic,Active
9953,2024-02-28,2026-01-31,0,High,High,Medium,On-Time,8,49,Pro,Active
9954,2023-10-03,2025-12-23,39,Medium,High,Low,On-Time,7,56,Pro,Active
9955,2023-07-01,2026-01-31,0,High,High,Medium,On-Time,10,17,Basic,Active
9956,2024-01-18,2026-01-18,13,Medium,High,Medium,On-Time,8,249,Enterprise,Active
9957,2025-03-23,2025-08-24,160,Low,Low,Low,Missed,5,54,Pro,Cancelled
9958,2025-04-08,2026-01-16,15,High,High,Low,Delayed,7,10,Basic,Active
9959,2024-12-31,2025-12-24,38,Medium,Medium,High,On-Time,8,41,Pro,Active
9960,2023-09-14,2025-12-18,44,High,High,Low,On-Time,7,13,Basic,Active
9961,2024-10-05,2025-11-19,73,Low,Medium,Medium,Missed,4,22,Basic,Active
9962,2024-09-16,2025-07-16,199,Low,Low,High,Missed,3,56,Pro,Cancelled
9963,2024-06-14,2026-01-19,12,Medium,High,Low,On-Time,10,29,Basic,Active
9964,2024-08-25,2025-04-14,292,Low,Low,Medium,Missed,4,60,Pro,Cancelled
9965,2024-06-22,2025-08-04,180,Low,Low,Medium,Missed,2,12,Basic,Active
9966,2024-09-11,2026-01-08,23,High,High,Low,On-Time,8,14,Basic,Active
9967,2025-02-22,2025-12-14,48,Medium,Low,Medium,Delayed,5,10,Basic,Active
9968,2023-05-01,2026-01-08,23,Medium,High,Low,On-Time,10,26,Basic,Active
9969,2025-03-31,2026-01-03,28,High,High,Low,On-Time,10,13,Basic,Active
9970,2023-05-29,2025-05-16,260,Low,Low,Medium,Delayed,2,72,Pro,Cancelled
9971,2023-03-14,2025-12-26,36,Medium,Medium,Medium,On-Time,8,27,Basic,Active
9972,2025-12-04,2026-01-08,23,High,Medium,Low,On-Time,10,53,Pro,Active
9973,2025-11-13,2025-07-11,204,Low,Low,High,Delayed,3,28,Basic,Cancelled
9974,2023-03-08,2025-06-08,237,Low,Low,High,Missed,2,23,Basic,Cancelled
9975,2024-04-30,2025-09-27,126,Low,Low,Low,Delayed,4,21,Basic,Cancelled
9976,2023-07-23,2026-01-01,30,Medium,High,High,On-Time,8,14,Basic,Active
9977,2024-06-15,2026-01-16,15,High,Medium,Low,Delayed,7,12,Basic,Active
9978,2025-06-28,2026-01-24,7,High,Medium,Medium,On-Time,9,52,Pro,Active
9979,2025-11-06,2026-01-14,17,Medium,Medium,Medium,On-Time,9,17,Basic,Active
9980,2024-11-25,2026-01-01,30,High,Medium,Low,On-Time,8,50,Pro,Active
9981,2024-01-23,2025-10-18,105,Low,Low,Medium,Delayed,7,43,Pro,Active
9982,2024-10-22,2025-10-12,111,Low,Low,Low,On-Time,4,20,Basic,Active
9983,2023-12-08,2026-01-22,9,High,Medium,Medium,On-Time,10,77,Pro,Active
9984,2025-09-23,2026-01-02,29,High,Medium,Low,On-Time,8,24,Basic,Active
9985,2025-08-11,2025-10-11,112,Medium,Low,Medium,Delayed,7,78,Pro,Active
9986,2024-09-03,2025-12-24,38,Medium,Medium,Medium,Delayed,10,17,Basic,Active
9987,2023-12-22,2025-12-18,44,Medium,Medium,Medium,On-Time,7,28,Basic,Active
9988,2023-11-18,2025-10-16,107,Low,Low,Medium,Delayed,5,10,Basic,Active
9989,2023-02-06,2025-12-18,44,High,Medium,Low,Delayed,9,19,Basic,Active
9990,2025-06-12,2025-08-22,162,Low,Low,Low,Delayed,2,15,Basic,Cancelled
9991,2024-05-08,2026-01-19,12,High,Medium,Low,On-Time,8,44,Pro,Active
9992,2023-12-23,2025-11-23,69,Medium,Low,High,Delayed,7,74,Pro,Active
9993,2024-05-30,2025-12-31,31,High,Medium,Low,On-Time,10,64,Pro,Active
9994,2025-06-15,2025-10-09,114,Low,Low,Low,Delayed,6,277,Enterprise,Active
9995,2023-05-17,2025-10-22,101,Low,Low,Medium,Missed,4,288,Enterprise,Active
9996,2025-07-28,2026-01-05,26,High,High,Medium,On-Time,9,68,Pro,Active
9997,2025-09-09,2025-12-20,42,Medium,Medium,Medium,On-Time,10,22,Basic,Active
9998,2025-11-02,2026-01-02,29,High,Medium,Medium,On-Time,10,14,Basic,Active
9999,2024-03-11,2025-07-18,197,Low,Low,High,Missed,4,60,Pro,Cancelled
10000,2023-08-26,2026-01-29,2,High,Medium,Low,On-Time,10,26,Basic,Active
