customer_id,signup_date,last_login_date,days_since_last_login,engagement_bucket,usage_bucket,support_bucket,payment_history,customer_satisfaction_score,monthly_revenue,plan_type,subscription_status
1,2025-09-13,2026-01-30,13,Medium,Medium,Low,Delayed,10,41,Pro,Active
2,2025-02-24,2025-11-11,93,Low,Medium,Medium,Delayed,5,12,Basic,Active
3,2025-04-20,2026-02-01,11,High,High,Low,Delayed,7,25,Basic,Active
4,2025-12-22,2025-12-23,51,Medium,Medium,Medium,On-Time,5,80,Pro,Active
5,2025-11-21,2025-10-25,110,Low,Medium,Medium,Delayed,5,24,Basic,Cancelled
6,2024-08-29,2025-12-21,53,Medium,Medium,Low,Delayed,8,16,Basic,Active
7,2024-10-17,2026-01-11,32,Medium,Medium,Low,Delayed,8,52,Pro,Active
8,2025-08-20,2025-11-21,83,Medium,Low,High,Delayed,5,24,Basic,Active
9,2024-10-12,2026-01-13,30,High,Medium,Low,On-Time,9,67,Pro,Active
10,2025-12-04,2025-06-26,231,Low,Low,High,Delayed,3,12,Basic,Cancelled
11,2025-07-30,2025-11-01,103,Low,Low,High,Delayed,6,21,Basic,Active
12,2025-03-05,2025-11-16,88,Low,Medium,High,Delayed,6,50,Pro,Active
13,2024-09-13,2026-01-12,31,Medium,Low,Medium,On-Time,5,63,Pro,Active
14,2025-07-01,2025-12-25,49,Medium,Medium,Low,On-Time,8,73,Pro,Active
15,2025-07-10,2026-01-31,12,High,High,Medium,On-Time,8,22,Basic,Active
16,2024-10-03,2025-12-26,48,Medium,Low,Medium,On-Time,7,171,Enterprise,Active
17,2025-11-12,2025-09-10,155,Low,Low,High,Missed,4,294,Enterprise,Cancelled
18,2024-09-05,2025-07-25,202,Low,Low,High,Delayed,3,160,Enterprise,Cancelled
19,2025-01-14,2025-12-21,53,Low,Low,Medium,On-Time,5,55,Pro,Cancelled
20,2024-12-05,2025-11-12,92,Low,Low,Medium,Missed,4,19,Basic,Cancelled
21,2025-06-24,2025-12-21,53,Low,Medium,Medium,Delayed,5,12,Basic,Active
22,2025-05-28,2026-01-29,14,Medium,High,Medium,On-Time,8,48,Pro,Active
23,2025-06-06,2026-01-27,16,Medium,High,Low,On-Time,8,17,Basic,Active
24,2025-07-20,2025-12-27,47,Low,Low,Low,Delayed,7,27,Basic,Active
25,2025-11-27,2026-01-27,16,Medium,High,Low,On-Time,9,76,Pro,Active
26,2025-12-23,2026-01-17,26,Medium,High,Medium,On-Time,9,76,Pro,Active
27,2025-06-14,2025-11-04,100,Medium,Low,High,Delayed,5,65,Pro,Active
28,2025-08-14,2026-01-29,14,High,High,Low,On-Time,8,14,Basic,Active
29,2025-08-06,2026-01-16,27,Medium,Medium,Medium,Delayed,8,72,Pro,Active
30,2025-04-01,2026-02-09,3,High,High,Low,On-Time,7,22,Basic,Active
31,2024-10-28,2025-12-24,50,Medium,Low,Medium,Delayed,7,26,Basic,Active
32,2025-05-19,2025-06-09,248,Low,Low,High,Missed,1,249,Enterprise,Cancelled
33,2025-05-24,2026-01-05,38,Medium,Medium,Low,On-Time,8,13,Basic,Active
34,2025-06-07,2025-12-05,69,Medium,Medium,High,Delayed,6,63,Pro,Active
35,2025-04-05,2025-11-25,79,Low,Low,High,Delayed,3,21,Basic,Active
36,2024-12-03,2026-01-02,41,Medium,Medium,Low,Delayed,8,14,Basic,Active
37,2025-01-13,2026-01-02,41,Low,Medium,Low,Delayed,6,50,Pro,Active
38,2025-06-26,2025-12-24,50,Low,Medium,Low,Delayed,8,10,Basic,Active
39,2025-07-09,2026-02-02,10,Medium,Medium,Low,On-Time,7,56,Pro,Active
40,2024-09-05,2026-01-23,20,Medium,Medium,Low,On-Time,10,30,Basic,Active
41,2025-01-09,2025-11-04,100,Medium,Low,High,Delayed,3,23,Basic,Active
42,2025-10-28,2025-07-01,226,Low,Low,High,Missed,4,135,Enterprise,Cancelled
43,2025-01-17,2026-01-08,35,Medium,Medium,Medium,On-Time,8,27,Basic,Active
44,2025-07-22,2025-12-26,48,Medium,Low,Medium,Delayed,7,17,Basic,Active
45,2025-08-24,2025-12-26,48,Medium,Low,Medium,Delayed,6,25,Basic,Active
46,2025-07-19,2025-11-08,96,Medium,Medium,Medium,Delayed,6,21,Basic,Cancelled
47,2024-09-12,2025-10-25,110,Medium,Low,Medium,Missed,5,70,Pro,Cancelled
48,2025-09-26,2025-08-24,172,Low,Low,High,Missed,3,29,Basic,Cancelled
49,2024-12-30,2025-11-06,98,Low,Low,High,Delayed,4,25,Basic,Active
50,2025-11-23,2025-04-23,295,Low,Low,High,Missed,2,25,Basic,Cancelled
51,2025-05-14,2026-01-23,20,High,Medium,Low,On-Time,7,54,Pro,Active
52,2025-04-15,2026-01-20,23,Medium,Medium,Medium,On-Time,8,129,Enterprise,Active
53,2024-08-21,2025-12-17,57,Medium,Medium,Medium,Delayed,7,28,Basic,Cancelled
54,2025-03-11,2026-02-09,3,Medium,High,Low,On-Time,10,154,Enterprise,Active
55,2024-11-04,2026-01-27,16,High,High,Low,On-Time,10,51,Pro,Active
56,2026-01-06,2025-10-27,108,Low,Low,High,Delayed,6,45,Pro,Cancelled
57,2025-06-22,2025-04-26,292,Low,Low,Medium,Delayed,4,17,Basic,Cancelled
58,2026-01-10,2025-08-09,187,Low,Low,Medium,Missed,3,197,Enterprise,Cancelled
59,2025-03-21,2025-10-28,107,Low,Low,Medium,Delayed,3,26,Basic,Active
60,2024-09-28,2026-01-15,28,Medium,Medium,Low,On-Time,9,17,Basic,Active
61,2025-09-23,2026-01-13,30,High,High,Medium,On-Time,10,70,Pro,Active
62,2024-12-22,2026-01-26,17,Medium,Medium,Medium,On-Time,7,73,Pro,Active
63,2025-01-18,2026-02-01,11,High,High,Low,On-Time,8,49,Pro,Active
64,2025-10-21,2026-02-02,10,Medium,High,Low,On-Time,10,26,Basic,Active
65,2025-05-30,2026-01-18,25,High,High,Low,On-Time,10,59,Pro,Active
66,2025-01-08,2026-01-12,31,Medium,Low,Medium,On-Time,5,74,Pro,Active
67,2024-08-23,2026-02-11,1,Medium,High,Medium,On-Time,10,14,Basic,Active
68,2024-12-17,2025-05-03,285,Low,Low,High,Missed,4,22,Basic,Cancelled
69,2025-05-29,2025-12-16,58,Low,Medium,Low,Delayed,6,15,Basic,Active
70,2024-08-23,2026-01-26,17,High,High,Medium,Delayed,7,238,Enterprise,Active
71,2025-02-03,2026-01-20,23,High,High,Medium,On-Time,9,16,Basic,Active
72,2024-09-21,2025-09-16,149,Low,Low,Medium,Missed,1,12,Basic,Cancelled
73,2025-11-23,2025-05-15,273,Low,Low,Medium,Missed,1,11,Basic,Cancelled
74,2025-06-22,2025-12-29,45,Medium,Medium,Medium,On-Time,7,267,Enterprise,Active
75,2025-08-03,2025-05-20,268,Low,Low,High,Missed,3,14,Basic,Cancelled
76,2024-08-27,2025-12-22,52,Medium,Medium,Low,On-Time,6,25,Basic,Active
77,2025-12-20,2025-11-21,83,Medium,Medium,High,Delayed,6,15,Basic,Active
78,2024-12-23,2025-12-26,48,Medium,Low,Low,Delayed,8,66,Pro,Cancelled
79,2025-04-03,2025-11-10,94,Low,Low,Medium,Missed,6,16,Basic,Cancelled
80,2025-12-18,2026-01-04,39,Medium,Low,Low,On-Time,6,205,Enterprise,Active
81,2025-08-11,2025-10-11,124,Low,Low,Medium,Missed,1,70,Pro,Cancelled
82,2024-10-02,2026-02-05,7,Medium,Medium,Low,On-Time,9,64,Pro,Active
83,2025-05-20,2026-01-26,17,Medium,High,Low,Delayed,10,25,Basic,Active
84,2024-12-20,2026-01-17,26,High,High,Low,On-Time,8,41,Pro,Active
85,2025-09-02,2026-01-26,17,Medium,High,Low,On-Time,9,28,Basic,Active
86,2024-11-13,2026-02-05,7,High,Medium,Low,On-Time,10,284,Enterprise,Active
87,2024-12-31,2026-01-28,15,High,Medium,Low,On-Time,10,27,Basic,Active
88,2024-08-24,2025-12-23,51,Low,Medium,Medium,On-Time,5,30,Basic,Active
89,2025-09-17,2026-02-10,2,Medium,High,Low,On-Time,10,41,Pro,Active
90,2026-01-10,2025-05-31,257,Low,Low,High,Missed,3,58,Pro,Cancelled
91,2026-01-05,2025-06-08,249,Low,Low,High,Missed,2,13,Basic,Cancelled
92,2025-04-20,2025-12-04,70,Low,Medium,Medium,Delayed,6,237,Enterprise,Active
93,2025-03-30,2026-01-05,38,Low,Medium,Medium,Delayed,5,27,Basic,Active
94,2025-05-15,2026-02-11,1,Medium,Medium,Low,Delayed,9,46,Pro,Active
95,2024-10-12,2025-12-27,47,Low,Medium,Medium,Delayed,8,295,Enterprise,Active
96,2024-09-27,2026-01-04,39,Low,Medium,Low,Delayed,7,14,Basic,Active
97,2024-12-24,2025-12-17,57,Low,Medium,Low,On-Time,6,74,Pro,Active
98,2025-07-28,2025-12-31,43,Low,Medium,Medium,Delayed,7,12,Basic,Active
99,2025-07-23,2025-11-05,99,Medium,Medium,Medium,Missed,3,68,Pro,Cancelled
100,2025-05-07,2026-02-05,7,High,Medium,Low,On-Time,10,29,Basic,Active
101,2025-08-15,2025-08-12,184,Low,Low,High,Missed,2,30,Basic,Cancelled
102,2025-10-27,2026-01-20,23,High,High,Low,Delayed,10,18,Basic,Active
103,2025-11-22,2025-12-05,69,Low,Low,Medium,Delayed,3,12,Basic,Active
104,2025-03-14,2025-12-24,50,Low,Low,Low,On-Time,5,55,Pro,Active
105,2025-03-27,2025-12-27,47,Medium,Medium,Low,On-Time,8,18,Basic,Active
106,2025-06-12,2026-02-03,9,High,High,Low,On-Time,10,52,Pro,Active
107,2025-05-24,2025-12-07,67,Low,Low,Medium,Missed,6,20,Basic,Cancelled
108,2025-06-07,2025-05-01,287,Low,Low,High,Missed,3,52,Pro,Cancelled
109,2025-05-13,2025-11-23,81,Low,Low,Medium,Missed,6,60,Pro,Cancelled
110,2025-07-05,2026-02-04,8,Medium,High,Low,On-Time,8,75,Pro,Active
111,2025-12-31,2025-12-20,54,Medium,Low,Low,On-Time,5,66,Pro,Cancelled
112,2025-02-03,2026-01-28,15,High,High,Low,On-Time,10,44,Pro,Active
113,2025-05-29,2025-11-05,99,Low,Low,Medium,Missed,6,63,Pro,Cancelled
114,2025-01-19,2026-01-15,28,Medium,High,Medium,On-Time,8,62,Pro,Active
115,2025-10-20,2025-11-02,102,Medium,Low,High,Missed,5,10,Basic,Cancelled
116,2025-11-24,2026-02-04,8,High,Medium,Low,On-Time,8,22,Basic,Active
117,2025-05-21,2025-04-24,294,Low,Low,High,Missed,3,243,Enterprise,Cancelled
118,2025-11-21,2026-02-03,9,High,Medium,Low,Delayed,8,20,Basic,Active
119,2025-05-25,2025-12-18,56,Medium,Medium,Low,On-Time,8,13,Basic,Active
120,2026-01-02,2025-12-16,58,Medium,Medium,Medium,Delayed,6,61,Pro,Active
121,2025-04-02,2025-11-16,88,Medium,Low,Medium,Delayed,6,52,Pro,Active
122,2025-05-28,2025-11-06,98,Low,Low,Medium,Delayed,3,74,Pro,Cancelled
123,2025-10-10,2026-02-01,11,High,High,Low,Delayed,9,79,Pro,Active
124,2025-06-27,2025-12-25,49,Medium,Medium,Low,On-Time,7,48,Pro,Cancelled
125,2025-08-06,2026-02-09,3,High,High,Low,On-Time,10,14,Basic,Active
126,2025-03-25,2025-11-19,85,Low,Low,Medium,Missed,4,14,Basic,Cancelled
127,2025-10-10,2026-02-02,10,Medium,Medium,Medium,Delayed,10,22,Basic,Active
128,2024-09-07,2026-01-26,17,High,High,Low,On-Time,10,12,Basic,Active
129,2025-03-30,2025-10-07,128,Low,Low,High,Missed,1,27,Basic,Cancelled
130,2025-08-19,2026-02-07,5,Medium,High,Medium,On-Time,7,57,Pro,Active
131,2024-12-13,2026-01-26,17,Medium,High,Medium,On-Time,10,67,Pro,Active
132,2025-11-22,2026-01-20,23,Medium,Medium,Low,Delayed,10,12,Basic,Active
133,2025-06-03,2025-10-19,116,Medium,Medium,Medium,Missed,5,67,Pro,Cancelled
134,2025-10-21,2025-12-24,50,Medium,Medium,Low,On-Time,7,50,Pro,Active
135,2025-08-01,2025-12-21,53,Medium,Medium,Medium,On-Time,5,66,Pro,Active
136,2024-09-30,2025-12-10,64,Medium,Medium,Medium,Missed,4,17,Basic,Active
137,2024-12-20,2025-12-17,57,Low,Medium,Low,On-Time,8,12,Basic,Active
138,2025-06-21,2025-12-27,47,Low,Low,Medium,On-Time,8,12,Basic,Active
139,2025-01-04,2025-11-14,90,Medium,Medium,High,Missed,6,16,Basic,Active
140,2025-05-05,2025-08-07,189,Low,Low,Medium,Missed,2,71,Pro,Cancelled
141,2024-12-06,2025-11-22,82,Medium,Medium,Medium,Missed,6,160,Enterprise,Active
142,2025-06-02,2026-01-29,14,High,Medium,Low,On-Time,8,197,Enterprise,Active
143,2025-10-24,2025-12-16,58,Low,Medium,Medium,On-Time,7,43,Pro,Active
144,2025-06-25,2025-05-07,281,Low,Low,Medium,Missed,2,12,Basic,Cancelled
145,2025-01-18,2025-09-20,145,Low,Low,Medium,Missed,2,73,Pro,Cancelled
146,2025-01-30,2026-01-29,14,High,Medium,Medium,Delayed,10,70,Pro,Active
147,2025-12-08,2025-08-17,179,Low,Low,Medium,Delayed,1,21,Basic,Cancelled
148,2024-10-19,2026-01-03,40,Medium,Low,Medium,On-Time,6,79,Pro,Active
149,2025-02-15,2025-12-03,71,Low,Medium,High,Delayed,6,16,Basic,Cancelled
150,2025-11-30,2026-01-15,28,High,Medium,Low,On-Time,10,14,Basic,Active
151,2025-09-09,2025-11-26,78,Medium,Low,High,Missed,5,59,Pro,Cancelled
152,2025-09-30,2025-12-27,47,Low,Medium,Low,Delayed,6,25,Basic,Active
153,2025-02-21,2026-01-24,19,High,Medium,Low,On-Time,9,28,Basic,Active
154,2025-06-12,2025-07-13,214,Low,Low,High,Missed,4,138,Enterprise,Cancelled
155,2026-01-05,2026-01-25,18,High,High,Low,On-Time,10,80,Pro,Active
156,2025-01-14,2026-01-27,16,Medium,High,Low,On-Time,8,19,Basic,Active
157,2025-12-04,2025-12-27,47,Low,Low,Low,On-Time,5,17,Basic,Active
158,2025-12-15,2025-11-28,76,Low,Low,Medium,Missed,5,51,Pro,Cancelled
159,2025-11-13,2026-01-12,31,Low,Low,Low,Delayed,7,18,Basic,Active
160,2025-01-03,2025-10-18,117,Low,Medium,Medium,Delayed,3,280,Enterprise,Active
161,2025-12-05,2025-11-12,92,Low,Low,Medium,Delayed,5,76,Pro,Active
162,2025-02-02,2026-01-20,23,High,Medium,Low,Delayed,7,25,Basic,Active
163,2025-07-11,2025-12-31,43,Low,Medium,Medium,On-Time,8,20,Basic,Active
164,2025-08-28,2026-01-17,26,High,High,Low,Delayed,8,26,Basic,Active
165,2024-08-29,2025-12-11,63,Medium,Low,Medium,Delayed,5,40,Pro,Active
166,2025-07-09,2025-08-24,172,Low,Low,Medium,Delayed,2,28,Basic,Cancelled
167,2024-09-03,2025-06-10,247,Low,Low,High,Delayed,2,23,Basic,Cancelled
168,2026-01-01,2025-08-16,180,Low,Low,High,Missed,1,120,Enterprise,Cancelled
169,2024-12-21,2025-12-22,52,Medium,Low,Low,On-Time,6,156,Enterprise,Active
170,2025-01-14,2026-01-04,39,Medium,Low,Medium,On-Time,7,77,Pro,Active
171,2025-11-26,2025-11-11,93,Low,Medium,Medium,Delayed,6,19,Basic,Cancelled
172,2025-09-02,2025-10-20,115,Low,Medium,High,Missed,5,16,Basic,Active
173,2025-11-05,2025-10-25,110,Medium,Low,Medium,Delayed,5,53,Pro,Active
174,2025-05-27,2025-11-24,80,Low,Medium,Medium,Missed,5,42,Pro,Cancelled
175,2025-09-25,2025-10-21,114,Medium,Low,High,Missed,6,56,Pro,Cancelled
176,2024-11-20,2026-02-07,5,High,High,Low,On-Time,8,13,Basic,Active
177,2024-11-28,2026-01-18,25,High,High,Medium,Delayed,8,22,Basic,Active
178,2025-07-07,2025-10-31,104,Medium,Medium,Medium,Delayed,3,30,Basic,Active
179,2025-05-31,2026-01-18,25,High,Medium,Medium,On-Time,7,132,Enterprise,Active
180,2025-10-19,2025-05-21,267,Low,Low,High,Delayed,4,23,Basic,Cancelled
181,2025-10-17,2026-01-01,42,Medium,Medium,Low,Delayed,5,58,Pro,Active
182,2025-05-03,2025-11-17,87,Medium,Low,Medium,Delayed,6,254,Enterprise,Active
183,2025-09-08,2025-12-23,51,Low,Medium,Low,On-Time,7,62,Pro,Active
184,2024-10-03,2025-11-07,97,Low,Low,Medium,Delayed,4,57,Pro,Active
185,2025-12-15,2025-06-16,241,Low,Low,High,Delayed,2,145,Enterprise,Cancelled
186,2025-09-09,2026-01-22,21,High,High,Medium,On-Time,8,64,Pro,Active
187,2025-07-16,2026-01-14,29,Medium,Medium,Low,On-Time,9,127,Enterprise,Active
188,2025-01-18,2026-01-21,22,High,High,Low,Delayed,10,51,Pro,Active
189,2025-05-07,2026-02-11,1,High,High,Low,On-Time,7,29,Basic,Active
190,2025-10-02,2026-01-18,25,High,Medium,Medium,Delayed,9,14,Basic,Active
191,2025-03-19,2026-01-21,22,Medium,Medium,Medium,Delayed,7,22,Basic,Active
192,2025-03-19,2026-01-09,34,Medium,Medium,Medium,Delayed,8,286,Enterprise,Active
193,2025-08-04,2026-01-07,36,Low,Medium,Medium,Delayed,7,51,Pro,Active
194,2025-07-04,2026-02-03,9,Medium,High,Low,On-Time,10,265,Enterprise,Active
195,2025-12-28,2026-01-07,36,Low,Low,Medium,On-Time,5,12,Basic,Cancelled
196,2025-09-14,2026-02-01,11,Medium,High,Medium,On-Time,9,18,Basic,Active
197,2025-09-28,2025-08-12,184,Low,Low,High,Missed,1,43,Pro,Cancelled
198,2025-06-30,2026-01-29,14,Medium,Medium,Medium,On-Time,10,22,Basic,Active
199,2025-11-23,2026-01-17,26,High,Medium,Low,On-Time,8,11,Basic,Active
200,2025-08-16,2025-10-09,126,Low,Low,Medium,Delayed,1,22,Basic,Cancelled
201,2025-10-23,2026-01-20,23,High,Medium,Medium,On-Time,10,67,Pro,Active
202,2024-09-18,2025-12-23,51,Medium,Low,Low,On-Time,6,27,Basic,Cancelled
203,2025-01-09,2025-12-14,60,Low,Medium,Low,On-Time,5,71,Pro,Active
204,2025-10-27,2026-01-11,32,Medium,Medium,Low,Delayed,8,15,Basic,Active
205,2025-02-21,2026-02-03,9,Medium,High,Low,On-Time,10,18,Basic,Active
206,2025-11-28,2026-01-23,20,High,High,Medium,On-Time,10,24,Basic,Active
207,2025-05-20,2025-11-27,77,Low,Low,Medium,Missed,3,27,Basic,Active
208,2025-06-16,2025-10-26,109,Low,Low,High,Missed,6,70,Pro,Cancelled
209,2025-03-26,2026-01-15,28,High,High,Low,Delayed,7,73,Pro,Active
210,2024-11-30,2025-11-07,97,Medium,Medium,Medium,Missed,4,16,Basic,Cancelled
211,2024-11-26,2026-01-06,37,Medium,Medium,Medium,On-Time,6,12,Basic,Cancelled
212,2025-11-30,2025-07-07,220,Low,Low,High,Missed,3,40,Pro,Cancelled
213,2024-12-07,2025-12-21,53,Low,Medium,Low,On-Time,6,46,Pro,Active
214,2024-09-27,2026-02-09,3,High,High,Low,On-Time,9,187,Enterprise,Active
215,2025-07-01,2025-11-02,102,Low,Medium,Medium,Delayed,4,65,Pro,Cancelled
216,2025-12-25,2025-07-05,222,Low,Low,High,Missed,2,25,Basic,Cancelled
217,2024-09-29,2026-02-04,8,Medium,High,Medium,On-Time,9,46,Pro,Active
218,2024-09-03,2025-10-19,116,Low,Low,High,Missed,5,30,Basic,Active
219,2025-11-29,2026-02-06,6,High,Medium,Low,On-Time,9,72,Pro,Active
220,2024-12-04,2026-02-07,5,High,Medium,Low,On-Time,7,16,Basic,Active
221,2024-11-11,2026-02-11,1,High,High,Medium,On-Time,9,24,Basic,Active
222,2025-04-30,2025-11-18,86,Medium,Low,Medium,Delayed,6,270,Enterprise,Active
223,2025-04-06,2025-11-21,83,Low,Medium,Medium,Missed,3,15,Basic,Active
224,2024-11-02,2025-11-07,97,Medium,Low,Medium,Delayed,4,10,Basic,Active
225,2024-10-28,2026-01-19,24,Medium,Medium,Low,On-Time,8,40,Pro,Active
226,2025-09-21,2025-11-27,77,Medium,Medium,High,Missed,5,21,Basic,Active
227,2025-05-23,2026-02-04,8,High,High,Low,On-Time,7,21,Basic,Active
228,2025-04-01,2026-01-23,20,High,High,Low,On-Time,9,283,Enterprise,Active
229,2025-07-31,2026-01-16,27,High,Medium,Medium,On-Time,8,17,Basic,Active
230,2024-10-10,2026-02-11,1,Medium,Medium,Low,On-Time,8,71,Pro,Active
231,2024-08-21,2026-02-03,9,High,High,Low,On-Time,8,17,Basic,Active
232,2025-01-27,2026-01-26,17,Medium,High,Medium,On-Time,9,75,Pro,Active
233,2025-10-13,2025-11-25,79,Low,Low,Medium,Missed,4,287,Enterprise,Cancelled
234,2025-11-29,2026-02-05,7,High,Medium,Low,On-Time,9,28,Basic,Active
235,2025-08-16,2025-11-14,90,Medium,Low,High,Delayed,3,13,Basic,Active
236,2024-10-26,2026-01-22,21,High,High,Low,Delayed,8,207,Enterprise,Active
237,2025-06-18,2025-11-07,97,Medium,Medium,Medium,Missed,4,30,Basic,Cancelled
238,2024-08-26,2026-01-07,36,Medium,Medium,Low,On-Time,6,12,Basic,Active
239,2025-11-08,2026-01-24,19,High,High,Low,On-Time,7,16,Basic,Active
240,2025-01-04,2026-01-01,42,Low,Low,Medium,On-Time,5,55,Pro,Active
241,2025-09-20,2025-12-21,53,Low,Medium,Low,On-Time,7,59,Pro,Active
242,2024-09-15,2025-11-25,79,Low,Low,Medium,Delayed,4,211,Enterprise,Active
243,2024-12-25,2026-02-06,6,High,Medium,Medium,On-Time,8,48,Pro,Active
244,2025-09-27,2025-10-09,126,Low,Low,High,Missed,3,42,Pro,Cancelled
245,2025-07-05,2026-01-15,28,Medium,Medium,Low,On-Time,7,41,Pro,Active
246,2025-12-20,2025-12-21,53,Medium,Medium,Low,On-Time,6,40,Pro,Active
247,2025-08-12,2026-01-30,13,Medium,Medium,Low,On-Time,8,13,Basic,Active
248,2025-04-27,2025-12-20,54,Low,Medium,Medium,On-Time,6,52,Pro,Active
249,2025-07-14,2025-07-02,225,Low,Low,Medium,Missed,4,296,Enterprise,Cancelled
250,2024-09-23,2025-12-28,46,Medium,Medium,Medium,Delayed,8,26,Basic,Active
251,2025-12-06,2026-01-20,23,Medium,Medium,Low,On-Time,9,11,Basic,Active
252,2025-11-23,2025-10-22,113,Low,Low,Medium,Missed,5,11,Basic,Active
253,2026-01-09,2025-10-20,115,Low,Medium,Medium,Missed,5,20,Basic,Cancelled
254,2025-10-12,2026-02-09,3,High,Medium,Low,On-Time,10,50,Pro,Active
255,2025-11-17,2026-02-08,4,Medium,High,Medium,On-Time,10,243,Enterprise,Active
256,2024-11-29,2025-12-25,49,Low,Medium,Low,On-Time,5,153,Enterprise,Cancelled
257,2025-05-11,2025-10-16,119,Low,Medium,Medium,Delayed,5,254,Enterprise,Active
258,2024-12-17,2025-05-20,268,Low,Low,High,Missed,3,79,Pro,Cancelled
259,2025-11-26,2025-06-26,231,Low,Low,High,Missed,3,64,Pro,Cancelled
260,2025-10-29,2025-12-17,57,Low,Low,Medium,On-Time,6,25,Basic,Active
261,2024-10-25,2025-12-03,71,Low,Low,Medium,Missed,3,64,Pro,Cancelled
262,2025-06-21,2026-01-17,26,High,High,Medium,On-Time,10,13,Basic,Active
263,2024-08-29,2025-12-28,46,Low,Medium,Low,On-Time,5,79,Pro,Cancelled
264,2025-02-21,2025-11-24,80,Medium,Low,High,Delayed,5,17,Basic,Active
265,2024-11-07,2025-11-14,90,Low,Medium,Medium,Missed,5,17,Basic,Cancelled
266,2026-01-12,2025-11-22,82,Low,Medium,High,Delayed,5,15,Basic,Cancelled
267,2025-05-06,2025-12-05,69,Medium,Medium,Medium,Delayed,4,220,Enterprise,Active
268,2025-09-25,2026-01-29,14,Medium,High,Low,On-Time,7,292,Enterprise,Active
269,2025-03-18,2026-02-09,3,Medium,High,Low,Delayed,8,121,Enterprise,Active
270,2025-04-17,2025-10-02,133,Low,Low,High,Missed,4,165,Enterprise,Cancelled
271,2025-01-24,2025-11-06,98,Low,Medium,Medium,Missed,5,29,Basic,Cancelled
272,2024-10-02,2026-01-21,22,Medium,High,Medium,Delayed,10,48,Pro,Active
273,2025-06-16,2026-01-24,19,Medium,Medium,Low,On-Time,9,75,Pro,Active
274,2025-02-24,2026-01-06,37,Medium,Low,Low,On-Time,6,51,Pro,Cancelled
275,2025-05-01,2026-01-26,17,Medium,High,Low,On-Time,10,66,Pro,Active
276,2025-02-02,2026-01-20,23,Medium,High,Medium,On-Time,7,41,Pro,Active
277,2025-07-02,2026-02-08,4,High,High,Low,On-Time,9,49,Pro,Active
278,2024-11-10,2026-02-11,1,Medium,High,Medium,On-Time,10,27,Basic,Active
279,2024-10-28,2026-02-05,7,Medium,High,Low,On-Time,9,43,Pro,Active
280,2024-09-26,2025-11-19,85,Low,Medium,High,Delayed,3,29,Basic,Active
281,2024-10-26,2025-10-25,110,Medium,Low,Medium,Missed,5,78,Pro,Cancelled
282,2025-10-05,2026-01-19,24,Medium,High,Low,Delayed,7,15,Basic,Active
283,2025-01-02,2025-12-27,47,Medium,Medium,Low,On-Time,6,20,Basic,Active
284,2025-05-20,2025-09-05,160,Low,Low,Medium,Delayed,1,80,Pro,Cancelled
285,2025-03-04,2025-10-21,114,Medium,Low,Medium,Delayed,5,253,Enterprise,Cancelled
286,2025-12-10,2026-01-18,25,High,High,Low,On-Time,8,289,Enterprise,Active
287,2025-07-28,2025-11-22,82,Low,Low,High,Delayed,3,17,Basic,Active
288,2024-10-07,2025-11-02,102,Medium,Medium,High,Missed,5,47,Pro,Active
289,2025-06-30,2026-02-04,8,High,High,Medium,Delayed,9,72,Pro,Active
290,2025-05-30,2025-11-12,92,Low,Medium,Medium,Delayed,3,257,Enterprise,Active
291,2025-04-15,2026-02-12,0,Medium,High,Low,On-Time,10,53,Pro,Active
292,2025-04-13,2025-10-21,114,Medium,Medium,High,Missed,3,24,Basic,Cancelled
293,2025-01-11,2026-02-02,10,High,High,Low,On-Time,7,54,Pro,Active
294,2024-10-04,2025-11-27,77,Low,Low,Medium,Delayed,6,79,Pro,Cancelled
295,2025-12-12,2026-01-19,24,Medium,High,Medium,On-Time,7,19,Basic,Active
296,2025-03-09,2026-02-10,2,High,Medium,Low,Delayed,7,27,Basic,Active
297,2025-09-23,2026-01-08,35,Low,Low,Medium,On-Time,6,285,Enterprise,Active
298,2025-07-06,2026-01-13,30,Medium,High,Low,On-Time,7,65,Pro,Active
299,2025-04-13,2025-12-26,48,Low,Medium,Medium,Delayed,7,251,Enterprise,Active
300,2025-11-02,2026-01-07,36,Medium,Low,Low,On-Time,5,260,Enterprise,Cancelled
301,2025-05-22,2025-12-23,51,Medium,Medium,Low,On-Time,8,30,Basic,Cancelled
302,2025-09-15,2025-12-07,67,Low,Low,Medium,Delayed,5,28,Basic,Cancelled
303,2025-10-27,2025-11-07,97,Low,Medium,High,Delayed,5,30,Basic,Active
304,2025-06-04,2025-11-26,78,Medium,Low,High,Missed,6,71,Pro,Active
305,2025-04-06,2026-02-09,3,High,Medium,Medium,Delayed,8,170,Enterprise,Active
306,2025-09-01,2025-05-07,281,Low,Low,Medium,Missed,1,80,Pro,Cancelled
307,2025-12-29,2025-10-22,113,Low,Low,Medium,Missed,5,240,Enterprise,Cancelled
308,2025-02-13,2026-01-19,24,High,High,Medium,On-Time,9,26,Basic,Active
309,2025-04-27,2026-02-10,2,High,High,Low,Delayed,8,48,Pro,Active
310,2025-05-30,2026-02-07,5,High,Medium,Low,Delayed,10,130,Enterprise,Active
311,2025-09-23,2025-10-26,109,Low,Low,Medium,Delayed,4,64,Pro,Cancelled
312,2025-05-18,2025-12-14,60,Medium,Medium,Medium,On-Time,7,27,Basic,Cancelled
313,2025-03-28,2026-01-07,36,Medium,Medium,Low,Delayed,5,17,Basic,Active
314,2025-04-24,2026-01-31,12,High,Medium,Low,On-Time,7,48,Pro,Active
315,2025-06-02,2026-02-07,5,High,High,Low,On-Time,8,13,Basic,Active
316,2025-02-09,2026-02-05,7,High,High,Low,On-Time,10,15,Basic,Active
317,2025-02-16,2026-01-17,26,High,High,Low,On-Time,8,42,Pro,Active
318,2024-10-14,2025-11-07,97,Low,Low,High,Delayed,6,41,Pro,Cancelled
319,2024-10-21,2025-12-20,54,Low,Low,Medium,On-Time,8,23,Basic,Cancelled
320,2025-03-12,2026-01-08,35,Low,Low,Low,Delayed,7,69,Pro,Active
321,2025-03-14,2026-01-25,18,High,High,Low,On-Time,10,78,Pro,Active
322,2025-11-25,2026-02-07,5,High,Medium,Low,On-Time,7,14,Basic,Active
323,2024-10-09,2026-01-24,19,High,High,Medium,On-Time,10,63,Pro,Active
324,2024-10-23,2025-10-03,132,Low,Low,High,Missed,4,64,Pro,Cancelled
325,2025-07-18,2025-11-06,98,Medium,Medium,High,Delayed,6,17,Basic,Active
326,2024-10-05,2025-10-20,115,Low,Low,Medium,Delayed,3,76,Pro,Cancelled
327,2025-04-21,2026-02-09,3,High,High,Low,Delayed,10,14,Basic,Active
328,2025-06-09,2025-12-23,51,Medium,Medium,Low,On-Time,7,16,Basic,Cancelled
329,2025-06-16,2026-01-26,17,Medium,High,Low,On-Time,9,267,Enterprise,Active
330,2025-07-21,2025-07-05,222,Low,Low,High,Delayed,1,68,Pro,Cancelled
331,2024-12-09,2025-04-18,300,Low,Low,High,Missed,4,75,Pro,Cancelled
332,2025-03-05,2025-04-19,299,Low,Low,High,Missed,4,121,Enterprise,Cancelled
333,2024-11-28,2026-01-10,33,Low,Medium,Medium,On-Time,7,11,Basic,Active
334,2025-01-08,2026-01-31,12,Medium,High,Low,On-Time,7,164,Enterprise,Active
335,2025-02-20,2026-01-28,15,High,High,Low,Delayed,9,29,Basic,Active
336,2025-04-27,2025-11-10,94,Medium,Medium,High,Delayed,3,18,Basic,Cancelled
337,2024-12-10,2025-12-31,43,Medium,Medium,Low,On-Time,5,75,Pro,Cancelled
338,2024-10-02,2025-11-06,98,Low,Medium,Medium,Missed,4,10,Basic,Active
339,2025-09-02,2025-08-31,165,Low,Low,High,Missed,1,61,Pro,Cancelled
340,2024-09-16,2026-02-09,3,Medium,Medium,Medium,Delayed,9,64,Pro,Active
341,2025-03-31,2025-12-28,46,Low,Low,Medium,On-Time,8,243,Enterprise,Cancelled
342,2025-11-15,2025-08-09,187,Low,Low,Medium,Missed,2,54,Pro,Cancelled
343,2024-11-30,2026-02-02,10,High,High,Low,On-Time,9,12,Basic,Active
344,2025-06-23,2025-10-31,104,Medium,Low,Medium,Delayed,5,188,Enterprise,Active
345,2025-10-12,2026-01-13,30,Medium,Medium,Low,On-Time,8,56,Pro,Active
346,2025-09-30,2025-08-17,179,Low,Low,Medium,Missed,3,13,Basic,Cancelled
347,2025-11-13,2025-12-14,60,Medium,Low,Low,On-Time,5,20,Basic,Cancelled
348,2025-05-06,2025-05-20,268,Low,Low,High,Missed,3,28,Basic,Cancelled
349,2025-11-09,2025-10-01,134,Low,Low,High,Missed,1,65,Pro,Cancelled
350,2024-10-30,2025-10-31,104,Medium,Low,Medium,Delayed,5,16,Basic,Cancelled
351,2025-07-03,2025-12-25,49,Medium,Medium,Medium,On-Time,7,29,Basic,Active
352,2025-07-22,2026-02-01,11,High,High,Low,On-Time,9,191,Enterprise,Active
353,2025-05-28,2026-01-07,36,Medium,Low,Medium,Delayed,7,64,Pro,Cancelled
354,2025-10-05,2026-01-08,35,Low,Low,Low,On-Time,8,281,Enterprise,Active
355,2025-04-24,2025-05-31,257,Low,Low,High,Delayed,3,28,Basic,Cancelled
356,2025-12-20,2026-01-31,12,High,High,Low,On-Time,7,20,Basic,Active
357,2025-09-02,2025-11-20,84,Low,Low,High,Delayed,6,275,Enterprise,Active
358,2025-10-04,2025-05-20,268,Low,Low,High,Missed,2,192,Enterprise,Cancelled
359,2025-07-16,2025-11-23,81,Medium,Low,High,Missed,6,14,Basic,Cancelled
360,2024-10-26,2025-09-02,163,Low,Low,High,Delayed,4,76,Pro,Cancelled
361,2025-06-20,2025-10-20,115,Medium,Low,Medium,Delayed,5,65,Pro,Cancelled
362,2025-08-28,2026-01-15,28,High,Medium,Low,On-Time,10,15,Basic,Active
363,2024-11-02,2026-02-12,0,High,High,Low,On-Time,7,22,Basic,Active
364,2025-11-22,2025-09-20,145,Low,Low,Medium,Delayed,1,22,Basic,Cancelled
365,2025-04-20,2025-10-26,109,Medium,Low,High,Delayed,6,19,Basic,Active
366,2025-06-01,2026-01-23,20,High,High,Low,On-Time,9,203,Enterprise,Active
367,2024-10-28,2026-01-28,15,High,Medium,Medium,On-Time,8,298,Enterprise,Active
368,2025-04-12,2026-01-07,36,Medium,Medium,Medium,Delayed,8,59,Pro,Active
369,2024-10-05,2026-02-01,11,High,High,Low,On-Time,10,19,Basic,Active
370,2026-01-08,2025-12-13,61,Low,Medium,Medium,Delayed,3,25,Basic,Cancelled
371,2025-08-13,2026-01-12,31,Low,Low,Low,Delayed,7,231,Enterprise,Active
372,2025-06-25,2026-02-05,7,High,Medium,Low,On-Time,9,30,Basic,Active
373,2025-09-13,2026-01-27,16,Medium,Medium,Medium,On-Time,9,74,Pro,Active
374,2024-11-25,2025-08-07,189,Low,Low,High,Delayed,2,13,Basic,Cancelled
375,2025-02-21,2025-11-14,90,Medium,Low,High,Delayed,3,125,Enterprise,Active
376,2025-10-10,2025-09-18,147,Low,Low,Medium,Missed,4,54,Pro,Cancelled
377,2025-11-28,2026-01-08,35,Medium,Medium,Low,Delayed,8,11,Basic,Cancelled
378,2025-07-28,2025-09-24,141,Low,Low,High,Delayed,1,22,Basic,Cancelled
379,2025-12-08,2026-01-26,17,High,High,Medium,Delayed,7,17,Basic,Active
380,2025-06-30,2025-12-19,55,Low,Medium,Medium,On-Time,5,241,Enterprise,Active
381,2025-06-28,2025-10-31,104,Medium,Medium,Medium,Missed,3,52,Pro,Active
382,2025-07-13,2025-10-18,117,Low,Medium,High,Delayed,6,18,Basic,Active
383,2025-03-20,2025-12-06,68,Low,Low,High,Delayed,6,12,Basic,Cancelled
384,2025-09-08,2026-01-07,36,Medium,Low,Low,Delayed,5,74,Pro,Active
385,2024-12-04,2025-12-07,67,Low,Low,High,Missed,5,16,Basic,Cancelled
386,2026-01-03,2025-10-30,105,Low,Medium,Medium,Delayed,6,71,Pro,Cancelled
387,2025-10-08,2026-01-25,18,High,High,Medium,On-Time,8,14,Basic,Active
388,2025-05-28,2026-01-03,40,Low,Medium,Low,Delayed,8,278,Enterprise,Active
389,2024-11-01,2026-02-01,11,Medium,High,Medium,On-Time,10,25,Basic,Active
390,2024-12-17,2025-11-08,96,Low,Low,Medium,Delayed,3,14,Basic,Cancelled
391,2025-10-14,2026-01-16,27,High,High,Low,On-Time,10,73,Pro,Active
392,2025-02-28,2025-10-30,105,Low,Low,Medium,Missed,3,25,Basic,Cancelled
393,2024-09-25,2026-01-15,28,Medium,High,Low,On-Time,10,43,Pro,Active
394,2024-11-18,2025-12-24,50,Medium,Medium,Low,On-Time,6,17,Basic,Cancelled
395,2025-04-16,2025-07-08,219,Low,Low,Medium,Missed,2,51,Pro,Cancelled
396,2025-04-03,2025-05-25,263,Low,Low,High,Missed,3,67,Pro,Cancelled
397,2024-10-18,2026-01-09,34,Medium,Medium,Low,On-Time,6,62,Pro,Active
398,2024-10-08,2026-02-02,10,High,Medium,Medium,On-Time,10,60,Pro,Active
399,2025-03-08,2025-08-14,182,Low,Low,High,Missed,3,24,Basic,Cancelled
400,2025-05-29,2025-12-31,43,Medium,Medium,Low,On-Time,6,19,Basic,Cancelled
401,2024-08-27,2026-01-05,38,Medium,Medium,Medium,Delayed,7,76,Pro,Cancelled
402,2024-09-26,2025-11-07,97,Low,Low,Medium,Delayed,5,18,Basic,Cancelled
403,2024-11-24,2025-11-24,80,Low,Low,High,Missed,5,28,Basic,Cancelled
404,2024-11-20,2026-01-14,29,High,Medium,Low,Delayed,10,11,Basic,Active
405,2024-09-29,2025-12-19,55,Medium,Low,Low,Delayed,5,30,Basic,Cancelled
406,2024-11-05,2025-11-05,99,Medium,Medium,High,Delayed,3,60,Pro,Active
407,2025-05-01,2025-10-30,105,Low,Low,High,Delayed,6,45,Pro,Cancelled
408,2025-09-22,2025-12-30,44,Medium,Medium,Low,On-Time,5,22,Basic,Active
409,2025-05-02,2026-01-30,13,Medium,High,Low,On-Time,10,28,Basic,Active
410,2025-10-05,2025-12-26,48,Low,Low,Low,On-Time,8,142,Enterprise,Active
411,2025-11-17,2025-12-22,52,Medium,Medium,Low,On-Time,5,21,Basic,Active
412,2025-03-04,2025-12-17,57,Low,Medium,Low,On-Time,6,12,Basic,Active
413,2025-11-17,2025-10-01,134,Low,Low,Medium,Missed,2,193,Enterprise,Cancelled
414,2026-01-06,2026-01-02,41,Low,Medium,Low,On-Time,6,27,Basic,Active
415,2025-04-21,2025-08-09,187,Low,Low,High,Missed,2,41,Pro,Cancelled
416,2025-07-05,2025-11-06,98,Medium,Low,Medium,Delayed,4,43,Pro,Cancelled
417,2025-05-20,2026-01-23,20,Medium,High,Low,On-Time,9,124,Enterprise,Active
418,2025-08-17,2025-12-16,58,Low,Medium,Medium,On-Time,5,29,Basic,Cancelled
419,2025-04-16,2026-01-10,33,Medium,Medium,Low,Delayed,5,198,Enterprise,Active
420,2025-07-27,2025-12-28,46,Medium,Medium,Low,On-Time,7,248,Enterprise,Active
421,2025-08-25,2026-01-18,25,High,High,Low,Delayed,7,191,Enterprise,Active
422,2025-09-20,2026-02-08,4,High,High,Low,On-Time,8,28,Basic,Active
423,2025-10-27,2026-01-30,13,Medium,Medium,Low,On-Time,8,77,Pro,Active
424,2025-04-11,2025-10-31,104,Medium,Medium,Medium,Missed,4,157,Enterprise,Active
425,2025-02-12,2025-05-23,265,Low,Low,High,Missed,1,14,Basic,Cancelled
426,2025-01-06,2026-01-12,31,Low,Low,Low,On-Time,8,80,Pro,Active
427,2024-09-23,2025-12-20,54,Medium,Low,Low,On-Time,7,78,Pro,Active
428,2025-09-17,2026-02-05,7,Medium,High,Low,On-Time,10,63,Pro,Active
429,2025-10-11,2025-10-20,115,Low,Low,Medium,Delayed,6,18,Basic,Cancelled
430,2024-09-14,2026-01-30,13,High,Medium,Low,On-Time,8,232,Enterprise,Active
431,2024-10-27,2025-12-24,50,Medium,Medium,Low,On-Time,8,64,Pro,Active
432,2025-01-10,2025-11-23,81,Low,Medium,Medium,Delayed,3,11,Basic,Cancelled
433,2024-10-21,2026-01-05,38,Medium,Medium,Medium,On-Time,5,19,Basic,Active
434,2024-12-13,2025-12-17,57,Medium,Medium,Low,Delayed,6,45,Pro,Active
435,2025-01-09,2025-12-27,47,Medium,Low,Medium,Delayed,6,10,Basic,Active
436,2025-10-14,2025-11-14,90,Low,Medium,Medium,Delayed,5,50,Pro,Active
437,2025-01-11,2026-01-20,23,High,High,Low,On-Time,10,72,Pro,Active
438,2025-03-06,2025-12-03,71,Low,Low,High,Missed,4,11,Basic,Active
439,2025-06-13,2026-01-03,40,Medium,Low,Low,Delayed,5,120,Enterprise,Cancelled
440,2025-03-01,2025-12-19,55,Medium,Medium,Medium,On-Time,5,16,Basic,Active
441,2025-03-18,2026-01-22,21,High,High,Low,On-Time,8,191,Enterprise,Active
442,2025-03-02,2025-11-03,101,Low,Medium,Medium,Delayed,5,290,Enterprise,Active
443,2025-03-24,2026-01-17,26,Medium,High,Low,On-Time,8,19,Basic,Active
444,2025-03-07,2026-01-22,21,Medium,High,Medium,On-Time,10,63,Pro,Active
445,2024-09-24,2026-02-11,1,High,High,Low,On-Time,7,75,Pro,Active
446,2025-12-11,2026-02-03,9,High,High,Medium,On-Time,10,53,Pro,Active
447,2025-03-06,2026-02-11,1,High,Medium,Low,Delayed,10,78,Pro,Active
448,2024-09-22,2025-08-02,194,Low,Low,High,Delayed,3,79,Pro,Cancelled
449,2025-07-16,2025-12-14,60,Medium,Medium,Low,Delayed,8,179,Enterprise,Cancelled
450,2025-01-16,2025-08-01,195,Low,Low,High,Missed,1,13,Basic,Cancelled
451,2025-01-01,2025-08-22,174,Low,Low,High,Delayed,4,21,Basic,Cancelled
452,2025-04-02,2026-01-18,25,Medium,High,Low,On-Time,7,26,Basic,Active
453,2025-04-07,2026-02-02,10,Medium,High,Low,On-Time,7,52,Pro,Active
454,2025-07-28,2025-10-21,114,Low,Medium,High,Missed,4,74,Pro,Active
455,2024-10-12,2025-11-22,82,Low,Medium,High,Delayed,5,75,Pro,Cancelled
456,2025-04-14,2025-10-10,125,Low,Low,Medium,Missed,3,14,Basic,Cancelled
457,2025-08-23,2025-10-21,114,Low,Medium,High,Missed,6,19,Basic,Active
458,2025-01-17,2025-10-20,115,Low,Low,Medium,Delayed,4,59,Pro,Active
459,2025-09-25,2025-11-10,94,Low,Low,High,Missed,3,25,Basic,Active
460,2024-10-07,2026-01-27,16,High,High,Low,Delayed,9,49,Pro,Active
461,2024-12-16,2025-09-19,146,Low,Low,High,Delayed,2,11,Basic,Cancelled
462,2025-05-23,2025-07-07,220,Low,Low,High,Missed,1,11,Basic,Cancelled
463,2025-01-27,2025-10-20,115,Low,Low,Medium,Delayed,5,80,Pro,Active
464,2024-10-14,2025-08-22,174,Low,Low,Medium,Missed,3,68,Pro,Cancelled
465,2025-02-04,2026-01-09,34,Medium,Medium,Low,Delayed,5,20,Basic,Active
466,2025-08-28,2026-01-08,35,Low,Low,Low,On-Time,7,24,Basic,Active
467,2025-12-19,2025-09-11,154,Low,Low,Medium,Delayed,1,11,Basic,Cancelled
468,2025-11-30,2026-01-30,13,High,Medium,Medium,On-Time,10,59,Pro,Active
469,2025-07-27,2025-08-25,171,Low,Low,High,Missed,1,239,Enterprise,Cancelled
470,2025-03-29,2026-02-08,4,High,Medium,Low,On-Time,9,69,Pro,Active
471,2025-05-18,2026-02-05,7,Medium,High,Medium,On-Time,9,20,Basic,Active
472,2024-12-06,2026-01-16,27,Medium,High,Low,On-Time,9,15,Basic,Active
473,2025-08-22,2025-12-19,55,Medium,Medium,Low,On-Time,5,59,Pro,Active
474,2025-04-16,2025-12-29,45,Medium,Medium,Medium,On-Time,8,28,Basic,Active
475,2025-06-07,2026-01-18,25,Medium,High,Low,On-Time,8,44,Pro,Active
476,2024-12-31,2025-12-14,60,Low,Low,Low,On-Time,7,51,Pro,Active
477,2025-08-09,2025-12-31,43,Medium,Medium,Medium,Delayed,8,43,Pro,Active
478,2025-11-28,2026-01-06,37,Low,Low,Medium,Delayed,5,68,Pro,Active
479,2025-04-16,2025-08-01,195,Low,Low,Medium,Missed,2,20,Basic,Cancelled
480,2025-08-13,2025-11-07,97,Medium,Medium,High,Missed,5,79,Pro,Cancelled
481,2024-08-26,2026-01-27,16,High,High,Low,On-Time,7,27,Basic,Active
482,2024-11-19,2025-11-21,83,Low,Low,Medium,Delayed,6,65,Pro,Cancelled
483,2025-07-02,2026-01-30,13,High,Medium,Low,On-Time,10,63,Pro,Active
484,2024-11-09,2025-06-30,227,Low,Low,Medium,Delayed,2,12,Basic,Cancelled
485,2025-02-16,2025-12-12,62,Low,Medium,High,Missed,4,66,Pro,Active
486,2024-10-30,2026-01-29,14,Medium,Medium,Medium,On-Time,10,75,Pro,Active
487,2024-11-20,2025-12-29,45,Medium,Medium,Low,On-Time,8,26,Basic,Cancelled
488,2025-08-29,2025-12-30,44,Low,Medium,Low,On-Time,8,25,Basic,Active
489,2024-09-08,2026-01-21,22,High,Medium,Low,Delayed,9,12,Basic,Active
490,2025-04-21,2025-10-18,117,Medium,Low,High,Missed,3,77,Pro,Cancelled
491,2025-08-07,2026-01-24,19,High,High,Medium,On-Time,10,61,Pro,Active
492,2025-06-12,2025-11-21,83,Medium,Medium,Medium,Delayed,5,43,Pro,Cancelled
493,2025-02-25,2025-11-13,91,Low,Low,High,Delayed,3,26,Basic,Active
494,2025-12-05,2025-10-20,115,Medium,Low,High,Delayed,5,15,Basic,Active
495,2024-10-05,2025-12-25,49,Low,Low,Low,On-Time,6,42,Pro,Active
496,2025-07-22,2026-02-10,2,Medium,High,Medium,Delayed,10,55,Pro,Active
497,2025-02-09,2026-01-29,14,Medium,High,Low,Delayed,7,47,Pro,Active
498,2025-12-18,2026-02-07,5,High,High,Low,Delayed,8,22,Basic,Active
499,2025-05-16,2026-02-04,8,High,Medium,Low,Delayed,10,20,Basic,Active
500,2024-09-08,2025-12-27,47,Low,Medium,Medium,Delayed,8,57,Pro,Active
501,2025-07-26,2025-11-26,78,Low,Low,High,Delayed,4,52,Pro,Cancelled
502,2025-04-22,2026-01-02,41,Low,Low,Low,On-Time,5,13,Basic,Cancelled
503,2025-04-20,2026-02-09,3,Medium,High,Medium,On-Time,7,12,Basic,Active
504,2025-12-15,2025-12-24,50,Low,Low,Medium,Delayed,5,64,Pro,Active
505,2025-02-11,2025-12-19,55,Low,Medium,Medium,Delayed,6,12,Basic,Active
506,2025-02-20,2025-11-14,90,Medium,Low,Medium,Missed,5,57,Pro,Active
507,2024-12-12,2025-12-10,64,Low,Low,Medium,Missed,5,16,Basic,Active
508,2025-03-07,2026-01-31,12,High,High,Low,On-Time,8,46,Pro,Active
509,2024-10-03,2026-01-29,14,Medium,High,Low,On-Time,9,41,Pro,Active
510,2024-10-11,2025-12-28,46,Medium,Low,Medium,Delayed,7,22,Basic,Active
511,2025-03-25,2026-02-12,0,High,Medium,Low,On-Time,7,40,Pro,Active
512,2025-07-01,2025-04-21,297,Low,Low,High,Missed,3,19,Basic,Cancelled
513,2025-06-22,2026-01-11,32,Low,Low,Low,On-Time,7,19,Basic,Active
514,2025-02-16,2025-08-24,172,Low,Low,Medium,Missed,4,59,Pro,Cancelled
515,2025-01-22,2025-07-07,220,Low,Low,High,Missed,3,30,Basic,Cancelled
516,2025-06-03,2025-08-27,169,Low,Low,Medium,Missed,2,12,Basic,Cancelled
517,2024-12-04,2026-01-26,17,Medium,High,Medium,Delayed,7,11,Basic,Active
518,2025-07-25,2026-01-18,25,Medium,High,Low,On-Time,10,257,Enterprise,Active
519,2025-10-29,2025-05-19,269,Low,Low,Medium,Missed,2,10,Basic,Cancelled
520,2025-05-17,2025-12-14,60,Low,Medium,Medium,On-Time,6,144,Enterprise,Active
521,2025-05-25,2025-12-24,50,Medium,Medium,Medium,On-Time,8,44,Pro,Active
522,2024-11-28,2025-12-01,73,Low,Medium,High,Missed,5,74,Pro,Active
523,2025-11-04,2026-02-02,10,Medium,Medium,Medium,On-Time,9,18,Basic,Active
524,2025-11-02,2025-12-19,55,Medium,Low,Low,On-Time,5,80,Pro,Active
525,2025-03-06,2025-12-31,43,Low,Medium,Low,On-Time,6,77,Pro,Cancelled
526,2024-10-16,2026-01-03,40,Medium,Low,Medium,Delayed,6,24,Basic,Active
527,2025-06-17,2026-01-05,38,Low,Low,Low,On-Time,8,19,Basic,Active
528,2025-07-19,2025-06-29,228,Low,Low,Medium,Missed,1,144,Enterprise,Cancelled
529,2025-03-03,2025-07-14,213,Low,Low,High,Delayed,2,30,Basic,Cancelled
530,2025-02-10,2025-11-30,74,Low,Low,High,Missed,6,11,Basic,Active
531,2025-12-17,2025-11-02,102,Low,Low,Medium,Missed,6,74,Pro,Active
532,2025-10-15,2026-02-07,5,Medium,High,Low,Delayed,10,60,Pro,Active
533,2025-06-13,2026-02-06,6,Medium,Medium,Low,On-Time,8,23,Basic,Active
534,2024-10-25,2026-02-06,6,High,High,Low,On-Time,10,29,Basic,Active
535,2025-05-26,2026-01-07,36,Medium,Medium,Medium,Delayed,7,28,Basic,Active
536,2025-12-14,2025-08-04,192,Low,Low,Medium,Delayed,4,20,Basic,Cancelled
537,2025-09-23,2025-12-15,59,Medium,Medium,Medium,Delayed,6,54,Pro,Active
538,2025-11-30,2026-01-30,13,Medium,High,Medium,On-Time,10,23,Basic,Active
539,2025-01-02,2026-01-16,27,High,High,Low,Delayed,8,121,Enterprise,Active
540,2025-06-14,2026-02-11,1,High,High,Medium,On-Time,10,13,Basic,Active
541,2025-05-27,2025-06-10,247,Low,Low,Medium,Missed,1,66,Pro,Cancelled
542,2024-09-14,2026-01-06,37,Medium,Medium,Medium,On-Time,8,24,Basic,Active
543,2024-10-31,2026-01-25,18,Medium,High,Low,On-Time,10,21,Basic,Active
544,2025-02-27,2025-06-18,239,Low,Low,High,Missed,1,20,Basic,Cancelled
545,2025-04-17,2026-02-11,1,High,Medium,Low,On-Time,8,45,Pro,Active
546,2025-03-02,2025-12-15,59,Medium,Low,Low,Delayed,7,21,Basic,Cancelled
547,2025-05-20,2025-12-24,50,Medium,Medium,Medium,Delayed,6,27,Basic,Active
548,2025-11-16,2025-12-23,51,Medium,Low,Low,Delayed,6,60,Pro,Active
549,2025-07-17,2025-12-15,59,Medium,Low,Low,On-Time,7,47,Pro,Active
550,2025-05-18,2025-05-31,257,Low,Low,High,Missed,3,21,Basic,Cancelled
551,2024-11-30,2025-04-25,293,Low,Low,High,Delayed,1,24,Basic,Cancelled
552,2025-11-30,2026-02-10,2,High,High,Medium,On-Time,8,14,Basic,Active
553,2025-05-04,2025-12-04,70,Medium,Low,High,Delayed,4,30,Basic,Active
554,2026-01-03,2025-11-25,79,Low,Low,High,Missed,5,30,Basic,Active
555,2024-12-07,2026-02-02,10,High,Medium,Low,On-Time,10,14,Basic,Active
556,2024-10-11,2025-12-18,56,Medium,Low,Low,On-Time,7,21,Basic,Active
557,2025-08-21,2026-01-29,14,Medium,Medium,Low,On-Time,8,297,Enterprise,Active
558,2024-10-07,2025-11-01,103,Medium,Low,Medium,Missed,4,16,Basic,Active
559,2025-04-01,2025-10-29,106,Low,Low,Medium,Delayed,4,10,Basic,Cancelled
560,2025-06-20,2025-06-09,248,Low,Low,High,Delayed,3,27,Basic,Cancelled
561,2024-09-01,2025-06-07,250,Low,Low,Medium,Delayed,4,266,Enterprise,Cancelled
562,2025-02-06,2025-09-07,158,Low,Low,High,Delayed,4,13,Basic,Cancelled
563,2025-01-04,2025-11-13,91,Medium,Low,Medium,Delayed,6,21,Basic,Cancelled
564,2025-11-27,2025-11-23,81,Low,Medium,Medium,Delayed,5,24,Basic,Active
565,2025-02-01,2026-01-22,21,Medium,Medium,Low,On-Time,7,212,Enterprise,Active
566,2025-06-24,2025-12-04,70,Medium,Low,Medium,Delayed,5,263,Enterprise,Active
567,2025-11-30,2026-01-06,37,Low,Medium,Medium,Delayed,7,67,Pro,Active
568,2025-01-05,2025-12-15,59,Medium,Low,Low,On-Time,7,205,Enterprise,Active
569,2025-12-11,2026-01-14,29,Medium,Medium,Low,On-Time,9,27,Basic,Active
570,2025-05-22,2026-01-21,22,High,Medium,Low,Delayed,9,42,Pro,Active
571,2024-11-18,2025-10-22,113,Low,Low,Medium,Missed,4,18,Basic,Active
572,2025-08-13,2026-01-13,30,Medium,Medium,Low,On-Time,9,25,Basic,Active
573,2024-10-06,2025-04-21,297,Low,Low,High,Missed,3,12,Basic,Cancelled
574,2025-03-13,2026-01-20,23,High,High,Low,On-Time,10,150,Enterprise,Active
575,2025-07-06,2026-01-27,16,Medium,High,Low,On-Time,8,14,Basic,Active
576,2025-07-15,2025-09-03,162,Low,Low,Medium,Missed,3,19,Basic,Cancelled
577,2025-04-17,2026-01-23,20,Medium,High,Medium,On-Time,7,50,Pro,Active
578,2025-04-10,2025-11-23,81,Medium,Medium,High,Delayed,5,49,Pro,Active
579,2026-01-07,2026-02-08,4,High,High,Low,On-Time,8,14,Basic,Active
580,2025-05-01,2026-02-05,7,Medium,Medium,Low,On-Time,7,12,Basic,Active
581,2025-11-15,2026-01-17,26,High,High,Low,On-Time,8,78,Pro,Active
582,2025-04-21,2025-07-19,208,Low,Low,Medium,Missed,1,14,Basic,Cancelled
583,2025-01-26,2026-01-05,38,Medium,Medium,Medium,On-Time,5,67,Pro,Active
584,2025-12-23,2026-02-06,6,High,Medium,Low,On-Time,7,131,Enterprise,Active
585,2025-12-11,2026-01-03,40,Low,Low,Medium,Delayed,6,21,Basic,Active
586,2025-12-30,2025-09-21,144,Low,Low,Medium,Delayed,3,209,Enterprise,Cancelled
587,2025-07-17,2025-09-03,162,Low,Low,High,Delayed,2,44,Pro,Cancelled
588,2025-11-24,2025-12-17,57,Medium,Medium,Low,On-Time,7,40,Pro,Active
589,2024-09-02,2025-12-20,54,Medium,Medium,Low,Delayed,7,13,Basic,Active
590,2025-10-13,2026-01-17,26,High,High,Low,On-Time,7,60,Pro,Active
591,2025-11-11,2025-12-29,45,Medium,Medium,Medium,Delayed,5,22,Basic,Active
592,2025-08-21,2025-06-20,237,Low,Low,High,Missed,4,23,Basic,Cancelled
593,2025-08-18,2026-01-16,27,High,Medium,Medium,Delayed,9,25,Basic,Active
594,2025-02-03,2026-02-09,3,High,High,Low,On-Time,10,28,Basic,Active
595,2024-08-31,2026-02-09,3,Medium,Medium,Low,On-Time,8,29,Basic,Active
596,2024-11-07,2025-07-03,224,Low,Low,Medium,Delayed,4,28,Basic,Cancelled
597,2025-03-16,2025-08-06,190,Low,Low,High,Delayed,4,29,Basic,Cancelled
598,2024-09-14,2025-12-31,43,Low,Medium,Low,On-Time,5,30,Basic,Active
599,2024-09-18,2026-02-08,4,High,Medium,Medium,On-Time,7,217,Enterprise,Active
600,2025-03-10,2026-01-22,21,High,High,Low,On-Time,10,52,Pro,Active
601,2025-08-16,2025-11-01,103,Low,Low,Medium,Missed,3,23,Basic,Cancelled
602,2024-10-20,2025-10-16,119,Low,Low,High,Delayed,3,59,Pro,Active
603,2024-10-18,2025-12-21,53,Medium,Medium,Low,On-Time,5,27,Basic,Active
604,2025-01-28,2025-12-26,48,Medium,Medium,Medium,On-Time,8,64,Pro,Active
605,2025-03-04,2026-01-22,21,High,Medium,Low,On-Time,7,21,Basic,Active
606,2025-07-19,2025-05-18,270,Low,Low,Medium,Delayed,3,23,Basic,Cancelled
607,2025-07-21,2026-02-01,11,High,High,Low,On-Time,9,44,Pro,Active
608,2024-10-26,2026-01-03,40,Medium,Medium,Low,On-Time,8,188,Enterprise,Active
609,2026-01-03,2026-01-21,22,High,High,Low,On-Time,9,71,Pro,Active
610,2025-11-23,2025-12-21,53,Low,Medium,Low,Delayed,7,23,Basic,Active
611,2025-10-02,2026-01-28,15,Medium,Medium,Low,Delayed,8,11,Basic,Active
612,2025-08-14,2025-12-25,49,Medium,Medium,Medium,On-Time,5,28,Basic,Active
613,2024-11-29,2025-11-10,94,Low,Low,High,Missed,5,27,Basic,Cancelled
614,2025-08-06,2025-12-01,73,Low,Low,Medium,Missed,4,73,Pro,Cancelled
615,2024-10-29,2026-02-07,5,High,High,Medium,On-Time,10,30,Basic,Active
616,2025-04-16,2025-12-18,56,Low,Low,Low,On-Time,5,14,Basic,Active
617,2025-09-12,2025-12-04,70,Medium,Medium,High,Delayed,3,57,Pro,Cancelled
618,2024-11-18,2025-11-25,79,Medium,Low,High,Delayed,3,19,Basic,Active
619,2025-05-21,2025-12-28,46,Medium,Medium,Medium,On-Time,6,18,Basic,Active
620,2025-02-10,2026-01-26,17,High,Medium,Medium,On-Time,7,12,Basic,Active
621,2025-08-06,2025-12-24,50,Medium,Medium,Medium,Delayed,5,48,Pro,Active
622,2025-09-15,2026-01-09,34,Medium,Medium,Low,Delayed,7,29,Basic,Active
623,2025-11-12,2025-12-19,55,Low,Medium,Low,On-Time,6,13,Basic,Cancelled
624,2025-10-16,2026-02-06,6,Medium,High,Low,On-Time,10,47,Pro,Active
625,2025-08-04,2025-05-28,260,Low,Low,High,Missed,3,157,Enterprise,Cancelled
626,2025-07-12,2026-01-28,15,Medium,Medium,Low,Delayed,7,43,Pro,Active
627,2025-01-25,2025-04-26,292,Low,Low,Medium,Missed,3,63,Pro,Cancelled
628,2024-10-08,2025-04-22,296,Low,Low,Medium,Delayed,4,22,Basic,Cancelled
629,2024-09-26,2026-01-14,29,High,High,Medium,On-Time,8,161,Enterprise,Active
630,2024-10-02,2026-01-29,14,Medium,Medium,Medium,On-Time,7,12,Basic,Active
631,2024-11-18,2026-01-19,24,Medium,High,Low,Delayed,10,145,Enterprise,Active
632,2024-11-17,2026-01-07,36,Low,Medium,Low,Delayed,7,11,Basic,Active
633,2025-02-19,2025-12-23,51,Medium,Medium,Medium,On-Time,6,12,Basic,Active
634,2025-11-18,2026-02-07,5,High,Medium,Medium,On-Time,8,66,Pro,Active
635,2024-12-04,2025-11-23,81,Low,Medium,Medium,Delayed,5,23,Basic,Cancelled
636,2025-07-09,2025-08-29,167,Low,Low,Medium,Missed,2,10,Basic,Cancelled
637,2024-09-28,2026-01-26,17,Medium,Medium,Medium,Delayed,8,15,Basic,Active
638,2025-12-19,2026-01-31,12,Medium,Medium,Low,Delayed,8,150,Enterprise,Active
639,2026-01-06,2025-06-02,255,Low,Low,High,Delayed,4,71,Pro,Cancelled
640,2025-11-14,2026-02-05,7,Medium,High,Medium,On-Time,9,64,Pro,Active
641,2025-11-08,2026-01-30,13,Medium,Medium,Medium,On-Time,8,23,Basic,Active
642,2024-12-04,2026-02-08,4,High,Medium,Low,On-Time,8,30,Basic,Active
643,2025-05-24,2025-12-08,66,Low,Low,Medium,Missed,4,78,Pro,Cancelled
644,2025-09-04,2025-09-26,139,Low,Low,Medium,Missed,3,240,Enterprise,Cancelled
645,2024-10-05,2026-01-01,42,Low,Low,Medium,On-Time,5,64,Pro,Active
646,2025-08-12,2025-07-05,222,Low,Low,High,Missed,1,56,Pro,Cancelled
647,2025-10-19,2025-12-27,47,Medium,Medium,Low,On-Time,8,11,Basic,Active
648,2024-08-30,2025-09-12,153,Low,Low,High,Delayed,3,67,Pro,Cancelled
649,2025-08-22,2025-12-15,59,Low,Low,Medium,On-Time,7,25,Basic,Active
650,2024-12-18,2026-01-13,30,High,Medium,Low,On-Time,7,11,Basic,Active
651,2025-09-18,2026-01-07,36,Medium,Medium,Medium,On-Time,8,27,Basic,Active
652,2025-05-10,2026-01-29,14,High,Medium,Medium,On-Time,7,19,Basic,Active
653,2025-10-13,2025-09-01,164,Low,Low,High,Delayed,2,40,Pro,Cancelled
654,2025-04-19,2026-01-19,24,High,High,Low,On-Time,7,126,Enterprise,Active
655,2025-08-21,2025-10-31,104,Medium,Low,Medium,Missed,3,12,Basic,Cancelled
656,2025-05-23,2025-10-21,114,Medium,Low,High,Delayed,3,29,Basic,Active
657,2024-09-14,2025-06-21,236,Low,Low,Medium,Delayed,2,11,Basic,Cancelled
658,2024-11-29,2025-11-02,102,Low,Medium,High,Delayed,6,17,Basic,Active
659,2024-09-06,2026-01-19,24,Medium,High,Medium,On-Time,10,30,Basic,Active
660,2025-10-27,2025-09-14,151,Low,Low,Medium,Delayed,3,274,Enterprise,Cancelled
661,2025-11-07,2025-07-15,212,Low,Low,High,Delayed,2,22,Basic,Cancelled
662,2025-05-15,2025-08-07,189,Low,Low,High,Missed,4,79,Pro,Cancelled
663,2025-10-10,2025-11-16,88,Medium,Low,Medium,Missed,4,71,Pro,Cancelled
664,2025-04-19,2026-01-23,20,Medium,High,Low,On-Time,10,14,Basic,Active
665,2025-01-28,2026-01-15,28,High,High,Low,On-Time,7,251,Enterprise,Active
666,2025-11-19,2025-06-06,251,Low,Low,High,Missed,3,28,Basic,Cancelled
667,2025-12-03,2025-12-19,55,Medium,Medium,Medium,On-Time,6,23,Basic,Cancelled
668,2024-10-22,2026-01-21,22,High,High,Low,On-Time,9,15,Basic,Active
669,2025-09-27,2026-02-07,5,High,Medium,Low,On-Time,10,40,Pro,Active
670,2025-06-25,2026-02-09,3,High,Medium,Low,On-Time,10,29,Basic,Active
671,2025-07-13,2025-12-21,53,Low,Low,Low,On-Time,6,10,Basic,Active
672,2025-01-22,2026-02-06,6,Medium,High,Low,On-Time,10,74,Pro,Active
673,2025-10-08,2025-09-22,143,Low,Low,Medium,Missed,4,13,Basic,Cancelled
674,2025-10-20,2025-10-17,118,Low,Medium,High,Delayed,6,28,Basic,Cancelled
675,2024-11-15,2026-01-17,26,High,High,Low,Delayed,10,246,Enterprise,Active
676,2025-01-01,2026-01-25,18,High,High,Low,On-Time,10,79,Pro,Active
677,2024-09-22,2026-01-22,21,Medium,Medium,Low,On-Time,7,20,Basic,Active
678,2025-04-05,2026-02-10,2,High,Medium,Medium,On-Time,9,23,Basic,Active
679,2026-01-03,2026-02-07,5,High,High,Low,On-Time,8,61,Pro,Active
680,2024-09-29,2025-05-13,275,Low,Low,High,Delayed,4,19,Basic,Cancelled
681,2025-01-08,2025-07-07,220,Low,Low,High,Delayed,3,50,Pro,Cancelled
682,2025-03-01,2026-02-06,6,High,Medium,Low,On-Time,8,25,Basic,Active
683,2025-11-23,2025-10-24,111,Low,Medium,Medium,Delayed,3,18,Basic,Cancelled
684,2025-07-15,2025-04-24,294,Low,Low,Medium,Delayed,1,61,Pro,Cancelled
685,2025-06-07,2026-01-09,34,Low,Medium,Low,On-Time,7,75,Pro,Active
686,2025-08-30,2025-09-06,159,Low,Low,High,Delayed,1,68,Pro,Cancelled
687,2024-11-30,2025-06-19,238,Low,Low,High,Delayed,1,79,Pro,Cancelled
688,2024-12-09,2025-12-16,58,Low,Low,Low,On-Time,5,160,Enterprise,Cancelled
689,2025-01-06,2025-08-01,195,Low,Low,High,Delayed,4,46,Pro,Cancelled
690,2025-10-27,2025-12-23,51,Medium,Low,Low,On-Time,8,25,Basic,Active
691,2025-07-23,2026-02-03,9,High,High,Low,On-Time,9,55,Pro,Active
692,2025-10-28,2025-12-19,55,Low,Medium,Low,Delayed,8,252,Enterprise,Cancelled
693,2024-12-03,2025-12-22,52,Medium,Medium,Low,On-Time,5,15,Basic,Active
694,2025-06-05,2026-01-11,32,Medium,Medium,Medium,On-Time,5,289,Enterprise,Cancelled
695,2024-10-22,2025-06-03,254,Low,Low,High,Missed,3,60,Pro,Cancelled
696,2024-10-05,2026-01-01,42,Medium,Medium,Low,Delayed,8,27,Basic,Active
697,2025-02-28,2025-12-18,56,Low,Medium,Low,Delayed,8,141,Enterprise,Active
698,2025-12-26,2025-05-30,258,Low,Low,Medium,Delayed,2,74,Pro,Cancelled
699,2025-08-21,2026-01-06,37,Medium,Medium,Low,Delayed,6,258,Enterprise,Active
700,2025-03-16,2026-02-04,8,High,Medium,Medium,Delayed,7,63,Pro,Active
701,2025-09-03,2025-05-07,281,Low,Low,High,Missed,1,28,Basic,Cancelled
702,2025-01-01,2026-02-12,0,High,Medium,Medium,Delayed,8,19,Basic,Active
703,2025-02-06,2026-01-18,25,Medium,High,Low,On-Time,8,26,Basic,Active
704,2025-03-21,2026-02-06,6,Medium,High,Low,On-Time,10,11,Basic,Active
705,2025-06-10,2025-09-11,154,Low,Low,High,Missed,3,65,Pro,Cancelled
706,2025-03-18,2026-01-26,17,High,High,Low,On-Time,10,296,Enterprise,Active
707,2024-09-24,2026-01-13,30,High,Medium,Medium,On-Time,8,24,Basic,Active
708,2025-11-08,2025-12-21,53,Medium,Medium,Medium,On-Time,5,214,Enterprise,Active
709,2024-09-29,2026-01-13,30,High,Medium,Low,On-Time,9,14,Basic,Active
710,2025-11-14,2025-07-11,216,Low,Low,Medium,Missed,3,14,Basic,Cancelled
711,2025-11-02,2026-01-18,25,High,High,Medium,Delayed,8,25,Basic,Active
712,2026-01-12,2026-01-09,34,Medium,Medium,Low,On-Time,7,216,Enterprise,Active
713,2025-05-15,2026-01-17,26,Medium,Medium,Medium,On-Time,10,68,Pro,Active
714,2025-10-29,2025-07-23,204,Low,Low,Medium,Missed,4,22,Basic,Cancelled
715,2025-07-24,2026-01-26,17,High,Medium,Low,On-Time,7,126,Enterprise,Active
716,2025-03-27,2025-11-03,101,Medium,Medium,Medium,Delayed,3,76,Pro,Active
717,2024-12-22,2026-02-11,1,Medium,High,Medium,On-Time,7,27,Basic,Active
718,2025-10-13,2026-01-13,30,High,Medium,Low,On-Time,10,27,Basic,Active
719,2025-03-09,2026-02-02,10,High,High,Medium,On-Time,10,10,Basic,Active
720,2024-10-30,2025-12-27,47,Medium,Medium,Low,On-Time,6,12,Basic,Active
721,2025-10-27,2026-02-03,9,Medium,Medium,Low,Delayed,8,11,Basic,Active
722,2025-08-14,2026-01-31,12,High,High,Medium,On-Time,7,17,Basic,Active
723,2024-12-24,2025-12-24,50,Medium,Medium,Medium,On-Time,5,27,Basic,Active
724,2025-06-19,2026-01-10,33,Medium,Medium,Low,Delayed,7,46,Pro,Active
725,2025-09-09,2026-01-19,24,High,Medium,Low,On-Time,7,72,Pro,Active
726,2025-10-01,2025-12-18,56,Low,Medium,Medium,Delayed,8,42,Pro,Cancelled
727,2026-01-13,2025-12-17,57,Medium,Low,Low,Delayed,5,189,Enterprise,Active
728,2025-03-13,2026-01-04,39,Low,Medium,Low,Delayed,7,76,Pro,Active
729,2025-12-09,2025-11-24,80,Low,Medium,High,Missed,5,26,Basic,Cancelled
730,2024-09-10,2026-01-18,25,High,Medium,Low,On-Time,10,20,Basic,Active
731,2025-07-23,2025-11-30,74,Low,Low,Medium,Missed,3,10,Basic,Cancelled
732,2025-02-03,2026-02-07,5,High,Medium,Medium,On-Time,7,44,Pro,Active
733,2025-04-13,2026-02-12,0,Medium,Medium,Low,On-Time,10,62,Pro,Active
734,2025-06-29,2026-01-07,36,Low,Low,Medium,On-Time,7,17,Basic,Cancelled
735,2024-12-29,2026-02-12,0,Medium,Medium,Medium,On-Time,9,54,Pro,Active
736,2025-09-16,2026-01-28,15,Medium,High,Low,On-Time,8,30,Basic,Active
737,2025-06-25,2025-12-06,68,Medium,Low,Medium,Delayed,4,12,Basic,Active
738,2025-11-09,2026-02-04,8,Medium,Medium,Medium,On-Time,9,10,Basic,Active
739,2024-08-24,2025-04-20,298,Low,Low,High,Missed,4,23,Basic,Cancelled
740,2025-02-19,2026-01-22,21,Medium,High,Medium,On-Time,10,26,Basic,Active
741,2025-05-20,2025-06-10,247,Low,Low,Medium,Delayed,2,23,Basic,Cancelled
742,2025-04-16,2026-01-29,14,High,High,Low,Delayed,7,177,Enterprise,Active
743,2024-08-31,2026-01-21,22,High,High,Low,On-Time,9,30,Basic,Active
744,2025-11-25,2025-12-12,62,Low,Medium,Medium,Missed,5,25,Basic,Cancelled
745,2025-09-13,2026-01-02,41,Low,Low,Low,On-Time,5,46,Pro,Active
746,2025-02-27,2026-01-29,14,High,High,Low,On-Time,9,297,Enterprise,Active
747,2025-12-11,2026-01-18,25,High,Medium,Low,On-Time,10,11,Basic,Active
748,2025-04-02,2026-02-11,1,High,High,Low,On-Time,8,288,Enterprise,Active
749,2025-02-28,2026-02-12,0,High,High,Low,On-Time,7,10,Basic,Active
750,2025-05-26,2026-01-27,16,High,High,Low,On-Time,7,52,Pro,Active
751,2024-10-07,2025-05-21,267,Low,Low,Medium,Missed,3,29,Basic,Cancelled
752,2025-05-31,2026-02-07,5,High,Medium,Low,On-Time,10,62,Pro,Active
753,2025-08-07,2025-05-18,270,Low,Low,High,Delayed,2,29,Basic,Cancelled
754,2025-07-22,2026-02-03,9,High,High,Low,On-Time,7,27,Basic,Active
755,2024-10-31,2026-02-11,1,High,High,Low,Delayed,7,25,Basic,Active
756,2025-01-23,2026-01-21,22,Medium,High,Low,On-Time,9,66,Pro,Active
757,2025-07-29,2026-02-07,5,High,Medium,Medium,On-Time,7,54,Pro,Active
758,2025-05-20,2025-12-24,50,Medium,Medium,Medium,Delayed,8,10,Basic,Active
759,2025-07-12,2026-01-12,31,Medium,Medium,Low,On-Time,6,212,Enterprise,Active
760,2025-12-22,2025-10-07,128,Low,Low,Medium,Missed,2,164,Enterprise,Cancelled
761,2025-07-24,2026-01-16,27,High,High,Low,Delayed,7,14,Basic,Active
762,2025-07-03,2026-01-23,20,Medium,High,Medium,On-Time,8,21,Basic,Active
763,2025-02-09,2025-09-01,164,Low,Low,High,Delayed,4,136,Enterprise,Cancelled
764,2025-11-14,2025-12-04,70,Medium,Low,Medium,Delayed,5,30,Basic,Active
765,2025-09-10,2025-12-14,60,Medium,Low,Low,On-Time,6,18,Basic,Active
766,2024-10-24,2026-02-08,4,Medium,Medium,Medium,On-Time,7,79,Pro,Active
767,2025-12-11,2025-12-03,71,Low,Medium,High,Delayed,6,21,Basic,Cancelled
768,2025-04-19,2025-12-21,53,Medium,Low,Low,On-Time,5,235,Enterprise,Active
769,2024-10-29,2025-11-28,76,Low,Low,High,Delayed,5,12,Basic,Active
770,2025-08-15,2026-01-29,14,High,High,Low,On-Time,9,24,Basic,Active
771,2025-06-06,2025-11-17,87,Low,Low,Medium,Delayed,6,62,Pro,Active
772,2024-10-09,2026-02-10,2,High,High,Low,On-Time,9,145,Enterprise,Active
773,2025-11-14,2025-12-09,65,Low,Low,Medium,Missed,5,57,Pro,Active
774,2025-10-08,2025-12-21,53,Low,Medium,Medium,Delayed,7,21,Basic,Active
775,2024-12-09,2026-01-31,12,Medium,Medium,Medium,On-Time,8,178,Enterprise,Active
776,2025-09-19,2025-12-20,54,Low,Medium,Low,Delayed,8,12,Basic,Active
777,2025-08-06,2025-12-16,58,Medium,Low,Medium,On-Time,8,14,Basic,Cancelled
778,2025-03-24,2026-01-16,27,High,Medium,Low,Delayed,9,23,Basic,Active
779,2025-06-10,2026-01-22,21,Medium,Medium,Low,On-Time,7,42,Pro,Active
780,2024-09-28,2026-01-08,35,Medium,Low,Low,Delayed,8,22,Basic,Cancelled
781,2025-12-12,2026-01-26,17,High,High,Low,Delayed,9,13,Basic,Active
782,2025-02-02,2025-12-26,48,Medium,Low,Medium,On-Time,6,192,Enterprise,Active
783,2025-09-30,2025-08-16,180,Low,Low,Medium,Missed,4,26,Basic,Cancelled
784,2026-01-08,2026-02-07,5,High,Medium,Low,Delayed,8,70,Pro,Active
785,2024-12-29,2026-02-10,2,High,Medium,Low,Delayed,9,25,Basic,Active
786,2025-10-24,2025-12-24,50,Medium,Medium,Low,Delayed,8,14,Basic,Active
787,2025-05-30,2026-02-10,2,Medium,Medium,Low,On-Time,10,28,Basic,Active
788,2025-12-24,2026-01-20,23,High,Medium,Medium,On-Time,9,15,Basic,Active
789,2025-06-15,2026-01-05,38,Medium,Low,Low,On-Time,6,11,Basic,Active
790,2025-09-13,2026-01-15,28,Medium,High,Low,On-Time,7,53,Pro,Active
791,2024-10-05,2025-12-28,46,Medium,Low,Low,On-Time,5,66,Pro,Active
792,2025-05-28,2025-09-02,163,Low,Low,Medium,Missed,4,30,Basic,Cancelled
793,2025-01-23,2025-12-22,52,Low,Medium,Medium,Delayed,8,14,Basic,Active
794,2025-07-30,2025-12-22,52,Low,Medium,Low,On-Time,6,25,Basic,Active
795,2024-11-19,2026-02-04,8,Medium,High,Low,On-Time,9,22,Basic,Active
796,2025-10-19,2025-12-09,65,Medium,Low,Medium,Delayed,4,27,Basic,Active
797,2025-09-25,2026-01-29,14,Medium,Medium,Medium,On-Time,7,19,Basic,Active
798,2025-05-31,2026-01-11,32,Medium,Medium,Low,On-Time,6,12,Basic,Active
799,2026-01-05,2025-06-29,228,Low,Low,Medium,Missed,2,44,Pro,Cancelled
800,2025-09-23,2026-01-13,30,Medium,Medium,Medium,On-Time,8,26,Basic,Active
801,2025-11-19,2025-10-22,113,Low,Low,Medium,Delayed,6,16,Basic,Cancelled
802,2025-11-20,2026-02-01,11,High,High,Low,On-Time,8,12,Basic,Active
803,2025-02-11,2026-01-17,26,High,Medium,Low,Delayed,10,29,Basic,Active
804,2025-05-03,2026-02-09,3,Medium,Medium,Medium,On-Time,9,273,Enterprise,Active
805,2025-07-31,2025-12-23,51,Low,Low,Medium,Delayed,7,60,Pro,Active
806,2024-08-31,2025-10-20,115,Medium,Low,Medium,Missed,6,54,Pro,Active
807,2025-05-01,2025-11-06,98,Medium,Low,Medium,Missed,3,55,Pro,Active
808,2025-03-02,2026-01-10,33,Medium,Medium,Low,On-Time,6,29,Basic,Active
809,2024-08-25,2025-11-15,89,Medium,Low,Medium,Missed,3,285,Enterprise,Cancelled
810,2024-11-23,2025-11-25,79,Medium,Low,High,Delayed,4,290,Enterprise,Cancelled
811,2024-08-25,2026-02-05,7,Medium,Medium,Low,Delayed,9,30,Basic,Active
812,2026-01-10,2025-12-09,65,Medium,Low,Medium,Missed,4,15,Basic,Cancelled
813,2025-03-16,2026-01-26,17,Medium,Medium,Low,On-Time,10,16,Basic,Active
814,2025-09-10,2025-06-28,229,Low,Low,Medium,Missed,3,80,Pro,Cancelled
815,2025-10-02,2025-11-26,78,Medium,Low,High,Delayed,6,26,Basic,Active
816,2025-03-07,2025-12-20,54,Medium,Medium,Medium,On-Time,8,19,Basic,Active
817,2025-03-15,2025-11-09,95,Low,Medium,Medium,Delayed,6,70,Pro,Active
818,2025-12-08,2026-02-02,10,High,High,Low,On-Time,7,215,Enterprise,Active
819,2025-05-07,2026-01-31,12,Medium,Medium,Medium,On-Time,10,28,Basic,Active
820,2025-12-08,2026-01-30,13,Medium,Medium,Low,Delayed,8,23,Basic,Active
821,2024-09-10,2025-08-10,186,Low,Low,High,Delayed,3,71,Pro,Cancelled
822,2025-02-22,2025-12-21,53,Medium,Medium,Low,On-Time,6,21,Basic,Active
823,2025-02-24,2025-10-29,106,Medium,Medium,High,Delayed,6,17,Basic,Cancelled
824,2025-03-11,2026-01-25,18,Medium,Medium,Low,On-Time,10,28,Basic,Active
825,2024-09-02,2026-01-15,28,High,Medium,Medium,On-Time,10,19,Basic,Active
826,2025-05-02,2025-12-26,48,Low,Medium,Low,On-Time,5,62,Pro,Active
827,2024-11-23,2026-01-08,35,Medium,Medium,Medium,Delayed,5,40,Pro,Cancelled
828,2025-11-25,2025-09-27,138,Low,Low,High,Missed,4,67,Pro,Cancelled
829,2025-10-18,2026-02-07,5,High,Medium,Low,On-Time,7,16,Basic,Active
830,2025-10-10,2026-02-06,6,High,High,Medium,On-Time,10,29,Basic,Active
831,2025-11-19,2025-12-16,58,Low,Medium,Low,On-Time,5,70,Pro,Active
832,2025-05-10,2026-01-22,21,Medium,High,Low,Delayed,7,26,Basic,Active
833,2024-12-04,2026-01-12,31,Medium,Medium,Medium,On-Time,8,23,Basic,Active
834,2025-07-25,2026-02-01,11,Medium,High,Low,On-Time,9,64,Pro,Active
835,2025-03-07,2026-02-11,1,Medium,Medium,Medium,On-Time,10,48,Pro,Active
836,2025-12-31,2025-12-24,50,Medium,Medium,Medium,Delayed,6,70,Pro,Active
837,2025-04-25,2025-12-30,44,Low,Medium,Medium,Delayed,7,11,Basic,Active
838,2024-09-04,2026-01-18,25,Medium,Medium,Low,On-Time,7,25,Basic,Active
839,2024-08-26,2026-01-22,21,Medium,Medium,Medium,On-Time,8,73,Pro,Active
840,2024-10-22,2025-11-07,97,Medium,Medium,Medium,Delayed,3,75,Pro,Active
841,2024-08-26,2025-06-17,240,Low,Low,Medium,Missed,1,27,Basic,Cancelled
842,2025-09-12,2026-02-05,7,High,Medium,Low,On-Time,10,127,Enterprise,Active
843,2025-10-23,2025-10-15,120,Medium,Medium,High,Delayed,5,291,Enterprise,Cancelled
844,2025-11-11,2026-01-22,21,High,High,Medium,On-Time,9,267,Enterprise,Active
845,2024-12-17,2025-12-14,60,Low,Low,Low,Delayed,8,67,Pro,Active
846,2024-11-26,2025-11-29,75,Low,Low,Medium,Delayed,4,21,Basic,Cancelled
847,2025-11-09,2025-10-20,115,Low,Low,High,Delayed,4,201,Enterprise,Cancelled
848,2024-12-15,2026-02-01,11,Medium,Medium,Low,On-Time,8,10,Basic,Active
849,2025-04-13,2026-01-16,27,High,High,Medium,Delayed,10,49,Pro,Active
850,2025-03-12,2026-02-03,9,High,Medium,Medium,On-Time,9,13,Basic,Active
851,2025-08-26,2025-12-16,58,Low,Medium,Medium,On-Time,8,49,Pro,Active
852,2024-11-16,2025-12-21,53,Medium,Low,Medium,Delayed,5,71,Pro,Cancelled
853,2025-01-06,2026-01-31,12,High,Medium,Medium,On-Time,7,61,Pro,Active
854,2025-06-11,2026-01-22,21,High,High,Low,On-Time,9,16,Basic,Active
855,2025-01-20,2025-10-20,115,Low,Low,Medium,Missed,3,69,Pro,Cancelled
856,2025-02-12,2026-02-07,5,High,High,Low,Delayed,8,16,Basic,Active
857,2025-01-02,2026-01-23,20,High,Medium,Low,On-Time,8,23,Basic,Active
858,2025-01-31,2025-12-17,57,Medium,Medium,Low,On-Time,5,61,Pro,Active
859,2025-03-16,2026-01-30,13,Medium,Medium,Low,On-Time,8,19,Basic,Active
860,2025-01-26,2025-12-24,50,Low,Low,Low,Delayed,5,286,Enterprise,Active
861,2025-07-02,2026-01-04,39,Low,Medium,Low,On-Time,5,72,Pro,Active
862,2025-09-20,2025-12-12,62,Low,Medium,Medium,Missed,3,25,Basic,Cancelled
863,2025-02-17,2025-10-30,105,Low,Low,Medium,Delayed,4,65,Pro,Active
864,2025-04-04,2025-10-22,113,Low,Medium,Medium,Delayed,3,13,Basic,Cancelled
865,2025-10-13,2025-10-19,116,Low,Low,Medium,Missed,3,50,Pro,Active
866,2025-11-30,2025-12-26,48,Medium,Low,Low,On-Time,7,67,Pro,Active
867,2024-08-31,2026-01-13,30,Medium,High,Low,Delayed,9,68,Pro,Active
868,2025-11-03,2026-01-25,18,High,High,Medium,Delayed,8,42,Pro,Active
869,2025-09-14,2025-12-11,63,Low,Low,High,Missed,4,29,Basic,Cancelled
870,2025-06-11,2025-09-25,140,Low,Low,High,Missed,2,12,Basic,Cancelled
871,2024-09-17,2026-02-04,8,Medium,Medium,Low,On-Time,9,298,Enterprise,Active
872,2025-02-17,2025-08-26,170,Low,Low,High,Missed,2,14,Basic,Cancelled
873,2025-08-05,2026-01-18,25,High,High,Low,On-Time,7,75,Pro,Active
874,2025-06-19,2025-12-09,65,Low,Low,High,Missed,4,10,Basic,Cancelled
875,2025-11-24,2025-11-19,85,Medium,Low,High,Missed,3,59,Pro,Active
876,2025-03-18,2025-10-22,113,Medium,Low,Medium,Delayed,5,43,Pro,Cancelled
877,2025-10-18,2026-02-02,10,Medium,High,Low,On-Time,10,14,Basic,Active
878,2025-09-03,2026-02-12,0,Medium,Medium,Low,On-Time,9,30,Basic,Active
879,2024-09-02,2026-02-01,11,Medium,High,Low,On-Time,8,21,Basic,Active
880,2024-12-01,2025-11-14,90,Low,Low,Medium,Missed,4,198,Enterprise,Active
881,2025-06-19,2026-01-19,24,High,High,Low,On-Time,7,11,Basic,Active
882,2025-12-01,2026-01-20,23,High,Medium,Medium,On-Time,10,48,Pro,Active
883,2025-05-13,2025-12-28,46,Medium,Low,Medium,Delayed,8,10,Basic,Active
884,2025-01-13,2026-01-30,13,Medium,Medium,Low,On-Time,7,50,Pro,Active
885,2025-02-02,2026-01-14,29,Medium,High,Low,On-Time,8,43,Pro,Active
886,2025-06-11,2025-06-10,247,Low,Low,Medium,Missed,1,17,Basic,Cancelled
887,2024-11-14,2025-11-09,95,Medium,Medium,Medium,Delayed,5,76,Pro,Active
888,2025-06-26,2026-01-06,37,Low,Low,Medium,On-Time,5,244,Enterprise,Cancelled
889,2025-12-15,2025-11-21,83,Low,Low,Medium,Delayed,5,21,Basic,Cancelled
890,2026-01-09,2025-12-07,67,Low,Low,Medium,Missed,6,14,Basic,Active
891,2024-12-16,2025-12-22,52,Medium,Medium,Low,On-Time,6,24,Basic,Active
892,2025-02-11,2025-12-17,57,Medium,Medium,Medium,On-Time,6,14,Basic,Active
893,2025-06-25,2025-11-17,87,Medium,Medium,Medium,Delayed,6,150,Enterprise,Cancelled
894,2025-06-12,2025-12-28,46,Medium,Low,Medium,On-Time,8,219,Enterprise,Active
895,2025-11-07,2026-01-09,34,Low,Low,Low,On-Time,5,20,Basic,Active
896,2025-06-08,2026-01-24,19,Medium,High,Low,On-Time,10,14,Basic,Active
897,2025-01-05,2025-11-11,93,Low,Low,Medium,Delayed,4,25,Basic,Cancelled
898,2025-01-17,2026-01-18,25,Medium,Medium,Low,On-Time,8,14,Basic,Active
899,2025-06-22,2026-01-11,32,Medium,Medium,Low,On-Time,6,23,Basic,Active
900,2025-04-20,2025-11-24,80,Medium,Medium,Medium,Delayed,3,59,Pro,Cancelled
901,2025-11-18,2025-08-07,189,Low,Low,Medium,Delayed,4,11,Basic,Cancelled
902,2025-10-12,2026-02-11,1,High,Medium,Low,On-Time,9,145,Enterprise,Active
903,2025-06-07,2025-08-28,168,Low,Low,Medium,Missed,3,13,Basic,Cancelled
904,2025-02-05,2026-02-12,0,Medium,Medium,Low,On-Time,9,77,Pro,Active
905,2025-04-18,2025-05-13,275,Low,Low,Medium,Missed,2,45,Pro,Cancelled
906,2024-10-16,2026-01-09,34,Medium,Low,Low,On-Time,6,13,Basic,Active
907,2025-12-06,2026-01-13,30,High,High,Medium,Delayed,8,49,Pro,Active
908,2025-12-22,2026-01-08,35,Medium,Medium,Low,Delayed,7,13,Basic,Cancelled
909,2024-10-04,2026-01-30,13,High,High,Medium,On-Time,7,18,Basic,Active
910,2025-01-22,2026-01-13,30,High,High,Low,On-Time,8,65,Pro,Active
911,2025-05-05,2025-04-22,296,Low,Low,High,Missed,1,26,Basic,Cancelled
912,2025-07-01,2026-01-26,17,Medium,High,Low,On-Time,8,77,Pro,Active
913,2025-01-22,2026-01-12,31,Low,Low,Low,Delayed,7,18,Basic,Active
914,2025-04-06,2025-12-06,68,Low,Low,Medium,Delayed,4,14,Basic,Cancelled
915,2025-08-28,2025-10-19,116,Medium,Medium,Medium,Missed,3,29,Basic,Active
916,2024-09-03,2025-07-12,215,Low,Low,Medium,Delayed,3,66,Pro,Cancelled
917,2024-10-11,2026-01-24,19,High,Medium,Low,On-Time,9,18,Basic,Active
918,2025-10-15,2025-08-10,186,Low,Low,High,Missed,1,64,Pro,Cancelled
919,2024-09-16,2025-04-30,288,Low,Low,Medium,Missed,2,54,Pro,Cancelled
920,2025-07-31,2026-01-04,39,Medium,Low,Medium,On-Time,8,63,Pro,Active
921,2025-10-30,2026-01-15,28,High,High,Low,Delayed,8,25,Basic,Active
922,2024-09-18,2025-10-28,107,Low,Low,Medium,Missed,6,14,Basic,Cancelled
923,2025-12-08,2025-12-30,44,Medium,Low,Medium,On-Time,6,78,Pro,Active
924,2025-11-23,2025-07-10,217,Low,Low,Medium,Missed,1,42,Pro,Cancelled
925,2025-11-07,2026-02-05,7,Medium,High,Medium,On-Time,7,147,Enterprise,Active
926,2025-04-11,2026-01-20,23,Medium,Medium,Low,On-Time,10,59,Pro,Active
927,2025-07-28,2025-11-13,91,Low,Low,High,Missed,3,27,Basic,Active
928,2025-08-15,2025-12-07,67,Low,Medium,Medium,Missed,3,21,Basic,Active
929,2025-02-12,2026-01-03,40,Medium,Low,Low,Delayed,5,177,Enterprise,Active
930,2025-11-22,2026-01-13,30,Medium,High,Low,On-Time,7,274,Enterprise,Active
931,2025-10-28,2025-08-30,166,Low,Low,High,Missed,2,49,Pro,Cancelled
932,2024-10-13,2026-01-22,21,Medium,Medium,Low,Delayed,9,289,Enterprise,Active
933,2025-07-09,2026-01-14,29,High,Medium,Medium,On-Time,8,49,Pro,Active
934,2025-08-03,2025-12-04,70,Low,Medium,High,Delayed,3,18,Basic,Active
935,2025-10-31,2025-12-08,66,Low,Low,High,Delayed,6,66,Pro,Active
936,2025-03-11,2025-12-18,56,Low,Medium,Medium,Delayed,8,27,Basic,Active
937,2025-05-06,2025-12-26,48,Medium,Medium,Low,Delayed,6,10,Basic,Active
938,2025-10-01,2026-01-16,27,High,High,Medium,Delayed,7,212,Enterprise,Active
939,2024-11-05,2025-10-20,115,Medium,Medium,Medium,Delayed,6,43,Pro,Active
940,2024-12-27,2026-02-08,4,High,Medium,Low,On-Time,10,13,Basic,Active
941,2025-02-08,2025-05-19,269,Low,Low,Medium,Delayed,2,21,Basic,Cancelled
942,2025-11-02,2026-02-10,2,High,High,Medium,On-Time,8,14,Basic,Active
943,2024-12-26,2026-01-27,16,Medium,High,Low,On-Time,7,14,Basic,Active
944,2025-12-14,2026-01-15,28,Medium,Medium,Low,On-Time,10,69,Pro,Active
945,2025-04-05,2025-08-09,187,Low,Low,High,Missed,2,15,Basic,Cancelled
946,2025-08-27,2026-02-10,2,High,Medium,Low,On-Time,7,15,Basic,Active
947,2024-11-18,2026-01-20,23,Medium,Medium,Low,On-Time,10,30,Basic,Active
948,2025-06-20,2026-01-17,26,High,High,Low,On-Time,9,12,Basic,Active
949,2025-07-12,2025-11-05,99,Medium,Low,Medium,Delayed,3,59,Pro,Active
950,2025-10-09,2026-01-26,17,High,Medium,Low,On-Time,7,70,Pro,Active
951,2025-12-21,2026-02-11,1,High,Medium,Low,On-Time,9,248,Enterprise,Active
952,2025-10-06,2025-07-26,201,Low,Low,High,Delayed,2,46,Pro,Cancelled
953,2025-07-28,2025-07-02,225,Low,Low,High,Missed,2,22,Basic,Cancelled
954,2025-05-14,2025-05-17,271,Low,Low,High,Missed,2,24,Basic,Cancelled
955,2025-12-04,2025-10-18,117,Medium,Medium,Medium,Delayed,4,26,Basic,Cancelled
956,2025-04-24,2025-10-28,107,Medium,Low,High,Delayed,4,23,Basic,Active
957,2025-12-24,2025-12-15,59,Low,Low,Low,Delayed,5,71,Pro,Cancelled
958,2025-11-25,2025-10-23,112,Low,Medium,Medium,Missed,3,15,Basic,Active
959,2024-09-22,2026-02-03,9,High,High,Low,On-Time,8,69,Pro,Active
960,2025-09-03,2025-06-15,242,Low,Low,High,Delayed,4,48,Pro,Cancelled
961,2024-09-19,2026-02-09,3,Medium,High,Low,On-Time,10,294,Enterprise,Active
962,2025-11-08,2025-12-29,45,Medium,Low,Medium,On-Time,8,11,Basic,Active
963,2025-03-02,2025-12-23,51,Medium,Low,Medium,On-Time,6,15,Basic,Cancelled
964,2025-03-28,2026-01-31,12,Medium,High,Medium,On-Time,9,30,Basic,Active
965,2025-04-15,2025-10-17,118,Medium,Low,Medium,Delayed,6,20,Basic,Cancelled
966,2025-12-11,2026-01-02,41,Medium,Low,Low,Delayed,5,14,Basic,Active
967,2024-09-15,2026-01-28,15,High,High,Low,Delayed,10,21,Basic,Active
968,2024-12-05,2026-01-30,13,Medium,High,Low,On-Time,10,30,Basic,Active
969,2025-10-15,2026-02-10,2,High,High,Low,Delayed,10,254,Enterprise,Active
970,2025-09-26,2025-11-01,103,Medium,Low,Medium,Missed,6,50,Pro,Active
971,2025-10-04,2026-02-01,11,Medium,High,Low,On-Time,10,28,Basic,Active
972,2025-06-28,2026-01-17,26,High,Medium,Low,On-Time,8,20,Basic,Active
973,2026-01-06,2026-01-08,35,Low,Low,Low,On-Time,8,68,Pro,Active
974,2024-09-18,2025-12-17,57,Low,Low,Medium,On-Time,5,227,Enterprise,Active
975,2025-01-22,2026-01-26,17,Medium,Medium,Low,On-Time,8,267,Enterprise,Active
976,2024-09-11,2026-01-12,31,Medium,Medium,Low,On-Time,5,69,Pro,Active
977,2025-06-16,2025-11-17,87,Low,Medium,Medium,Missed,5,23,Basic,Active
978,2025-07-06,2025-08-30,166,Low,Low,High,Missed,4,23,Basic,Cancelled
979,2025-02-23,2025-08-03,193,Low,Low,High,Delayed,1,146,Enterprise,Cancelled
980,2025-11-29,2026-01-23,20,High,Medium,Low,On-Time,7,72,Pro,Active
981,2025-03-22,2026-01-18,25,High,High,Low,On-Time,10,47,Pro,Active
982,2025-10-05,2025-12-16,58,Medium,Medium,Medium,Delayed,8,65,Pro,Cancelled
983,2026-01-10,2026-01-13,30,High,High,Low,Delayed,9,23,Basic,Active
984,2025-02-03,2026-01-05,38,Medium,Low,Low,On-Time,7,78,Pro,Cancelled
985,2025-08-04,2026-02-02,10,High,High,Low,On-Time,10,30,Basic,Active
986,2025-06-26,2026-01-17,26,High,Medium,Low,Delayed,10,164,Enterprise,Active
987,2025-06-21,2026-01-15,28,High,High,Low,On-Time,8,80,Pro,Active
988,2025-03-24,2025-12-18,56,Medium,Low,Medium,Delayed,6,12,Basic,Cancelled
989,2025-12-31,2025-12-30,44,Medium,Low,Low,Delayed,5,14,Basic,Active
990,2024-08-28,2026-01-29,14,Medium,Medium,Low,On-Time,8,27,Basic,Active
991,2024-11-09,2026-01-05,38,Low,Low,Low,On-Time,5,280,Enterprise,Active
992,2026-01-02,2025-12-23,51,Low,Low,Low,Delayed,5,15,Basic,Active
993,2025-11-27,2025-12-09,65,Low,Low,High,Delayed,6,25,Basic,Cancelled
994,2024-09-09,2026-01-23,20,High,Medium,Low,On-Time,10,51,Pro,Active
995,2025-08-14,2026-02-12,0,Medium,Medium,Low,Delayed,7,208,Enterprise,Active
996,2025-05-11,2026-01-24,19,High,High,Low,On-Time,7,10,Basic,Active
997,2025-04-14,2026-01-12,31,Medium,Low,Low,On-Time,6,12,Basic,Active
998,2025-01-06,2026-01-21,22,Medium,High,Low,Delayed,9,58,Pro,Active
999,2025-05-19,2025-06-10,247,Low,Low,High,Delayed,2,16,Basic,Cancelled
1000,2025-01-27,2025-10-20,115,Medium,Low,Medium,Delayed,5,25,Basic,Active
1001,2025-06-06,2025-06-22,235,Low,Low,High,Delayed,3,78,Pro,Cancelled
1002,2025-07-01,2025-12-30,44,Medium,Medium,Medium,Delayed,8,26,Basic,Active
1003,2025-09-06,2026-01-25,18,High,Medium,Medium,Delayed,9,13,Basic,Active
1004,2025-10-13,2025-12-18,56,Medium,Low,Low,On-Time,7,47,Pro,Active
1005,2026-01-09,2026-02-02,10,Medium,Medium,Low,On-Time,9,263,Enterprise,Active
1006,2025-12-11,2025-07-08,219,Low,Low,Medium,Missed,2,18,Basic,Cancelled
1007,2025-01-12,2026-01-24,19,Medium,Medium,Low,On-Time,10,67,Pro,Active
1008,2025-08-04,2025-10-22,113,Low,Low,High,Delayed,5,15,Basic,Active
1009,2025-03-12,2025-11-23,81,Low,Low,Medium,Delayed,3,22,Basic,Cancelled
1010,2025-12-26,2025-05-31,257,Low,Low,High,Missed,1,13,Basic,Cancelled
1011,2024-11-15,2026-01-18,25,High,High,Low,On-Time,7,60,Pro,Active
1012,2025-05-06,2025-11-04,100,Low,Low,High,Delayed,3,146,Enterprise,Cancelled
1013,2025-12-30,2026-01-05,38,Medium,Medium,Low,On-Time,8,21,Basic,Active
1014,2024-11-22,2025-05-30,258,Low,Low,High,Delayed,1,11,Basic,Cancelled
1015,2025-11-18,2026-02-11,1,Medium,High,Low,On-Time,10,15,Basic,Active
1016,2024-09-27,2026-02-08,4,High,High,Low,On-Time,10,47,Pro,Active
1017,2025-04-21,2025-11-10,94,Low,Low,Medium,Delayed,6,19,Basic,Active
1018,2025-01-14,2026-01-10,33,Medium,Low,Low,Delayed,6,25,Basic,Active
1019,2025-12-14,2025-11-30,74,Low,Low,High,Delayed,3,73,Pro,Active
1020,2025-04-25,2025-07-26,201,Low,Low,High,Missed,4,72,Pro,Cancelled
1021,2025-11-20,2026-01-14,29,High,Medium,Low,On-Time,8,52,Pro,Active
1022,2025-12-09,2026-02-04,8,High,Medium,Medium,On-Time,7,13,Basic,Active
1023,2024-12-28,2026-02-09,3,High,Medium,Low,On-Time,10,13,Basic,Active
1024,2024-09-26,2025-12-26,48,Medium,Medium,Low,On-Time,7,13,Basic,Active
1025,2025-12-19,2025-05-01,287,Low,Low,Medium,Delayed,2,22,Basic,Cancelled
1026,2025-10-15,2026-01-24,19,High,Medium,Low,On-Time,7,47,Pro,Active
1027,2025-09-23,2026-02-09,3,High,High,Low,On-Time,7,29,Basic,Active
1028,2025-01-20,2026-01-21,22,High,High,Low,Delayed,9,15,Basic,Active
1029,2024-12-07,2026-02-06,6,High,High,Low,On-Time,7,29,Basic,Active
1030,2025-05-14,2025-12-20,54,Medium,Low,Low,On-Time,5,24,Basic,Active
1031,2025-11-02,2026-01-12,31,Low,Medium,Low,Delayed,5,40,Pro,Active
1032,2025-03-15,2025-11-21,83,Medium,Low,Medium,Delayed,3,19,Basic,Active
1033,2024-11-12,2026-02-05,7,High,High,Low,On-Time,9,61,Pro,Active
1034,2025-05-27,2026-01-28,15,Medium,Medium,Low,On-Time,9,21,Basic,Active
1035,2025-08-12,2026-01-21,22,High,High,Low,Delayed,10,26,Basic,Active
1036,2025-01-06,2026-01-23,20,High,Medium,Medium,On-Time,8,10,Basic,Active
1037,2025-09-10,2026-01-25,18,Medium,Medium,Low,On-Time,8,216,Enterprise,Active
1038,2025-02-20,2026-02-09,3,Medium,Medium,Low,Delayed,10,254,Enterprise,Active
1039,2025-10-16,2026-02-04,8,Medium,High,Low,On-Time,9,11,Basic,Active
1040,2025-03-23,2025-11-10,94,Medium,Medium,Medium,Missed,5,247,Enterprise,Active
1041,2024-09-26,2025-04-22,296,Low,Low,Medium,Missed,3,50,Pro,Cancelled
1042,2025-08-11,2026-01-28,15,High,Medium,Low,On-Time,9,47,Pro,Active
1043,2025-12-17,2026-01-28,15,High,High,Low,On-Time,9,19,Basic,Active
1044,2024-12-07,2026-01-16,27,High,Medium,Low,Delayed,9,16,Basic,Active
1045,2025-06-06,2025-11-06,98,Medium,Low,Medium,Missed,4,67,Pro,Cancelled
1046,2025-06-23,2025-12-15,59,Medium,Medium,Low,On-Time,8,28,Basic,Active
1047,2025-11-03,2026-01-22,21,Medium,High,Low,On-Time,9,28,Basic,Active
1048,2024-09-26,2025-05-07,281,Low,Low,High,Missed,4,26,Basic,Cancelled
1049,2025-06-01,2025-12-21,53,Medium,Low,Medium,On-Time,8,238,Enterprise,Active
1050,2025-12-30,2025-12-14,60,Medium,Low,Low,Delayed,7,63,Pro,Active
1051,2025-11-09,2026-01-24,19,High,High,Low,On-Time,10,10,Basic,Active
1052,2025-05-22,2025-12-18,56,Low,Medium,Medium,On-Time,7,61,Pro,Cancelled
1053,2025-03-15,2026-02-09,3,Medium,High,Low,Delayed,7,72,Pro,Active
1054,2024-12-31,2025-10-29,106,Low,Low,Medium,Missed,6,283,Enterprise,Active
1055,2024-11-03,2026-02-08,4,High,High,Medium,On-Time,10,52,Pro,Active
1056,2025-11-16,2025-09-27,138,Low,Low,Medium,Missed,1,55,Pro,Cancelled
1057,2025-10-01,2025-12-07,67,Low,Medium,Medium,Delayed,3,15,Basic,Active
1058,2024-11-20,2026-02-05,7,Medium,High,Medium,On-Time,7,30,Basic,Active
1059,2026-01-02,2026-02-07,5,High,Medium,Low,On-Time,8,19,Basic,Active
1060,2025-08-18,2026-01-22,21,High,High,Low,On-Time,10,46,Pro,Active
1061,2025-05-21,2025-12-30,44,Low,Medium,Low,On-Time,8,30,Basic,Active
1062,2025-02-14,2025-12-15,59,Low,Medium,Medium,On-Time,6,57,Pro,Active
1063,2026-01-09,2026-02-07,5,High,Medium,Low,On-Time,10,51,Pro,Active
1064,2025-02-12,2026-02-08,4,High,Medium,Low,On-Time,8,19,Basic,Active
1065,2024-09-28,2025-12-31,43,Medium,Low,Low,Delayed,6,288,Enterprise,Active
1066,2025-04-19,2026-02-04,8,High,High,Medium,On-Time,10,10,Basic,Active
1067,2024-11-03,2026-01-20,23,High,High,Low,Delayed,10,17,Basic,Active
1068,2024-08-29,2026-01-19,24,Medium,Medium,Low,Delayed,8,64,Pro,Active
1069,2024-12-23,2025-11-17,87,Medium,Low,Medium,Delayed,3,30,Basic,Active
1070,2024-11-09,2026-01-12,31,Low,Medium,Medium,On-Time,6,19,Basic,Active
1071,2025-09-20,2026-01-06,37,Low,Medium,Low,Delayed,5,46,Pro,Active
1072,2025-10-01,2026-01-11,32,Low,Low,Low,On-Time,5,73,Pro,Active
1073,2025-05-04,2026-02-06,6,Medium,High,Low,On-Time,8,68,Pro,Active
1074,2025-06-09,2025-12-23,51,Medium,Medium,Low,Delayed,7,11,Basic,Active
1075,2025-03-12,2025-11-09,95,Low,Low,High,Missed,5,15,Basic,Active
1076,2024-09-05,2026-01-03,40,Medium,Medium,Medium,Delayed,7,13,Basic,Active
1077,2025-03-21,2025-12-28,46,Low,Low,Medium,On-Time,8,11,Basic,Active
1078,2025-11-03,2026-02-06,6,High,Medium,Medium,On-Time,7,12,Basic,Active
1079,2024-11-27,2026-01-13,30,High,Medium,Medium,Delayed,9,226,Enterprise,Active
1080,2025-03-13,2025-05-11,277,Low,Low,High,Delayed,4,189,Enterprise,Cancelled
1081,2025-01-08,2026-02-11,1,High,High,Low,On-Time,10,17,Basic,Active
1082,2026-01-03,2026-01-14,29,High,Medium,Medium,On-Time,10,41,Pro,Active
1083,2025-04-06,2026-01-28,15,High,Medium,Low,On-Time,10,47,Pro,Active
1084,2025-06-03,2025-12-06,68,Medium,Medium,Medium,Delayed,6,12,Basic,Cancelled
1085,2025-03-18,2025-12-13,61,Low,Medium,High,Missed,3,17,Basic,Cancelled
1086,2024-11-23,2026-02-11,1,High,High,Low,On-Time,9,55,Pro,Active
1087,2025-08-17,2026-02-08,4,Medium,High,Low,On-Time,9,172,Enterprise,Active
1088,2025-05-05,2026-01-21,22,Medium,High,Medium,On-Time,9,261,Enterprise,Active
1089,2025-08-17,2026-01-16,27,Medium,High,Low,On-Time,7,23,Basic,Active
1090,2025-01-17,2026-01-13,30,Medium,High,Low,On-Time,8,27,Basic,Active
1091,2025-09-28,2026-02-09,3,High,Medium,Low,Delayed,10,69,Pro,Active
1092,2024-09-13,2026-01-09,34,Medium,Low,Low,On-Time,7,18,Basic,Cancelled
1093,2024-11-02,2025-11-04,100,Low,Low,Medium,Delayed,4,23,Basic,Active
1094,2025-04-16,2026-01-11,32,Low,Medium,Medium,Delayed,7,271,Enterprise,Cancelled
1095,2025-09-25,2026-01-19,24,High,Medium,Low,Delayed,7,75,Pro,Active
1096,2025-06-29,2025-10-28,107,Medium,Low,High,Delayed,6,73,Pro,Cancelled
1097,2025-09-02,2026-02-07,5,Medium,High,Medium,On-Time,7,18,Basic,Active
1098,2025-12-01,2026-02-05,7,Medium,High,Low,On-Time,9,18,Basic,Active
1099,2024-12-09,2025-04-30,288,Low,Low,High,Missed,1,20,Basic,Cancelled
1100,2024-11-11,2026-02-04,8,Medium,High,Low,On-Time,7,242,Enterprise,Active
1101,2025-02-21,2025-12-16,58,Medium,Medium,Low,On-Time,7,18,Basic,Cancelled
1102,2024-12-17,2026-01-18,25,High,Medium,Low,On-Time,8,287,Enterprise,Active
1103,2025-12-19,2025-11-29,75,Low,Low,High,Missed,5,43,Pro,Active
1104,2024-09-13,2025-12-21,53,Low,Low,Low,Delayed,7,17,Basic,Active
1105,2025-07-18,2026-02-09,3,High,High,Low,On-Time,9,66,Pro,Active
1106,2025-12-08,2025-05-03,285,Low,Low,High,Missed,1,21,Basic,Cancelled
1107,2025-07-26,2025-12-30,44,Low,Medium,Medium,On-Time,5,14,Basic,Active
1108,2024-10-04,2025-12-25,49,Medium,Low,Medium,On-Time,7,28,Basic,Cancelled
1109,2025-12-28,2025-12-22,52,Low,Medium,Medium,On-Time,5,264,Enterprise,Cancelled
1110,2025-05-01,2025-05-20,268,Low,Low,High,Delayed,1,73,Pro,Cancelled
1111,2024-12-01,2025-10-01,134,Low,Low,High,Missed,4,16,Basic,Cancelled
1112,2024-11-11,2025-12-25,49,Medium,Medium,Low,Delayed,7,13,Basic,Active
1113,2025-01-24,2026-01-05,38,Medium,Low,Low,On-Time,5,78,Pro,Cancelled
1114,2025-09-18,2026-01-29,14,Medium,High,Medium,Delayed,8,66,Pro,Active
1115,2025-02-02,2026-01-25,18,Medium,Medium,Medium,On-Time,7,23,Basic,Active
1116,2025-04-30,2026-01-08,35,Medium,Low,Medium,Delayed,8,18,Basic,Active
1117,2024-12-18,2026-01-26,17,Medium,High,Low,Delayed,10,15,Basic,Active
1118,2024-08-25,2026-02-10,2,High,Medium,Medium,Delayed,9,27,Basic,Active
1119,2025-09-12,2026-01-21,22,High,High,Medium,On-Time,7,131,Enterprise,Active
1120,2025-12-07,2026-01-20,23,Medium,Medium,Medium,On-Time,10,25,Basic,Active
1121,2025-01-20,2026-01-08,35,Low,Low,Low,Delayed,5,28,Basic,Active
1122,2025-07-08,2025-12-22,52,Low,Medium,Low,On-Time,7,19,Basic,Cancelled
1123,2025-05-06,2026-01-02,41,Medium,Medium,Low,On-Time,8,15,Basic,Active
1124,2024-09-12,2026-02-08,4,High,Medium,Medium,On-Time,10,76,Pro,Active
1125,2024-10-20,2025-11-04,100,Low,Low,Medium,Delayed,6,193,Enterprise,Active
1126,2024-09-20,2025-10-16,119,Low,Medium,Medium,Delayed,5,26,Basic,Active
1127,2024-12-23,2026-02-07,5,High,Medium,Medium,On-Time,8,10,Basic,Active
1128,2025-07-08,2025-08-23,173,Low,Low,Medium,Delayed,4,73,Pro,Cancelled
1129,2025-11-10,2026-01-17,26,High,Medium,Medium,Delayed,7,23,Basic,Active
1130,2025-05-06,2026-01-04,39,Medium,Medium,Low,Delayed,7,54,Pro,Cancelled
1131,2025-01-06,2026-02-10,2,High,High,Low,On-Time,7,60,Pro,Active
1132,2024-10-14,2026-01-14,29,High,High,Medium,On-Time,8,80,Pro,Active
1133,2025-12-26,2026-01-13,30,Medium,High,Low,On-Time,8,56,Pro,Active
1134,2025-05-18,2026-02-08,4,High,High,Low,On-Time,7,174,Enterprise,Active
1135,2026-01-12,2026-01-30,13,High,High,Low,On-Time,10,79,Pro,Active
1136,2025-07-03,2026-01-23,20,High,Medium,Low,On-Time,8,179,Enterprise,Active
1137,2024-10-22,2026-02-03,9,Medium,High,Low,On-Time,10,17,Basic,Active
1138,2025-11-17,2025-12-15,59,Low,Low,Low,On-Time,6,24,Basic,Active
1139,2024-09-11,2026-01-02,41,Low,Medium,Low,On-Time,8,273,Enterprise,Cancelled
1140,2025-06-17,2026-01-22,21,High,High,Low,Delayed,10,20,Basic,Active
1141,2025-09-02,2025-04-25,293,Low,Low,Medium,Missed,4,18,Basic,Cancelled
1142,2024-10-03,2026-02-11,1,High,Medium,Low,Delayed,9,17,Basic,Active
1143,2025-03-26,2025-12-15,59,Medium,Medium,Medium,Delayed,7,41,Pro,Active
1144,2024-11-29,2025-07-09,218,Low,Low,Medium,Delayed,3,75,Pro,Cancelled
1145,2025-12-12,2025-11-02,102,Low,Low,Medium,Missed,6,15,Basic,Cancelled
1146,2024-10-04,2025-11-20,84,Low,Low,High,Missed,3,73,Pro,Cancelled
1147,2025-11-22,2025-12-27,47,Medium,Medium,Low,On-Time,6,42,Pro,Active
1148,2025-08-27,2025-10-27,108,Low,Medium,High,Delayed,5,26,Basic,Cancelled
1149,2025-01-09,2026-01-21,22,Medium,High,Low,Delayed,8,28,Basic,Active
1150,2024-12-04,2026-01-31,12,High,Medium,Low,On-Time,7,24,Basic,Active
1151,2025-10-02,2026-02-09,3,High,Medium,Low,On-Time,7,23,Basic,Active
1152,2025-04-01,2026-02-04,8,High,Medium,Low,On-Time,7,220,Enterprise,Active
1153,2024-09-13,2026-01-01,42,Low,Low,Low,On-Time,5,21,Basic,Active
1154,2025-05-14,2025-12-25,49,Medium,Medium,Low,Delayed,5,25,Basic,Active
1155,2025-03-16,2026-01-05,38,Medium,Medium,Medium,On-Time,6,23,Basic,Active
1156,2025-08-07,2025-12-20,54,Medium,Medium,Low,On-Time,8,16,Basic,Cancelled
1157,2024-12-23,2026-01-26,17,Medium,High,Low,On-Time,9,25,Basic,Active
1158,2025-04-25,2025-12-26,48,Low,Low,Low,On-Time,5,50,Pro,Active
1159,2025-04-22,2025-10-27,108,Low,Low,High,Delayed,6,73,Pro,Active
1160,2025-05-09,2026-01-08,35,Low,Medium,Low,On-Time,8,57,Pro,Cancelled
1161,2025-04-21,2025-07-24,203,Low,Low,High,Missed,2,26,Basic,Cancelled
1162,2025-01-28,2026-01-06,37,Low,Low,Low,Delayed,8,154,Enterprise,Active
1163,2025-10-21,2025-06-02,255,Low,Low,High,Missed,3,14,Basic,Cancelled
1164,2025-05-18,2026-01-10,33,Low,Medium,Medium,On-Time,5,11,Basic,Active
1165,2025-02-28,2026-01-29,14,High,High,Low,Delayed,9,52,Pro,Active
1166,2025-08-26,2026-01-03,40,Low,Low,Low,On-Time,8,52,Pro,Cancelled
1167,2025-12-05,2025-12-25,49,Medium,Low,Low,On-Time,5,64,Pro,Active
1168,2025-07-28,2026-01-25,18,Medium,High,Low,Delayed,10,10,Basic,Active
1169,2024-12-08,2026-02-05,7,Medium,High,Medium,On-Time,8,10,Basic,Active
1170,2025-08-01,2025-12-09,65,Medium,Low,Medium,Delayed,6,47,Pro,Active
1171,2025-09-12,2025-05-24,264,Low,Low,Medium,Delayed,4,26,Basic,Cancelled
1172,2025-08-04,2025-06-01,256,Low,Low,Medium,Missed,2,282,Enterprise,Cancelled
1173,2024-11-13,2025-08-04,192,Low,Low,High,Delayed,4,18,Basic,Cancelled
1174,2025-01-28,2026-01-09,34,Medium,Medium,Low,On-Time,7,62,Pro,Cancelled
1175,2025-01-06,2026-01-30,13,High,High,Medium,Delayed,10,10,Basic,Active
1176,2025-10-05,2026-01-29,14,High,High,Low,On-Time,9,248,Enterprise,Active
1177,2024-09-29,2026-01-12,31,Low,Medium,Low,On-Time,5,57,Pro,Cancelled
1178,2025-02-27,2025-09-30,135,Low,Low,High,Delayed,4,281,Enterprise,Cancelled
1179,2025-05-26,2026-01-28,15,High,Medium,Low,On-Time,7,10,Basic,Active
1180,2025-03-06,2026-01-15,28,Medium,Medium,Low,Delayed,7,13,Basic,Active
1181,2025-12-16,2025-11-15,89,Medium,Low,Medium,Delayed,4,61,Pro,Cancelled
1182,2024-11-11,2026-01-22,21,Medium,High,Medium,Delayed,9,65,Pro,Active
1183,2025-06-14,2026-01-17,26,Medium,High,Low,On-Time,8,45,Pro,Active
1184,2025-10-17,2025-12-29,45,Medium,Low,Medium,On-Time,5,47,Pro,Active
1185,2025-07-23,2026-01-29,14,High,Medium,Low,On-Time,7,166,Enterprise,Active
1186,2025-01-05,2026-01-10,33,Medium,Medium,Medium,Delayed,5,12,Basic,Active
1187,2024-10-21,2025-08-12,184,Low,Low,Medium,Missed,2,48,Pro,Cancelled
1188,2025-08-08,2026-02-11,1,High,High,Low,On-Time,10,16,Basic,Active
1189,2025-08-27,2025-10-18,117,Low,Medium,Medium,Delayed,3,62,Pro,Active
1190,2024-12-14,2025-11-02,102,Low,Medium,High,Delayed,6,67,Pro,Active
1191,2025-07-20,2026-01-23,20,Medium,Medium,Low,On-Time,9,16,Basic,Active
1192,2025-09-03,2026-02-06,6,High,High,Low,On-Time,8,24,Basic,Active
1193,2025-03-19,2026-01-02,41,Medium,Medium,Low,On-Time,5,122,Enterprise,Active
1194,2025-10-24,2026-01-30,13,High,High,Medium,On-Time,9,24,Basic,Active
1195,2025-04-09,2026-02-07,5,Medium,High,Low,On-Time,10,70,Pro,Active
1196,2024-11-12,2026-02-05,7,High,High,Low,On-Time,9,17,Basic,Active
1197,2024-12-19,2025-10-15,120,Medium,Low,Medium,Missed,6,15,Basic,Cancelled
1198,2024-09-28,2026-02-03,9,Medium,Medium,Medium,On-Time,8,20,Basic,Active
1199,2024-12-06,2026-01-11,32,Low,Medium,Medium,Delayed,8,14,Basic,Active
1200,2025-10-03,2025-08-31,165,Low,Low,Medium,Missed,2,231,Enterprise,Cancelled
1201,2025-11-28,2025-10-28,107,Low,Medium,High,Delayed,6,27,Basic,Active
1202,2025-01-27,2026-01-31,12,Medium,Medium,Low,Delayed,8,46,Pro,Active
1203,2025-06-29,2025-12-05,69,Low,Medium,Medium,Delayed,5,67,Pro,Cancelled
1204,2025-03-14,2025-12-31,43,Medium,Medium,Medium,Delayed,5,55,Pro,Active
1205,2025-07-09,2026-02-01,11,High,Medium,Low,On-Time,7,48,Pro,Active
1206,2025-05-03,2025-12-01,73,Low,Low,Medium,Delayed,4,22,Basic,Active
1207,2025-02-02,2025-06-13,244,Low,Low,Medium,Delayed,4,22,Basic,Cancelled
1208,2025-01-29,2026-01-27,16,Medium,High,Low,On-Time,7,65,Pro,Active
1209,2024-11-28,2026-01-18,25,High,High,Low,On-Time,10,30,Basic,Active
1210,2024-09-09,2025-11-01,103,Low,Medium,Medium,Delayed,3,68,Pro,Cancelled
1211,2025-05-01,2026-02-01,11,Medium,Medium,Medium,Delayed,7,67,Pro,Active
1212,2025-04-16,2025-10-26,109,Low,Medium,Medium,Delayed,5,69,Pro,Active
1213,2025-06-05,2026-02-11,1,High,High,Medium,On-Time,7,295,Enterprise,Active
1214,2025-07-08,2025-11-27,77,Low,Medium,High,Delayed,5,10,Basic,Active
1215,2025-05-30,2025-07-23,204,Low,Low,Medium,Missed,1,11,Basic,Cancelled
1216,2025-04-16,2025-10-27,108,Low,Low,Medium,Delayed,4,18,Basic,Cancelled
1217,2025-07-21,2025-11-14,90,Medium,Low,High,Missed,6,11,Basic,Active
1218,2025-10-30,2026-01-24,19,Medium,Medium,Medium,On-Time,7,30,Basic,Active
1219,2024-12-26,2026-01-03,40,Medium,Medium,Medium,On-Time,5,13,Basic,Cancelled
1220,2024-12-03,2025-08-26,170,Low,Low,High,Delayed,2,43,Pro,Cancelled
1221,2025-07-06,2025-05-21,267,Low,Low,High,Delayed,4,15,Basic,Cancelled
1222,2025-08-25,2026-01-27,16,Medium,Medium,Medium,On-Time,9,16,Basic,Active
1223,2026-01-04,2026-01-18,25,High,High,Low,On-Time,9,17,Basic,Active
1224,2026-01-04,2025-10-29,106,Low,Low,Medium,Missed,6,61,Pro,Cancelled
1225,2025-04-11,2025-07-07,220,Low,Low,High,Missed,3,21,Basic,Cancelled
1226,2024-11-18,2026-01-29,14,High,Medium,Low,On-Time,8,56,Pro,Active
1227,2025-06-21,2025-12-11,63,Medium,Low,Medium,Delayed,5,73,Pro,Active
1228,2025-07-08,2026-02-03,9,High,High,Low,On-Time,8,76,Pro,Active
1229,2025-06-07,2025-11-17,87,Medium,Low,High,Delayed,6,27,Basic,Cancelled
1230,2025-11-07,2026-01-31,12,Medium,Medium,Low,On-Time,7,51,Pro,Active
1231,2024-10-28,2026-01-07,36,Low,Low,Medium,On-Time,7,29,Basic,Active
1232,2025-08-24,2026-02-02,10,Medium,Medium,Low,On-Time,9,74,Pro,Active
1233,2025-06-27,2025-08-18,178,Low,Low,High,Missed,4,24,Basic,Cancelled
1234,2025-10-25,2026-01-14,29,Medium,High,Low,Delayed,10,46,Pro,Active
1235,2025-07-01,2025-11-06,98,Medium,Medium,Medium,Missed,4,45,Pro,Active
1236,2025-03-13,2025-12-25,49,Low,Low,Low,On-Time,8,125,Enterprise,Active
1237,2024-12-29,2025-12-24,50,Low,Low,Low,Delayed,6,55,Pro,Active
1238,2025-10-16,2025-12-28,46,Low,Low,Low,On-Time,5,17,Basic,Active
1239,2025-01-28,2026-01-24,19,High,High,Low,On-Time,7,61,Pro,Active
1240,2024-10-24,2025-09-04,161,Low,Low,Medium,Delayed,1,11,Basic,Cancelled
1241,2025-01-29,2025-10-31,104,Low,Low,Medium,Delayed,6,257,Enterprise,Cancelled
1242,2025-11-13,2025-12-21,53,Low,Low,Low,On-Time,8,22,Basic,Cancelled
1243,2024-11-15,2025-10-04,131,Low,Low,Medium,Delayed,4,13,Basic,Cancelled
1244,2025-11-21,2026-01-08,35,Low,Low,Low,Delayed,6,49,Pro,Active
1245,2024-10-03,2026-02-05,7,Medium,High,Low,On-Time,7,25,Basic,Active
1246,2024-12-24,2026-02-05,7,Medium,High,Low,On-Time,10,76,Pro,Active
1247,2025-08-26,2026-01-24,19,High,High,Low,On-Time,9,58,Pro,Active
1248,2025-08-09,2025-10-29,106,Low,Medium,Medium,Delayed,5,48,Pro,Active
1249,2025-10-30,2025-12-24,50,Medium,Medium,Medium,On-Time,6,10,Basic,Active
1250,2025-09-03,2026-02-01,11,Medium,Medium,Medium,On-Time,8,284,Enterprise,Active
1251,2025-10-26,2025-05-17,271,Low,Low,High,Missed,3,25,Basic,Cancelled
1252,2025-02-16,2026-01-07,36,Low,Medium,Low,On-Time,5,17,Basic,Active
1253,2025-10-29,2025-08-04,192,Low,Low,High,Delayed,1,62,Pro,Cancelled
1254,2025-05-03,2025-12-29,45,Medium,Low,Low,Delayed,6,11,Basic,Active
1255,2025-06-23,2025-12-23,51,Medium,Medium,Low,On-Time,5,28,Basic,Cancelled
1256,2025-04-21,2025-11-28,76,Low,Medium,Medium,Missed,4,51,Pro,Active
1257,2025-12-24,2025-05-12,276,Low,Low,Medium,Missed,2,44,Pro,Cancelled
1258,2024-10-07,2026-01-15,28,High,High,Low,On-Time,10,27,Basic,Active
1259,2024-10-19,2025-10-01,134,Low,Low,Medium,Missed,2,24,Basic,Cancelled
1260,2025-12-02,2026-01-28,15,High,High,Low,On-Time,7,47,Pro,Active
1261,2025-01-10,2026-01-15,28,High,Medium,Low,On-Time,10,184,Enterprise,Active
1262,2024-12-23,2025-11-17,87,Medium,Low,Medium,Delayed,5,27,Basic,Cancelled
1263,2025-09-08,2026-02-02,10,High,High,Low,On-Time,8,20,Basic,Active
1264,2024-10-13,2025-12-27,47,Medium,Medium,Low,On-Time,7,207,Enterprise,Active
1265,2025-02-21,2026-01-22,21,High,High,Medium,On-Time,8,19,Basic,Active
1266,2025-08-03,2025-10-25,110,Low,Low,Medium,Missed,4,22,Basic,Active
1267,2024-12-07,2026-02-07,5,Medium,Medium,Low,Delayed,10,66,Pro,Active
1268,2024-12-10,2025-12-20,54,Medium,Low,Low,Delayed,7,21,Basic,Active
1269,2024-11-15,2026-01-20,23,High,High,Low,On-Time,7,65,Pro,Active
1270,2025-12-16,2026-01-13,30,High,Medium,Low,On-Time,9,16,Basic,Active
1271,2025-09-29,2025-12-22,52,Low,Medium,Low,On-Time,8,52,Pro,Active
1272,2024-12-01,2026-01-06,37,Low,Medium,Low,On-Time,6,28,Basic,Active
1273,2025-05-18,2026-01-11,32,Low,Medium,Medium,Delayed,6,64,Pro,Active
1274,2025-12-14,2026-02-09,3,High,High,Low,On-Time,9,14,Basic,Active
1275,2024-10-20,2025-12-20,54,Medium,Low,Medium,Delayed,6,75,Pro,Active
1276,2025-11-29,2025-12-29,45,Medium,Medium,Medium,On-Time,7,12,Basic,Active
1277,2024-10-25,2025-04-18,300,Low,Low,High,Missed,3,234,Enterprise,Cancelled
1278,2024-12-27,2025-08-21,175,Low,Low,Medium,Missed,4,16,Basic,Cancelled
1279,2025-02-01,2026-01-21,22,High,Medium,Medium,On-Time,10,25,Basic,Active
1280,2024-12-01,2026-02-11,1,Medium,High,Medium,On-Time,10,249,Enterprise,Active
1281,2024-10-23,2026-01-18,25,High,High,Low,On-Time,7,76,Pro,Active
1282,2025-11-27,2026-01-26,17,Medium,High,Medium,Delayed,7,69,Pro,Active
1283,2025-03-07,2025-05-01,287,Low,Low,High,Delayed,4,69,Pro,Cancelled
1284,2025-05-27,2026-01-15,28,Medium,Medium,Low,On-Time,9,23,Basic,Active
1285,2024-10-15,2026-01-12,31,Medium,Medium,Medium,On-Time,5,18,Basic,Active
1286,2024-11-01,2026-02-05,7,High,Medium,Low,On-Time,8,76,Pro,Active
1287,2024-09-27,2026-02-01,11,Medium,Medium,Low,On-Time,8,15,Basic,Active
1288,2025-11-23,2026-02-12,0,High,Medium,Low,On-Time,9,203,Enterprise,Active
1289,2024-10-25,2026-02-02,10,Medium,Medium,Low,On-Time,9,16,Basic,Active
1290,2024-12-14,2026-02-01,11,High,Medium,Medium,On-Time,10,16,Basic,Active
1291,2025-07-03,2026-02-11,1,High,High,Low,On-Time,7,15,Basic,Active
1292,2025-04-29,2025-12-14,60,Medium,Medium,Low,On-Time,8,20,Basic,Active
1293,2025-06-15,2026-02-06,6,High,High,Low,On-Time,7,124,Enterprise,Active
1294,2026-01-10,2026-01-31,12,Medium,High,Medium,On-Time,9,67,Pro,Active
1295,2024-09-16,2025-12-16,58,Low,Medium,Medium,Delayed,8,18,Basic,Cancelled
1296,2025-01-05,2025-12-23,51,Low,Medium,Medium,On-Time,5,25,Basic,Active
1297,2024-12-19,2026-01-11,32,Medium,Low,Medium,Delayed,7,66,Pro,Active
1298,2025-10-17,2026-02-07,5,Medium,Medium,Medium,Delayed,8,13,Basic,Active
1299,2024-12-07,2026-02-07,5,High,High,Low,On-Time,9,41,Pro,Active
1300,2024-12-08,2026-02-12,0,High,Medium,Low,Delayed,10,22,Basic,Active
1301,2024-12-19,2025-12-24,50,Low,Medium,Low,On-Time,6,148,Enterprise,Active
1302,2024-09-05,2025-12-28,46,Medium,Medium,Medium,On-Time,5,18,Basic,Active
1303,2025-11-09,2026-02-02,10,Medium,High,Low,On-Time,10,28,Basic,Active
1304,2025-10-05,2026-01-08,35,Medium,Medium,Medium,On-Time,5,58,Pro,Active
1305,2024-10-16,2025-05-10,278,Low,Low,Medium,Missed,2,59,Pro,Cancelled
1306,2025-07-29,2025-12-21,53,Low,Low,Low,On-Time,7,23,Basic,Active
1307,2025-07-06,2025-12-22,52,Medium,Low,Medium,Delayed,8,51,Pro,Active
1308,2026-01-06,2026-01-08,35,Low,Low,Low,On-Time,5,21,Basic,Active
1309,2025-10-09,2025-12-23,51,Low,Low,Low,Delayed,8,47,Pro,Active
1310,2024-12-28,2026-02-04,8,Medium,High,Low,Delayed,8,25,Basic,Active
1311,2024-12-14,2025-12-26,48,Medium,Medium,Medium,Delayed,7,30,Basic,Active
1312,2025-12-31,2025-12-26,48,Medium,Medium,Low,On-Time,7,24,Basic,Active
1313,2025-06-04,2025-11-08,96,Medium,Low,High,Delayed,6,250,Enterprise,Cancelled
1314,2025-10-06,2025-12-04,70,Medium,Low,Medium,Missed,5,76,Pro,Cancelled
1315,2024-10-30,2026-01-27,16,High,Medium,Low,On-Time,8,13,Basic,Active
1316,2025-01-30,2026-01-07,36,Low,Low,Low,Delayed,6,228,Enterprise,Active
1317,2024-10-31,2026-02-06,6,High,Medium,Medium,On-Time,10,239,Enterprise,Active
1318,2025-08-02,2026-02-08,4,Medium,High,Low,On-Time,9,29,Basic,Active
1319,2025-03-15,2026-01-10,33,Medium,Medium,Low,Delayed,6,23,Basic,Active
1320,2025-06-27,2025-11-06,98,Low,Medium,Medium,Missed,5,28,Basic,Active
1321,2024-09-17,2025-12-22,52,Medium,Medium,Medium,Delayed,5,73,Pro,Active
1322,2025-11-22,2025-12-19,55,Low,Medium,Medium,On-Time,5,49,Pro,Active
1323,2025-12-08,2026-01-15,28,Medium,Medium,Low,On-Time,7,18,Basic,Active
1324,2025-11-17,2026-01-23,20,High,High,Medium,On-Time,10,54,Pro,Active
1325,2025-04-21,2026-01-09,34,Medium,Low,Medium,Delayed,6,67,Pro,Cancelled
1326,2025-06-12,2026-02-11,1,Medium,Medium,Low,On-Time,9,283,Enterprise,Active
1327,2025-04-28,2026-02-02,10,High,Medium,Medium,On-Time,7,71,Pro,Active
1328,2025-09-11,2026-01-25,18,High,High,Low,On-Time,10,76,Pro,Active
1329,2025-07-05,2026-01-24,19,High,Medium,Low,On-Time,7,47,Pro,Active
1330,2024-09-06,2025-10-26,109,Low,Low,High,Missed,6,30,Basic,Cancelled
1331,2024-12-06,2025-12-29,45,Low,Medium,Low,Delayed,8,28,Basic,Active
1332,2025-10-13,2026-02-12,0,Medium,High,Low,On-Time,7,56,Pro,Active
1333,2025-07-14,2026-01-17,26,Medium,High,Medium,On-Time,7,30,Basic,Active
1334,2025-09-01,2025-12-19,55,Low,Medium,Medium,On-Time,7,51,Pro,Active
1335,2024-11-07,2025-12-28,46,Low,Medium,Medium,Delayed,6,12,Basic,Active
1336,2025-02-20,2025-12-31,43,Medium,Medium,Low,On-Time,7,20,Basic,Cancelled
1337,2024-11-27,2025-12-29,45,Low,Low,Medium,On-Time,5,26,Basic,Active
1338,2025-01-20,2026-01-23,20,High,Medium,Low,On-Time,7,12,Basic,Active
1339,2025-01-14,2025-12-24,50,Low,Low,Medium,On-Time,7,22,Basic,Active
1340,2025-11-21,2025-07-31,196,Low,Low,High,Delayed,3,233,Enterprise,Cancelled
1341,2024-11-17,2025-10-04,131,Low,Low,Medium,Missed,3,17,Basic,Cancelled
1342,2024-11-13,2026-01-21,22,Medium,High,Low,On-Time,8,19,Basic,Active
1343,2025-09-11,2025-12-12,62,Medium,Low,Medium,Delayed,4,77,Pro,Active
1344,2025-06-23,2026-01-23,20,High,Medium,Low,On-Time,9,56,Pro,Active
1345,2025-06-07,2025-07-12,215,Low,Low,Medium,Delayed,2,21,Basic,Cancelled
1346,2025-12-05,2025-04-20,298,Low,Low,Medium,Delayed,2,77,Pro,Cancelled
1347,2025-11-09,2026-02-09,3,Medium,Medium,Low,On-Time,9,29,Basic,Active
1348,2025-09-19,2025-10-28,107,Low,Medium,High,Missed,4,43,Pro,Active
1349,2025-05-23,2025-11-04,100,Low,Low,Medium,Missed,3,43,Pro,Cancelled
1350,2024-10-12,2026-02-01,11,High,Medium,Low,On-Time,9,41,Pro,Active
1351,2025-01-13,2025-11-05,99,Low,Medium,High,Missed,4,19,Basic,Cancelled
1352,2025-07-28,2026-01-05,38,Medium,Low,Medium,On-Time,7,133,Enterprise,Cancelled
1353,2025-01-14,2025-12-19,55,Medium,Medium,Medium,Delayed,8,55,Pro,Active
1354,2024-08-30,2026-01-24,19,Medium,Medium,Medium,On-Time,10,61,Pro,Active
1355,2025-11-29,2026-02-09,3,Medium,High,Medium,On-Time,10,25,Basic,Active
1356,2025-11-04,2025-07-19,208,Low,Low,Medium,Missed,2,56,Pro,Cancelled
1357,2025-05-03,2026-02-10,2,High,High,Low,Delayed,7,13,Basic,Active
1358,2025-04-20,2026-01-04,39,Medium,Low,Medium,On-Time,7,26,Basic,Active
1359,2026-01-07,2026-01-12,31,Medium,Medium,Medium,On-Time,7,168,Enterprise,Cancelled
1360,2025-02-22,2025-11-04,100,Low,Low,High,Delayed,4,68,Pro,Cancelled
1361,2025-01-17,2025-12-16,58,Low,Medium,Low,Delayed,5,150,Enterprise,Active
1362,2024-11-26,2025-10-15,120,Low,Low,Medium,Delayed,4,29,Basic,Cancelled
1363,2025-10-26,2025-12-24,50,Low,Low,Medium,On-Time,8,291,Enterprise,Active
1364,2025-04-05,2026-02-10,2,High,High,Low,Delayed,8,42,Pro,Active
1365,2025-07-14,2025-12-10,64,Medium,Medium,High,Missed,3,30,Basic,Cancelled
1366,2025-08-02,2025-06-02,255,Low,Low,High,Delayed,4,52,Pro,Cancelled
1367,2025-08-22,2026-01-02,41,Medium,Low,Low,Delayed,8,10,Basic,Active
1368,2025-05-07,2025-12-07,67,Low,Low,Medium,Delayed,5,73,Pro,Cancelled
1369,2024-11-14,2025-10-04,131,Low,Low,Medium,Missed,2,43,Pro,Cancelled
1370,2025-04-15,2026-02-12,0,High,High,Low,Delayed,7,67,Pro,Active
1371,2024-12-31,2026-01-27,16,High,High,Low,On-Time,8,15,Basic,Active
1372,2024-10-14,2026-02-05,7,Medium,High,Low,On-Time,7,22,Basic,Active
1373,2025-09-30,2025-12-15,59,Low,Low,Low,On-Time,7,178,Enterprise,Cancelled
1374,2025-07-07,2025-12-14,60,Low,Medium,Low,On-Time,7,28,Basic,Cancelled
1375,2025-01-15,2026-01-16,27,Medium,High,Medium,On-Time,9,10,Basic,Active
1376,2025-06-15,2025-12-17,57,Medium,Medium,Medium,Delayed,8,22,Basic,Active
1377,2025-12-23,2025-12-21,53,Low,Medium,Medium,On-Time,5,245,Enterprise,Active
1378,2025-12-10,2026-02-07,5,High,High,Medium,Delayed,10,19,Basic,Active
1379,2025-08-21,2025-10-20,115,Low,Low,Medium,Missed,4,71,Pro,Cancelled
1380,2025-10-03,2025-12-05,69,Low,Low,Medium,Delayed,3,12,Basic,Cancelled
1381,2025-09-12,2025-12-30,44,Low,Medium,Low,On-Time,5,52,Pro,Active
1382,2024-12-16,2025-11-30,74,Medium,Low,Medium,Delayed,5,16,Basic,Cancelled
1383,2024-10-09,2026-01-23,20,High,High,Medium,On-Time,8,16,Basic,Active
1384,2025-07-26,2025-11-01,103,Medium,Low,Medium,Missed,5,20,Basic,Cancelled
1385,2025-12-15,2026-02-09,3,Medium,High,Low,On-Time,8,60,Pro,Active
1386,2025-07-08,2025-12-11,63,Low,Low,Medium,Delayed,3,47,Pro,Cancelled
1387,2024-11-01,2026-02-05,7,Medium,High,Low,On-Time,10,285,Enterprise,Active
1388,2025-06-30,2026-01-03,40,Low,Medium,Medium,On-Time,8,30,Basic,Active
1389,2025-05-26,2025-06-14,243,Low,Low,High,Missed,3,19,Basic,Cancelled
1390,2025-02-21,2026-01-20,23,High,Medium,Medium,Delayed,9,67,Pro,Active
1391,2024-11-27,2026-01-03,40,Medium,Medium,Medium,On-Time,6,30,Basic,Cancelled
1392,2025-07-17,2026-02-06,6,Medium,High,Low,On-Time,10,238,Enterprise,Active
1393,2025-07-11,2025-07-20,207,Low,Low,Medium,Missed,2,16,Basic,Cancelled
1394,2025-03-28,2025-12-01,73,Medium,Medium,High,Delayed,6,66,Pro,Cancelled
1395,2025-07-06,2025-11-02,102,Low,Low,Medium,Delayed,6,79,Pro,Active
1396,2025-06-16,2026-01-11,32,Medium,Medium,Medium,Delayed,8,16,Basic,Active
1397,2025-06-30,2025-05-22,266,Low,Low,High,Missed,2,76,Pro,Cancelled
1398,2024-12-09,2025-10-23,112,Low,Low,Medium,Missed,4,29,Basic,Cancelled
1399,2024-09-23,2026-01-19,24,Medium,Medium,Medium,On-Time,7,10,Basic,Active
1400,2024-09-29,2025-12-16,58,Low,Medium,Low,Delayed,7,16,Basic,Active
1401,2025-08-09,2026-01-17,26,High,Medium,Low,Delayed,10,15,Basic,Active
1402,2025-08-18,2026-02-03,9,High,High,Medium,On-Time,10,29,Basic,Active
1403,2025-06-18,2025-12-03,71,Low,Medium,High,Delayed,4,49,Pro,Cancelled
1404,2024-10-05,2025-12-29,45,Medium,Medium,Medium,On-Time,8,21,Basic,Active
1405,2024-09-24,2025-12-29,45,Medium,Medium,Medium,Delayed,7,214,Enterprise,Cancelled
1406,2025-12-09,2026-02-07,5,High,High,Low,On-Time,8,202,Enterprise,Active
1407,2025-08-17,2025-10-29,106,Medium,Medium,Medium,Missed,6,226,Enterprise,Active
1408,2024-08-24,2025-12-03,71,Low,Low,Medium,Missed,3,133,Enterprise,Active
1409,2025-02-15,2026-02-05,7,Medium,High,Medium,On-Time,9,69,Pro,Active
1410,2025-02-10,2025-12-08,66,Low,Low,High,Missed,3,22,Basic,Cancelled
1411,2025-10-03,2025-10-17,118,Low,Low,High,Delayed,6,67,Pro,Active
1412,2025-06-19,2025-07-19,208,Low,Low,Medium,Missed,3,71,Pro,Cancelled
1413,2025-08-22,2025-11-26,78,Low,Low,High,Missed,5,125,Enterprise,Cancelled
1414,2024-11-24,2026-01-08,35,Low,Medium,Low,On-Time,6,12,Basic,Active
1415,2024-10-28,2026-01-10,33,Medium,Medium,Medium,Delayed,5,69,Pro,Active
1416,2025-02-24,2025-12-16,58,Medium,Low,Medium,On-Time,6,45,Pro,Active
1417,2025-10-10,2025-12-08,66,Medium,Low,Medium,Missed,4,20,Basic,Active
1418,2025-02-27,2026-01-27,16,High,Medium,Medium,On-Time,8,28,Basic,Active
1419,2024-10-28,2025-12-16,58,Medium,Medium,Low,On-Time,6,267,Enterprise,Active
1420,2024-09-02,2025-08-27,169,Low,Low,High,Delayed,1,20,Basic,Cancelled
1421,2024-12-22,2026-02-05,7,High,Medium,Low,On-Time,9,18,Basic,Active
1422,2024-11-17,2026-02-01,11,Medium,High,Low,Delayed,9,15,Basic,Active
1423,2025-12-11,2025-12-10,64,Low,Low,High,Missed,6,68,Pro,Active
1424,2026-01-07,2025-12-20,54,Low,Medium,Medium,Delayed,5,60,Pro,Active
1425,2025-05-28,2025-07-15,212,Low,Low,High,Missed,4,25,Basic,Cancelled
1426,2025-08-06,2025-11-09,95,Medium,Low,Medium,Delayed,5,203,Enterprise,Active
1427,2024-09-28,2025-07-03,224,Low,Low,High,Delayed,4,22,Basic,Cancelled
1428,2025-06-13,2026-01-13,30,High,High,Low,Delayed,8,10,Basic,Active
1429,2025-06-05,2026-01-18,25,Medium,Medium,Low,Delayed,8,22,Basic,Active
1430,2025-05-17,2025-12-04,70,Low,Low,Medium,Delayed,5,25,Basic,Active
1431,2025-06-06,2025-11-16,88,Medium,Low,High,Delayed,3,25,Basic,Active
1432,2025-03-08,2026-01-03,40,Medium,Medium,Low,On-Time,8,15,Basic,Active
1433,2025-07-24,2025-05-06,282,Low,Low,Medium,Missed,1,73,Pro,Cancelled
1434,2025-08-22,2025-11-22,82,Medium,Medium,High,Delayed,6,23,Basic,Active
1435,2025-09-09,2026-02-06,6,Medium,Medium,Medium,Delayed,10,75,Pro,Active
1436,2025-07-23,2026-01-25,18,Medium,Medium,Medium,Delayed,8,79,Pro,Active
1437,2025-09-14,2025-08-12,184,Low,Low,High,Missed,1,13,Basic,Cancelled
1438,2025-07-01,2025-09-07,158,Low,Low,High,Missed,4,18,Basic,Cancelled
1439,2025-12-10,2026-01-29,14,High,High,Medium,On-Time,9,43,Pro,Active
1440,2025-05-16,2026-01-05,38,Medium,Medium,Low,Delayed,6,244,Enterprise,Active
1441,2024-08-27,2026-02-02,10,Medium,High,Medium,On-Time,7,11,Basic,Active
1442,2025-01-02,2025-08-26,170,Low,Low,High,Missed,2,67,Pro,Cancelled
1443,2025-01-20,2026-01-17,26,Medium,High,Low,On-Time,7,66,Pro,Active
1444,2025-12-04,2026-02-01,11,High,Medium,Low,On-Time,8,60,Pro,Active
1445,2025-11-19,2025-08-05,191,Low,Low,High,Missed,4,28,Basic,Cancelled
1446,2025-11-09,2026-02-02,10,Medium,High,Medium,On-Time,9,22,Basic,Active
1447,2025-04-07,2026-02-12,0,Medium,Medium,Low,On-Time,7,60,Pro,Active
1448,2025-03-30,2025-12-19,55,Medium,Low,Low,Delayed,6,155,Enterprise,Active
1449,2025-10-28,2026-02-09,3,High,Medium,Low,On-Time,9,23,Basic,Active
1450,2025-07-22,2026-01-19,24,High,High,Low,On-Time,10,75,Pro,Active
1451,2024-11-18,2026-01-10,33,Low,Medium,Low,Delayed,7,27,Basic,Active
1452,2026-01-01,2026-02-11,1,Medium,Medium,Low,On-Time,8,155,Enterprise,Active
1453,2025-05-02,2026-02-02,10,High,Medium,Low,On-Time,9,23,Basic,Active
1454,2025-04-07,2026-02-10,2,High,High,Low,On-Time,7,12,Basic,Active
1455,2025-03-22,2025-07-12,215,Low,Low,High,Delayed,4,27,Basic,Cancelled
1456,2026-01-10,2025-05-07,281,Low,Low,High,Missed,3,50,Pro,Cancelled
1457,2024-11-12,2025-08-24,172,Low,Low,High,Missed,2,18,Basic,Cancelled
1458,2025-06-26,2026-02-09,3,Medium,High,Low,Delayed,10,13,Basic,Active
1459,2025-12-23,2025-11-19,85,Medium,Medium,High,Delayed,5,77,Pro,Cancelled
1460,2024-11-21,2026-01-03,40,Medium,Medium,Medium,On-Time,7,10,Basic,Active
1461,2025-09-25,2026-01-17,26,High,High,Low,On-Time,9,22,Basic,Active
1462,2025-03-11,2026-01-19,24,High,High,Low,On-Time,8,13,Basic,Active
1463,2024-10-18,2026-02-12,0,Medium,Medium,Medium,Delayed,7,22,Basic,Active
1464,2025-01-05,2025-12-25,49,Low,Medium,Low,Delayed,8,18,Basic,Active
1465,2025-06-14,2026-01-23,20,High,Medium,Medium,On-Time,9,16,Basic,Active
1466,2025-11-13,2026-01-14,29,Medium,Medium,Medium,Delayed,10,13,Basic,Active
1467,2025-11-30,2025-10-28,107,Low,Medium,Medium,Delayed,5,44,Pro,Active
1468,2025-01-04,2026-01-21,22,High,High,Low,On-Time,10,24,Basic,Active
1469,2025-06-16,2026-01-07,36,Low,Medium,Low,On-Time,7,52,Pro,Active
1470,2024-11-29,2025-11-26,78,Low,Low,High,Delayed,6,131,Enterprise,Cancelled
1471,2024-10-23,2025-12-25,49,Low,Medium,Medium,On-Time,6,58,Pro,Active
1472,2025-07-11,2026-02-10,2,High,High,Low,On-Time,9,74,Pro,Active
1473,2025-10-31,2026-02-02,10,Medium,High,Low,On-Time,10,194,Enterprise,Active
1474,2025-10-30,2025-10-22,113,Medium,Medium,High,Delayed,6,14,Basic,Active
1475,2025-07-27,2025-10-15,120,Low,Low,High,Missed,4,30,Basic,Cancelled
1476,2025-10-31,2025-05-14,274,Low,Low,Medium,Missed,2,266,Enterprise,Cancelled
1477,2025-11-03,2026-01-17,26,Medium,Medium,Low,Delayed,7,259,Enterprise,Active
1478,2025-12-23,2026-01-27,16,High,High,Medium,On-Time,8,61,Pro,Active
1479,2025-05-08,2025-12-06,68,Low,Medium,Medium,Missed,6,23,Basic,Active
1480,2025-01-26,2026-01-19,24,Medium,High,Low,On-Time,8,72,Pro,Active
1481,2024-11-30,2026-02-09,3,High,Medium,Low,On-Time,10,16,Basic,Active
1482,2025-04-11,2026-01-23,20,High,Medium,Low,On-Time,7,12,Basic,Active
1483,2025-12-10,2026-02-04,8,High,High,Medium,On-Time,7,59,Pro,Active
1484,2025-07-22,2025-12-31,43,Medium,Medium,Medium,Delayed,5,247,Enterprise,Active
1485,2025-08-03,2026-02-01,11,High,Medium,Medium,On-Time,7,28,Basic,Active
1486,2025-03-02,2025-12-15,59,Medium,Low,Low,On-Time,5,45,Pro,Cancelled
1487,2025-05-15,2026-01-04,39,Medium,Medium,Medium,Delayed,5,55,Pro,Active
1488,2025-03-10,2025-06-16,241,Low,Low,Medium,Missed,4,23,Basic,Cancelled
1489,2025-11-26,2026-02-12,0,Medium,High,Low,On-Time,10,15,Basic,Active
1490,2025-05-21,2026-01-04,39,Low,Medium,Medium,Delayed,5,26,Basic,Active
1491,2025-05-07,2026-02-07,5,Medium,High,Low,On-Time,9,14,Basic,Active
1492,2024-09-05,2025-10-21,114,Low,Low,Medium,Delayed,4,15,Basic,Cancelled
1493,2025-09-21,2025-11-22,82,Medium,Low,Medium,Missed,3,29,Basic,Active
1494,2025-03-31,2025-10-08,127,Low,Low,High,Missed,4,26,Basic,Cancelled
1495,2024-10-11,2025-04-20,298,Low,Low,Medium,Missed,4,18,Basic,Cancelled
1496,2025-06-04,2025-12-26,48,Low,Medium,Low,Delayed,7,55,Pro,Active
1497,2024-10-06,2025-12-14,60,Low,Medium,Low,On-Time,6,215,Enterprise,Active
1498,2025-04-03,2025-11-27,77,Low,Medium,High,Delayed,3,14,Basic,Cancelled
1499,2025-08-13,2026-01-08,35,Low,Medium,Low,On-Time,5,77,Pro,Active
1500,2025-04-17,2026-01-12,31,Medium,Low,Low,On-Time,8,25,Basic,Cancelled
1501,2025-05-14,2025-06-14,243,Low,Low,Medium,Missed,1,14,Basic,Cancelled
1502,2024-10-31,2026-01-27,16,High,Medium,Low,Delayed,7,55,Pro,Active
1503,2025-02-27,2025-10-26,109,Low,Medium,High,Missed,6,20,Basic,Active
1504,2024-12-10,2026-01-31,12,High,Medium,Medium,On-Time,8,48,Pro,Active
1505,2025-05-13,2026-01-24,19,Medium,High,Low,Delayed,8,26,Basic,Active
1506,2025-08-19,2026-01-28,15,Medium,High,Low,On-Time,7,49,Pro,Active
1507,2024-12-14,2026-01-23,20,High,High,Low,On-Time,9,27,Basic,Active
1508,2025-03-10,2026-02-02,10,Medium,Medium,Low,On-Time,8,12,Basic,Active
1509,2025-01-24,2025-11-12,92,Medium,Low,High,Delayed,5,272,Enterprise,Cancelled
1510,2025-04-26,2026-01-05,38,Medium,Low,Medium,On-Time,7,20,Basic,Cancelled
1511,2025-04-23,2025-04-24,294,Low,Low,High,Missed,4,52,Pro,Cancelled
1512,2024-12-16,2026-01-24,19,Medium,High,Medium,On-Time,9,75,Pro,Active
1513,2025-08-02,2025-08-23,173,Low,Low,High,Missed,2,19,Basic,Cancelled
1514,2025-02-21,2025-08-12,184,Low,Low,Medium,Delayed,3,30,Basic,Cancelled
1515,2024-11-25,2025-12-28,46,Medium,Medium,Medium,Delayed,8,29,Basic,Active
1516,2025-12-08,2026-02-04,8,High,High,Low,On-Time,7,18,Basic,Active
1517,2024-09-25,2025-12-28,46,Medium,Low,Low,On-Time,8,23,Basic,Active
1518,2025-02-26,2025-11-12,92,Low,Low,Medium,Delayed,4,43,Pro,Active
1519,2025-12-23,2026-01-16,27,High,High,Low,On-Time,7,295,Enterprise,Active
1520,2025-06-11,2026-02-06,6,High,Medium,Low,On-Time,9,17,Basic,Active
1521,2025-09-17,2025-11-29,75,Medium,Low,Medium,Delayed,4,60,Pro,Active
1522,2024-12-19,2026-02-05,7,High,Medium,Low,On-Time,7,143,Enterprise,Active
1523,2025-03-27,2025-12-20,54,Low,Low,Medium,On-Time,6,24,Basic,Cancelled
1524,2025-03-07,2026-02-07,5,Medium,Medium,Low,On-Time,9,29,Basic,Active
1525,2024-11-05,2026-01-31,12,High,High,Medium,On-Time,10,22,Basic,Active
1526,2024-11-04,2025-05-10,278,Low,Low,High,Missed,3,25,Basic,Cancelled
1527,2025-06-04,2025-06-02,255,Low,Low,Medium,Missed,4,78,Pro,Cancelled
1528,2025-09-30,2025-11-20,84,Low,Low,High,Missed,4,20,Basic,Cancelled
1529,2025-07-17,2026-01-31,12,High,Medium,Medium,On-Time,10,295,Enterprise,Active
1530,2024-09-22,2026-01-25,18,High,Medium,Low,Delayed,10,63,Pro,Active
1531,2025-07-02,2025-10-09,126,Low,Low,High,Delayed,4,18,Basic,Cancelled
1532,2025-07-19,2026-02-05,7,High,Medium,Low,On-Time,8,285,Enterprise,Active
1533,2025-04-24,2026-01-24,19,High,High,Low,On-Time,7,45,Pro,Active
1534,2025-01-16,2025-10-16,119,Low,Medium,Medium,Delayed,5,23,Basic,Active
1535,2025-08-24,2026-01-16,27,Medium,High,Low,On-Time,8,278,Enterprise,Active
1536,2025-12-18,2025-12-25,49,Low,Low,Medium,Delayed,6,23,Basic,Active
1537,2024-10-12,2025-12-03,71,Low,Medium,Medium,Missed,3,15,Basic,Cancelled
1538,2025-04-15,2026-02-09,3,Medium,High,Low,On-Time,8,10,Basic,Active
1539,2025-07-31,2025-09-01,164,Low,Low,High,Missed,1,43,Pro,Cancelled
1540,2025-06-26,2025-12-05,69,Low,Low,High,Delayed,5,17,Basic,Cancelled
1541,2025-05-26,2026-01-07,36,Low,Low,Low,Delayed,5,10,Basic,Active
1542,2025-08-19,2026-01-29,14,High,High,Medium,On-Time,10,239,Enterprise,Active
1543,2024-09-08,2025-11-02,102,Medium,Low,High,Missed,6,66,Pro,Cancelled
1544,2025-10-20,2025-12-27,47,Low,Medium,Low,On-Time,7,23,Basic,Cancelled
1545,2025-07-02,2025-07-10,217,Low,Low,Medium,Missed,4,10,Basic,Cancelled
1546,2025-09-25,2025-06-25,232,Low,Low,High,Delayed,4,155,Enterprise,Cancelled
1547,2025-02-15,2026-01-18,25,High,High,Low,On-Time,10,22,Basic,Active
1548,2025-05-20,2026-01-21,22,High,Medium,Low,On-Time,7,14,Basic,Active
1549,2024-10-11,2026-01-23,20,Medium,High,Low,On-Time,10,230,Enterprise,Active
1550,2025-12-05,2025-11-05,99,Low,Medium,Medium,Delayed,6,19,Basic,Active
1551,2024-09-28,2026-01-27,16,High,Medium,Low,On-Time,9,26,Basic,Active
1552,2025-09-24,2026-01-23,20,High,High,Low,On-Time,10,20,Basic,Active
1553,2025-08-21,2025-11-20,84,Low,Low,Medium,Delayed,6,75,Pro,Active
1554,2025-01-05,2025-12-20,54,Medium,Medium,Medium,Delayed,8,80,Pro,Active
1555,2025-08-30,2026-02-08,4,High,Medium,Low,On-Time,10,11,Basic,Active
1556,2025-08-11,2026-01-12,31,Low,Medium,Low,On-Time,6,53,Pro,Active
1557,2026-01-13,2026-02-10,2,High,High,Medium,On-Time,8,15,Basic,Active
1558,2024-09-27,2026-01-22,21,High,High,Low,Delayed,9,186,Enterprise,Active
1559,2025-03-24,2025-12-26,48,Medium,Low,Medium,Delayed,7,77,Pro,Active
1560,2025-04-22,2025-12-22,52,Medium,Medium,Medium,On-Time,5,26,Basic,Active
1561,2025-08-13,2025-12-28,46,Low,Low,Low,On-Time,7,17,Basic,Active
1562,2024-11-07,2026-01-18,25,High,Medium,Low,On-Time,7,72,Pro,Active
1563,2025-07-12,2026-01-30,13,Medium,High,Low,On-Time,8,44,Pro,Active
1564,2024-12-13,2025-11-23,81,Medium,Low,Medium,Delayed,6,21,Basic,Active
1565,2025-11-14,2025-11-24,80,Low,Medium,Medium,Missed,4,58,Pro,Active
1566,2025-09-11,2025-12-24,50,Low,Medium,Low,On-Time,5,10,Basic,Active
1567,2025-10-29,2026-01-26,17,High,Medium,Medium,On-Time,8,120,Enterprise,Active
1568,2025-05-17,2025-12-02,72,Low,Low,High,Missed,5,15,Basic,Cancelled
1569,2024-10-13,2025-07-27,200,Low,Low,Medium,Missed,1,277,Enterprise,Cancelled
1570,2026-01-13,2026-01-17,26,Medium,Medium,Medium,Delayed,10,28,Basic,Active
1571,2025-08-17,2025-05-10,278,Low,Low,High,Missed,3,24,Basic,Cancelled
1572,2025-03-09,2025-10-20,115,Low,Medium,High,Delayed,4,20,Basic,Cancelled
1573,2025-02-07,2026-02-07,5,Medium,Medium,Low,On-Time,9,65,Pro,Active
1574,2025-06-13,2026-01-18,25,Medium,Medium,Medium,On-Time,8,14,Basic,Active
1575,2025-01-18,2025-09-05,160,Low,Low,Medium,Missed,1,24,Basic,Cancelled
1576,2025-11-10,2025-12-04,70,Medium,Low,Medium,Delayed,4,13,Basic,Cancelled
1577,2024-09-24,2026-01-23,20,Medium,Medium,Medium,On-Time,8,287,Enterprise,Active
1578,2025-12-27,2026-02-01,11,High,High,Low,On-Time,9,25,Basic,Active
1579,2025-05-21,2026-01-22,21,Medium,Medium,Medium,On-Time,9,67,Pro,Active
1580,2025-02-10,2026-01-02,41,Low,Low,Medium,On-Time,6,25,Basic,Cancelled
1581,2024-10-22,2026-01-02,41,Medium,Low,Low,Delayed,7,66,Pro,Cancelled
1582,2025-12-25,2025-10-12,123,Low,Low,High,Delayed,3,13,Basic,Cancelled
1583,2025-05-11,2025-10-25,110,Medium,Low,Medium,Delayed,5,271,Enterprise,Cancelled
1584,2025-03-06,2025-12-14,60,Low,Medium,Medium,Delayed,8,58,Pro,Cancelled
1585,2025-04-13,2026-01-19,24,High,High,Low,On-Time,7,23,Basic,Active
1586,2024-09-25,2025-12-29,45,Low,Low,Low,On-Time,6,30,Basic,Active
1587,2024-11-03,2026-02-11,1,Medium,Medium,Low,On-Time,7,42,Pro,Active
1588,2025-09-22,2025-12-17,57,Medium,Medium,Low,Delayed,7,226,Enterprise,Active
1589,2026-01-05,2025-12-27,47,Low,Low,Medium,Delayed,5,74,Pro,Active
1590,2025-02-09,2026-01-26,17,High,High,Low,Delayed,9,30,Basic,Active
1591,2025-10-03,2026-01-12,31,Low,Medium,Medium,Delayed,5,186,Enterprise,Active
1592,2025-10-19,2026-01-22,21,High,High,Low,On-Time,8,19,Basic,Active
1593,2025-08-08,2025-12-26,48,Low,Low,Low,On-Time,5,17,Basic,Cancelled
1594,2025-12-11,2026-01-19,24,Medium,Medium,Low,On-Time,10,26,Basic,Active
1595,2024-12-17,2025-10-21,114,Medium,Low,Medium,Missed,5,12,Basic,Cancelled
1596,2025-07-17,2026-02-07,5,High,High,Medium,On-Time,7,161,Enterprise,Active
1597,2025-10-31,2026-01-02,41,Medium,Low,Low,On-Time,7,230,Enterprise,Active
1598,2025-11-21,2026-01-18,25,High,Medium,Low,On-Time,10,44,Pro,Active
1599,2024-09-01,2026-01-20,23,High,Medium,Medium,On-Time,10,30,Basic,Active
1600,2025-07-09,2026-02-06,6,Medium,High,Low,On-Time,7,215,Enterprise,Active
1601,2025-02-15,2026-01-02,41,Medium,Low,Medium,Delayed,5,26,Basic,Active
1602,2025-04-01,2026-01-19,24,High,High,Low,Delayed,9,11,Basic,Active
1603,2024-12-07,2026-01-17,26,Medium,High,Low,On-Time,7,134,Enterprise,Active
1604,2024-09-20,2026-01-03,40,Low,Low,Medium,Delayed,6,44,Pro,Active
1605,2024-09-01,2025-12-27,47,Medium,Medium,Medium,On-Time,5,12,Basic,Cancelled
1606,2024-10-25,2026-01-08,35,Low,Low,Medium,On-Time,5,60,Pro,Cancelled
1607,2024-10-16,2026-01-09,34,Medium,Medium,Medium,On-Time,7,74,Pro,Active
1608,2024-10-03,2026-01-16,27,High,Medium,Medium,Delayed,9,288,Enterprise,Active
1609,2025-08-14,2026-02-09,3,Medium,Medium,Low,Delayed,10,20,Basic,Active
1610,2025-08-29,2026-01-20,23,High,High,Medium,On-Time,7,130,Enterprise,Active
1611,2025-05-18,2025-10-23,112,Low,Low,Medium,Delayed,4,30,Basic,Active
1612,2024-09-30,2025-05-22,266,Low,Low,High,Missed,1,14,Basic,Cancelled
1613,2025-10-19,2025-12-20,54,Low,Low,Low,Delayed,5,267,Enterprise,Active
1614,2024-12-03,2025-10-28,107,Medium,Low,Medium,Delayed,4,26,Basic,Cancelled
1615,2025-08-17,2026-01-01,42,Medium,Low,Low,On-Time,7,151,Enterprise,Active
1616,2025-01-17,2026-01-30,13,High,Medium,Low,On-Time,8,48,Pro,Active
1617,2025-03-24,2026-02-07,5,Medium,High,Medium,On-Time,7,17,Basic,Active
1618,2024-12-28,2026-02-11,1,Medium,Medium,Low,On-Time,7,53,Pro,Active
1619,2025-01-11,2026-02-09,3,Medium,High,Low,On-Time,8,30,Basic,Active
1620,2024-12-07,2026-02-09,3,Medium,High,Low,On-Time,9,16,Basic,Active
1621,2024-10-31,2025-12-23,51,Medium,Medium,Low,Delayed,6,231,Enterprise,Active
1622,2025-12-19,2025-11-27,77,Low,Low,Medium,Missed,3,53,Pro,Cancelled
1623,2025-06-16,2025-12-06,68,Medium,Low,Medium,Delayed,3,44,Pro,Active
1624,2025-03-19,2025-12-29,45,Medium,Low,Low,Delayed,7,189,Enterprise,Cancelled
1625,2025-10-23,2025-11-13,91,Low,Medium,Medium,Delayed,6,261,Enterprise,Active
1626,2025-04-28,2025-11-02,102,Medium,Low,High,Delayed,3,59,Pro,Active
1627,2024-12-27,2025-11-18,86,Low,Low,High,Delayed,5,27,Basic,Active
1628,2024-11-01,2025-05-10,278,Low,Low,High,Delayed,2,73,Pro,Cancelled
1629,2026-01-12,2026-02-08,4,Medium,High,Low,On-Time,9,16,Basic,Active
1630,2025-10-10,2026-01-09,34,Low,Low,Low,Delayed,7,78,Pro,Active
1631,2025-03-30,2025-11-07,97,Low,Low,High,Missed,5,25,Basic,Active
1632,2024-12-21,2025-11-28,76,Low,Low,Medium,Delayed,3,179,Enterprise,Active
1633,2025-06-17,2026-01-16,27,High,High,Low,On-Time,7,75,Pro,Active
1634,2025-06-02,2026-01-21,22,High,Medium,Low,On-Time,9,28,Basic,Active
1635,2025-06-18,2026-02-09,3,Medium,Medium,Medium,Delayed,7,17,Basic,Active
1636,2025-03-06,2026-02-09,3,High,High,Low,On-Time,8,18,Basic,Active
1637,2025-04-11,2026-02-07,5,Medium,Medium,Low,Delayed,8,61,Pro,Active
1638,2025-11-23,2025-09-22,143,Low,Low,High,Missed,3,21,Basic,Cancelled
1639,2024-09-22,2025-07-15,212,Low,Low,High,Missed,2,13,Basic,Cancelled
1640,2024-08-29,2026-01-23,20,High,Medium,Low,Delayed,8,51,Pro,Active
1641,2025-10-05,2025-12-17,57,Medium,Medium,Low,Delayed,6,16,Basic,Active
1642,2025-07-10,2025-11-03,101,Medium,Medium,High,Delayed,3,22,Basic,Cancelled
1643,2026-01-10,2026-01-07,36,Medium,Medium,Medium,Delayed,5,12,Basic,Active
1644,2025-10-27,2026-01-30,13,High,High,Medium,On-Time,9,160,Enterprise,Active
1645,2024-11-15,2026-01-24,19,High,High,Medium,On-Time,10,18,Basic,Active
1646,2025-03-09,2025-11-30,74,Medium,Medium,High,Delayed,5,45,Pro,Active
1647,2024-10-23,2025-05-19,269,Low,Low,Medium,Missed,1,27,Basic,Cancelled
1648,2024-09-14,2026-01-16,27,High,High,Medium,On-Time,8,15,Basic,Active
1649,2025-04-13,2025-12-15,59,Medium,Medium,Medium,On-Time,5,61,Pro,Active
1650,2025-04-20,2025-11-09,95,Low,Low,Medium,Missed,3,172,Enterprise,Active
1651,2025-11-03,2026-01-18,25,Medium,Medium,Low,On-Time,10,30,Basic,Active
1652,2025-04-09,2026-02-10,2,Medium,High,Low,On-Time,9,10,Basic,Active
1653,2024-12-10,2026-01-12,31,Low,Low,Medium,Delayed,5,80,Pro,Active
1654,2025-03-20,2026-01-10,33,Medium,Medium,Medium,On-Time,7,78,Pro,Active
1655,2025-12-31,2026-01-20,23,High,High,Low,On-Time,9,56,Pro,Active
1656,2025-10-24,2026-02-10,2,High,High,Low,On-Time,9,12,Basic,Active
1657,2025-10-28,2026-01-07,36,Low,Medium,Medium,On-Time,8,69,Pro,Active
1658,2025-12-31,2025-10-03,132,Low,Low,High,Missed,3,216,Enterprise,Cancelled
1659,2025-07-21,2026-01-23,20,High,High,Low,On-Time,10,13,Basic,Active
1660,2025-09-15,2025-07-01,226,Low,Low,Medium,Missed,2,214,Enterprise,Cancelled
1661,2025-02-09,2026-02-11,1,High,Medium,Medium,On-Time,7,42,Pro,Active
1662,2025-02-27,2025-12-28,46,Medium,Medium,Low,Delayed,8,41,Pro,Active
1663,2024-12-14,2025-05-08,280,Low,Low,High,Delayed,2,11,Basic,Cancelled
1664,2025-08-29,2025-10-23,112,Low,Low,Medium,Missed,3,121,Enterprise,Cancelled
1665,2025-09-02,2026-01-23,20,Medium,Medium,Low,On-Time,10,17,Basic,Active
1666,2025-04-24,2026-02-06,6,High,Medium,Low,On-Time,9,12,Basic,Active
1667,2025-11-02,2026-01-21,22,High,Medium,Medium,On-Time,9,15,Basic,Active
1668,2026-01-03,2025-11-28,76,Medium,Medium,Medium,Missed,6,18,Basic,Active
1669,2025-12-02,2026-01-29,14,Medium,Medium,Low,Delayed,10,21,Basic,Active
1670,2024-12-22,2025-11-25,79,Medium,Low,Medium,Delayed,5,58,Pro,Active
1671,2025-10-07,2025-12-16,58,Low,Medium,Low,On-Time,8,251,Enterprise,Active
1672,2025-03-25,2026-01-13,30,Medium,High,Medium,On-Time,7,27,Basic,Active
1673,2025-01-21,2026-01-27,16,High,Medium,Low,On-Time,8,11,Basic,Active
1674,2025-02-03,2025-10-30,105,Low,Low,High,Missed,5,173,Enterprise,Active
1675,2024-09-04,2025-10-26,109,Medium,Low,Medium,Delayed,3,14,Basic,Active
1676,2024-11-27,2025-12-07,67,Low,Medium,Medium,Delayed,3,52,Pro,Cancelled
1677,2025-09-12,2026-01-25,18,High,Medium,Low,On-Time,9,130,Enterprise,Active
1678,2024-10-19,2025-07-02,225,Low,Low,High,Delayed,1,276,Enterprise,Cancelled
1679,2024-12-20,2025-12-27,47,Medium,Low,Medium,On-Time,8,73,Pro,Active
1680,2024-10-14,2026-01-12,31,Medium,Medium,Medium,Delayed,5,23,Basic,Active
1681,2025-11-17,2025-12-26,48,Medium,Medium,Medium,On-Time,8,71,Pro,Active
1682,2025-08-31,2026-01-20,23,High,Medium,Low,On-Time,10,278,Enterprise,Active
1683,2025-01-30,2026-01-06,37,Medium,Low,Low,Delayed,5,13,Basic,Active
1684,2024-10-25,2025-11-10,94,Medium,Low,Medium,Delayed,4,10,Basic,Active
1685,2025-03-19,2025-09-09,156,Low,Low,High,Missed,2,50,Pro,Cancelled
1686,2024-09-18,2026-02-06,6,Medium,High,Low,On-Time,9,12,Basic,Active
1687,2025-11-27,2026-02-04,8,Medium,Medium,Medium,On-Time,10,130,Enterprise,Active
1688,2024-11-15,2026-01-01,42,Low,Low,Low,On-Time,8,131,Enterprise,Active
1689,2025-04-23,2025-10-30,105,Low,Medium,Medium,Missed,3,134,Enterprise,Cancelled
1690,2025-04-22,2025-10-18,117,Low,Low,High,Delayed,3,44,Pro,Active
1691,2025-08-02,2025-10-27,108,Low,Medium,High,Delayed,5,72,Pro,Active
1692,2025-04-07,2026-02-07,5,High,High,Low,On-Time,8,73,Pro,Active
1693,2024-11-14,2026-01-04,39,Medium,Low,Low,On-Time,5,169,Enterprise,Active
1694,2025-07-22,2026-01-03,40,Medium,Low,Medium,Delayed,6,30,Basic,Active
1695,2025-07-06,2025-12-24,50,Low,Medium,Medium,On-Time,5,21,Basic,Active
1696,2024-08-23,2025-11-07,97,Low,Low,Medium,Delayed,3,18,Basic,Cancelled
1697,2025-03-21,2026-01-18,25,High,Medium,Medium,On-Time,10,76,Pro,Active
1698,2024-11-26,2025-07-10,217,Low,Low,High,Missed,4,26,Basic,Cancelled
1699,2025-08-15,2026-02-08,4,High,High,Low,Delayed,8,28,Basic,Active
1700,2025-11-22,2026-01-03,40,Medium,Medium,Low,Delayed,6,147,Enterprise,Cancelled
1701,2025-10-11,2025-10-21,114,Medium,Medium,Medium,Delayed,6,43,Pro,Active
1702,2025-06-19,2026-01-24,19,Medium,Medium,Low,On-Time,7,23,Basic,Active
1703,2024-09-03,2026-01-15,28,High,High,Medium,On-Time,8,54,Pro,Active
1704,2025-07-31,2025-12-22,52,Low,Low,Medium,Delayed,6,41,Pro,Active
1705,2024-11-11,2025-08-03,193,Low,Low,High,Delayed,4,150,Enterprise,Cancelled
1706,2024-08-29,2026-02-08,4,Medium,High,Low,On-Time,8,21,Basic,Active
1707,2025-04-10,2026-01-22,21,High,Medium,Low,On-Time,10,30,Basic,Active
1708,2025-12-07,2026-01-14,29,Medium,High,Low,On-Time,8,73,Pro,Active
1709,2025-08-06,2026-01-25,18,High,Medium,Low,Delayed,9,14,Basic,Active
1710,2025-09-12,2026-01-25,18,Medium,High,Low,On-Time,7,162,Enterprise,Active
1711,2025-05-14,2025-12-19,55,Medium,Medium,Medium,On-Time,8,11,Basic,Cancelled
1712,2025-11-15,2025-10-21,114,Medium,Low,Medium,Delayed,4,10,Basic,Cancelled
1713,2025-12-20,2026-01-13,30,High,High,Low,On-Time,9,44,Pro,Active
1714,2024-10-31,2026-01-20,23,High,High,Medium,Delayed,8,233,Enterprise,Active
1715,2025-02-19,2025-07-01,226,Low,Low,High,Missed,3,18,Basic,Cancelled
1716,2025-08-28,2026-01-12,31,Low,Medium,Low,On-Time,5,14,Basic,Active
1717,2025-01-07,2026-01-31,12,Medium,High,Low,On-Time,7,45,Pro,Active
1718,2024-12-28,2025-12-16,58,Medium,Low,Low,On-Time,5,78,Pro,Cancelled
1719,2025-12-10,2025-12-19,55,Low,Medium,Medium,Delayed,7,16,Basic,Active
1720,2025-05-26,2026-02-05,7,High,High,Medium,On-Time,8,22,Basic,Active
1721,2025-11-19,2026-01-29,14,High,High,Low,Delayed,8,45,Pro,Active
1722,2025-03-11,2026-02-07,5,High,High,Medium,On-Time,9,25,Basic,Active
1723,2025-04-09,2026-01-25,18,Medium,High,Low,On-Time,9,28,Basic,Active
1724,2025-12-19,2026-01-20,23,Medium,Medium,Low,On-Time,10,11,Basic,Active
1725,2024-09-02,2026-01-17,26,High,High,Medium,On-Time,8,46,Pro,Active
1726,2025-06-24,2025-12-28,46,Medium,Low,Medium,Delayed,8,15,Basic,Active
1727,2025-12-06,2026-01-12,31,Low,Low,Medium,Delayed,6,26,Basic,Active
1728,2024-09-24,2025-12-30,44,Medium,Medium,Medium,On-Time,8,17,Basic,Active
1729,2024-10-23,2026-01-17,26,High,Medium,Medium,On-Time,9,20,Basic,Active
1730,2025-09-18,2025-05-21,267,Low,Low,High,Delayed,1,28,Basic,Cancelled
1731,2025-04-10,2025-10-28,107,Medium,Low,High,Delayed,6,25,Basic,Cancelled
1732,2025-09-15,2025-07-03,224,Low,Low,High,Delayed,1,10,Basic,Cancelled
1733,2025-07-05,2026-01-26,17,High,Medium,Low,On-Time,9,15,Basic,Active
1734,2025-11-30,2025-11-18,86,Medium,Medium,Medium,Delayed,6,65,Pro,Cancelled
1735,2025-03-28,2026-02-08,4,Medium,High,Medium,On-Time,8,22,Basic,Active
1736,2024-09-04,2025-11-14,90,Medium,Medium,Medium,Delayed,5,74,Pro,Active
1737,2025-08-19,2025-05-28,260,Low,Low,High,Delayed,2,129,Enterprise,Cancelled
1738,2024-11-04,2025-11-22,82,Medium,Medium,High,Delayed,6,56,Pro,Cancelled
1739,2025-04-29,2025-08-01,195,Low,Low,High,Missed,3,79,Pro,Cancelled
1740,2025-04-26,2026-01-26,17,Medium,Medium,Low,On-Time,10,129,Enterprise,Active
1741,2025-01-23,2025-12-23,51,Medium,Medium,Low,Delayed,8,27,Basic,Active
1742,2024-12-16,2025-12-22,52,Medium,Low,Low,On-Time,5,30,Basic,Cancelled
1743,2025-02-08,2025-12-29,45,Medium,Medium,Low,On-Time,8,49,Pro,Active
1744,2024-11-11,2025-09-11,154,Low,Low,Medium,Missed,4,129,Enterprise,Cancelled
1745,2024-12-05,2026-01-23,20,High,Medium,Low,On-Time,8,18,Basic,Active
1746,2024-10-18,2026-01-12,31,Low,Low,Medium,On-Time,7,41,Pro,Active
1747,2025-02-03,2026-01-09,34,Medium,Low,Low,Delayed,7,26,Basic,Active
1748,2025-06-26,2025-11-14,90,Low,Low,Medium,Missed,5,14,Basic,Active
1749,2025-01-29,2026-01-26,17,Medium,Medium,Medium,Delayed,8,169,Enterprise,Active
1750,2025-04-09,2026-01-13,30,Medium,High,Low,On-Time,9,20,Basic,Active
1751,2025-10-10,2025-11-09,95,Medium,Medium,High,Delayed,5,163,Enterprise,Active
1752,2025-06-21,2025-12-25,49,Medium,Low,Low,Delayed,7,249,Enterprise,Active
1753,2025-11-20,2025-11-08,96,Medium,Low,Medium,Missed,5,263,Enterprise,Cancelled
1754,2025-07-31,2026-02-12,0,Medium,Medium,Medium,On-Time,9,16,Basic,Active
1755,2025-08-10,2025-11-03,101,Medium,Medium,High,Missed,3,25,Basic,Cancelled
1756,2025-03-13,2025-12-28,46,Medium,Medium,Medium,On-Time,6,21,Basic,Active
1757,2025-09-28,2025-11-18,86,Low,Low,Medium,Delayed,5,15,Basic,Active
1758,2025-07-10,2026-01-24,19,Medium,Medium,Low,Delayed,7,23,Basic,Active
1759,2025-05-29,2025-07-25,202,Low,Low,Medium,Delayed,3,158,Enterprise,Cancelled
1760,2025-01-22,2025-05-03,285,Low,Low,High,Missed,1,21,Basic,Cancelled
1761,2025-10-15,2026-01-29,14,High,High,Medium,On-Time,10,78,Pro,Active
1762,2025-01-03,2026-01-17,26,High,High,Low,On-Time,9,14,Basic,Active
1763,2024-09-22,2026-02-02,10,High,Medium,Medium,On-Time,9,269,Enterprise,Active
1764,2025-04-29,2026-01-30,13,Medium,High,Low,On-Time,8,20,Basic,Active
1765,2025-04-27,2025-07-20,207,Low,Low,High,Delayed,3,61,Pro,Cancelled
1766,2025-01-03,2025-05-17,271,Low,Low,High,Missed,3,79,Pro,Cancelled
1767,2025-08-19,2026-02-07,5,High,High,Low,On-Time,7,67,Pro,Active
1768,2024-08-27,2026-02-02,10,High,Medium,Low,On-Time,8,63,Pro,Active
1769,2025-02-20,2026-02-05,7,High,Medium,Low,On-Time,7,60,Pro,Active
1770,2025-12-09,2026-01-06,37,Medium,Medium,Low,On-Time,8,13,Basic,Active
1771,2025-08-21,2026-02-03,9,High,High,Low,On-Time,10,17,Basic,Active
1772,2025-06-11,2025-12-29,45,Low,Low,Medium,On-Time,8,21,Basic,Active
1773,2024-11-06,2026-01-27,16,Medium,Medium,Medium,On-Time,7,51,Pro,Active
1774,2025-01-16,2025-12-26,48,Low,Medium,Low,Delayed,6,30,Basic,Active
1775,2026-01-10,2025-11-03,101,Low,Low,Medium,Delayed,3,25,Basic,Cancelled
1776,2025-10-24,2026-01-06,37,Low,Medium,Low,On-Time,8,69,Pro,Active
1777,2025-10-15,2026-01-18,25,High,High,Low,On-Time,9,57,Pro,Active
1778,2025-05-11,2025-12-05,69,Low,Medium,High,Delayed,3,69,Pro,Cancelled
1779,2025-07-02,2026-01-15,28,Medium,High,Low,On-Time,8,47,Pro,Active
1780,2025-02-17,2025-06-16,241,Low,Low,Medium,Missed,2,16,Basic,Cancelled
1781,2024-09-26,2025-05-23,265,Low,Low,High,Delayed,1,15,Basic,Cancelled
1782,2025-10-26,2025-05-20,268,Low,Low,High,Delayed,2,50,Pro,Cancelled
1783,2024-09-11,2025-09-19,146,Low,Low,High,Delayed,1,55,Pro,Cancelled
1784,2025-04-05,2025-11-08,96,Low,Medium,Medium,Delayed,4,258,Enterprise,Cancelled
1785,2025-10-01,2025-07-25,202,Low,Low,High,Missed,4,30,Basic,Cancelled
1786,2025-05-21,2026-01-20,23,Medium,High,Low,On-Time,8,266,Enterprise,Active
1787,2025-07-27,2026-01-04,39,Low,Medium,Medium,On-Time,5,28,Basic,Active
1788,2025-06-03,2025-10-14,121,Low,Low,Medium,Missed,1,20,Basic,Cancelled
1789,2025-09-09,2026-01-22,21,Medium,High,Low,On-Time,7,20,Basic,Active
1790,2025-11-04,2025-12-25,49,Low,Low,Low,On-Time,5,46,Pro,Cancelled
1791,2025-11-06,2026-01-18,25,High,Medium,Medium,On-Time,8,11,Basic,Active
1792,2025-08-31,2025-10-26,109,Low,Medium,High,Missed,6,21,Basic,Active
1793,2025-02-06,2025-12-27,47,Medium,Medium,Low,Delayed,5,19,Basic,Active
1794,2025-09-15,2026-01-14,29,High,High,Low,On-Time,9,12,Basic,Active
1795,2025-07-20,2025-10-21,114,Medium,Medium,High,Delayed,3,28,Basic,Active
1796,2025-10-20,2025-05-17,271,Low,Low,High,Missed,1,25,Basic,Cancelled
1797,2025-08-25,2025-11-02,102,Medium,Low,Medium,Missed,3,141,Enterprise,Cancelled
1798,2025-09-28,2026-01-22,21,High,High,Medium,On-Time,7,49,Pro,Active
1799,2025-11-15,2026-01-06,37,Medium,Low,Medium,Delayed,8,43,Pro,Active
1800,2025-11-16,2026-01-24,19,Medium,Medium,Low,On-Time,7,15,Basic,Active
1801,2025-12-23,2026-01-09,34,Low,Medium,Low,On-Time,8,29,Basic,Cancelled
1802,2024-12-27,2026-01-20,23,High,High,Low,On-Time,8,51,Pro,Active
1803,2025-05-25,2025-05-01,287,Low,Low,High,Delayed,1,19,Basic,Cancelled
1804,2025-10-15,2025-09-19,146,Low,Low,Medium,Missed,4,48,Pro,Cancelled
1805,2024-09-28,2025-11-22,82,Medium,Low,Medium,Delayed,5,28,Basic,Active
1806,2025-10-06,2025-10-30,105,Medium,Medium,Medium,Delayed,3,40,Pro,Cancelled
1807,2024-11-27,2025-08-21,175,Low,Low,High,Missed,3,28,Basic,Cancelled
1808,2025-05-04,2025-10-22,113,Low,Low,High,Delayed,5,260,Enterprise,Active
1809,2025-07-30,2025-12-26,48,Medium,Medium,Medium,On-Time,5,14,Basic,Active
1810,2025-12-31,2025-12-04,70,Medium,Medium,Medium,Delayed,4,57,Pro,Active
1811,2025-12-14,2026-02-07,5,High,High,Medium,Delayed,10,28,Basic,Active
1812,2026-01-02,2025-11-17,87,Low,Low,Medium,Missed,3,15,Basic,Active
1813,2024-11-16,2025-04-22,296,Low,Low,High,Missed,3,11,Basic,Cancelled
1814,2025-11-11,2026-02-12,0,Medium,Medium,Low,On-Time,10,19,Basic,Active
1815,2025-03-01,2025-09-28,137,Low,Low,Medium,Missed,3,23,Basic,Cancelled
1816,2024-11-08,2026-01-07,36,Low,Medium,Medium,On-Time,7,11,Basic,Active
1817,2025-04-04,2026-02-11,1,Medium,Medium,Low,On-Time,7,66,Pro,Active
1818,2025-04-05,2026-01-05,38,Medium,Medium,Medium,On-Time,6,10,Basic,Active
1819,2025-04-24,2026-01-09,34,Low,Low,Low,On-Time,5,20,Basic,Cancelled
1820,2025-01-18,2026-01-11,32,Medium,Medium,Low,On-Time,6,61,Pro,Active
1821,2025-12-04,2026-02-11,1,Medium,High,Medium,Delayed,10,22,Basic,Active
1822,2025-10-16,2026-02-09,3,Medium,High,Low,On-Time,9,23,Basic,Active
1823,2025-03-14,2026-02-04,8,High,High,Low,On-Time,8,50,Pro,Active
1824,2024-11-18,2025-12-18,56,Low,Medium,Low,On-Time,8,21,Basic,Active
1825,2025-03-20,2025-09-28,137,Low,Low,High,Delayed,4,11,Basic,Cancelled
1826,2024-08-30,2025-11-26,78,Low,Low,Medium,Delayed,3,43,Pro,Cancelled
1827,2025-05-30,2025-11-06,98,Low,Low,High,Delayed,5,75,Pro,Cancelled
1828,2025-12-10,2026-01-17,26,Medium,Medium,Medium,On-Time,9,60,Pro,Active
1829,2025-09-08,2025-12-22,52,Low,Medium,Medium,On-Time,5,29,Basic,Cancelled
1830,2024-11-19,2026-01-28,15,Medium,High,Low,Delayed,8,52,Pro,Active
1831,2025-05-21,2026-01-25,18,High,High,Low,On-Time,9,22,Basic,Active
1832,2024-09-11,2025-09-19,146,Low,Low,Medium,Missed,1,28,Basic,Cancelled
1833,2025-08-30,2026-02-05,7,High,High,Low,On-Time,9,47,Pro,Active
1834,2024-08-22,2025-11-04,100,Low,Low,High,Missed,4,48,Pro,Cancelled
1835,2025-12-31,2026-02-06,6,High,High,Medium,On-Time,8,23,Basic,Active
1836,2025-12-16,2025-12-17,57,Medium,Low,Low,Delayed,7,259,Enterprise,Active
1837,2024-09-17,2025-12-18,56,Medium,Medium,Medium,Delayed,8,141,Enterprise,Cancelled
1838,2024-09-01,2026-01-29,14,Medium,Medium,Low,On-Time,9,250,Enterprise,Active
1839,2025-12-29,2025-09-26,139,Low,Low,High,Delayed,3,14,Basic,Cancelled
1840,2025-10-23,2026-01-19,24,High,Medium,Medium,On-Time,8,68,Pro,Active
1841,2024-09-03,2025-12-27,47,Medium,Low,Low,On-Time,5,25,Basic,Active
1842,2025-08-03,2025-12-28,46,Low,Low,Low,On-Time,5,30,Basic,Active
1843,2025-02-05,2025-09-23,142,Low,Low,High,Missed,4,77,Pro,Cancelled
1844,2025-08-28,2025-12-18,56,Medium,Low,Low,On-Time,8,25,Basic,Active
1845,2025-02-07,2025-12-23,51,Medium,Medium,Low,Delayed,7,28,Basic,Cancelled
1846,2025-06-11,2025-12-06,68,Low,Low,High,Missed,4,75,Pro,Active
1847,2025-04-03,2026-02-05,7,High,High,Low,Delayed,10,30,Basic,Active
1848,2025-12-21,2025-12-15,59,Low,Medium,Medium,Delayed,8,18,Basic,Active
1849,2024-09-21,2025-05-11,277,Low,Low,High,Missed,3,24,Basic,Cancelled
1850,2026-01-08,2025-12-04,70,Low,Low,Medium,Missed,5,30,Basic,Cancelled
1851,2025-06-19,2026-02-04,8,High,High,Low,On-Time,8,22,Basic,Active
1852,2025-04-16,2025-04-19,299,Low,Low,High,Missed,4,18,Basic,Cancelled
1853,2025-06-25,2026-01-28,15,High,Medium,Low,On-Time,7,29,Basic,Active
1854,2024-11-13,2026-02-10,2,High,High,Medium,On-Time,8,29,Basic,Active
1855,2025-02-20,2025-12-17,57,Medium,Low,Low,On-Time,6,40,Pro,Active
1856,2025-07-23,2025-12-02,72,Medium,Low,Medium,Delayed,3,41,Pro,Active
1857,2024-10-05,2025-09-02,163,Low,Low,Medium,Delayed,3,18,Basic,Cancelled
1858,2025-11-11,2025-12-24,50,Medium,Medium,Low,On-Time,7,66,Pro,Active
1859,2025-06-22,2025-12-16,58,Medium,Low,Low,Delayed,5,18,Basic,Active
1860,2025-03-15,2025-11-09,95,Low,Low,Medium,Delayed,3,27,Basic,Cancelled
1861,2025-10-31,2026-02-09,3,High,High,Low,Delayed,7,60,Pro,Active
1862,2025-03-01,2026-02-07,5,Medium,Medium,Medium,On-Time,8,77,Pro,Active
1863,2025-06-25,2025-10-30,105,Medium,Low,High,Delayed,5,203,Enterprise,Cancelled
1864,2025-07-23,2025-05-17,271,Low,Low,Medium,Missed,1,29,Basic,Cancelled
1865,2025-11-05,2025-12-20,54,Medium,Medium,Medium,Delayed,7,297,Enterprise,Active
1866,2025-12-22,2026-02-01,11,High,High,Low,On-Time,8,74,Pro,Active
1867,2024-12-24,2026-01-19,24,High,High,Low,On-Time,8,28,Basic,Active
1868,2025-09-02,2026-02-02,10,High,High,Low,On-Time,9,59,Pro,Active
1869,2025-04-17,2025-12-25,49,Medium,Medium,Medium,Delayed,7,75,Pro,Active
1870,2025-03-05,2026-01-30,13,High,High,Low,On-Time,8,19,Basic,Active
1871,2025-08-05,2025-11-16,88,Medium,Low,Medium,Delayed,3,59,Pro,Cancelled
1872,2024-12-16,2025-07-25,202,Low,Low,High,Missed,1,17,Basic,Cancelled
1873,2024-11-01,2025-10-24,111,Low,Medium,High,Missed,4,19,Basic,Cancelled
1874,2025-12-17,2026-02-09,3,High,High,Low,On-Time,7,23,Basic,Active
1875,2025-10-23,2026-01-16,27,High,High,Low,Delayed,10,25,Basic,Active
1876,2025-01-23,2025-11-01,103,Low,Low,High,Missed,6,18,Basic,Active
1877,2025-01-15,2025-12-07,67,Low,Medium,High,Missed,5,64,Pro,Cancelled
1878,2024-08-23,2025-09-29,136,Low,Low,Medium,Delayed,1,28,Basic,Cancelled
1879,2025-04-24,2026-01-31,12,High,High,Low,On-Time,7,29,Basic,Active
1880,2024-10-19,2025-11-21,83,Low,Medium,Medium,Missed,6,56,Pro,Active
1881,2024-11-03,2026-02-07,5,Medium,High,Low,On-Time,8,26,Basic,Active
1882,2025-09-07,2026-01-05,38,Low,Low,Low,On-Time,8,69,Pro,Cancelled
1883,2025-04-05,2025-11-21,83,Medium,Medium,Medium,Delayed,4,27,Basic,Active
1884,2025-01-23,2025-10-26,109,Low,Low,Medium,Missed,5,67,Pro,Active
1885,2025-09-05,2026-02-03,9,Medium,High,Low,On-Time,8,44,Pro,Active
1886,2025-11-17,2026-02-08,4,Medium,High,Medium,On-Time,10,79,Pro,Active
1887,2025-01-03,2025-12-17,57,Low,Medium,Medium,On-Time,6,30,Basic,Active
1888,2025-01-31,2026-01-20,23,High,High,Low,Delayed,10,44,Pro,Active
1889,2024-10-11,2025-06-15,242,Low,Low,Medium,Missed,1,44,Pro,Cancelled
1890,2025-03-09,2025-10-24,111,Low,Low,Medium,Delayed,4,54,Pro,Active
1891,2025-07-31,2025-12-20,54,Medium,Low,Low,Delayed,7,123,Enterprise,Cancelled
1892,2025-12-26,2026-01-16,27,Medium,Medium,Low,On-Time,7,65,Pro,Active
1893,2025-06-02,2025-11-13,91,Low,Low,Medium,Delayed,4,21,Basic,Active
1894,2025-09-02,2026-01-04,39,Medium,Low,Low,On-Time,7,29,Basic,Active
1895,2025-09-24,2026-01-29,14,Medium,High,Low,On-Time,9,29,Basic,Active
1896,2025-11-11,2025-12-04,70,Low,Medium,Medium,Delayed,6,67,Pro,Cancelled
1897,2024-08-26,2025-11-06,98,Low,Medium,High,Missed,3,243,Enterprise,Active
1898,2025-03-23,2025-10-30,105,Low,Low,Medium,Delayed,4,12,Basic,Active
1899,2024-10-29,2026-01-20,23,Medium,High,Medium,On-Time,8,16,Basic,Active
1900,2024-11-14,2025-11-08,96,Medium,Low,Medium,Delayed,3,30,Basic,Active
1901,2025-02-10,2026-01-26,17,High,High,Medium,Delayed,8,252,Enterprise,Active
1902,2024-10-27,2026-01-27,16,Medium,Medium,Low,On-Time,8,13,Basic,Active
1903,2026-01-06,2026-02-07,5,High,Medium,Low,On-Time,10,22,Basic,Active
1904,2025-11-16,2026-02-11,1,Medium,High,Low,On-Time,10,47,Pro,Active
1905,2026-01-08,2026-01-26,17,High,High,Low,On-Time,9,17,Basic,Active
1906,2024-10-11,2025-05-26,262,Low,Low,Medium,Missed,2,45,Pro,Cancelled
1907,2025-03-18,2025-11-11,93,Medium,Medium,Medium,Missed,4,28,Basic,Active
1908,2025-08-05,2025-12-17,57,Low,Medium,Low,Delayed,5,51,Pro,Active
1909,2026-01-12,2025-07-12,215,Low,Low,High,Missed,3,270,Enterprise,Cancelled
1910,2025-07-03,2025-06-24,233,Low,Low,High,Missed,1,22,Basic,Cancelled
1911,2025-06-11,2026-02-04,8,High,High,Low,Delayed,9,143,Enterprise,Active
1912,2025-01-18,2025-08-18,178,Low,Low,High,Missed,4,46,Pro,Cancelled
1913,2025-06-23,2025-05-10,278,Low,Low,High,Delayed,3,70,Pro,Cancelled
1914,2025-12-23,2025-06-03,254,Low,Low,High,Missed,2,27,Basic,Cancelled
1915,2025-10-02,2026-02-03,9,High,High,Medium,On-Time,10,29,Basic,Active
1916,2025-05-23,2026-01-18,25,High,High,Low,On-Time,7,30,Basic,Active
1917,2025-05-10,2025-10-24,111,Medium,Low,Medium,Delayed,4,76,Pro,Active
1918,2025-05-26,2026-01-15,28,High,Medium,Low,On-Time,7,21,Basic,Active
1919,2025-05-26,2025-10-20,115,Medium,Low,Medium,Missed,6,261,Enterprise,Active
1920,2024-11-02,2026-02-12,0,Medium,Medium,Low,Delayed,7,63,Pro,Active
1921,2025-07-26,2026-01-27,16,High,Medium,Low,On-Time,7,48,Pro,Active
1922,2025-05-09,2025-11-25,79,Low,Low,Medium,Delayed,4,77,Pro,Active
1923,2025-06-21,2026-01-13,30,High,High,Low,On-Time,10,28,Basic,Active
1924,2025-12-06,2025-12-29,45,Medium,Low,Medium,Delayed,7,27,Basic,Active
1925,2025-07-20,2026-01-22,21,High,High,Medium,On-Time,8,28,Basic,Active
1926,2025-11-02,2025-09-12,153,Low,Low,High,Missed,1,41,Pro,Cancelled
1927,2024-09-20,2025-10-02,133,Low,Low,Medium,Missed,3,11,Basic,Cancelled
1928,2025-05-23,2026-01-07,36,Medium,Medium,Medium,On-Time,6,276,Enterprise,Active
1929,2025-07-30,2025-12-15,59,Low,Low,Low,On-Time,6,24,Basic,Active
1930,2025-09-12,2025-12-08,66,Low,Low,Medium,Missed,5,21,Basic,Active
1931,2024-09-18,2026-01-26,17,Medium,Medium,Low,On-Time,9,276,Enterprise,Active
1932,2025-10-14,2025-12-16,58,Medium,Low,Medium,Delayed,7,11,Basic,Active
1933,2024-12-29,2026-02-01,11,High,Medium,Medium,On-Time,8,11,Basic,Active
1934,2025-05-22,2026-02-10,2,Medium,High,Low,On-Time,10,30,Basic,Active
1935,2025-11-30,2025-06-07,250,Low,Low,High,Missed,3,54,Pro,Cancelled
1936,2024-11-24,2026-01-23,20,High,High,Low,On-Time,8,225,Enterprise,Active
1937,2025-07-21,2026-01-08,35,Medium,Medium,Low,On-Time,5,72,Pro,Cancelled
1938,2024-09-27,2026-01-08,35,Low,Medium,Low,On-Time,6,44,Pro,Cancelled
1939,2025-12-26,2025-11-27,77,Low,Low,High,Missed,6,24,Basic,Active
1940,2024-10-14,2026-02-03,9,High,Medium,Medium,On-Time,9,55,Pro,Active
1941,2025-07-25,2025-10-19,116,Medium,Low,Medium,Missed,6,16,Basic,Active
1942,2025-03-18,2026-01-26,17,High,Medium,Low,On-Time,8,51,Pro,Active
1943,2025-08-04,2025-12-18,56,Medium,Low,Medium,Delayed,7,11,Basic,Active
1944,2025-07-28,2026-02-02,10,High,Medium,Medium,On-Time,10,29,Basic,Active
1945,2025-07-26,2025-07-16,211,Low,Low,Medium,Delayed,2,15,Basic,Cancelled
1946,2025-01-05,2026-01-17,26,High,High,Medium,Delayed,9,25,Basic,Active
1947,2025-02-25,2026-01-21,22,High,High,Medium,On-Time,8,12,Basic,Active
1948,2024-08-21,2026-02-09,3,High,High,Low,On-Time,7,19,Basic,Active
1949,2025-01-18,2026-01-13,30,High,High,Low,On-Time,7,29,Basic,Active
1950,2025-07-08,2025-08-16,180,Low,Low,Medium,Delayed,3,45,Pro,Cancelled
1951,2025-01-29,2026-02-07,5,Medium,Medium,Low,On-Time,9,76,Pro,Active
1952,2025-07-15,2025-10-19,116,Medium,Low,High,Missed,3,16,Basic,Active
1953,2024-10-29,2026-01-20,23,Medium,Medium,Low,On-Time,9,29,Basic,Active
1954,2025-07-24,2026-02-11,1,High,High,Medium,On-Time,10,48,Pro,Active
1955,2025-05-21,2025-05-15,273,Low,Low,High,Delayed,3,54,Pro,Cancelled
1956,2025-02-06,2026-01-19,24,Medium,High,Medium,On-Time,8,123,Enterprise,Active
1957,2025-10-01,2025-12-21,53,Low,Medium,Low,On-Time,5,26,Basic,Cancelled
1958,2025-03-06,2025-10-30,105,Medium,Low,Medium,Delayed,3,206,Enterprise,Cancelled
1959,2024-10-20,2026-01-24,19,Medium,High,Low,On-Time,8,295,Enterprise,Active
1960,2025-03-29,2025-11-22,82,Low,Low,Medium,Delayed,6,41,Pro,Cancelled
1961,2025-06-24,2025-11-07,97,Low,Medium,High,Delayed,6,11,Basic,Cancelled
1962,2024-12-11,2026-01-21,22,Medium,Medium,Low,On-Time,8,53,Pro,Active
1963,2025-02-08,2025-08-26,170,Low,Low,High,Missed,3,125,Enterprise,Cancelled
1964,2026-01-12,2025-11-18,86,Low,Low,High,Delayed,5,21,Basic,Active
1965,2024-11-15,2026-02-12,0,High,High,Low,On-Time,10,13,Basic,Active
1966,2025-05-23,2025-12-26,48,Medium,Medium,Medium,Delayed,6,20,Basic,Active
1967,2024-11-01,2026-01-09,34,Medium,Low,Low,On-Time,8,17,Basic,Cancelled
1968,2026-01-11,2026-01-23,20,Medium,High,Medium,On-Time,8,13,Basic,Active
1969,2025-11-29,2025-12-31,43,Medium,Medium,Low,Delayed,7,24,Basic,Cancelled
1970,2025-07-26,2025-05-23,265,Low,Low,High,Delayed,4,28,Basic,Cancelled
1971,2024-10-30,2025-12-02,72,Low,Low,Medium,Delayed,4,17,Basic,Active
1972,2025-06-13,2025-11-01,103,Medium,Low,Medium,Missed,6,44,Pro,Active
1973,2025-09-05,2025-11-14,90,Medium,Medium,High,Delayed,6,50,Pro,Active
1974,2025-09-20,2026-01-21,22,Medium,High,Low,On-Time,8,29,Basic,Active
1975,2025-01-07,2025-12-22,52,Medium,Medium,Medium,Delayed,8,76,Pro,Active
1976,2025-11-26,2026-01-30,13,High,High,Low,On-Time,9,45,Pro,Active
1977,2025-01-05,2025-12-25,49,Low,Medium,Low,Delayed,6,27,Basic,Active
1978,2025-04-24,2026-01-11,32,Low,Low,Medium,Delayed,8,78,Pro,Active
1979,2024-10-31,2026-02-06,6,High,Medium,Low,On-Time,10,250,Enterprise,Active
1980,2025-08-25,2026-02-02,10,Medium,High,Low,On-Time,8,25,Basic,Active
1981,2025-10-22,2026-02-12,0,High,High,Low,On-Time,8,14,Basic,Active
1982,2025-12-14,2026-02-04,8,High,High,Medium,On-Time,8,254,Enterprise,Active
1983,2024-12-27,2026-02-09,3,High,Medium,Medium,On-Time,8,48,Pro,Active
1984,2025-01-02,2025-12-23,51,Low,Medium,Medium,Delayed,7,54,Pro,Cancelled
1985,2024-11-03,2026-01-08,35,Medium,Medium,Low,Delayed,5,42,Pro,Active
1986,2024-10-10,2026-01-19,24,Medium,High,Low,Delayed,10,16,Basic,Active
1987,2026-01-12,2025-12-22,52,Low,Medium,Medium,On-Time,8,28,Basic,Active
1988,2025-11-25,2025-05-11,277,Low,Low,High,Missed,1,50,Pro,Cancelled
1989,2024-08-24,2025-11-05,99,Low,Medium,High,Missed,3,29,Basic,Active
1990,2025-12-24,2025-10-19,116,Medium,Low,High,Delayed,3,74,Pro,Active
1991,2024-11-19,2026-02-04,8,High,High,Low,On-Time,8,227,Enterprise,Active
1992,2025-05-09,2025-12-13,61,Low,Low,Medium,Delayed,6,237,Enterprise,Cancelled
1993,2024-09-12,2026-01-19,24,Medium,High,Low,On-Time,8,26,Basic,Active
1994,2024-11-28,2026-01-31,12,High,High,Low,On-Time,9,11,Basic,Active
1995,2025-06-02,2026-01-13,30,High,Medium,Low,On-Time,8,76,Pro,Active
1996,2025-06-14,2026-02-01,11,High,Medium,Low,On-Time,8,64,Pro,Active
1997,2025-11-06,2025-11-16,88,Medium,Low,Medium,Delayed,4,61,Pro,Cancelled
1998,2024-09-19,2026-01-23,20,High,High,Low,On-Time,7,71,Pro,Active
1999,2024-09-15,2026-01-24,19,Medium,Medium,Medium,Delayed,8,59,Pro,Active
2000,2024-10-06,2025-10-22,113,Medium,Medium,Medium,Delayed,4,17,Basic,Active
